  0
SECTION
  2
HEADER
  9
$ACADVER
  1
AC1009
  9
$INSBASE
 10
0.0000
 20
0.0000
 30
0.0000
  9
$EXTMIN
 10
-823.0000
 20
-26805.5000
 30
0.0000
  9
$EXTMAX
 10
46223.0000
 20
-8222.0000
 30
0.0000
  9
$DWGCODEPAGE
  3
ansi_1255
  9
$CLAYER
  8
0
  9
$LTSCALE
 40
10.0000
  9
$LIMMIN
 10
0.0000
 20
0.0000
  9
$LIMMAX
 10
2000.0000
 20
200.0000
  0
ENDSEC
  0
SECTION
  2
TABLES
  0
TABLE
  2
VPORT
 70
1
  0
VPORT
  2
*ACTIVE
 70
0
 10
0.0000
 20
0.0000
 11
1.0000
 21
1.0000
 12
22700.0000
 22
-17513.7500
 13
0.0000
 23
0.0000
 14
10.0000
 24
10.0000
 15
10.0000
 25
10.0000
 16
0.0000
 26
0.0000
 36
1.0000
 17
0.0000
 27
0.0000
 37
0.0000
 40
21371.0250
 41
1.6000
 42
50.0000
 43
0.0000
 44
0.0000
 50
0.0000
 51
0.0000
 71
0
 72
100
 73
1
 74
1
 75
0
 76
0
 77
0
 78
0
  0
ENDTAB
  0
TABLE
  2
LTYPE
 70
3
  0
LTYPE
  2
CONTINUOUS
 70
0
  3
Solid line
 72
65
 73
0
 40
0.0000
  0
LTYPE
  2
HIDDEN
 70
0
  3
Hidden __ __ __ __ __ __
 72
65
 73
2
 40
9.5250
 49
6.3500
 49
-3.1750
  0
LTYPE
  2
CENTER
 70
0
  3
Center ____ _ ____ _ ____
 72
65
 73
4
 40
50.8000
 49
31.7500
 49
-6.3500
 49
6.3500
 49
-6.3500
  0
ENDTAB
  0
TABLE
  2
LAYER
 70
71
  0
LAYER
  2
0
 70
0
 62
7
  6
CONTINUOUS
  0
LAYER
  2
קירות
 70
0
 62
7
  6
CONTINUOUS
  0
LAYER
  2
קירות - מילוי
 70
0
 62
8
  6
CONTINUOUS
  0
LAYER
  2
קירות - מידות
 70
0
 62
7
  6
CONTINUOUS
  0
LAYER
  2
קירות - טקסט
 70
0
 62
7
  6
CONTINUOUS
  0
LAYER
  2
קירות - נסתר
 70
0
 62
7
  6
HIDDEN
  0
LAYER
  2
קירות - ציר
 70
0
 62
7
  6
CENTER
  0
LAYER
  2
מבנה
 70
0
 62
9
  6
CONTINUOUS
  0
LAYER
  2
מבנה - מילוי
 70
0
 62
9
  6
CONTINUOUS
  0
LAYER
  2
מבנה - מידות
 70
0
 62
9
  6
CONTINUOUS
  0
LAYER
  2
מבנה - טקסט
 70
0
 62
9
  6
CONTINUOUS
  0
LAYER
  2
מבנה - נסתר
 70
0
 62
9
  6
HIDDEN
  0
LAYER
  2
מבנה - ציר
 70
0
 62
9
  6
CENTER
  0
LAYER
  2
חשמל
 70
0
 62
6
  6
CONTINUOUS
  0
LAYER
  2
חשמל - מידות
 70
0
 62
6
  6
CONTINUOUS
  0
LAYER
  2
חשמל - טקסט
 70
0
 62
6
  6
CONTINUOUS
  0
LAYER
  2
חשמל - נסתר
 70
0
 62
6
  6
HIDDEN
  0
LAYER
  2
תאורה
 70
0
 62
30
  6
CONTINUOUS
  0
LAYER
  2
תאורה - מידות
 70
0
 62
30
  6
CONTINUOUS
  0
LAYER
  2
תאורה - טקסט
 70
0
 62
30
  6
CONTINUOUS
  0
LAYER
  2
תאורה - נסתר
 70
0
 62
30
  6
HIDDEN
  0
LAYER
  2
מים
 70
0
 62
4
  6
CONTINUOUS
  0
LAYER
  2
מים - מידות
 70
0
 62
4
  6
CONTINUOUS
  0
LAYER
  2
מים - טקסט
 70
0
 62
4
  6
CONTINUOUS
  0
LAYER
  2
מים - נסתר
 70
0
 62
4
  6
HIDDEN
  0
LAYER
  2
מים - ציר
 70
0
 62
4
  6
CENTER
  0
LAYER
  2
ניקוז
 70
0
 62
140
  6
CONTINUOUS
  0
LAYER
  2
ניקוז - מידות
 70
0
 62
140
  6
CONTINUOUS
  0
LAYER
  2
ניקוז - טקסט
 70
0
 62
140
  6
CONTINUOUS
  0
LAYER
  2
ניקוז - נסתר
 70
0
 62
140
  6
HIDDEN
  0
LAYER
  2
ניקוז - ציר
 70
0
 62
140
  6
CENTER
  0
LAYER
  2
גז
 70
0
 62
2
  6
CONTINUOUS
  0
LAYER
  2
גז - מידות
 70
0
 62
2
  6
CONTINUOUS
  0
LAYER
  2
גז - טקסט
 70
0
 62
2
  6
CONTINUOUS
  0
LAYER
  2
גז - נסתר
 70
0
 62
2
  6
HIDDEN
  0
LAYER
  2
גז - ציר
 70
0
 62
2
  6
CENTER
  0
LAYER
  2
מיזוג
 70
0
 62
141
  6
CONTINUOUS
  0
LAYER
  2
מיזוג - מידות
 70
0
 62
141
  6
CONTINUOUS
  0
LAYER
  2
מיזוג - טקסט
 70
0
 62
141
  6
CONTINUOUS
  0
LAYER
  2
מיזוג - נסתר
 70
0
 62
141
  6
HIDDEN
  0
LAYER
  2
אוורור
 70
0
 62
131
  6
CONTINUOUS
  0
LAYER
  2
אוורור - מידות
 70
0
 62
131
  6
CONTINUOUS
  0
LAYER
  2
אוורור - טקסט
 70
0
 62
131
  6
CONTINUOUS
  0
LAYER
  2
אוורור - נסתר
 70
0
 62
131
  6
HIDDEN
  0
LAYER
  2
דלתות
 70
0
 62
5
  6
CONTINUOUS
  0
LAYER
  2
דלתות - מידות
 70
0
 62
5
  6
CONTINUOUS
  0
LAYER
  2
דלתות - טקסט
 70
0
 62
5
  6
CONTINUOUS
  0
LAYER
  2
דלתות - נסתר
 70
0
 62
5
  6
HIDDEN
  0
LAYER
  2
דלתות - מילוי
 70
0
 62
5
  6
CONTINUOUS
  0
LAYER
  2
חלונות
 70
0
 62
151
  6
CONTINUOUS
  0
LAYER
  2
חלונות - מידות
 70
0
 62
151
  6
CONTINUOUS
  0
LAYER
  2
חלונות - טקסט
 70
0
 62
151
  6
CONTINUOUS
  0
LAYER
  2
חלונות - נסתר
 70
0
 62
151
  6
HIDDEN
  0
LAYER
  2
ריהוט
 70
0
 62
42
  6
CONTINUOUS
  0
LAYER
  2
ריהוט - מידות
 70
0
 62
42
  6
CONTINUOUS
  0
LAYER
  2
ריהוט - טקסט
 70
0
 62
42
  6
CONTINUOUS
  0
LAYER
  2
ריהוט - נסתר
 70
0
 62
42
  6
HIDDEN
  0
LAYER
  2
מטבח
 70
0
 62
52
  6
CONTINUOUS
  0
LAYER
  2
מטבח - מידות
 70
0
 62
52
  6
CONTINUOUS
  0
LAYER
  2
מטבח - טקסט
 70
0
 62
52
  6
CONTINUOUS
  0
LAYER
  2
מטבח - נסתר
 70
0
 62
52
  6
HIDDEN
  0
LAYER
  2
ריצוף
 70
0
 62
251
  6
CONTINUOUS
  0
LAYER
  2
ריצוף - מילוי
 70
0
 62
8
  6
CONTINUOUS
  0
LAYER
  2
מידות - פנים
 70
0
 62
3
  6
CONTINUOUS
  0
LAYER
  2
מידות - חוץ
 70
0
 62
1
  6
CONTINUOUS
  0
LAYER
  2
מסגרת
 70
0
 62
250
  6
CONTINUOUS
  0
LAYER
  2
גבול גיליון
 70
0
 62
255
  6
CONTINUOUS
  0
LAYER
  2
מקרא
 70
0
 62
150
  6
CONTINUOUS
  0
LAYER
  2
רשת צירים
 70
0
 62
8
  6
CENTER
  0
LAYER
  2
הערות
 70
0
 62
150
  6
CONTINUOUS
  0
LAYER
  2
מהדורות
 70
0
 62
1
  6
CONTINUOUS
  0
ENDTAB
  0
TABLE
  2
STYLE
 70
2
  0
STYLE
  2
SOLINE
 70
0
 40
0.0000
 41
1.0000
 50
0.0000
 71
0
 42
2.5000
  3
arial.ttf
  4

  0
STYLE
  2
Standard
 70
0
 40
0.0000
 41
1.0000
 50
0.0000
 71
0
 42
2.5000
  3
txt
  4

  0
ENDTAB
  0
ENDSEC
  0
SECTION
  2
BLOCKS
  0
BLOCK
  8
0
  2
SS_socket_single_80x80
 70
0
 10
0.0000
 20
0.0000
 30
0.0000
  3
SS_socket_single_80x80
  1

  0
LINE
  5
778
  8
0
 10
0.0000
 20
0.0000
 30
0.0000
 11
0.0000
 21
36.8000
 31
0.0000
  0
LINE
  5
779
  8
0
 10
-25.6000
 20
36.8000
 30
0.0000
 11
-25.4390
 21
39.6663
 31
0.0000
  0
LINE
  5
77A
  8
0
 10
-25.4390
 20
39.6663
 30
0.0000
 11
-24.9582
 21
42.4965
 31
0.0000
  0
LINE
  5
77B
  8
0
 10
-24.9582
 20
42.4965
 30
0.0000
 11
-24.1634
 21
45.2551
 31
0.0000
  0
LINE
  5
77C
  8
0
 10
-24.1634
 20
45.2551
 30
0.0000
 11
-23.0648
 21
47.9074
 31
0.0000
  0
LINE
  5
77D
  8
0
 10
-23.0648
 20
47.9074
 30
0.0000
 11
-21.6761
 21
50.4200
 31
0.0000
  0
LINE
  5
77E
  8
0
 10
-21.6761
 20
50.4200
 30
0.0000
 11
-20.0149
 21
52.7613
 31
0.0000
  0
LINE
  5
77F
  8
0
 10
-20.0149
 20
52.7613
 30
0.0000
 11
-18.1019
 21
54.9019
 31
0.0000
  0
LINE
  5
780
  8
0
 10
-18.1019
 20
54.9019
 30
0.0000
 11
-15.9613
 21
56.8149
 31
0.0000
  0
LINE
  5
781
  8
0
 10
-15.9613
 20
56.8149
 30
0.0000
 11
-13.6200
 21
58.4761
 31
0.0000
  0
LINE
  5
782
  8
0
 10
-13.6200
 20
58.4761
 30
0.0000
 11
-11.1074
 21
59.8648
 31
0.0000
  0
LINE
  5
783
  8
0
 10
-11.1074
 20
59.8648
 30
0.0000
 11
-8.4551
 21
60.9634
 31
0.0000
  0
LINE
  5
784
  8
0
 10
-8.4551
 20
60.9634
 30
0.0000
 11
-5.6965
 21
61.7582
 31
0.0000
  0
LINE
  5
785
  8
0
 10
-5.6965
 20
61.7582
 30
0.0000
 11
-2.8663
 21
62.2390
 31
0.0000
  0
LINE
  5
786
  8
0
 10
-2.8663
 20
62.2390
 30
0.0000
 11
0.0000
 21
62.4000
 31
0.0000
  0
LINE
  5
787
  8
0
 10
0.0000
 20
62.4000
 30
0.0000
 11
2.8663
 21
62.2390
 31
0.0000
  0
LINE
  5
788
  8
0
 10
2.8663
 20
62.2390
 30
0.0000
 11
5.6965
 21
61.7582
 31
0.0000
  0
LINE
  5
789
  8
0
 10
5.6965
 20
61.7582
 30
0.0000
 11
8.4551
 21
60.9634
 31
0.0000
  0
LINE
  5
78A
  8
0
 10
8.4551
 20
60.9634
 30
0.0000
 11
11.1074
 21
59.8648
 31
0.0000
  0
LINE
  5
78B
  8
0
 10
11.1074
 20
59.8648
 30
0.0000
 11
13.6200
 21
58.4761
 31
0.0000
  0
LINE
  5
78C
  8
0
 10
13.6200
 20
58.4761
 30
0.0000
 11
15.9613
 21
56.8149
 31
0.0000
  0
LINE
  5
78D
  8
0
 10
15.9613
 20
56.8149
 30
0.0000
 11
18.1019
 21
54.9019
 31
0.0000
  0
LINE
  5
78E
  8
0
 10
18.1019
 20
54.9019
 30
0.0000
 11
20.0149
 21
52.7613
 31
0.0000
  0
LINE
  5
78F
  8
0
 10
20.0149
 20
52.7613
 30
0.0000
 11
21.6761
 21
50.4200
 31
0.0000
  0
LINE
  5
790
  8
0
 10
21.6761
 20
50.4200
 30
0.0000
 11
23.0648
 21
47.9074
 31
0.0000
  0
LINE
  5
791
  8
0
 10
23.0648
 20
47.9074
 30
0.0000
 11
24.1634
 21
45.2551
 31
0.0000
  0
LINE
  5
792
  8
0
 10
24.1634
 20
45.2551
 30
0.0000
 11
24.9582
 21
42.4965
 31
0.0000
  0
LINE
  5
793
  8
0
 10
24.9582
 20
42.4965
 30
0.0000
 11
25.4390
 21
39.6663
 31
0.0000
  0
LINE
  5
794
  8
0
 10
25.4390
 20
39.6663
 30
0.0000
 11
25.6000
 21
36.8000
 31
0.0000
  0
LINE
  5
795
  8
0
 10
-25.6000
 20
36.8000
 30
0.0000
 11
25.6000
 21
36.8000
 31
0.0000
  0
ENDBLK
  8
0
  0
BLOCK
  8
0
  2
SS_gas_point_20x20
 70
0
 10
0.0000
 20
0.0000
 30
0.0000
  3
SS_gas_point_20x20
  1

  0
LINE
  5
796
  8
0
 10
0.0000
 20
0.0000
 30
0.0000
 11
0.0000
 21
4.0000
 31
0.0000
  0
LINE
  5
797
  8
0
 10
0.0000
 20
16.0000
 30
0.0000
 11
5.2000
 21
13.0000
 31
0.0000
  0
LINE
  5
798
  8
0
 10
5.2000
 20
13.0000
 30
0.0000
 11
5.2000
 21
7.0000
 31
0.0000
  0
LINE
  5
799
  8
0
 10
5.2000
 20
7.0000
 30
0.0000
 11
0.0000
 21
4.0000
 31
0.0000
  0
LINE
  5
79A
  8
0
 10
0.0000
 20
4.0000
 30
0.0000
 11
-5.2000
 21
7.0000
 31
0.0000
  0
LINE
  5
79B
  8
0
 10
-5.2000
 20
7.0000
 30
0.0000
 11
-5.2000
 21
13.0000
 31
0.0000
  0
LINE
  5
79C
  8
0
 10
-5.2000
 20
13.0000
 30
0.0000
 11
0.0000
 21
16.0000
 31
0.0000
  0
TEXT
  5
79D
  8
0
 10
0.0000
 20
10.0000
 30
0.0000
 40
24.0000
  1
G
 50
0.0000
  7
SOLINE
 72
1
 73
2
 11
0.0000
 21
10.0000
 31
0.0000
  0
ENDBLK
  8
0
  0
BLOCK
  8
0
  2
SS_junction_cable_20x20
 70
0
 10
0.0000
 20
0.0000
 30
0.0000
  3
SS_junction_cable_20x20
  1

  0
LINE
  5
79E
  8
0
 10
0.0000
 20
0.0000
 30
0.0000
 11
0.0000
 21
15.6000
 31
0.0000
  0
ARC
  5
79F
  8
0
 10
0.0000
 20
9.6000
 30
0.0000
 40
6.4000
 50
0.0000
 51
360.0000
  0
LINE
  5
7A0
  8
0
 10
0.0000
 20
9.6000
 30
0.0000
 11
-4.4000
 21
14.0000
 31
0.0000
  0
LINE
  5
7A1
  8
0
 10
0.0000
 20
9.6000
 30
0.0000
 11
4.4000
 21
14.0000
 31
0.0000
  0
LINE
  5
7A2
  8
0
 10
0.0000
 20
9.6000
 30
0.0000
 11
-4.4000
 21
5.2000
 31
0.0000
  0
LINE
  5
7A3
  8
0
 10
0.0000
 20
9.6000
 30
0.0000
 11
4.4000
 21
5.2000
 31
0.0000
  0
ENDBLK
  8
0
  0
BLOCK
  8
0
  2
SS_water_point_20x20
 70
0
 10
0.0000
 20
0.0000
 30
0.0000
  3
SS_water_point_20x20
  1

  0
LINE
  5
7A4
  8
0
 10
0.0000
 20
0.0000
 30
0.0000
 11
0.0000
 21
4.6000
 31
0.0000
  0
ARC
  5
7A5
  8
0
 10
0.0000
 20
10.0000
 30
0.0000
 40
5.6000
 50
0.0000
 51
360.0000
  0
LINE
  5
7A6
  8
0
 10
-4.8000
 20
10.0000
 30
0.0000
 11
4.8000
 21
10.0000
 31
0.0000
  0
LINE
  5
7A7
  8
0
 10
0.0000
 20
14.8000
 30
0.0000
 11
0.0000
 21
5.2000
 31
0.0000
  0
ENDBLK
  8
0
  0
BLOCK
  8
0
  2
SS_junction_box_80x80
 70
0
 10
0.0000
 20
0.0000
 30
0.0000
  3
SS_junction_box_80x80
  1

  0
LINE
  5
7A8
  8
0
 10
0.0000
 20
0.0000
 30
0.0000
 11
0.0000
 21
56.0000
 31
0.0000
  0
ARC
  5
7A9
  8
0
 10
0.0000
 20
40.0000
 30
0.0000
 40
14.4000
 50
0.0000
 51
360.0000
  0
ARC
  5
7AA
  8
0
 10
0.0000
 20
40.0000
 30
0.0000
 40
4.0000
 50
0.0000
 51
360.0000
  0
ENDBLK
  8
0
  0
BLOCK
  8
0
  2
SS_socket_duplex_160x80
 70
0
 10
0.0000
 20
0.0000
 30
0.0000
  3
SS_socket_duplex_160x80
  1

  0
LINE
  5
7AB
  8
0
 10
0.0000
 20
0.0000
 30
0.0000
 11
0.0000
 21
36.8000
 31
0.0000
  0
LINE
  5
7AC
  8
0
 10
-79.1040
 20
36.8000
 30
0.0000
 11
-78.8625
 21
38.9497
 31
0.0000
  0
LINE
  5
7AD
  8
0
 10
-78.8625
 20
38.9497
 30
0.0000
 11
-78.1412
 21
41.0724
 31
0.0000
  0
LINE
  5
7AE
  8
0
 10
-78.1412
 20
41.0724
 30
0.0000
 11
-76.9491
 21
43.1414
 31
0.0000
  0
LINE
  5
7AF
  8
0
 10
-76.9491
 20
43.1414
 30
0.0000
 11
-75.3012
 21
45.1306
 31
0.0000
  0
LINE
  5
7B0
  8
0
 10
-75.3012
 20
45.1306
 30
0.0000
 11
-73.2182
 21
47.0150
 31
0.0000
  0
LINE
  5
7B1
  8
0
 10
-73.2182
 20
47.0150
 30
0.0000
 11
-70.7263
 21
48.7710
 31
0.0000
  0
LINE
  5
7B2
  8
0
 10
-70.7263
 20
48.7710
 30
0.0000
 11
-67.8569
 21
50.3765
 31
0.0000
  0
LINE
  5
7B3
  8
0
 10
-67.8569
 20
50.3765
 30
0.0000
 11
-64.6460
 21
51.8112
 31
0.0000
  0
LINE
  5
7B4
  8
0
 10
-64.6460
 20
51.8112
 30
0.0000
 11
-61.1340
 21
53.0571
 31
0.0000
  0
LINE
  5
7B5
  8
0
 10
-61.1340
 20
53.0571
 30
0.0000
 11
-57.3651
 21
54.0986
 31
0.0000
  0
LINE
  5
7B6
  8
0
 10
-57.3651
 20
54.0986
 30
0.0000
 11
-53.3867
 21
54.9226
 31
0.0000
  0
LINE
  5
7B7
  8
0
 10
-53.3867
 20
54.9226
 30
0.0000
 11
-49.2488
 21
55.5186
 31
0.0000
  0
LINE
  5
7B8
  8
0
 10
-49.2488
 20
55.5186
 30
0.0000
 11
-45.0034
 21
55.8793
 31
0.0000
  0
LINE
  5
7B9
  8
0
 10
-45.0034
 20
55.8793
 30
0.0000
 11
-40.7040
 21
56.0000
 31
0.0000
  0
LINE
  5
7BA
  8
0
 10
-40.7040
 20
56.0000
 30
0.0000
 11
-36.4046
 21
55.8793
 31
0.0000
  0
LINE
  5
7BB
  8
0
 10
-36.4046
 20
55.8793
 30
0.0000
 11
-32.1592
 21
55.5186
 31
0.0000
  0
LINE
  5
7BC
  8
0
 10
-32.1592
 20
55.5186
 30
0.0000
 11
-28.0213
 21
54.9226
 31
0.0000
  0
LINE
  5
7BD
  8
0
 10
-28.0213
 20
54.9226
 30
0.0000
 11
-24.0429
 21
54.0986
 31
0.0000
  0
LINE
  5
7BE
  8
0
 10
-24.0429
 20
54.0986
 30
0.0000
 11
-20.2740
 21
53.0571
 31
0.0000
  0
LINE
  5
7BF
  8
0
 10
-20.2740
 20
53.0571
 30
0.0000
 11
-16.7620
 21
51.8112
 31
0.0000
  0
LINE
  5
7C0
  8
0
 10
-16.7620
 20
51.8112
 30
0.0000
 11
-13.5511
 21
50.3765
 31
0.0000
  0
LINE
  5
7C1
  8
0
 10
-13.5511
 20
50.3765
 30
0.0000
 11
-10.6817
 21
48.7710
 31
0.0000
  0
LINE
  5
7C2
  8
0
 10
-10.6817
 20
48.7710
 30
0.0000
 11
-8.1898
 21
47.0150
 31
0.0000
  0
LINE
  5
7C3
  8
0
 10
-8.1898
 20
47.0150
 30
0.0000
 11
-6.1068
 21
45.1306
 31
0.0000
  0
LINE
  5
7C4
  8
0
 10
-6.1068
 20
45.1306
 30
0.0000
 11
-4.4589
 21
43.1414
 31
0.0000
  0
LINE
  5
7C5
  8
0
 10
-4.4589
 20
43.1414
 30
0.0000
 11
-3.2668
 21
41.0724
 31
0.0000
  0
LINE
  5
7C6
  8
0
 10
-3.2668
 20
41.0724
 30
0.0000
 11
-2.5455
 21
38.9497
 31
0.0000
  0
LINE
  5
7C7
  8
0
 10
-2.5455
 20
38.9497
 30
0.0000
 11
-2.3040
 21
36.8000
 31
0.0000
  0
LINE
  5
7C8
  8
0
 10
-79.1040
 20
36.8000
 30
0.0000
 11
-2.3040
 21
36.8000
 31
0.0000
  0
LINE
  5
7C9
  8
0
 10
2.3040
 20
36.8000
 30
0.0000
 11
2.5455
 21
38.9497
 31
0.0000
  0
LINE
  5
7CA
  8
0
 10
2.5455
 20
38.9497
 30
0.0000
 11
3.2668
 21
41.0724
 31
0.0000
  0
LINE
  5
7CB
  8
0
 10
3.2668
 20
41.0724
 30
0.0000
 11
4.4589
 21
43.1414
 31
0.0000
  0
LINE
  5
7CC
  8
0
 10
4.4589
 20
43.1414
 30
0.0000
 11
6.1068
 21
45.1306
 31
0.0000
  0
LINE
  5
7CD
  8
0
 10
6.1068
 20
45.1306
 30
0.0000
 11
8.1898
 21
47.0150
 31
0.0000
  0
LINE
  5
7CE
  8
0
 10
8.1898
 20
47.0150
 30
0.0000
 11
10.6817
 21
48.7710
 31
0.0000
  0
LINE
  5
7CF
  8
0
 10
10.6817
 20
48.7710
 30
0.0000
 11
13.5511
 21
50.3765
 31
0.0000
  0
LINE
  5
7D0
  8
0
 10
13.5511
 20
50.3765
 30
0.0000
 11
16.7620
 21
51.8112
 31
0.0000
  0
LINE
  5
7D1
  8
0
 10
16.7620
 20
51.8112
 30
0.0000
 11
20.2740
 21
53.0571
 31
0.0000
  0
LINE
  5
7D2
  8
0
 10
20.2740
 20
53.0571
 30
0.0000
 11
24.0429
 21
54.0986
 31
0.0000
  0
LINE
  5
7D3
  8
0
 10
24.0429
 20
54.0986
 30
0.0000
 11
28.0213
 21
54.9226
 31
0.0000
  0
LINE
  5
7D4
  8
0
 10
28.0213
 20
54.9226
 30
0.0000
 11
32.1592
 21
55.5186
 31
0.0000
  0
LINE
  5
7D5
  8
0
 10
32.1592
 20
55.5186
 30
0.0000
 11
36.4046
 21
55.8793
 31
0.0000
  0
LINE
  5
7D6
  8
0
 10
36.4046
 20
55.8793
 30
0.0000
 11
40.7040
 21
56.0000
 31
0.0000
  0
LINE
  5
7D7
  8
0
 10
40.7040
 20
56.0000
 30
0.0000
 11
45.0034
 21
55.8793
 31
0.0000
  0
LINE
  5
7D8
  8
0
 10
45.0034
 20
55.8793
 30
0.0000
 11
49.2488
 21
55.5186
 31
0.0000
  0
LINE
  5
7D9
  8
0
 10
49.2488
 20
55.5186
 30
0.0000
 11
53.3867
 21
54.9226
 31
0.0000
  0
LINE
  5
7DA
  8
0
 10
53.3867
 20
54.9226
 30
0.0000
 11
57.3651
 21
54.0986
 31
0.0000
  0
LINE
  5
7DB
  8
0
 10
57.3651
 20
54.0986
 30
0.0000
 11
61.1340
 21
53.0571
 31
0.0000
  0
LINE
  5
7DC
  8
0
 10
61.1340
 20
53.0571
 30
0.0000
 11
64.6460
 21
51.8112
 31
0.0000
  0
LINE
  5
7DD
  8
0
 10
64.6460
 20
51.8112
 30
0.0000
 11
67.8569
 21
50.3765
 31
0.0000
  0
LINE
  5
7DE
  8
0
 10
67.8569
 20
50.3765
 30
0.0000
 11
70.7263
 21
48.7710
 31
0.0000
  0
LINE
  5
7DF
  8
0
 10
70.7263
 20
48.7710
 30
0.0000
 11
73.2182
 21
47.0150
 31
0.0000
  0
LINE
  5
7E0
  8
0
 10
73.2182
 20
47.0150
 30
0.0000
 11
75.3012
 21
45.1306
 31
0.0000
  0
LINE
  5
7E1
  8
0
 10
75.3012
 20
45.1306
 30
0.0000
 11
76.9491
 21
43.1414
 31
0.0000
  0
LINE
  5
7E2
  8
0
 10
76.9491
 20
43.1414
 30
0.0000
 11
78.1412
 21
41.0724
 31
0.0000
  0
LINE
  5
7E3
  8
0
 10
78.1412
 20
41.0724
 30
0.0000
 11
78.8625
 21
38.9497
 31
0.0000
  0
LINE
  5
7E4
  8
0
 10
78.8625
 20
38.9497
 30
0.0000
 11
79.1040
 21
36.8000
 31
0.0000
  0
LINE
  5
7E5
  8
0
 10
2.3040
 20
36.8000
 30
0.0000
 11
79.1040
 21
36.8000
 31
0.0000
  0
ENDBLK
  8
0
  0
BLOCK
  8
0
  2
SS_water_faucet_20x20
 70
0
 10
0.0000
 20
0.0000
 30
0.0000
  3
SS_water_faucet_20x20
  1

  0
LINE
  5
7E6
  8
0
 10
0.0000
 20
0.0000
 30
0.0000
 11
0.0000
 21
5.6000
 31
0.0000
  0
LINE
  5
7E7
  8
0
 10
-4.4000
 20
14.4000
 30
0.0000
 11
4.4000
 21
14.4000
 31
0.0000
  0
LINE
  5
7E8
  8
0
 10
4.4000
 20
14.4000
 30
0.0000
 11
0.0000
 21
10.0000
 31
0.0000
  0
LINE
  5
7E9
  8
0
 10
0.0000
 20
10.0000
 30
0.0000
 11
-4.4000
 21
14.4000
 31
0.0000
  0
LINE
  5
7EA
  8
0
 10
-4.4000
 20
5.6000
 30
0.0000
 11
4.4000
 21
5.6000
 31
0.0000
  0
LINE
  5
7EB
  8
0
 10
4.4000
 20
5.6000
 30
0.0000
 11
0.0000
 21
10.0000
 31
0.0000
  0
LINE
  5
7EC
  8
0
 10
0.0000
 20
10.0000
 30
0.0000
 11
-4.4000
 21
5.6000
 31
0.0000
  0
ARC
  5
7ED
  8
0
 10
0.0000
 20
10.0000
 30
0.0000
 40
0.9000
 50
0.0000
 51
360.0000
  0
ENDBLK
  8
0
  0
BLOCK
  8
0
  2
SS_sewage_point_50x50
 70
0
 10
0.0000
 20
0.0000
 30
0.0000
  3
SS_sewage_point_50x50
  1

  0
LINE
  5
7EE
  8
0
 10
0.0000
 20
0.0000
 30
0.0000
 11
0.0000
 21
39.0000
 31
0.0000
  0
ARC
  5
7EF
  8
0
 10
0.0000
 20
25.0000
 30
0.0000
 40
15.0000
 50
0.0000
 51
360.0000
  0
LINE
  5
7F0
  8
0
 10
-9.0000
 20
22.0000
 30
0.0000
 11
-4.0000
 21
28.0000
 31
0.0000
  0
LINE
  5
7F1
  8
0
 10
-4.0000
 20
28.0000
 30
0.0000
 11
0.0000
 21
22.0000
 31
0.0000
  0
LINE
  5
7F2
  8
0
 10
0.0000
 20
22.0000
 30
0.0000
 11
4.0000
 21
28.0000
 31
0.0000
  0
LINE
  5
7F3
  8
0
 10
4.0000
 20
28.0000
 30
0.0000
 11
9.0000
 21
22.0000
 31
0.0000
  0
ENDBLK
  8
0
  0
BLOCK
  8
0
  2
SS_light_downlight_100x30
 70
0
 10
0.0000
 20
0.0000
 30
0.0000
  3
SS_light_downlight_100x30
  1

  0
LINE
  5
7F4
  8
0
 10
30.0000
 20
15.0000
 30
0.0000
 11
29.4236
 21
13.2442
 31
0.0000
  0
LINE
  5
7F5
  8
0
 10
29.4236
 20
13.2442
 30
0.0000
 11
27.7164
 21
11.5558
 31
0.0000
  0
LINE
  5
7F6
  8
0
 10
27.7164
 20
11.5558
 30
0.0000
 11
24.9441
 21
9.9999
 31
0.0000
  0
LINE
  5
7F7
  8
0
 10
24.9441
 20
9.9999
 30
0.0000
 11
21.2132
 21
8.6360
 31
0.0000
  0
LINE
  5
7F8
  8
0
 10
21.2132
 20
8.6360
 30
0.0000
 11
16.6671
 21
7.5168
 31
0.0000
  0
LINE
  5
7F9
  8
0
 10
16.6671
 20
7.5168
 30
0.0000
 11
11.4805
 21
6.6851
 31
0.0000
  0
LINE
  5
7FA
  8
0
 10
11.4805
 20
6.6851
 30
0.0000
 11
5.8527
 21
6.1729
 31
0.0000
  0
LINE
  5
7FB
  8
0
 10
5.8527
 20
6.1729
 30
0.0000
 11
0.0000
 21
6.0000
 31
0.0000
  0
LINE
  5
7FC
  8
0
 10
0.0000
 20
6.0000
 30
0.0000
 11
-5.8527
 21
6.1729
 31
0.0000
  0
LINE
  5
7FD
  8
0
 10
-5.8527
 20
6.1729
 30
0.0000
 11
-11.4805
 21
6.6851
 31
0.0000
  0
LINE
  5
7FE
  8
0
 10
-11.4805
 20
6.6851
 30
0.0000
 11
-16.6671
 21
7.5168
 31
0.0000
  0
LINE
  5
7FF
  8
0
 10
-16.6671
 20
7.5168
 30
0.0000
 11
-21.2132
 21
8.6360
 31
0.0000
  0
LINE
  5
800
  8
0
 10
-21.2132
 20
8.6360
 30
0.0000
 11
-24.9441
 21
9.9999
 31
0.0000
  0
LINE
  5
801
  8
0
 10
-24.9441
 20
9.9999
 30
0.0000
 11
-27.7164
 21
11.5558
 31
0.0000
  0
LINE
  5
802
  8
0
 10
-27.7164
 20
11.5558
 30
0.0000
 11
-29.4236
 21
13.2442
 31
0.0000
  0
LINE
  5
803
  8
0
 10
-29.4236
 20
13.2442
 30
0.0000
 11
-30.0000
 21
15.0000
 31
0.0000
  0
LINE
  5
804
  8
0
 10
-30.0000
 20
15.0000
 30
0.0000
 11
-29.4236
 21
16.7558
 31
0.0000
  0
LINE
  5
805
  8
0
 10
-29.4236
 20
16.7558
 30
0.0000
 11
-27.7164
 21
18.4442
 31
0.0000
  0
LINE
  5
806
  8
0
 10
-27.7164
 20
18.4442
 30
0.0000
 11
-24.9441
 21
20.0001
 31
0.0000
  0
LINE
  5
807
  8
0
 10
-24.9441
 20
20.0001
 30
0.0000
 11
-21.2132
 21
21.3640
 31
0.0000
  0
LINE
  5
808
  8
0
 10
-21.2132
 20
21.3640
 30
0.0000
 11
-16.6671
 21
22.4832
 31
0.0000
  0
LINE
  5
809
  8
0
 10
-16.6671
 20
22.4832
 30
0.0000
 11
-11.4805
 21
23.3149
 31
0.0000
  0
LINE
  5
80A
  8
0
 10
-11.4805
 20
23.3149
 30
0.0000
 11
-5.8527
 21
23.8271
 31
0.0000
  0
LINE
  5
80B
  8
0
 10
-5.8527
 20
23.8271
 30
0.0000
 11
0.0000
 21
24.0000
 31
0.0000
  0
LINE
  5
80C
  8
0
 10
0.0000
 20
24.0000
 30
0.0000
 11
5.8527
 21
23.8271
 31
0.0000
  0
LINE
  5
80D
  8
0
 10
5.8527
 20
23.8271
 30
0.0000
 11
11.4805
 21
23.3149
 31
0.0000
  0
LINE
  5
80E
  8
0
 10
11.4805
 20
23.3149
 30
0.0000
 11
16.6671
 21
22.4832
 31
0.0000
  0
LINE
  5
80F
  8
0
 10
16.6671
 20
22.4832
 30
0.0000
 11
21.2132
 21
21.3640
 31
0.0000
  0
LINE
  5
810
  8
0
 10
21.2132
 20
21.3640
 30
0.0000
 11
24.9441
 21
20.0001
 31
0.0000
  0
LINE
  5
811
  8
0
 10
24.9441
 20
20.0001
 30
0.0000
 11
27.7164
 21
18.4442
 31
0.0000
  0
LINE
  5
812
  8
0
 10
27.7164
 20
18.4442
 30
0.0000
 11
29.4236
 21
16.7558
 31
0.0000
  0
LINE
  5
813
  8
0
 10
29.4236
 20
16.7558
 30
0.0000
 11
30.0000
 21
15.0000
 31
0.0000
  0
LINE
  5
814
  8
0
 10
-21.0000
 20
21.3000
 30
0.0000
 11
21.0000
 21
8.7000
 31
0.0000
  0
LINE
  5
815
  8
0
 10
21.0000
 20
21.3000
 30
0.0000
 11
-21.0000
 21
8.7000
 31
0.0000
  0
ENDBLK
  8
0
  0
ENDSEC
  0
SECTION
  2
ENTITIES
  0
SOLID
  5
100
  8
קירות - מילוי
 10
7246.0000
 20
-12744.0000
 30
0.0000
 11
7246.0000
 21
-16297.0000
 31
0.0000
 12
7146.0000
 22
-12744.0000
 32
0.0000
 13
7146.0000
 23
-16197.0000
 33
0.0000
  0
LINE
  5
101
  8
קירות
 10
7246.0000
 20
-12744.0000
 30
0.0000
 11
7246.0000
 21
-16297.0000
 31
0.0000
  0
LINE
  5
102
  8
קירות
 10
7146.0000
 20
-12744.0000
 30
0.0000
 11
7146.0000
 21
-16197.0000
 31
0.0000
  0
LINE
  5
103
  8
קירות
 10
7246.0000
 20
-12744.0000
 30
0.0000
 11
7146.0000
 21
-12744.0000
 31
0.0000
  0
SOLID
  5
104
  8
קירות - מילוי
 10
7246.0000
 20
-16297.0000
 30
0.0000
 11
6752.0000
 21
-16297.0000
 31
0.0000
 12
7146.0000
 22
-16197.0000
 32
0.0000
 13
6652.0000
 23
-16197.0000
 33
0.0000
  0
LINE
  5
105
  8
קירות
 10
7246.0000
 20
-16297.0000
 30
0.0000
 11
6752.0000
 21
-16297.0000
 31
0.0000
  0
LINE
  5
106
  8
קירות
 10
7146.0000
 20
-16197.0000
 30
0.0000
 11
6652.0000
 21
-16197.0000
 31
0.0000
  0
SOLID
  5
107
  8
קירות - מילוי
 10
6752.0000
 20
-16297.0000
 30
0.0000
 11
6752.0000
 21
-17265.0000
 31
0.0000
 12
6652.0000
 22
-16197.0000
 32
0.0000
 13
6652.0000
 23
-17165.0000
 33
0.0000
  0
LINE
  5
108
  8
קירות
 10
6752.0000
 20
-16297.0000
 30
0.0000
 11
6752.0000
 21
-17265.0000
 31
0.0000
  0
LINE
  5
109
  8
קירות
 10
6652.0000
 20
-16197.0000
 30
0.0000
 11
6652.0000
 21
-17165.0000
 31
0.0000
  0
SOLID
  5
10A
  8
קירות - מילוי
 10
6752.0000
 20
-17265.0000
 30
0.0000
 11
6173.5000
 21
-17265.0000
 31
0.0000
 12
6652.0000
 22
-17165.0000
 32
0.0000
 13
6173.5000
 23
-17165.0000
 33
0.0000
  0
LINE
  5
10B
  8
קירות
 10
6752.0000
 20
-17265.0000
 30
0.0000
 11
6173.5000
 21
-17265.0000
 31
0.0000
  0
LINE
  5
10C
  8
קירות
 10
6652.0000
 20
-17165.0000
 30
0.0000
 11
6173.5000
 21
-17165.0000
 31
0.0000
  0
SOLID
  5
10D
  8
קירות - מילוי
 10
4712.5000
 20
-17265.0000
 30
0.0000
 11
3570.0000
 21
-17265.0000
 31
0.0000
 12
4712.5000
 22
-17165.0000
 32
0.0000
 13
3670.0000
 23
-17165.0000
 33
0.0000
  0
LINE
  5
10E
  8
קירות
 10
4712.5000
 20
-17265.0000
 30
0.0000
 11
3570.0000
 21
-17265.0000
 31
0.0000
  0
LINE
  5
10F
  8
קירות
 10
4712.5000
 20
-17165.0000
 30
0.0000
 11
3670.0000
 21
-17165.0000
 31
0.0000
  0
LINE
  5
110
  8
קירות
 10
6173.5000
 20
-17165.0000
 30
0.0000
 11
6173.5000
 21
-17265.0000
 31
0.0000
  0
LINE
  5
111
  8
קירות
 10
4712.5000
 20
-17165.0000
 30
0.0000
 11
4712.5000
 21
-17265.0000
 31
0.0000
  0
SOLID
  5
112
  8
קירות - מילוי
 10
3570.0000
 20
-17265.0000
 30
0.0000
 11
3570.0000
 21
-17163.5000
 31
0.0000
 12
3670.0000
 22
-17165.0000
 32
0.0000
 13
3670.0000
 23
-17163.5000
 33
0.0000
  0
LINE
  5
113
  8
קירות
 10
3570.0000
 20
-17265.0000
 30
0.0000
 11
3570.0000
 21
-17163.5000
 31
0.0000
  0
LINE
  5
114
  8
קירות
 10
3670.0000
 20
-17165.0000
 30
0.0000
 11
3670.0000
 21
-17163.5000
 31
0.0000
  0
SOLID
  5
115
  8
קירות - מילוי
 10
3570.0000
 20
-14670.5000
 30
0.0000
 11
3570.0000
 21
-13163.0000
 31
0.0000
 12
3670.0000
 22
-14670.5000
 32
0.0000
 13
3670.0000
 23
-13263.0000
 33
0.0000
  0
LINE
  5
116
  8
קירות
 10
3570.0000
 20
-14670.5000
 30
0.0000
 11
3570.0000
 21
-13163.0000
 31
0.0000
  0
LINE
  5
117
  8
קירות
 10
3670.0000
 20
-14670.5000
 30
0.0000
 11
3670.0000
 21
-13263.0000
 31
0.0000
  0
LINE
  5
118
  8
קירות
 10
3670.0000
 20
-17163.5000
 30
0.0000
 11
3570.0000
 21
-17163.5000
 31
0.0000
  0
LINE
  5
119
  8
קירות
 10
3670.0000
 20
-14670.5000
 30
0.0000
 11
3570.0000
 21
-14670.5000
 31
0.0000
  0
SOLID
  5
11A
  8
קירות - מילוי
 10
3570.0000
 20
-13163.0000
 30
0.0000
 11
4783.0000
 21
-13163.0000
 31
0.0000
 12
3670.0000
 22
-13263.0000
 32
0.0000
 13
4883.0000
 23
-13263.0000
 33
0.0000
  0
LINE
  5
11B
  8
קירות
 10
3570.0000
 20
-13163.0000
 30
0.0000
 11
4783.0000
 21
-13163.0000
 31
0.0000
  0
LINE
  5
11C
  8
קירות
 10
3670.0000
 20
-13263.0000
 30
0.0000
 11
4883.0000
 21
-13263.0000
 31
0.0000
  0
SOLID
  5
11D
  8
קירות - מילוי
 10
4783.0000
 20
-13163.0000
 30
0.0000
 11
4783.0000
 21
-12774.0000
 31
0.0000
 12
4883.0000
 22
-13263.0000
 32
0.0000
 13
4883.0000
 23
-12774.0000
 33
0.0000
  0
LINE
  5
11E
  8
קירות
 10
4783.0000
 20
-13163.0000
 30
0.0000
 11
4783.0000
 21
-12774.0000
 31
0.0000
  0
LINE
  5
11F
  8
קירות
 10
4883.0000
 20
-13263.0000
 30
0.0000
 11
4883.0000
 21
-12774.0000
 31
0.0000
  0
SOLID
  5
120
  8
קירות - מילוי
 10
4783.0000
 20
-11306.0000
 30
0.0000
 11
4783.0000
 21
-9522.0000
 31
0.0000
 12
4883.0000
 22
-11306.0000
 32
0.0000
 13
4883.0000
 23
-9622.0000
 33
0.0000
  0
LINE
  5
121
  8
קירות
 10
4783.0000
 20
-11306.0000
 30
0.0000
 11
4783.0000
 21
-9522.0000
 31
0.0000
  0
LINE
  5
122
  8
קירות
 10
4883.0000
 20
-11306.0000
 30
0.0000
 11
4883.0000
 21
-9622.0000
 31
0.0000
  0
LINE
  5
123
  8
קירות
 10
4883.0000
 20
-12774.0000
 30
0.0000
 11
4783.0000
 21
-12774.0000
 31
0.0000
  0
LINE
  5
124
  8
קירות
 10
4883.0000
 20
-11306.0000
 30
0.0000
 11
4783.0000
 21
-11306.0000
 31
0.0000
  0
SOLID
  5
125
  8
קירות - מילוי
 10
4783.0000
 20
-9522.0000
 30
0.0000
 11
9153.0000
 21
-9522.0000
 31
0.0000
 12
4883.0000
 22
-9622.0000
 32
0.0000
 13
9053.0000
 23
-9622.0000
 33
0.0000
  0
LINE
  5
126
  8
קירות
 10
4783.0000
 20
-9522.0000
 30
0.0000
 11
9153.0000
 21
-9522.0000
 31
0.0000
  0
LINE
  5
127
  8
קירות
 10
4883.0000
 20
-9622.0000
 30
0.0000
 11
9053.0000
 21
-9622.0000
 31
0.0000
  0
SOLID
  5
128
  8
קירות - מילוי
 10
9153.0000
 20
-9522.0000
 30
0.0000
 11
9153.0000
 21
-10798.0000
 31
0.0000
 12
9053.0000
 22
-9622.0000
 32
0.0000
 13
9053.0000
 23
-10798.0000
 33
0.0000
  0
LINE
  5
129
  8
קירות
 10
9153.0000
 20
-9522.0000
 30
0.0000
 11
9153.0000
 21
-10798.0000
 31
0.0000
  0
LINE
  5
12A
  8
קירות
 10
9053.0000
 20
-9622.0000
 30
0.0000
 11
9053.0000
 21
-10798.0000
 31
0.0000
  0
SOLID
  5
12B
  8
קירות - מילוי
 10
9153.0000
 20
-12296.0000
 30
0.0000
 11
9153.0000
 21
-13045.0000
 31
0.0000
 12
9053.0000
 22
-12296.0000
 32
0.0000
 13
9053.0000
 23
-13045.0000
 33
0.0000
  0
LINE
  5
12C
  8
קירות
 10
9153.0000
 20
-12296.0000
 30
0.0000
 11
9153.0000
 21
-13045.0000
 31
0.0000
  0
LINE
  5
12D
  8
קירות
 10
9053.0000
 20
-12296.0000
 30
0.0000
 11
9053.0000
 21
-13045.0000
 31
0.0000
  0
LINE
  5
12E
  8
קירות
 10
9053.0000
 20
-10798.0000
 30
0.0000
 11
9153.0000
 21
-10798.0000
 31
0.0000
  0
LINE
  5
12F
  8
קירות
 10
9053.0000
 20
-12296.0000
 30
0.0000
 11
9153.0000
 21
-12296.0000
 31
0.0000
  0
LINE
  5
130
  8
קירות
 10
9153.0000
 20
-13045.0000
 30
0.0000
 11
9053.0000
 21
-13045.0000
 31
0.0000
  0
LINE
  5
131
  8
חלונות
 10
6173.5000
 20
-17115.0000
 30
0.0000
 11
4712.5000
 21
-17115.0000
 31
0.0000
  0
LINE
  5
132
  8
חלונות
 10
4712.5000
 20
-17115.0000
 30
0.0000
 11
4712.5000
 21
-17215.0000
 31
0.0000
  0
LINE
  5
133
  8
חלונות
 10
4712.5000
 20
-17215.0000
 30
0.0000
 11
6173.5000
 21
-17215.0000
 31
0.0000
  0
LINE
  5
134
  8
חלונות
 10
6173.5000
 20
-17215.0000
 30
0.0000
 11
6173.5000
 21
-17115.0000
 31
0.0000
  0
LINE
  5
135
  8
חלונות
 10
6123.5000
 20
-17115.0000
 30
0.0000
 11
6123.5000
 21
-17215.0000
 31
0.0000
  0
LINE
  5
136
  8
חלונות
 10
4762.5000
 20
-17115.0000
 30
0.0000
 11
4762.5000
 21
-17215.0000
 31
0.0000
  0
LINE
  5
137
  8
חלונות
 10
6123.5000
 20
-17165.0000
 30
0.0000
 11
4762.5000
 21
-17165.0000
 31
0.0000
  0
LINE
  5
138
  8
חלונות
 10
6123.5000
 20
-17165.0000
 30
0.0000
 11
4762.5000
 21
-17165.0000
 31
0.0000
  0
LINE
  5
139
  8
חלונות
 10
6123.5000
 20
-17165.0000
 30
0.0000
 11
4762.5000
 21
-17165.0000
 31
0.0000
  0
TEXT
  5
13A
  8
חלונות - טקסט
 10
5443.0000
 20
-17390.0000
 30
0.0000
 40
125.0000
  1
W1
 50
0.0000
  7
SOLINE
 72
1
 73
2
 11
5443.0000
 21
-17390.0000
 31
0.0000
  0
LINE
  5
13B
  8
חלונות
 10
3720.0000
 20
-17163.5000
 30
0.0000
 11
3720.0000
 21
-14670.5000
 31
0.0000
  0
LINE
  5
13C
  8
חלונות
 10
3720.0000
 20
-14670.5000
 30
0.0000
 11
3620.0000
 21
-14670.5000
 31
0.0000
  0
LINE
  5
13D
  8
חלונות
 10
3620.0000
 20
-14670.5000
 30
0.0000
 11
3620.0000
 21
-17163.5000
 31
0.0000
  0
LINE
  5
13E
  8
חלונות
 10
3620.0000
 20
-17163.5000
 30
0.0000
 11
3720.0000
 21
-17163.5000
 31
0.0000
  0
LINE
  5
13F
  8
חלונות
 10
3720.0000
 20
-17113.5000
 30
0.0000
 11
3620.0000
 21
-17113.5000
 31
0.0000
  0
LINE
  5
140
  8
חלונות
 10
3720.0000
 20
-14720.5000
 30
0.0000
 11
3620.0000
 21
-14720.5000
 31
0.0000
  0
LINE
  5
141
  8
חלונות
 10
3670.0000
 20
-17113.5000
 30
0.0000
 11
3670.0000
 21
-14720.5000
 31
0.0000
  0
LINE
  5
142
  8
חלונות
 10
3670.0000
 20
-17113.5000
 30
0.0000
 11
3670.0000
 21
-14720.5000
 31
0.0000
  0
LINE
  5
143
  8
חלונות
 10
3670.0000
 20
-17113.5000
 30
0.0000
 11
3670.0000
 21
-14720.5000
 31
0.0000
  0
TEXT
  5
144
  8
חלונות - טקסט
 10
3445.0000
 20
-15917.0000
 30
0.0000
 40
125.0000
  1
W2
 50
0.0000
  7
SOLINE
 72
1
 73
2
 11
3445.0000
 21
-15917.0000
 31
0.0000
  0
LINE
  5
145
  8
חלונות
 10
4933.0000
 20
-12774.0000
 30
0.0000
 11
4933.0000
 21
-11306.0000
 31
0.0000
  0
LINE
  5
146
  8
חלונות
 10
4933.0000
 20
-11306.0000
 30
0.0000
 11
4833.0000
 21
-11306.0000
 31
0.0000
  0
LINE
  5
147
  8
חלונות
 10
4833.0000
 20
-11306.0000
 30
0.0000
 11
4833.0000
 21
-12774.0000
 31
0.0000
  0
LINE
  5
148
  8
חלונות
 10
4833.0000
 20
-12774.0000
 30
0.0000
 11
4933.0000
 21
-12774.0000
 31
0.0000
  0
LINE
  5
149
  8
חלונות
 10
4933.0000
 20
-12724.0000
 30
0.0000
 11
4833.0000
 21
-12724.0000
 31
0.0000
  0
LINE
  5
14A
  8
חלונות
 10
4933.0000
 20
-11356.0000
 30
0.0000
 11
4833.0000
 21
-11356.0000
 31
0.0000
  0
LINE
  5
14B
  8
חלונות
 10
4883.0000
 20
-12724.0000
 30
0.0000
 11
4883.0000
 21
-11356.0000
 31
0.0000
  0
LINE
  5
14C
  8
חלונות
 10
4883.0000
 20
-12724.0000
 30
0.0000
 11
4883.0000
 21
-11356.0000
 31
0.0000
  0
LINE
  5
14D
  8
חלונות
 10
4883.0000
 20
-12724.0000
 30
0.0000
 11
4883.0000
 21
-11356.0000
 31
0.0000
  0
TEXT
  5
14E
  8
חלונות - טקסט
 10
4658.0000
 20
-12040.0000
 30
0.0000
 40
125.0000
  1
W3
 50
0.0000
  7
SOLINE
 72
1
 73
2
 11
4658.0000
 21
-12040.0000
 31
0.0000
  0
LINE
  5
14F
  8
דלתות
 10
9003.0000
 20
-10798.0000
 30
0.0000
 11
9003.0000
 21
-12296.0000
 31
0.0000
  0
LINE
  5
150
  8
דלתות
 10
9003.0000
 20
-12296.0000
 30
0.0000
 11
9103.0000
 21
-12296.0000
 31
0.0000
  0
LINE
  5
151
  8
דלתות
 10
9103.0000
 20
-12296.0000
 30
0.0000
 11
9103.0000
 21
-10798.0000
 31
0.0000
  0
LINE
  5
152
  8
דלתות
 10
9103.0000
 20
-10798.0000
 30
0.0000
 11
9003.0000
 21
-10798.0000
 31
0.0000
  0
LINE
  5
153
  8
דלתות
 10
9003.0000
 20
-10838.0000
 30
0.0000
 11
9103.0000
 21
-10838.0000
 31
0.0000
  0
LINE
  5
154
  8
דלתות
 10
9003.0000
 20
-12256.0000
 30
0.0000
 11
9103.0000
 21
-12256.0000
 31
0.0000
  0
LINE
  5
155
  8
דלתות
 10
9053.0000
 20
-10838.0000
 30
0.0000
 11
9053.0000
 21
-12256.0000
 31
0.0000
  0
LINE
  5
156
  8
דלתות
 10
9053.0000
 20
-10838.0000
 30
0.0000
 11
7635.0000
 21
-10838.0000
 31
0.0000
  0
ARC
  5
157
  8
דלתות
 10
9053.0000
 20
-10838.0000
 30
0.0000
 40
1418.0000
 50
180.0000
 51
-90.0000
  0
TEXT
  5
158
  8
דלתות - טקסט
 10
9278.0000
 20
-11547.0000
 30
0.0000
 40
125.0000
  1
D1
 50
0.0000
  7
SOLINE
 72
1
 73
2
 11
9278.0000
 21
-11547.0000
 31
0.0000
  0
INSERT
  5
159
  8
חשמל
  2
SS_socket_single_80x80
 10
4883.0000
 20
-11359.0000
 30
0.0000
 41
1.0000
 42
1.0000
 43
1.0000
 50
90.0000
  0
INSERT
  5
15A
  8
גז
  2
SS_gas_point_20x20
 10
4883.0000
 20
-12060.0000
 30
0.0000
 41
1.0000
 42
1.0000
 43
1.0000
 50
90.0000
  0
INSERT
  5
15B
  8
חשמל
  2
SS_junction_cable_20x20
 10
4883.0000
 20
-11930.0000
 30
0.0000
 41
1.0000
 42
1.0000
 43
1.0000
 50
90.0000
  0
INSERT
  5
15C
  8
חשמל
  2
SS_junction_cable_20x20
 10
4883.0000
 20
-11803.0000
 30
0.0000
 41
1.0000
 42
1.0000
 43
1.0000
 50
90.0000
  0
INSERT
  5
15D
  8
מים
  2
SS_water_point_20x20
 10
4883.0000
 20
-11842.0000
 30
0.0000
 41
1.0000
 42
1.0000
 43
1.0000
 50
90.0000
  0
INSERT
  5
15E
  8
חשמל
  2
SS_junction_box_80x80
 10
4883.0000
 20
-12372.0000
 30
0.0000
 41
1.0000
 42
1.0000
 43
1.0000
 50
90.0000
  0
INSERT
  5
15F
  8
חשמל
  2
SS_socket_single_80x80
 10
4883.0000
 20
-12210.0000
 30
0.0000
 41
1.0000
 42
1.0000
 43
1.0000
 50
90.0000
  0
INSERT
  5
160
  8
חשמל
  2
SS_socket_single_80x80
 10
4883.0000
 20
-13052.0000
 30
0.0000
 41
1.0000
 42
1.0000
 43
1.0000
 50
90.0000
  0
INSERT
  5
161
  8
חשמל
  2
SS_socket_duplex_160x80
 10
8189.0000
 20
-9622.0000
 30
0.0000
 41
1.0000
 42
1.0000
 43
1.0000
 50
0.0000
  0
INSERT
  5
162
  8
חשמל
  2
SS_junction_cable_20x20
 10
8289.0000
 20
-9622.0000
 30
0.0000
 41
1.0000
 42
1.0000
 43
1.0000
 50
0.0000
  0
INSERT
  5
163
  8
מים
  2
SS_water_faucet_20x20
 10
7536.0000
 20
-9622.0000
 30
0.0000
 41
1.0000
 42
1.0000
 43
1.0000
 50
0.0000
  0
INSERT
  5
164
  8
מים
  2
SS_water_faucet_20x20
 10
7382.0000
 20
-9622.0000
 30
0.0000
 41
1.0000
 42
1.0000
 43
1.0000
 50
0.0000
  0
INSERT
  5
165
  8
חשמל
  2
SS_socket_single_80x80
 10
7212.0000
 20
-9622.0000
 30
0.0000
 41
1.0000
 42
1.0000
 43
1.0000
 50
0.0000
  0
INSERT
  5
166
  8
ניקוז
  2
SS_sewage_point_50x50
 10
7339.0000
 20
-9622.0000
 30
0.0000
 41
1.0000
 42
1.0000
 43
1.0000
 50
0.0000
  0
INSERT
  5
167
  8
חשמל
  2
SS_socket_duplex_160x80
 10
6771.0000
 20
-9622.0000
 30
0.0000
 41
1.0000
 42
1.0000
 43
1.0000
 50
0.0000
  0
INSERT
  5
168
  8
חשמל
  2
SS_socket_single_80x80
 10
6363.0000
 20
-9622.0000
 30
0.0000
 41
1.0000
 42
1.0000
 43
1.0000
 50
0.0000
  0
INSERT
  5
169
  8
חשמל
  2
SS_socket_single_80x80
 10
6205.0000
 20
-9622.0000
 30
0.0000
 41
1.0000
 42
1.0000
 43
1.0000
 50
0.0000
  0
INSERT
  5
16A
  8
חשמל
  2
SS_socket_single_80x80
 10
5413.0000
 20
-9622.0000
 30
0.0000
 41
1.0000
 42
1.0000
 43
1.0000
 50
0.0000
  0
INSERT
  5
16B
  8
חשמל
  2
SS_junction_box_80x80
 10
6691.0000
 20
-9622.0000
 30
0.0000
 41
1.0000
 42
1.0000
 43
1.0000
 50
0.0000
  0
INSERT
  5
16C
  8
תאורה
  2
SS_light_downlight_100x30
 10
6024.0000
 20
-9622.0000
 30
0.0000
 41
1.0000
 42
1.0000
 43
1.0000
 50
0.0000
  0
INSERT
  5
16D
  8
תאורה
  2
SS_light_downlight_100x30
 10
6167.0000
 20
-9622.0000
 30
0.0000
 41
1.0000
 42
1.0000
 43
1.0000
 50
0.0000
  0
INSERT
  5
16E
  8
תאורה
  2
SS_light_downlight_100x30
 10
9053.0000
 20
-10945.0000
 30
0.0000
 41
1.0000
 42
1.0000
 43
1.0000
 50
270.0000
  0
LINE
  5
16F
  8
מידות - פנים
 10
6652.0000
 20
-17205.0000
 30
0.0000
 11
6652.0000
 21
-17506.5000
 31
0.0000
  0
LINE
  5
170
  8
מידות - פנים
 10
6173.5000
 20
-17205.0000
 30
0.0000
 11
6173.5000
 21
-17506.5000
 31
0.0000
  0
LINE
  5
171
  8
מידות - פנים
 10
6652.0000
 20
-17452.5000
 30
0.0000
 11
6173.5000
 21
-17452.5000
 31
0.0000
  0
SOLID
  5
172
  8
מידות - פנים
 10
6652.0000
 20
-17452.5000
 30
0.0000
 11
6755.5000
 21
-17481.3000
 31
0.0000
 12
6755.5000
 22
-17423.7000
 32
0.0000
 13
6755.5000
 23
-17423.7000
 33
0.0000
  0
SOLID
  5
173
  8
מידות - פנים
 10
6173.5000
 20
-17452.5000
 30
0.0000
 11
6070.0000
 21
-17481.3000
 31
0.0000
 12
6070.0000
 22
-17423.7000
 32
0.0000
 13
6070.0000
 23
-17423.7000
 33
0.0000
  0
TEXT
  5
174
  8
מידות - פנים
 10
6412.7500
 20
-17538.0000
 30
0.0000
 40
90.0000
  1
47.9
 50
360.0000
  7
SOLINE
 72
1
 73
2
 11
6412.7500
 21
-17538.0000
 31
0.0000
  0
LINE
  5
175
  8
מידות - פנים
 10
6173.5000
 20
-17205.0000
 30
0.0000
 11
6173.5000
 21
-17506.5000
 31
0.0000
  0
LINE
  5
176
  8
מידות - פנים
 10
4712.5000
 20
-17205.0000
 30
0.0000
 11
4712.5000
 21
-17506.5000
 31
0.0000
  0
LINE
  5
177
  8
מידות - פנים
 10
6173.5000
 20
-17452.5000
 30
0.0000
 11
4712.5000
 21
-17452.5000
 31
0.0000
  0
SOLID
  5
178
  8
מידות - פנים
 10
6173.5000
 20
-17452.5000
 30
0.0000
 11
6277.0000
 21
-17481.3000
 31
0.0000
 12
6277.0000
 22
-17423.7000
 32
0.0000
 13
6277.0000
 23
-17423.7000
 33
0.0000
  0
SOLID
  5
179
  8
מידות - פנים
 10
4712.5000
 20
-17452.5000
 30
0.0000
 11
4609.0000
 21
-17481.3000
 31
0.0000
 12
4609.0000
 22
-17423.7000
 32
0.0000
 13
4609.0000
 23
-17423.7000
 33
0.0000
  0
TEXT
  5
17A
  8
מידות - פנים
 10
5443.0000
 20
-17538.0000
 30
0.0000
 40
90.0000
  1
146.1
 50
360.0000
  7
SOLINE
 72
1
 73
2
 11
5443.0000
 21
-17538.0000
 31
0.0000
  0
LINE
  5
17B
  8
מידות - פנים
 10
4712.5000
 20
-17205.0000
 30
0.0000
 11
4712.5000
 21
-17506.5000
 31
0.0000
  0
LINE
  5
17C
  8
מידות - פנים
 10
3670.0000
 20
-17205.0000
 30
0.0000
 11
3670.0000
 21
-17506.5000
 31
0.0000
  0
LINE
  5
17D
  8
מידות - פנים
 10
4712.5000
 20
-17452.5000
 30
0.0000
 11
3670.0000
 21
-17452.5000
 31
0.0000
  0
SOLID
  5
17E
  8
מידות - פנים
 10
4712.5000
 20
-17452.5000
 30
0.0000
 11
4816.0000
 21
-17481.3000
 31
0.0000
 12
4816.0000
 22
-17423.7000
 32
0.0000
 13
4816.0000
 23
-17423.7000
 33
0.0000
  0
SOLID
  5
17F
  8
מידות - פנים
 10
3670.0000
 20
-17452.5000
 30
0.0000
 11
3566.5000
 21
-17481.3000
 31
0.0000
 12
3566.5000
 22
-17423.7000
 32
0.0000
 13
3566.5000
 23
-17423.7000
 33
0.0000
  0
TEXT
  5
180
  8
מידות - פנים
 10
4191.2500
 20
-17538.0000
 30
0.0000
 40
90.0000
  1
104.3
 50
360.0000
  7
SOLINE
 72
1
 73
2
 11
4191.2500
 21
-17538.0000
 31
0.0000
  0
LINE
  5
181
  8
מידות - פנים
 10
3630.0000
 20
-17163.5000
 30
0.0000
 11
3328.5000
 21
-17163.5000
 31
0.0000
  0
LINE
  5
182
  8
מידות - פנים
 10
3630.0000
 20
-14670.5000
 30
0.0000
 11
3328.5000
 21
-14670.5000
 31
0.0000
  0
LINE
  5
183
  8
מידות - פנים
 10
3382.5000
 20
-17163.5000
 30
0.0000
 11
3382.5000
 21
-14670.5000
 31
0.0000
  0
SOLID
  5
184
  8
מידות - פנים
 10
3382.5000
 20
-17163.5000
 30
0.0000
 11
3353.7000
 21
-17267.0000
 31
0.0000
 12
3411.3000
 22
-17267.0000
 32
0.0000
 13
3411.3000
 23
-17267.0000
 33
0.0000
  0
SOLID
  5
185
  8
מידות - פנים
 10
3382.5000
 20
-14670.5000
 30
0.0000
 11
3353.7000
 21
-14567.0000
 31
0.0000
 12
3411.3000
 22
-14567.0000
 32
0.0000
 13
3411.3000
 23
-14567.0000
 33
0.0000
  0
TEXT
  5
186
  8
מידות - פנים
 10
3297.0000
 20
-15917.0000
 30
0.0000
 40
90.0000
  1
249.3
 50
90.0000
  7
SOLINE
 72
1
 73
2
 11
3297.0000
 21
-15917.0000
 31
0.0000
  0
LINE
  5
187
  8
מידות - פנים
 10
3630.0000
 20
-14670.5000
 30
0.0000
 11
3328.5000
 21
-14670.5000
 31
0.0000
  0
LINE
  5
188
  8
מידות - פנים
 10
3630.0000
 20
-13263.0000
 30
0.0000
 11
3328.5000
 21
-13263.0000
 31
0.0000
  0
LINE
  5
189
  8
מידות - פנים
 10
3382.5000
 20
-14670.5000
 30
0.0000
 11
3382.5000
 21
-13263.0000
 31
0.0000
  0
SOLID
  5
18A
  8
מידות - פנים
 10
3382.5000
 20
-14670.5000
 30
0.0000
 11
3353.7000
 21
-14774.0000
 31
0.0000
 12
3411.3000
 22
-14774.0000
 32
0.0000
 13
3411.3000
 23
-14774.0000
 33
0.0000
  0
SOLID
  5
18B
  8
מידות - פנים
 10
3382.5000
 20
-13263.0000
 30
0.0000
 11
3353.7000
 21
-13159.5000
 31
0.0000
 12
3411.3000
 22
-13159.5000
 32
0.0000
 13
3411.3000
 23
-13159.5000
 33
0.0000
  0
TEXT
  5
18C
  8
מידות - פנים
 10
3297.0000
 20
-13966.7500
 30
0.0000
 40
90.0000
  1
140.8
 50
90.0000
  7
SOLINE
 72
1
 73
2
 11
3297.0000
 21
-13966.7500
 31
0.0000
  0
LINE
  5
18D
  8
מידות - פנים
 10
4843.0000
 20
-13263.0000
 30
0.0000
 11
4541.5000
 21
-13263.0000
 31
0.0000
  0
LINE
  5
18E
  8
מידות - פנים
 10
4843.0000
 20
-12774.0000
 30
0.0000
 11
4541.5000
 21
-12774.0000
 31
0.0000
  0
LINE
  5
18F
  8
מידות - פנים
 10
4595.5000
 20
-13263.0000
 30
0.0000
 11
4595.5000
 21
-12774.0000
 31
0.0000
  0
SOLID
  5
190
  8
מידות - פנים
 10
4595.5000
 20
-13263.0000
 30
0.0000
 11
4566.7000
 21
-13366.5000
 31
0.0000
 12
4624.3000
 22
-13366.5000
 32
0.0000
 13
4624.3000
 23
-13366.5000
 33
0.0000
  0
SOLID
  5
191
  8
מידות - פנים
 10
4595.5000
 20
-12774.0000
 30
0.0000
 11
4566.7000
 21
-12670.5000
 31
0.0000
 12
4624.3000
 22
-12670.5000
 32
0.0000
 13
4624.3000
 23
-12670.5000
 33
0.0000
  0
TEXT
  5
192
  8
מידות - פנים
 10
4510.0000
 20
-13018.5000
 30
0.0000
 40
90.0000
  1
48.9
 50
90.0000
  7
SOLINE
 72
1
 73
2
 11
4510.0000
 21
-13018.5000
 31
0.0000
  0
LINE
  5
193
  8
מידות - פנים
 10
4843.0000
 20
-12774.0000
 30
0.0000
 11
4541.5000
 21
-12774.0000
 31
0.0000
  0
LINE
  5
194
  8
מידות - פנים
 10
4843.0000
 20
-11306.0000
 30
0.0000
 11
4541.5000
 21
-11306.0000
 31
0.0000
  0
LINE
  5
195
  8
מידות - פנים
 10
4595.5000
 20
-12774.0000
 30
0.0000
 11
4595.5000
 21
-11306.0000
 31
0.0000
  0
SOLID
  5
196
  8
מידות - פנים
 10
4595.5000
 20
-12774.0000
 30
0.0000
 11
4566.7000
 21
-12877.5000
 31
0.0000
 12
4624.3000
 22
-12877.5000
 32
0.0000
 13
4624.3000
 23
-12877.5000
 33
0.0000
  0
SOLID
  5
197
  8
מידות - פנים
 10
4595.5000
 20
-11306.0000
 30
0.0000
 11
4566.7000
 21
-11202.5000
 31
0.0000
 12
4624.3000
 22
-11202.5000
 32
0.0000
 13
4624.3000
 23
-11202.5000
 33
0.0000
  0
TEXT
  5
198
  8
מידות - פנים
 10
4510.0000
 20
-12040.0000
 30
0.0000
 40
90.0000
  1
146.8
 50
90.0000
  7
SOLINE
 72
1
 73
2
 11
4510.0000
 21
-12040.0000
 31
0.0000
  0
LINE
  5
199
  8
מידות - פנים
 10
4843.0000
 20
-11306.0000
 30
0.0000
 11
4541.5000
 21
-11306.0000
 31
0.0000
  0
LINE
  5
19A
  8
מידות - פנים
 10
4843.0000
 20
-9622.0000
 30
0.0000
 11
4541.5000
 21
-9622.0000
 31
0.0000
  0
LINE
  5
19B
  8
מידות - פנים
 10
4595.5000
 20
-11306.0000
 30
0.0000
 11
4595.5000
 21
-9622.0000
 31
0.0000
  0
SOLID
  5
19C
  8
מידות - פנים
 10
4595.5000
 20
-11306.0000
 30
0.0000
 11
4566.7000
 21
-11409.5000
 31
0.0000
 12
4624.3000
 22
-11409.5000
 32
0.0000
 13
4624.3000
 23
-11409.5000
 33
0.0000
  0
SOLID
  5
19D
  8
מידות - פנים
 10
4595.5000
 20
-9622.0000
 30
0.0000
 11
4566.7000
 21
-9518.5000
 31
0.0000
 12
4624.3000
 22
-9518.5000
 32
0.0000
 13
4624.3000
 23
-9518.5000
 33
0.0000
  0
TEXT
  5
19E
  8
מידות - פנים
 10
4510.0000
 20
-10464.0000
 30
0.0000
 40
90.0000
  1
168.4
 50
90.0000
  7
SOLINE
 72
1
 73
2
 11
4510.0000
 21
-10464.0000
 31
0.0000
  0
LINE
  5
19F
  8
מידות - פנים
 10
9093.0000
 20
-9622.0000
 30
0.0000
 11
9394.5000
 21
-9622.0000
 31
0.0000
  0
LINE
  5
1A0
  8
מידות - פנים
 10
9093.0000
 20
-10798.0000
 30
0.0000
 11
9394.5000
 21
-10798.0000
 31
0.0000
  0
LINE
  5
1A1
  8
מידות - פנים
 10
9340.5000
 20
-9622.0000
 30
0.0000
 11
9340.5000
 21
-10798.0000
 31
0.0000
  0
SOLID
  5
1A2
  8
מידות - פנים
 10
9340.5000
 20
-9622.0000
 30
0.0000
 11
9369.3000
 21
-9518.5000
 31
0.0000
 12
9311.7000
 22
-9518.5000
 32
0.0000
 13
9311.7000
 23
-9518.5000
 33
0.0000
  0
SOLID
  5
1A3
  8
מידות - פנים
 10
9340.5000
 20
-10798.0000
 30
0.0000
 11
9369.3000
 21
-10901.5000
 31
0.0000
 12
9311.7000
 22
-10901.5000
 32
0.0000
 13
9311.7000
 23
-10901.5000
 33
0.0000
  0
TEXT
  5
1A4
  8
מידות - פנים
 10
9426.0000
 20
-10210.0000
 30
0.0000
 40
90.0000
  1
117.6
 50
90.0000
  7
SOLINE
 72
1
 73
2
 11
9426.0000
 21
-10210.0000
 31
0.0000
  0
LINE
  5
1A5
  8
מידות - פנים
 10
9093.0000
 20
-10798.0000
 30
0.0000
 11
9394.5000
 21
-10798.0000
 31
0.0000
  0
LINE
  5
1A6
  8
מידות - פנים
 10
9093.0000
 20
-12296.0000
 30
0.0000
 11
9394.5000
 21
-12296.0000
 31
0.0000
  0
LINE
  5
1A7
  8
מידות - פנים
 10
9340.5000
 20
-10798.0000
 30
0.0000
 11
9340.5000
 21
-12296.0000
 31
0.0000
  0
SOLID
  5
1A8
  8
מידות - פנים
 10
9340.5000
 20
-10798.0000
 30
0.0000
 11
9369.3000
 21
-10694.5000
 31
0.0000
 12
9311.7000
 22
-10694.5000
 32
0.0000
 13
9311.7000
 23
-10694.5000
 33
0.0000
  0
SOLID
  5
1A9
  8
מידות - פנים
 10
9340.5000
 20
-12296.0000
 30
0.0000
 11
9369.3000
 21
-12399.5000
 31
0.0000
 12
9311.7000
 22
-12399.5000
 32
0.0000
 13
9311.7000
 23
-12399.5000
 33
0.0000
  0
TEXT
  5
1AA
  8
מידות - פנים
 10
9426.0000
 20
-11547.0000
 30
0.0000
 40
90.0000
  1
149.8
 50
90.0000
  7
SOLINE
 72
1
 73
2
 11
9426.0000
 21
-11547.0000
 31
0.0000
  0
LINE
  5
1AB
  8
מידות - פנים
 10
9093.0000
 20
-12296.0000
 30
0.0000
 11
9394.5000
 21
-12296.0000
 31
0.0000
  0
LINE
  5
1AC
  8
מידות - פנים
 10
9093.0000
 20
-13045.0000
 30
0.0000
 11
9394.5000
 21
-13045.0000
 31
0.0000
  0
LINE
  5
1AD
  8
מידות - פנים
 10
9340.5000
 20
-12296.0000
 30
0.0000
 11
9340.5000
 21
-13045.0000
 31
0.0000
  0
SOLID
  5
1AE
  8
מידות - פנים
 10
9340.5000
 20
-12296.0000
 30
0.0000
 11
9369.3000
 21
-12192.5000
 31
0.0000
 12
9311.7000
 22
-12192.5000
 32
0.0000
 13
9311.7000
 23
-12192.5000
 33
0.0000
  0
SOLID
  5
1AF
  8
מידות - פנים
 10
9340.5000
 20
-13045.0000
 30
0.0000
 11
9369.3000
 21
-13148.5000
 31
0.0000
 12
9311.7000
 22
-13148.5000
 32
0.0000
 13
9311.7000
 23
-13148.5000
 33
0.0000
  0
TEXT
  5
1B0
  8
מידות - פנים
 10
9426.0000
 20
-12670.5000
 30
0.0000
 40
90.0000
  1
74.9
 50
90.0000
  7
SOLINE
 72
1
 73
2
 11
9426.0000
 21
-12670.5000
 31
0.0000
  0
LINE
  5
1B1
  8
מידות - פנים
 10
7196.0000
 20
-12744.0000
 30
0.0000
 11
7646.0000
 21
-12744.0000
 31
0.0000
  0
LINE
  5
1B2
  8
מידות - פנים
 10
7196.0000
 20
-16197.0000
 30
0.0000
 11
7646.0000
 21
-16197.0000
 31
0.0000
  0
LINE
  5
1B3
  8
מידות - פנים
 10
7571.0000
 20
-12744.0000
 30
0.0000
 11
7571.0000
 21
-16197.0000
 31
0.0000
  0
SOLID
  5
1B4
  8
מידות - פנים
 10
7571.0000
 20
-12744.0000
 30
0.0000
 11
7611.0000
 21
-12600.2500
 31
0.0000
 12
7531.0000
 22
-12600.2500
 32
0.0000
 13
7531.0000
 23
-12600.2500
 33
0.0000
  0
SOLID
  5
1B5
  8
מידות - פנים
 10
7571.0000
 20
-16197.0000
 30
0.0000
 11
7611.0000
 21
-16340.7500
 31
0.0000
 12
7531.0000
 22
-16340.7500
 32
0.0000
 13
7531.0000
 23
-16340.7500
 33
0.0000
  0
TEXT
  5
1B6
  8
מידות - פנים
 10
7689.7500
 20
-14470.5000
 30
0.0000
 40
125.0000
  1
345.3
 50
90.0000
  7
SOLINE
 72
1
 73
2
 11
7689.7500
 21
-14470.5000
 31
0.0000
  0
LINE
  5
1B7
  8
מידות - פנים
 10
7146.0000
 20
-16247.0000
 30
0.0000
 11
7146.0000
 21
-16697.0000
 31
0.0000
  0
LINE
  5
1B8
  8
מידות - פנים
 10
6652.0000
 20
-16247.0000
 30
0.0000
 11
6652.0000
 21
-16697.0000
 31
0.0000
  0
LINE
  5
1B9
  8
מידות - פנים
 10
7146.0000
 20
-16622.0000
 30
0.0000
 11
6652.0000
 21
-16622.0000
 31
0.0000
  0
SOLID
  5
1BA
  8
מידות - פנים
 10
7146.0000
 20
-16622.0000
 30
0.0000
 11
7289.7500
 21
-16662.0000
 31
0.0000
 12
7289.7500
 22
-16582.0000
 32
0.0000
 13
7289.7500
 23
-16582.0000
 33
0.0000
  0
SOLID
  5
1BB
  8
מידות - פנים
 10
6652.0000
 20
-16622.0000
 30
0.0000
 11
6508.2500
 21
-16662.0000
 31
0.0000
 12
6508.2500
 22
-16582.0000
 32
0.0000
 13
6508.2500
 23
-16582.0000
 33
0.0000
  0
TEXT
  5
1BC
  8
מידות - פנים
 10
6899.0000
 20
-16740.7500
 30
0.0000
 40
125.0000
  1
49.4
 50
360.0000
  7
SOLINE
 72
1
 73
2
 11
6899.0000
 21
-16740.7500
 31
0.0000
  0
LINE
  5
1BD
  8
מידות - פנים
 10
6702.0000
 20
-16197.0000
 30
0.0000
 11
7152.0000
 21
-16197.0000
 31
0.0000
  0
LINE
  5
1BE
  8
מידות - פנים
 10
6702.0000
 20
-17165.0000
 30
0.0000
 11
7152.0000
 21
-17165.0000
 31
0.0000
  0
LINE
  5
1BF
  8
מידות - פנים
 10
7077.0000
 20
-16197.0000
 30
0.0000
 11
7077.0000
 21
-17165.0000
 31
0.0000
  0
SOLID
  5
1C0
  8
מידות - פנים
 10
7077.0000
 20
-16197.0000
 30
0.0000
 11
7117.0000
 21
-16053.2500
 31
0.0000
 12
7037.0000
 22
-16053.2500
 32
0.0000
 13
7037.0000
 23
-16053.2500
 33
0.0000
  0
SOLID
  5
1C1
  8
מידות - פנים
 10
7077.0000
 20
-17165.0000
 30
0.0000
 11
7117.0000
 21
-17308.7500
 31
0.0000
 12
7037.0000
 22
-17308.7500
 32
0.0000
 13
7037.0000
 23
-17308.7500
 33
0.0000
  0
TEXT
  5
1C2
  8
מידות - פנים
 10
7195.7500
 20
-16681.0000
 30
0.0000
 40
125.0000
  1
96.8
 50
90.0000
  7
SOLINE
 72
1
 73
2
 11
7195.7500
 21
-16681.0000
 31
0.0000
  0
LINE
  5
1C3
  8
מידות - פנים
 10
6652.0000
 20
-17215.0000
 30
0.0000
 11
6652.0000
 21
-17665.0000
 31
0.0000
  0
LINE
  5
1C4
  8
מידות - פנים
 10
3670.0000
 20
-17215.0000
 30
0.0000
 11
3670.0000
 21
-17665.0000
 31
0.0000
  0
LINE
  5
1C5
  8
מידות - פנים
 10
6652.0000
 20
-17590.0000
 30
0.0000
 11
3670.0000
 21
-17590.0000
 31
0.0000
  0
SOLID
  5
1C6
  8
מידות - פנים
 10
6652.0000
 20
-17590.0000
 30
0.0000
 11
6795.7500
 21
-17630.0000
 31
0.0000
 12
6795.7500
 22
-17550.0000
 32
0.0000
 13
6795.7500
 23
-17550.0000
 33
0.0000
  0
SOLID
  5
1C7
  8
מידות - פנים
 10
3670.0000
 20
-17590.0000
 30
0.0000
 11
3526.2500
 21
-17630.0000
 31
0.0000
 12
3526.2500
 22
-17550.0000
 32
0.0000
 13
3526.2500
 23
-17550.0000
 33
0.0000
  0
TEXT
  5
1C8
  8
מידות - פנים
 10
5161.0000
 20
-17708.7500
 30
0.0000
 40
125.0000
  1
298.2
 50
360.0000
  7
SOLINE
 72
1
 73
2
 11
5161.0000
 21
-17708.7500
 31
0.0000
  0
LINE
  5
1C9
  8
מידות - פנים
 10
3620.0000
 20
-17165.0000
 30
0.0000
 11
3170.0000
 21
-17165.0000
 31
0.0000
  0
LINE
  5
1CA
  8
מידות - פנים
 10
3620.0000
 20
-13263.0000
 30
0.0000
 11
3170.0000
 21
-13263.0000
 31
0.0000
  0
LINE
  5
1CB
  8
מידות - פנים
 10
3245.0000
 20
-17165.0000
 30
0.0000
 11
3245.0000
 21
-13263.0000
 31
0.0000
  0
SOLID
  5
1CC
  8
מידות - פנים
 10
3245.0000
 20
-17165.0000
 30
0.0000
 11
3205.0000
 21
-17308.7500
 31
0.0000
 12
3285.0000
 22
-17308.7500
 32
0.0000
 13
3285.0000
 23
-17308.7500
 33
0.0000
  0
SOLID
  5
1CD
  8
מידות - פנים
 10
3245.0000
 20
-13263.0000
 30
0.0000
 11
3205.0000
 21
-13119.2500
 31
0.0000
 12
3285.0000
 22
-13119.2500
 32
0.0000
 13
3285.0000
 23
-13119.2500
 33
0.0000
  0
TEXT
  5
1CE
  8
מידות - פנים
 10
3126.2500
 20
-15214.0000
 30
0.0000
 40
125.0000
  1
390.2
 50
90.0000
  7
SOLINE
 72
1
 73
2
 11
3126.2500
 21
-15214.0000
 31
0.0000
  0
LINE
  5
1CF
  8
מידות - פנים
 10
3670.0000
 20
-13213.0000
 30
0.0000
 11
3670.0000
 21
-12763.0000
 31
0.0000
  0
LINE
  5
1D0
  8
מידות - פנים
 10
4883.0000
 20
-13213.0000
 30
0.0000
 11
4883.0000
 21
-12763.0000
 31
0.0000
  0
LINE
  5
1D1
  8
מידות - פנים
 10
3670.0000
 20
-12838.0000
 30
0.0000
 11
4883.0000
 21
-12838.0000
 31
0.0000
  0
SOLID
  5
1D2
  8
מידות - פנים
 10
3670.0000
 20
-12838.0000
 30
0.0000
 11
3526.2500
 21
-12798.0000
 31
0.0000
 12
3526.2500
 22
-12878.0000
 32
0.0000
 13
3526.2500
 23
-12878.0000
 33
0.0000
  0
SOLID
  5
1D3
  8
מידות - פנים
 10
4883.0000
 20
-12838.0000
 30
0.0000
 11
5026.7500
 21
-12798.0000
 31
0.0000
 12
5026.7500
 22
-12878.0000
 32
0.0000
 13
5026.7500
 23
-12878.0000
 33
0.0000
  0
TEXT
  5
1D4
  8
מידות - פנים
 10
4276.5000
 20
-12719.2500
 30
0.0000
 40
125.0000
  1
121.3
 50
0.0000
  7
SOLINE
 72
1
 73
2
 11
4276.5000
 21
-12719.2500
 31
0.0000
  0
LINE
  5
1D5
  8
מידות - פנים
 10
4833.0000
 20
-13263.0000
 30
0.0000
 11
4383.0000
 21
-13263.0000
 31
0.0000
  0
LINE
  5
1D6
  8
מידות - פנים
 10
4833.0000
 20
-9622.0000
 30
0.0000
 11
4383.0000
 21
-9622.0000
 31
0.0000
  0
LINE
  5
1D7
  8
מידות - פנים
 10
4458.0000
 20
-13263.0000
 30
0.0000
 11
4458.0000
 21
-9622.0000
 31
0.0000
  0
SOLID
  5
1D8
  8
מידות - פנים
 10
4458.0000
 20
-13263.0000
 30
0.0000
 11
4418.0000
 21
-13406.7500
 31
0.0000
 12
4498.0000
 22
-13406.7500
 32
0.0000
 13
4498.0000
 23
-13406.7500
 33
0.0000
  0
SOLID
  5
1D9
  8
מידות - פנים
 10
4458.0000
 20
-9622.0000
 30
0.0000
 11
4418.0000
 21
-9478.2500
 31
0.0000
 12
4498.0000
 22
-9478.2500
 32
0.0000
 13
4498.0000
 23
-9478.2500
 33
0.0000
  0
TEXT
  5
1DA
  8
מידות - פנים
 10
4339.2500
 20
-11442.5000
 30
0.0000
 40
125.0000
  1
364.1
 50
90.0000
  7
SOLINE
 72
1
 73
2
 11
4339.2500
 21
-11442.5000
 31
0.0000
  0
LINE
  5
1DB
  8
מידות - פנים
 10
4883.0000
 20
-9572.0000
 30
0.0000
 11
4883.0000
 21
-9122.0000
 31
0.0000
  0
LINE
  5
1DC
  8
מידות - פנים
 10
9053.0000
 20
-9572.0000
 30
0.0000
 11
9053.0000
 21
-9122.0000
 31
0.0000
  0
LINE
  5
1DD
  8
מידות - פנים
 10
4883.0000
 20
-9197.0000
 30
0.0000
 11
9053.0000
 21
-9197.0000
 31
0.0000
  0
SOLID
  5
1DE
  8
מידות - פנים
 10
4883.0000
 20
-9197.0000
 30
0.0000
 11
4739.2500
 21
-9157.0000
 31
0.0000
 12
4739.2500
 22
-9237.0000
 32
0.0000
 13
4739.2500
 23
-9237.0000
 33
0.0000
  0
SOLID
  5
1DF
  8
מידות - פנים
 10
9053.0000
 20
-9197.0000
 30
0.0000
 11
9196.7500
 21
-9157.0000
 31
0.0000
 12
9196.7500
 22
-9237.0000
 32
0.0000
 13
9196.7500
 23
-9237.0000
 33
0.0000
  0
TEXT
  5
1E0
  8
מידות - פנים
 10
6968.0000
 20
-9078.2500
 30
0.0000
 40
125.0000
  1
417
 50
0.0000
  7
SOLINE
 72
1
 73
2
 11
6968.0000
 21
-9078.2500
 31
0.0000
  0
LINE
  5
1E1
  8
מידות - פנים
 10
9103.0000
 20
-9622.0000
 30
0.0000
 11
9553.0000
 21
-9622.0000
 31
0.0000
  0
LINE
  5
1E2
  8
מידות - פנים
 10
9103.0000
 20
-13045.0000
 30
0.0000
 11
9553.0000
 21
-13045.0000
 31
0.0000
  0
LINE
  5
1E3
  8
מידות - פנים
 10
9478.0000
 20
-9622.0000
 30
0.0000
 11
9478.0000
 21
-13045.0000
 31
0.0000
  0
SOLID
  5
1E4
  8
מידות - פנים
 10
9478.0000
 20
-9622.0000
 30
0.0000
 11
9518.0000
 21
-9478.2500
 31
0.0000
 12
9438.0000
 22
-9478.2500
 32
0.0000
 13
9438.0000
 23
-9478.2500
 33
0.0000
  0
SOLID
  5
1E5
  8
מידות - פנים
 10
9478.0000
 20
-13045.0000
 30
0.0000
 11
9518.0000
 21
-13188.7500
 31
0.0000
 12
9438.0000
 22
-13188.7500
 32
0.0000
 13
9438.0000
 23
-13188.7500
 33
0.0000
  0
TEXT
  5
1E6
  8
מידות - פנים
 10
9596.7500
 20
-11333.5000
 30
0.0000
 40
125.0000
  1
342.3
 50
90.0000
  7
SOLINE
 72
1
 73
2
 11
9596.7500
 21
-11333.5000
 31
0.0000
  0
LINE
  5
1E7
  8
מידות - פנים
 10
3670.0000
 20
-17215.0000
 30
0.0000
 11
3670.0000
 21
-18090.0000
 31
0.0000
  0
LINE
  5
1E8
  8
מידות - פנים
 10
9053.0000
 20
-17215.0000
 30
0.0000
 11
9053.0000
 21
-18090.0000
 31
0.0000
  0
LINE
  5
1E9
  8
מידות - פנים
 10
3670.0000
 20
-18015.0000
 30
0.0000
 11
9053.0000
 21
-18015.0000
 31
0.0000
  0
SOLID
  5
1EA
  8
מידות - פנים
 10
3670.0000
 20
-18015.0000
 30
0.0000
 11
3526.2500
 21
-18055.0000
 31
0.0000
 12
3526.2500
 22
-17975.0000
 32
0.0000
 13
3526.2500
 23
-17975.0000
 33
0.0000
  0
SOLID
  5
1EB
  8
מידות - פנים
 10
9053.0000
 20
-18015.0000
 30
0.0000
 11
9196.7500
 21
-18055.0000
 31
0.0000
 12
9196.7500
 22
-17975.0000
 32
0.0000
 13
9196.7500
 23
-17975.0000
 33
0.0000
  0
TEXT
  5
1EC
  8
מידות - פנים
 10
6361.5000
 20
-18133.7500
 30
0.0000
 40
125.0000
  1
538.3
 50
0.0000
  7
SOLINE
 72
1
 73
2
 11
6361.5000
 21
-18133.7500
 31
0.0000
  0
LINE
  5
1ED
  8
מידות - פנים
 10
3620.0000
 20
-17165.0000
 30
0.0000
 11
2745.0000
 21
-17165.0000
 31
0.0000
  0
LINE
  5
1EE
  8
מידות - פנים
 10
3620.0000
 20
-9622.0000
 30
0.0000
 11
2745.0000
 21
-9622.0000
 31
0.0000
  0
LINE
  5
1EF
  8
מידות - פנים
 10
2820.0000
 20
-17165.0000
 30
0.0000
 11
2820.0000
 21
-9622.0000
 31
0.0000
  0
SOLID
  5
1F0
  8
מידות - פנים
 10
2820.0000
 20
-17165.0000
 30
0.0000
 11
2780.0000
 21
-17308.7500
 31
0.0000
 12
2860.0000
 22
-17308.7500
 32
0.0000
 13
2860.0000
 23
-17308.7500
 33
0.0000
  0
SOLID
  5
1F1
  8
מידות - פנים
 10
2820.0000
 20
-9622.0000
 30
0.0000
 11
2780.0000
 21
-9478.2500
 31
0.0000
 12
2860.0000
 22
-9478.2500
 32
0.0000
 13
2860.0000
 23
-9478.2500
 33
0.0000
  0
TEXT
  5
1F2
  8
מידות - פנים
 10
2701.2500
 20
-13393.5000
 30
0.0000
 40
125.0000
  1
754.3
 50
90.0000
  7
SOLINE
 72
1
 73
2
 11
2701.2500
 21
-13393.5000
 31
0.0000
  0
LINE
  5
1F3
  8
מידות - חוץ
 10
3570.0000
 20
-17315.0000
 30
0.0000
 11
3570.0000
 21
-18940.0000
 31
0.0000
  0
LINE
  5
1F4
  8
מידות - חוץ
 10
9153.0000
 20
-17315.0000
 30
0.0000
 11
9153.0000
 21
-18940.0000
 31
0.0000
  0
LINE
  5
1F5
  8
מידות - חוץ
 10
3570.0000
 20
-18865.0000
 30
0.0000
 11
9153.0000
 21
-18865.0000
 31
0.0000
  0
SOLID
  5
1F6
  8
מידות - חוץ
 10
3570.0000
 20
-18865.0000
 30
0.0000
 11
3426.2500
 21
-18905.0000
 31
0.0000
 12
3426.2500
 22
-18825.0000
 32
0.0000
 13
3426.2500
 23
-18825.0000
 33
0.0000
  0
SOLID
  5
1F7
  8
מידות - חוץ
 10
9153.0000
 20
-18865.0000
 30
0.0000
 11
9296.7500
 21
-18905.0000
 31
0.0000
 12
9296.7500
 22
-18825.0000
 32
0.0000
 13
9296.7500
 23
-18825.0000
 33
0.0000
  0
TEXT
  5
1F8
  8
מידות - חוץ
 10
6361.5000
 20
-18983.7500
 30
0.0000
 40
125.0000
  1
558.3
 50
0.0000
  7
SOLINE
 72
1
 73
2
 11
6361.5000
 21
-18983.7500
 31
0.0000
  0
LINE
  5
1F9
  8
מידות - חוץ
 10
3520.0000
 20
-17265.0000
 30
0.0000
 11
1895.0000
 21
-17265.0000
 31
0.0000
  0
LINE
  5
1FA
  8
מידות - חוץ
 10
3520.0000
 20
-9522.0000
 30
0.0000
 11
1895.0000
 21
-9522.0000
 31
0.0000
  0
LINE
  5
1FB
  8
מידות - חוץ
 10
1970.0000
 20
-17265.0000
 30
0.0000
 11
1970.0000
 21
-9522.0000
 31
0.0000
  0
SOLID
  5
1FC
  8
מידות - חוץ
 10
1970.0000
 20
-17265.0000
 30
0.0000
 11
1930.0000
 21
-17408.7500
 31
0.0000
 12
2010.0000
 22
-17408.7500
 32
0.0000
 13
2010.0000
 23
-17408.7500
 33
0.0000
  0
SOLID
  5
1FD
  8
מידות - חוץ
 10
1970.0000
 20
-9522.0000
 30
0.0000
 11
1930.0000
 21
-9378.2500
 31
0.0000
 12
2010.0000
 22
-9378.2500
 32
0.0000
 13
2010.0000
 23
-9378.2500
 33
0.0000
  0
TEXT
  5
1FE
  8
מידות - חוץ
 10
1851.2500
 20
-13393.5000
 30
0.0000
 40
125.0000
  1
774.3
 50
90.0000
  7
SOLINE
 72
1
 73
2
 11
1851.2500
 21
-13393.5000
 31
0.0000
  0
LINE
  5
1FF
  8
מסגרת
 10
11951.0000
 20
-9422.0000
 30
0.0000
 11
14701.0000
 21
-9422.0000
 31
0.0000
  0
LINE
  5
200
  8
מסגרת
 10
14701.0000
 20
-9422.0000
 30
0.0000
 11
14701.0000
 21
-12810.1250
 31
0.0000
  0
LINE
  5
201
  8
מסגרת
 10
14701.0000
 20
-12810.1250
 30
0.0000
 11
11951.0000
 21
-12810.1250
 31
0.0000
  0
LINE
  5
202
  8
מסגרת
 10
11951.0000
 20
-12810.1250
 30
0.0000
 11
11951.0000
 21
-9422.0000
 31
0.0000
  0
LINE
  5
203
  8
מסגרת
 10
11951.0000
 20
-9982.6250
 30
0.0000
 11
14701.0000
 21
-9982.6250
 31
0.0000
  0
LINE
  5
204
  8
מסגרת
 10
12026.0000
 20
-9920.1250
 30
0.0000
 11
12601.0000
 21
-9920.1250
 31
0.0000
  0
LINE
  5
205
  8
מסגרת
 10
12601.0000
 20
-9920.1250
 30
0.0000
 11
12601.0000
 21
-9484.5000
 31
0.0000
  0
LINE
  5
206
  8
מסגרת
 10
12601.0000
 20
-9484.5000
 30
0.0000
 11
12026.0000
 21
-9484.5000
 31
0.0000
  0
LINE
  5
207
  8
מסגרת
 10
12026.0000
 20
-9484.5000
 30
0.0000
 11
12026.0000
 21
-9920.1250
 31
0.0000
  0
TEXT
  5
208
  8
מסגרת
 10
12676.0000
 20
-9668.6750
 30
0.0000
 40
250.0000
  1
SOLINE
 50
0.0000
  7
SOLINE
 73
2
 11
12676.0000
 21
-9668.6750
 31
0.0000
  0
TEXT
  5
209
  8
מקרא
 10
12313.5000
 20
-9881.7125
 30
0.0000
 40
68.7500
  1
brand/soline-logo.png
 50
0.0000
  7
SOLINE
 72
1
 73
2
 11
12313.5000
 21
-9881.7125
 31
0.0000
  0
TEXT
  5
20A
  8
מסגרת
 10
12026.0000
 20
-10153.2500
 30
0.0000
 40
102.5000
  1
Project:
 50
0.0000
  7
SOLINE
 73
2
 11
12026.0000
 21
-10153.2500
 31
0.0000
  0
TEXT
  5
20B
  8
מסגרת
 10
14626.0000
 20
-10153.2500
 30
0.0000
 40
110.0000
  1
2725_Ktchn_TRIO_Nir_DR1
 50
0.0000
  7
SOLINE
 72
2
 73
2
 11
14626.0000
 21
-10153.2500
 31
0.0000
  0
TEXT
  5
20C
  8
מסגרת
 10
12026.0000
 20
-10397.0000
 30
0.0000
 40
102.5000
  1
Client:
 50
0.0000
  7
SOLINE
 73
2
 11
12026.0000
 21
-10397.0000
 31
0.0000
  0
TEXT
  5
20D
  8
מסגרת
 10
14626.0000
 20
-10397.0000
 30
0.0000
 40
110.0000
  1
-
 50
0.0000
  7
SOLINE
 72
2
 73
2
 11
14626.0000
 21
-10397.0000
 31
0.0000
  0
TEXT
  5
20E
  8
מסגרת
 10
12026.0000
 20
-10640.7500
 30
0.0000
 40
102.5000
  1
Address:
 50
0.0000
  7
SOLINE
 73
2
 11
12026.0000
 21
-10640.7500
 31
0.0000
  0
TEXT
  5
20F
  8
מסגרת
 10
14626.0000
 20
-10640.7500
 30
0.0000
 40
110.0000
  1
-
 50
0.0000
  7
SOLINE
 72
2
 73
2
 11
14626.0000
 21
-10640.7500
 31
0.0000
  0
TEXT
  5
210
  8
מסגרת
 10
12026.0000
 20
-10884.5000
 30
0.0000
 40
102.5000
  1
Drawing:
 50
0.0000
  7
SOLINE
 73
2
 11
12026.0000
 21
-10884.5000
 31
0.0000
  0
TEXT
  5
211
  8
מסגרת
 10
14626.0000
 20
-10884.5000
 30
0.0000
 40
110.0000
  1
Measurement Plan
 50
0.0000
  7
SOLINE
 72
2
 73
2
 11
14626.0000
 21
-10884.5000
 31
0.0000
  0
TEXT
  5
212
  8
מסגרת
 10
12026.0000
 20
-11128.2500
 30
0.0000
 40
102.5000
  1
Scale:
 50
0.0000
  7
SOLINE
 73
2
 11
12026.0000
 21
-11128.2500
 31
0.0000
  0
TEXT
  5
213
  8
מסגרת
 10
14626.0000
 20
-11128.2500
 30
0.0000
 40
110.0000
  1
1:50  (mm)
 50
0.0000
  7
SOLINE
 72
2
 73
2
 11
14626.0000
 21
-11128.2500
 31
0.0000
  0
TEXT
  5
214
  8
מסגרת
 10
12026.0000
 20
-11372.0000
 30
0.0000
 40
102.5000
  1
Date:
 50
0.0000
  7
SOLINE
 73
2
 11
12026.0000
 21
-11372.0000
 31
0.0000
  0
TEXT
  5
215
  8
מסגרת
 10
14626.0000
 20
-11372.0000
 30
0.0000
 40
110.0000
  1
2026-08-24
 50
0.0000
  7
SOLINE
 72
2
 73
2
 11
14626.0000
 21
-11372.0000
 31
0.0000
  0
TEXT
  5
216
  8
מסגרת
 10
12026.0000
 20
-11615.7500
 30
0.0000
 40
102.5000
  1
Surveyor:
 50
0.0000
  7
SOLINE
 73
2
 11
12026.0000
 21
-11615.7500
 31
0.0000
  0
TEXT
  5
217
  8
מסגרת
 10
14626.0000
 20
-11615.7500
 30
0.0000
 40
110.0000
  1
-
 50
0.0000
  7
SOLINE
 72
2
 73
2
 11
14626.0000
 21
-11615.7500
 31
0.0000
  0
TEXT
  5
218
  8
מסגרת
 10
12026.0000
 20
-11859.5000
 30
0.0000
 40
102.5000
  1
Checked:
 50
0.0000
  7
SOLINE
 73
2
 11
12026.0000
 21
-11859.5000
 31
0.0000
  0
TEXT
  5
219
  8
מסגרת
 10
14626.0000
 20
-11859.5000
 30
0.0000
 40
110.0000
  1
-
 50
0.0000
  7
SOLINE
 72
2
 73
2
 11
14626.0000
 21
-11859.5000
 31
0.0000
  0
TEXT
  5
21A
  8
מסגרת
 10
12026.0000
 20
-12103.2500
 30
0.0000
 40
102.5000
  1
Drawing No:
 50
0.0000
  7
SOLINE
 73
2
 11
12026.0000
 21
-12103.2500
 31
0.0000
  0
TEXT
  5
21B
  8
מסגרת
 10
14626.0000
 20
-12103.2500
 30
0.0000
 40
110.0000
  1
M-01
 50
0.0000
  7
SOLINE
 72
2
 73
2
 11
14626.0000
 21
-12103.2500
 31
0.0000
  0
TEXT
  5
21C
  8
מסגרת
 10
12026.0000
 20
-12347.0000
 30
0.0000
 40
102.5000
  1
Sheet:
 50
0.0000
  7
SOLINE
 73
2
 11
12026.0000
 21
-12347.0000
 31
0.0000
  0
TEXT
  5
21D
  8
מסגרת
 10
14626.0000
 20
-12347.0000
 30
0.0000
 40
110.0000
  1
1/1
 50
0.0000
  7
SOLINE
 72
2
 73
2
 11
14626.0000
 21
-12347.0000
 31
0.0000
  0
TEXT
  5
21E
  8
מסגרת
 10
12026.0000
 20
-12590.7500
 30
0.0000
 40
102.5000
  1
Revision:
 50
0.0000
  7
SOLINE
 73
2
 11
12026.0000
 21
-12590.7500
 31
0.0000
  0
TEXT
  5
21F
  8
מסגרת
 10
14626.0000
 20
-12590.7500
 30
0.0000
 40
110.0000
  1
0
 50
0.0000
  7
SOLINE
 72
2
 73
2
 11
14626.0000
 21
-12590.7500
 31
0.0000
  0
LINE
  5
220
  8
מסגרת
 10
11951.0000
 20
-13085.1250
 30
0.0000
 11
14701.0000
 21
-13085.1250
 31
0.0000
  0
LINE
  5
221
  8
מסגרת
 10
14701.0000
 20
-13085.1250
 30
0.0000
 11
14701.0000
 21
-15065.1250
 31
0.0000
  0
LINE
  5
222
  8
מסגרת
 10
14701.0000
 20
-15065.1250
 30
0.0000
 11
11951.0000
 21
-15065.1250
 31
0.0000
  0
LINE
  5
223
  8
מסגרת
 10
11951.0000
 20
-15065.1250
 30
0.0000
 11
11951.0000
 21
-13085.1250
 31
0.0000
  0
LINE
  5
224
  8
מסגרת
 10
11951.0000
 20
-13445.1250
 30
0.0000
 11
14701.0000
 21
-13445.1250
 31
0.0000
  0
TEXT
  5
225
  8
מקרא
 10
14626.0000
 20
-13301.1250
 30
0.0000
 40
175.0000
  1
טבלת מפרט פתחים
 50
0.0000
  7
SOLINE
 72
2
 73
2
 11
14626.0000
 21
-13301.1250
 31
0.0000
  0
TEXT
  5
226
  8
מקרא
 10
14618.5000
 20
-13625.1250
 30
0.0000
 40
112.5000
  1
מס'
 50
0.0000
  7
SOLINE
 72
2
 73
2
 11
14618.5000
 21
-13625.1250
 31
0.0000
  0
TEXT
  5
227
  8
מקרא
 10
14151.0000
 20
-13625.1250
 30
0.0000
 40
112.5000
  1
סוג
 50
0.0000
  7
SOLINE
 72
2
 73
2
 11
14151.0000
 21
-13625.1250
 31
0.0000
  0
TEXT
  5
228
  8
מקרא
 10
13463.5000
 20
-13625.1250
 30
0.0000
 40
112.5000
  1
רוחבxגובה
 50
0.0000
  7
SOLINE
 72
2
 73
2
 11
13463.5000
 21
-13625.1250
 31
0.0000
  0
TEXT
  5
229
  8
מקרא
 10
12831.0000
 20
-13625.1250
 30
0.0000
 40
112.5000
  1
כיוון
 50
0.0000
  7
SOLINE
 72
2
 73
2
 11
12831.0000
 21
-13625.1250
 31
0.0000
  0
TEXT
  5
22A
  8
מקרא
 10
12308.5000
 20
-13625.1250
 30
0.0000
 40
112.5000
  1
כמות
 50
0.0000
  7
SOLINE
 72
2
 73
2
 11
12308.5000
 21
-13625.1250
 31
0.0000
  0
LINE
  5
22B
  8
מקרא
 10
12001.0000
 20
-13790.1250
 30
0.0000
 11
14651.0000
 21
-13790.1250
 31
0.0000
  0
TEXT
  5
22C
  8
מסגרת
 10
14618.5000
 20
-13925.1250
 30
0.0000
 40
112.5000
  1
D1
 50
0.0000
  7
SOLINE
 72
2
 73
2
 11
14618.5000
 21
-13925.1250
 31
0.0000
  0
TEXT
  5
22D
  8
מקרא
 10
14151.0000
 20
-13925.1250
 30
0.0000
 40
112.5000
  1
מלבן דלת
 50
0.0000
  7
SOLINE
 72
2
 73
2
 11
14151.0000
 21
-13925.1250
 31
0.0000
  0
TEXT
  5
22E
  8
מסגרת
 10
13463.5000
 20
-13925.1250
 30
0.0000
 40
112.5000
  1
1498x2792
 50
0.0000
  7
SOLINE
 72
2
 73
2
 11
13463.5000
 21
-13925.1250
 31
0.0000
  0
TEXT
  5
22F
  8
מקרא
 10
12831.0000
 20
-13925.1250
 30
0.0000
 40
112.5000
  1
-
 50
0.0000
  7
SOLINE
 72
2
 73
2
 11
12831.0000
 21
-13925.1250
 31
0.0000
  0
TEXT
  5
230
  8
מסגרת
 10
12308.5000
 20
-13925.1250
 30
0.0000
 40
112.5000
  1
x1
 50
0.0000
  7
SOLINE
 72
2
 73
2
 11
12308.5000
 21
-13925.1250
 31
0.0000
  0
TEXT
  5
231
  8
מסגרת
 10
14618.5000
 20
-14225.1250
 30
0.0000
 40
112.5000
  1
W1
 50
0.0000
  7
SOLINE
 72
2
 73
2
 11
14618.5000
 21
-14225.1250
 31
0.0000
  0
TEXT
  5
232
  8
מקרא
 10
14151.0000
 20
-14225.1250
 30
0.0000
 40
112.5000
  1
חלון
 50
0.0000
  7
SOLINE
 72
2
 73
2
 11
14151.0000
 21
-14225.1250
 31
0.0000
  0
TEXT
  5
233
  8
מסגרת
 10
13463.5000
 20
-14225.1250
 30
0.0000
 40
112.5000
  1
1461x1989
 50
0.0000
  7
SOLINE
 72
2
 73
2
 11
13463.5000
 21
-14225.1250
 31
0.0000
  0
TEXT
  5
234
  8
מקרא
 10
12831.0000
 20
-14225.1250
 30
0.0000
 40
112.5000
  1
-
 50
0.0000
  7
SOLINE
 72
2
 73
2
 11
12831.0000
 21
-14225.1250
 31
0.0000
  0
TEXT
  5
235
  8
מסגרת
 10
12308.5000
 20
-14225.1250
 30
0.0000
 40
112.5000
  1
x1
 50
0.0000
  7
SOLINE
 72
2
 73
2
 11
12308.5000
 21
-14225.1250
 31
0.0000
  0
TEXT
  5
236
  8
מסגרת
 10
14618.5000
 20
-14525.1250
 30
0.0000
 40
112.5000
  1
W2
 50
0.0000
  7
SOLINE
 72
2
 73
2
 11
14618.5000
 21
-14525.1250
 31
0.0000
  0
TEXT
  5
237
  8
מקרא
 10
14151.0000
 20
-14525.1250
 30
0.0000
 40
112.5000
  1
חלון
 50
0.0000
  7
SOLINE
 72
2
 73
2
 11
14151.0000
 21
-14525.1250
 31
0.0000
  0
TEXT
  5
238
  8
מסגרת
 10
13463.5000
 20
-14525.1250
 30
0.0000
 40
112.5000
  1
2493x2410
 50
0.0000
  7
SOLINE
 72
2
 73
2
 11
13463.5000
 21
-14525.1250
 31
0.0000
  0
TEXT
  5
239
  8
מקרא
 10
12831.0000
 20
-14525.1250
 30
0.0000
 40
112.5000
  1
-
 50
0.0000
  7
SOLINE
 72
2
 73
2
 11
12831.0000
 21
-14525.1250
 31
0.0000
  0
TEXT
  5
23A
  8
מסגרת
 10
12308.5000
 20
-14525.1250
 30
0.0000
 40
112.5000
  1
x1
 50
0.0000
  7
SOLINE
 72
2
 73
2
 11
12308.5000
 21
-14525.1250
 31
0.0000
  0
TEXT
  5
23B
  8
מסגרת
 10
14618.5000
 20
-14825.1250
 30
0.0000
 40
112.5000
  1
W3
 50
0.0000
  7
SOLINE
 72
2
 73
2
 11
14618.5000
 21
-14825.1250
 31
0.0000
  0
TEXT
  5
23C
  8
מקרא
 10
14151.0000
 20
-14825.1250
 30
0.0000
 40
112.5000
  1
חלון
 50
0.0000
  7
SOLINE
 72
2
 73
2
 11
14151.0000
 21
-14825.1250
 31
0.0000
  0
TEXT
  5
23D
  8
מסגרת
 10
13463.5000
 20
-14825.1250
 30
0.0000
 40
112.5000
  1
1468x1315
 50
0.0000
  7
SOLINE
 72
2
 73
2
 11
13463.5000
 21
-14825.1250
 31
0.0000
  0
TEXT
  5
23E
  8
מקרא
 10
12831.0000
 20
-14825.1250
 30
0.0000
 40
112.5000
  1
-
 50
0.0000
  7
SOLINE
 72
2
 73
2
 11
12831.0000
 21
-14825.1250
 31
0.0000
  0
TEXT
  5
23F
  8
מסגרת
 10
12308.5000
 20
-14825.1250
 30
0.0000
 40
112.5000
  1
x1
 50
0.0000
  7
SOLINE
 72
2
 73
2
 11
12308.5000
 21
-14825.1250
 31
0.0000
  0
LINE
  5
240
  8
מסגרת
 10
11951.0000
 20
-15340.1250
 30
0.0000
 11
14701.0000
 21
-15340.1250
 31
0.0000
  0
LINE
  5
241
  8
מסגרת
 10
14701.0000
 20
-15340.1250
 30
0.0000
 11
14701.0000
 21
-21775.1250
 31
0.0000
  0
LINE
  5
242
  8
מסגרת
 10
14701.0000
 20
-21775.1250
 30
0.0000
 11
11951.0000
 21
-21775.1250
 31
0.0000
  0
LINE
  5
243
  8
מסגרת
 10
11951.0000
 20
-21775.1250
 30
0.0000
 11
11951.0000
 21
-15340.1250
 31
0.0000
  0
LINE
  5
244
  8
מסגרת
 10
11951.0000
 20
-15730.1250
 30
0.0000
 11
14701.0000
 21
-15730.1250
 31
0.0000
  0
TEXT
  5
245
  8
מקרא
 10
14626.0000
 20
-15574.1250
 30
0.0000
 40
175.0000
  1
מקרא וספירת אלמנטים
 50
0.0000
  7
SOLINE
 72
2
 73
2
 11
14626.0000
 21
-15574.1250
 31
0.0000
  0
TEXT
  5
246
  8
מקרא
 10
14626.0000
 20
-15908.8750
 30
0.0000
 40
131.2500
  1
דלת  (1)
 50
0.0000
  7
SOLINE
 72
2
 73
2
 11
14626.0000
 21
-15908.8750
 31
0.0000
  0
LINE
  5
247
  8
דלתות
 10
12126.1250
 20
-16323.1250
 30
0.0000
 11
12126.1250
 21
-16293.3750
 31
0.0000
  0
LINE
  5
248
  8
דלתות
 10
12325.8750
 20
-16323.1250
 30
0.0000
 11
12325.8750
 21
-16293.3750
 31
0.0000
  0
LINE
  5
249
  8
דלתות
 10
12126.1250
 20
-16293.3750
 30
0.0000
 11
12325.8750
 21
-16293.3750
 31
0.0000
  0
TEXT
  5
24A
  8
מקרא
 10
12526.0000
 20
-16233.8750
 30
0.0000
 40
112.5000
  1
x1
 50
0.0000
  7
SOLINE
 73
2
 11
12526.0000
 21
-16233.8750
 31
0.0000
  0
TEXT
  5
24B
  8
מקרא
 10
14626.0000
 20
-16233.8750
 30
0.0000
 40
125.0000
  1
פתח דלת (ללא משקוף)
 50
0.0000
  7
SOLINE
 72
2
 73
2
 11
14626.0000
 21
-16233.8750
 31
0.0000
  0
TEXT
  5
24C
  8
מקרא
 10
14626.0000
 20
-16558.8750
 30
0.0000
 40
131.2500
  1
ניקוז  (1)
 50
0.0000
  7
SOLINE
 72
2
 73
2
 11
14626.0000
 21
-16558.8750
 31
0.0000
  0
LINE
  5
24D
  8
ניקוז
 10
12226.0000
 20
-16973.1250
 30
0.0000
 11
12226.0000
 21
-16807.3750
 31
0.0000
  0
ARC
  5
24E
  8
ניקוז
 10
12226.0000
 20
-16866.8750
 30
0.0000
 40
63.7500
 50
0.0000
 51
360.0000
  0
LINE
  5
24F
  8
ניקוז
 10
12187.7500
 20
-16879.6250
 30
0.0000
 11
12209.0000
 21
-16854.1250
 31
0.0000
  0
LINE
  5
250
  8
ניקוז
 10
12209.0000
 20
-16854.1250
 30
0.0000
 11
12226.0000
 21
-16879.6250
 31
0.0000
  0
LINE
  5
251
  8
ניקוז
 10
12226.0000
 20
-16879.6250
 30
0.0000
 11
12243.0000
 21
-16854.1250
 31
0.0000
  0
LINE
  5
252
  8
ניקוז
 10
12243.0000
 20
-16854.1250
 30
0.0000
 11
12264.2500
 21
-16879.6250
 31
0.0000
  0
TEXT
  5
253
  8
מקרא
 10
12526.0000
 20
-16883.8750
 30
0.0000
 40
112.5000
  1
x1
 50
0.0000
  7
SOLINE
 73
2
 11
12526.0000
 21
-16883.8750
 31
0.0000
  0
TEXT
  5
254
  8
מקרא
 10
14626.0000
 20
-16883.8750
 30
0.0000
 40
125.0000
  1
Sewage
 50
0.0000
  7
SOLINE
 72
2
 73
2
 11
14626.0000
 21
-16883.8750
 31
0.0000
  0
TEXT
  5
255
  8
מקרא
 10
14626.0000
 20
-17208.8750
 30
0.0000
 40
131.2500
  1
חשמל  (14)
 50
0.0000
  7
SOLINE
 72
2
 73
2
 11
14626.0000
 21
-17208.8750
 31
0.0000
  0
LINE
  5
256
  8
חשמל
 10
12226.0000
 20
-17623.1250
 30
0.0000
 11
12226.0000
 21
-17525.3750
 31
0.0000
  0
LINE
  5
257
  8
חשמל
 10
12158.0000
 20
-17525.3750
 30
0.0000
 11
12158.4276
 21
-17517.7614
 31
0.0000
  0
LINE
  5
258
  8
חשמל
 10
12158.4276
 20
-17517.7614
 30
0.0000
 11
12159.7049
 21
-17510.2436
 31
0.0000
  0
LINE
  5
259
  8
חשמל
 10
12159.7049
 20
-17510.2436
 30
0.0000
 11
12161.8159
 21
-17502.9160
 31
0.0000
  0
LINE
  5
25A
  8
חשמל
 10
12161.8159
 20
-17502.9160
 30
0.0000
 11
12164.7341
 21
-17495.8709
 31
0.0000
  0
LINE
  5
25B
  8
חשמל
 10
12164.7341
 20
-17495.8709
 30
0.0000
 11
12168.4228
 21
-17489.1968
 31
0.0000
  0
LINE
  5
25C
  8
חשמל
 10
12168.4228
 20
-17489.1968
 30
0.0000
 11
12172.8355
 21
-17482.9777
 31
0.0000
  0
LINE
  5
25D
  8
חשמל
 10
12172.8355
 20
-17482.9777
 30
0.0000
 11
12177.9167
 21
-17477.2917
 31
0.0000
  0
LINE
  5
25E
  8
חשמל
 10
12177.9167
 20
-17477.2917
 30
0.0000
 11
12183.6027
 21
-17472.2105
 31
0.0000
  0
LINE
  5
25F
  8
חשמל
 10
12183.6027
 20
-17472.2105
 30
0.0000
 11
12189.8218
 21
-17467.7978
 31
0.0000
  0
LINE
  5
260
  8
חשמל
 10
12189.8218
 20
-17467.7978
 30
0.0000
 11
12196.4959
 21
-17464.1091
 31
0.0000
  0
LINE
  5
261
  8
חשמל
 10
12196.4959
 20
-17464.1091
 30
0.0000
 11
12203.5410
 21
-17461.1909
 31
0.0000
  0
LINE
  5
262
  8
חשמל
 10
12203.5410
 20
-17461.1909
 30
0.0000
 11
12210.8686
 21
-17459.0799
 31
0.0000
  0
LINE
  5
263
  8
חשמל
 10
12210.8686
 20
-17459.0799
 30
0.0000
 11
12218.3864
 21
-17457.8026
 31
0.0000
  0
LINE
  5
264
  8
חשמל
 10
12218.3864
 20
-17457.8026
 30
0.0000
 11
12226.0000
 21
-17457.3750
 31
0.0000
  0
LINE
  5
265
  8
חשמל
 10
12226.0000
 20
-17457.3750
 30
0.0000
 11
12233.6136
 21
-17457.8026
 31
0.0000
  0
LINE
  5
266
  8
חשמל
 10
12233.6136
 20
-17457.8026
 30
0.0000
 11
12241.1314
 21
-17459.0799
 31
0.0000
  0
LINE
  5
267
  8
חשמל
 10
12241.1314
 20
-17459.0799
 30
0.0000
 11
12248.4590
 21
-17461.1909
 31
0.0000
  0
LINE
  5
268
  8
חשמל
 10
12248.4590
 20
-17461.1909
 30
0.0000
 11
12255.5041
 21
-17464.1091
 31
0.0000
  0
LINE
  5
269
  8
חשמל
 10
12255.5041
 20
-17464.1091
 30
0.0000
 11
12262.1782
 21
-17467.7978
 31
0.0000
  0
LINE
  5
26A
  8
חשמל
 10
12262.1782
 20
-17467.7978
 30
0.0000
 11
12268.3973
 21
-17472.2105
 31
0.0000
  0
LINE
  5
26B
  8
חשמל
 10
12268.3973
 20
-17472.2105
 30
0.0000
 11
12274.0833
 21
-17477.2917
 31
0.0000
  0
LINE
  5
26C
  8
חשמל
 10
12274.0833
 20
-17477.2917
 30
0.0000
 11
12279.1645
 21
-17482.9777
 31
0.0000
  0
LINE
  5
26D
  8
חשמל
 10
12279.1645
 20
-17482.9777
 30
0.0000
 11
12283.5772
 21
-17489.1968
 31
0.0000
  0
LINE
  5
26E
  8
חשמל
 10
12283.5772
 20
-17489.1968
 30
0.0000
 11
12287.2659
 21
-17495.8709
 31
0.0000
  0
LINE
  5
26F
  8
חשמל
 10
12287.2659
 20
-17495.8709
 30
0.0000
 11
12290.1841
 21
-17502.9160
 31
0.0000
  0
LINE
  5
270
  8
חשמל
 10
12290.1841
 20
-17502.9160
 30
0.0000
 11
12292.2951
 21
-17510.2436
 31
0.0000
  0
LINE
  5
271
  8
חשמל
 10
12292.2951
 20
-17510.2436
 30
0.0000
 11
12293.5724
 21
-17517.7614
 31
0.0000
  0
LINE
  5
272
  8
חשמל
 10
12293.5724
 20
-17517.7614
 30
0.0000
 11
12294.0000
 21
-17525.3750
 31
0.0000
  0
LINE
  5
273
  8
חשמל
 10
12158.0000
 20
-17525.3750
 30
0.0000
 11
12294.0000
 21
-17525.3750
 31
0.0000
  0
TEXT
  5
274
  8
מקרא
 10
12526.0000
 20
-17533.8750
 30
0.0000
 40
112.5000
  1
x7
 50
0.0000
  7
SOLINE
 73
2
 11
12526.0000
 21
-17533.8750
 31
0.0000
  0
TEXT
  5
275
  8
מקרא
 10
14626.0000
 20
-17533.8750
 30
0.0000
 40
125.0000
  1
Socket
 50
0.0000
  7
SOLINE
 72
2
 73
2
 11
14626.0000
 21
-17533.8750
 31
0.0000
  0
LINE
  5
276
  8
חשמל
 10
12226.0000
 20
-17948.1250
 30
0.0000
 11
12226.0000
 21
-17782.3750
 31
0.0000
  0
ARC
  5
277
  8
חשמל
 10
12226.0000
 20
-17846.1250
 30
0.0000
 40
68.0000
 50
0.0000
 51
360.0000
  0
LINE
  5
278
  8
חשמל
 10
12226.0000
 20
-17846.1250
 30
0.0000
 11
12179.2500
 21
-17799.3750
 31
0.0000
  0
LINE
  5
279
  8
חשמל
 10
12226.0000
 20
-17846.1250
 30
0.0000
 11
12272.7500
 21
-17799.3750
 31
0.0000
  0
LINE
  5
27A
  8
חשמל
 10
12226.0000
 20
-17846.1250
 30
0.0000
 11
12179.2500
 21
-17892.8750
 31
0.0000
  0
LINE
  5
27B
  8
חשמל
 10
12226.0000
 20
-17846.1250
 30
0.0000
 11
12272.7500
 21
-17892.8750
 31
0.0000
  0
TEXT
  5
27C
  8
מקרא
 10
12526.0000
 20
-17858.8750
 30
0.0000
 40
112.5000
  1
x3
 50
0.0000
  7
SOLINE
 73
2
 11
12526.0000
 21
-17858.8750
 31
0.0000
  0
TEXT
  5
27D
  8
מקרא
 10
14626.0000
 20
-17858.8750
 30
0.0000
 40
125.0000
  1
Power Line
 50
0.0000
  7
SOLINE
 72
2
 73
2
 11
14626.0000
 21
-17858.8750
 31
0.0000
  0
LINE
  5
27E
  8
חשמל
 10
12226.0000
 20
-18273.1250
 30
0.0000
 11
12226.0000
 21
-18124.3750
 31
0.0000
  0
ARC
  5
27F
  8
חשמל
 10
12226.0000
 20
-18166.8750
 30
0.0000
 40
38.2500
 50
0.0000
 51
360.0000
  0
ARC
  5
280
  8
חשמל
 10
12226.0000
 20
-18166.8750
 30
0.0000
 40
10.6250
 50
0.0000
 51
360.0000
  0
TEXT
  5
281
  8
מקרא
 10
12526.0000
 20
-18183.8750
 30
0.0000
 40
112.5000
  1
x2
 50
0.0000
  7
SOLINE
 73
2
 11
12526.0000
 21
-18183.8750
 31
0.0000
  0
TEXT
  5
282
  8
מקרא
 10
14626.0000
 20
-18183.8750
 30
0.0000
 40
125.0000
  1
קופסת חיבורים (ג׳אנקשן)
 50
0.0000
  7
SOLINE
 72
2
 73
2
 11
14626.0000
 21
-18183.8750
 31
0.0000
  0
LINE
  5
283
  8
חשמל
 10
12226.0000
 20
-18598.1250
 30
0.0000
 11
12226.0000
 21
-18500.3750
 31
0.0000
  0
LINE
  5
284
  8
חשמל
 10
12120.9400
 20
-18500.3750
 30
0.0000
 11
12121.2607
 21
-18494.6648
 31
0.0000
  0
LINE
  5
285
  8
חשמל
 10
12121.2607
 20
-18494.6648
 30
0.0000
 11
12122.2187
 21
-18489.0264
 31
0.0000
  0
LINE
  5
286
  8
חשמל
 10
12122.2187
 20
-18489.0264
 30
0.0000
 11
12123.8020
 21
-18483.5308
 31
0.0000
  0
LINE
  5
287
  8
חשמל
 10
12123.8020
 20
-18483.5308
 30
0.0000
 11
12125.9906
 21
-18478.2469
 31
0.0000
  0
LINE
  5
288
  8
חשמל
 10
12125.9906
 20
-18478.2469
 30
0.0000
 11
12128.7571
 21
-18473.2414
 31
0.0000
  0
LINE
  5
289
  8
חשמל
 10
12128.7571
 20
-18473.2414
 30
0.0000
 11
12132.0666
 21
-18468.5770
 31
0.0000
  0
LINE
  5
28A
  8
חשמל
 10
12132.0666
 20
-18468.5770
 30
0.0000
 11
12135.8776
 21
-18464.3126
 31
0.0000
  0
LINE
  5
28B
  8
חשמל
 10
12135.8776
 20
-18464.3126
 30
0.0000
 11
12140.1420
 21
-18460.5016
 31
0.0000
  0
LINE
  5
28C
  8
חשמל
 10
12140.1420
 20
-18460.5016
 30
0.0000
 11
12144.8064
 21
-18457.1921
 31
0.0000
  0
LINE
  5
28D
  8
חשמל
 10
12144.8064
 20
-18457.1921
 30
0.0000
 11
12149.8119
 21
-18454.4256
 31
0.0000
  0
LINE
  5
28E
  8
חשמל
 10
12149.8119
 20
-18454.4256
 30
0.0000
 11
12155.0958
 21
-18452.2370
 31
0.0000
  0
LINE
  5
28F
  8
חשמל
 10
12155.0958
 20
-18452.2370
 30
0.0000
 11
12160.5914
 21
-18450.6537
 31
0.0000
  0
LINE
  5
290
  8
חשמל
 10
12160.5914
 20
-18450.6537
 30
0.0000
 11
12166.2298
 21
-18449.6957
 31
0.0000
  0
LINE
  5
291
  8
חשמל
 10
12166.2298
 20
-18449.6957
 30
0.0000
 11
12171.9400
 21
-18449.3750
 31
0.0000
  0
LINE
  5
292
  8
חשמל
 10
12171.9400
 20
-18449.3750
 30
0.0000
 11
12177.6502
 21
-18449.6957
 31
0.0000
  0
LINE
  5
293
  8
חשמל
 10
12177.6502
 20
-18449.6957
 30
0.0000
 11
12183.2886
 21
-18450.6537
 31
0.0000
  0
LINE
  5
294
  8
חשמל
 10
12183.2886
 20
-18450.6537
 30
0.0000
 11
12188.7842
 21
-18452.2370
 31
0.0000
  0
LINE
  5
295
  8
חשמל
 10
12188.7842
 20
-18452.2370
 30
0.0000
 11
12194.0681
 21
-18454.4256
 31
0.0000
  0
LINE
  5
296
  8
חשמל
 10
12194.0681
 20
-18454.4256
 30
0.0000
 11
12199.0736
 21
-18457.1921
 31
0.0000
  0
LINE
  5
297
  8
חשמל
 10
12199.0736
 20
-18457.1921
 30
0.0000
 11
12203.7380
 21
-18460.5016
 31
0.0000
  0
LINE
  5
298
  8
חשמל
 10
12203.7380
 20
-18460.5016
 30
0.0000
 11
12208.0024
 21
-18464.3126
 31
0.0000
  0
LINE
  5
299
  8
חשמל
 10
12208.0024
 20
-18464.3126
 30
0.0000
 11
12211.8134
 21
-18468.5770
 31
0.0000
  0
LINE
  5
29A
  8
חשמל
 10
12211.8134
 20
-18468.5770
 30
0.0000
 11
12215.1229
 21
-18473.2414
 31
0.0000
  0
LINE
  5
29B
  8
חשמל
 10
12215.1229
 20
-18473.2414
 30
0.0000
 11
12217.8894
 21
-18478.2469
 31
0.0000
  0
LINE
  5
29C
  8
חשמל
 10
12217.8894
 20
-18478.2469
 30
0.0000
 11
12220.0780
 21
-18483.5308
 31
0.0000
  0
LINE
  5
29D
  8
חשמל
 10
12220.0780
 20
-18483.5308
 30
0.0000
 11
12221.6613
 21
-18489.0264
 31
0.0000
  0
LINE
  5
29E
  8
חשמל
 10
12221.6613
 20
-18489.0264
 30
0.0000
 11
12222.6193
 21
-18494.6648
 31
0.0000
  0
LINE
  5
29F
  8
חשמל
 10
12222.6193
 20
-18494.6648
 30
0.0000
 11
12222.9400
 21
-18500.3750
 31
0.0000
  0
LINE
  5
2A0
  8
חשמל
 10
12120.9400
 20
-18500.3750
 30
0.0000
 11
12222.9400
 21
-18500.3750
 31
0.0000
  0
LINE
  5
2A1
  8
חשמל
 10
12229.0600
 20
-18500.3750
 30
0.0000
 11
12229.3807
 21
-18494.6648
 31
0.0000
  0
LINE
  5
2A2
  8
חשמל
 10
12229.3807
 20
-18494.6648
 30
0.0000
 11
12230.3387
 21
-18489.0264
 31
0.0000
  0
LINE
  5
2A3
  8
חשמל
 10
12230.3387
 20
-18489.0264
 30
0.0000
 11
12231.9220
 21
-18483.5308
 31
0.0000
  0
LINE
  5
2A4
  8
חשמל
 10
12231.9220
 20
-18483.5308
 30
0.0000
 11
12234.1106
 21
-18478.2469
 31
0.0000
  0
LINE
  5
2A5
  8
חשמל
 10
12234.1106
 20
-18478.2469
 30
0.0000
 11
12236.8771
 21
-18473.2414
 31
0.0000
  0
LINE
  5
2A6
  8
חשמל
 10
12236.8771
 20
-18473.2414
 30
0.0000
 11
12240.1866
 21
-18468.5770
 31
0.0000
  0
LINE
  5
2A7
  8
חשמל
 10
12240.1866
 20
-18468.5770
 30
0.0000
 11
12243.9976
 21
-18464.3126
 31
0.0000
  0
LINE
  5
2A8
  8
חשמל
 10
12243.9976
 20
-18464.3126
 30
0.0000
 11
12248.2620
 21
-18460.5016
 31
0.0000
  0
LINE
  5
2A9
  8
חשמל
 10
12248.2620
 20
-18460.5016
 30
0.0000
 11
12252.9264
 21
-18457.1921
 31
0.0000
  0
LINE
  5
2AA
  8
חשמל
 10
12252.9264
 20
-18457.1921
 30
0.0000
 11
12257.9319
 21
-18454.4256
 31
0.0000
  0
LINE
  5
2AB
  8
חשמל
 10
12257.9319
 20
-18454.4256
 30
0.0000
 11
12263.2158
 21
-18452.2370
 31
0.0000
  0
LINE
  5
2AC
  8
חשמל
 10
12263.2158
 20
-18452.2370
 30
0.0000
 11
12268.7114
 21
-18450.6537
 31
0.0000
  0
LINE
  5
2AD
  8
חשמל
 10
12268.7114
 20
-18450.6537
 30
0.0000
 11
12274.3498
 21
-18449.6957
 31
0.0000
  0
LINE
  5
2AE
  8
חשמל
 10
12274.3498
 20
-18449.6957
 30
0.0000
 11
12280.0600
 21
-18449.3750
 31
0.0000
  0
LINE
  5
2AF
  8
חשמל
 10
12280.0600
 20
-18449.3750
 30
0.0000
 11
12285.7702
 21
-18449.6957
 31
0.0000
  0
LINE
  5
2B0
  8
חשמל
 10
12285.7702
 20
-18449.6957
 30
0.0000
 11
12291.4086
 21
-18450.6537
 31
0.0000
  0
LINE
  5
2B1
  8
חשמל
 10
12291.4086
 20
-18450.6537
 30
0.0000
 11
12296.9042
 21
-18452.2370
 31
0.0000
  0
LINE
  5
2B2
  8
חשמל
 10
12296.9042
 20
-18452.2370
 30
0.0000
 11
12302.1881
 21
-18454.4256
 31
0.0000
  0
LINE
  5
2B3
  8
חשמל
 10
12302.1881
 20
-18454.4256
 30
0.0000
 11
12307.1936
 21
-18457.1921
 31
0.0000
  0
LINE
  5
2B4
  8
חשמל
 10
12307.1936
 20
-18457.1921
 30
0.0000
 11
12311.8580
 21
-18460.5016
 31
0.0000
  0
LINE
  5
2B5
  8
חשמל
 10
12311.8580
 20
-18460.5016
 30
0.0000
 11
12316.1224
 21
-18464.3126
 31
0.0000
  0
LINE
  5
2B6
  8
חשמל
 10
12316.1224
 20
-18464.3126
 30
0.0000
 11
12319.9334
 21
-18468.5770
 31
0.0000
  0
LINE
  5
2B7
  8
חשמל
 10
12319.9334
 20
-18468.5770
 30
0.0000
 11
12323.2429
 21
-18473.2414
 31
0.0000
  0
LINE
  5
2B8
  8
חשמל
 10
12323.2429
 20
-18473.2414
 30
0.0000
 11
12326.0094
 21
-18478.2469
 31
0.0000
  0
LINE
  5
2B9
  8
חשמל
 10
12326.0094
 20
-18478.2469
 30
0.0000
 11
12328.1980
 21
-18483.5308
 31
0.0000
  0
LINE
  5
2BA
  8
חשמל
 10
12328.1980
 20
-18483.5308
 30
0.0000
 11
12329.7813
 21
-18489.0264
 31
0.0000
  0
LINE
  5
2BB
  8
חשמל
 10
12329.7813
 20
-18489.0264
 30
0.0000
 11
12330.7393
 21
-18494.6648
 31
0.0000
  0
LINE
  5
2BC
  8
חשמל
 10
12330.7393
 20
-18494.6648
 30
0.0000
 11
12331.0600
 21
-18500.3750
 31
0.0000
  0
LINE
  5
2BD
  8
חשמל
 10
12229.0600
 20
-18500.3750
 30
0.0000
 11
12331.0600
 21
-18500.3750
 31
0.0000
  0
TEXT
  5
2BE
  8
מקרא
 10
12526.0000
 20
-18508.8750
 30
0.0000
 40
112.5000
  1
x2
 50
0.0000
  7
SOLINE
 73
2
 11
12526.0000
 21
-18508.8750
 31
0.0000
  0
TEXT
  5
2BF
  8
מקרא
 10
14626.0000
 20
-18508.8750
 30
0.0000
 40
125.0000
  1
שקע כפול
 50
0.0000
  7
SOLINE
 72
2
 73
2
 11
14626.0000
 21
-18508.8750
 31
0.0000
  0
TEXT
  5
2C0
  8
מקרא
 10
14626.0000
 20
-18833.8750
 30
0.0000
 40
131.2500
  1
גז  (1)
 50
0.0000
  7
SOLINE
 72
2
 73
2
 11
14626.0000
 21
-18833.8750
 31
0.0000
  0
LINE
  5
2C1
  8
גז
 10
12226.0000
 20
-19248.1250
 30
0.0000
 11
12226.0000
 21
-19205.6250
 31
0.0000
  0
LINE
  5
2C2
  8
גז
 10
12226.0000
 20
-19078.1250
 30
0.0000
 11
12281.2500
 21
-19110.0000
 31
0.0000
  0
LINE
  5
2C3
  8
גז
 10
12281.2500
 20
-19110.0000
 30
0.0000
 11
12281.2500
 21
-19173.7500
 31
0.0000
  0
LINE
  5
2C4
  8
גז
 10
12281.2500
 20
-19173.7500
 30
0.0000
 11
12226.0000
 21
-19205.6250
 31
0.0000
  0
LINE
  5
2C5
  8
גז
 10
12226.0000
 20
-19205.6250
 30
0.0000
 11
12170.7500
 21
-19173.7500
 31
0.0000
  0
LINE
  5
2C6
  8
גז
 10
12170.7500
 20
-19173.7500
 30
0.0000
 11
12170.7500
 21
-19110.0000
 31
0.0000
  0
LINE
  5
2C7
  8
גז
 10
12170.7500
 20
-19110.0000
 30
0.0000
 11
12226.0000
 21
-19078.1250
 31
0.0000
  0
TEXT
  5
2C8
  8
גז
 10
12226.0000
 20
-19141.8750
 30
0.0000
 40
59.5000
  1
G
 50
0.0000
  7
SOLINE
 72
1
 73
2
 11
12226.0000
 21
-19141.8750
 31
0.0000
  0
TEXT
  5
2C9
  8
מקרא
 10
12526.0000
 20
-19158.8750
 30
0.0000
 40
112.5000
  1
x1
 50
0.0000
  7
SOLINE
 73
2
 11
12526.0000
 21
-19158.8750
 31
0.0000
  0
TEXT
  5
2CA
  8
מקרא
 10
14626.0000
 20
-19158.8750
 30
0.0000
 40
125.0000
  1
Gas
 50
0.0000
  7
SOLINE
 72
2
 73
2
 11
14626.0000
 21
-19158.8750
 31
0.0000
  0
TEXT
  5
2CB
  8
מקרא
 10
14626.0000
 20
-19483.8750
 30
0.0000
 40
131.2500
  1
תאורה  (3)
 50
0.0000
  7
SOLINE
 72
2
 73
2
 11
14626.0000
 21
-19483.8750
 31
0.0000
  0
ARC
  5
2CC
  8
תאורה
 10
12226.0000
 20
-19791.8750
 30
0.0000
 40
63.7500
 50
0.0000
 51
360.0000
  0
LINE
  5
2CD
  8
תאורה
 10
12181.3750
 20
-19747.2500
 30
0.0000
 11
12270.6250
 21
-19836.5000
 31
0.0000
  0
LINE
  5
2CE
  8
תאורה
 10
12270.6250
 20
-19747.2500
 30
0.0000
 11
12181.3750
 21
-19836.5000
 31
0.0000
  0
TEXT
  5
2CF
  8
מקרא
 10
12526.0000
 20
-19808.8750
 30
0.0000
 40
112.5000
  1
x3
 50
0.0000
  7
SOLINE
 73
2
 11
12526.0000
 21
-19808.8750
 31
0.0000
  0
TEXT
  5
2D0
  8
מקרא
 10
14626.0000
 20
-19808.8750
 30
0.0000
 40
125.0000
  1
Can Light
 50
0.0000
  7
SOLINE
 72
2
 73
2
 11
14626.0000
 21
-19808.8750
 31
0.0000
  0
TEXT
  5
2D1
  8
מקרא
 10
14626.0000
 20
-20133.8750
 30
0.0000
 40
131.2500
  1
מים  (3)
 50
0.0000
  7
SOLINE
 72
2
 73
2
 11
14626.0000
 21
-20133.8750
 31
0.0000
  0
LINE
  5
2D2
  8
מים
 10
12226.0000
 20
-20548.1250
 30
0.0000
 11
12226.0000
 21
-20488.6250
 31
0.0000
  0
LINE
  5
2D3
  8
מים
 10
12179.2500
 20
-20395.1250
 30
0.0000
 11
12272.7500
 21
-20395.1250
 31
0.0000
  0
LINE
  5
2D4
  8
מים
 10
12272.7500
 20
-20395.1250
 30
0.0000
 11
12226.0000
 21
-20441.8750
 31
0.0000
  0
LINE
  5
2D5
  8
מים
 10
12226.0000
 20
-20441.8750
 30
0.0000
 11
12179.2500
 21
-20395.1250
 31
0.0000
  0
LINE
  5
2D6
  8
מים
 10
12179.2500
 20
-20488.6250
 30
0.0000
 11
12272.7500
 21
-20488.6250
 31
0.0000
  0
LINE
  5
2D7
  8
מים
 10
12272.7500
 20
-20488.6250
 30
0.0000
 11
12226.0000
 21
-20441.8750
 31
0.0000
  0
LINE
  5
2D8
  8
מים
 10
12226.0000
 20
-20441.8750
 30
0.0000
 11
12179.2500
 21
-20488.6250
 31
0.0000
  0
ARC
  5
2D9
  8
מים
 10
12226.0000
 20
-20441.8750
 30
0.0000
 40
9.5625
 50
0.0000
 51
360.0000
  0
TEXT
  5
2DA
  8
מקרא
 10
12526.0000
 20
-20458.8750
 30
0.0000
 40
112.5000
  1
x2
 50
0.0000
  7
SOLINE
 73
2
 11
12526.0000
 21
-20458.8750
 31
0.0000
  0
TEXT
  5
2DB
  8
מקרא
 10
14626.0000
 20
-20458.8750
 30
0.0000
 40
125.0000
  1
Faucet
 50
0.0000
  7
SOLINE
 72
2
 73
2
 11
14626.0000
 21
-20458.8750
 31
0.0000
  0
LINE
  5
2DC
  8
מים
 10
12226.0000
 20
-20873.1250
 30
0.0000
 11
12226.0000
 21
-20824.2500
 31
0.0000
  0
ARC
  5
2DD
  8
מים
 10
12226.0000
 20
-20766.8750
 30
0.0000
 40
59.5000
 50
0.0000
 51
360.0000
  0
LINE
  5
2DE
  8
מים
 10
12175.0000
 20
-20766.8750
 30
0.0000
 11
12277.0000
 21
-20766.8750
 31
0.0000
  0
LINE
  5
2DF
  8
מים
 10
12226.0000
 20
-20715.8750
 30
0.0000
 11
12226.0000
 21
-20817.8750
 31
0.0000
  0
TEXT
  5
2E0
  8
מקרא
 10
12526.0000
 20
-20783.8750
 30
0.0000
 40
112.5000
  1
x1
 50
0.0000
  7
SOLINE
 73
2
 11
12526.0000
 21
-20783.8750
 31
0.0000
  0
TEXT
  5
2E1
  8
מקרא
 10
14626.0000
 20
-20783.8750
 30
0.0000
 40
125.0000
  1
Water Supply
 50
0.0000
  7
SOLINE
 72
2
 73
2
 11
14626.0000
 21
-20783.8750
 31
0.0000
  0
TEXT
  5
2E2
  8
מקרא
 10
14626.0000
 20
-21108.8750
 30
0.0000
 40
131.2500
  1
חלון  (3)
 50
0.0000
  7
SOLINE
 72
2
 73
2
 11
14626.0000
 21
-21108.8750
 31
0.0000
  0
LINE
  5
2E3
  8
חלונות
 10
12119.7500
 20
-21387.1250
 30
0.0000
 11
12332.2500
 21
-21387.1250
 31
0.0000
  0
LINE
  5
2E4
  8
חלונות
 10
12332.2500
 20
-21387.1250
 30
0.0000
 11
12332.2500
 21
-21446.6250
 31
0.0000
  0
LINE
  5
2E5
  8
חלונות
 10
12332.2500
 20
-21446.6250
 30
0.0000
 11
12119.7500
 21
-21446.6250
 31
0.0000
  0
LINE
  5
2E6
  8
חלונות
 10
12119.7500
 20
-21446.6250
 30
0.0000
 11
12119.7500
 21
-21387.1250
 31
0.0000
  0
LINE
  5
2E7
  8
חלונות
 10
12119.7500
 20
-21407.3550
 30
0.0000
 11
12332.2500
 21
-21407.3550
 31
0.0000
  0
LINE
  5
2E8
  8
חלונות
 10
12119.7500
 20
-21426.3950
 30
0.0000
 11
12332.2500
 21
-21426.3950
 31
0.0000
  0
TEXT
  5
2E9
  8
מקרא
 10
12526.0000
 20
-21433.8750
 30
0.0000
 40
112.5000
  1
x3
 50
0.0000
  7
SOLINE
 73
2
 11
12526.0000
 21
-21433.8750
 31
0.0000
  0
TEXT
  5
2EA
  8
מקרא
 10
14626.0000
 20
-21433.8750
 30
0.0000
 40
125.0000
  1
חלון
 50
0.0000
  7
SOLINE
 72
2
 73
2
 11
14626.0000
 21
-21433.8750
 31
0.0000
  0
LINE
  5
2EB
  8
מסגרת
 10
13326.0000
 20
-22300.1250
 30
0.0000
 11
13326.0000
 21
-21675.1250
 31
0.0000
  0
SOLID
  5
2EC
  8
מסגרת
 10
13326.0000
 20
-21675.1250
 30
0.0000
 11
13263.5000
 21
-21800.1250
 31
0.0000
 12
13388.5000
 22
-21800.1250
 32
0.0000
 13
13388.5000
 23
-21800.1250
 33
0.0000
  0
TEXT
  5
2ED
  8
מסגרת
 10
13326.0000
 20
-21637.6250
 30
0.0000
 40
137.5000
  1
N
 50
0.0000
  7
SOLINE
 72
1
 73
3
 11
13326.0000
 21
-21637.6250
 31
0.0000
  0
LINE
  5
2EE
  8
מסגרת
 10
12951.0000
 20
-22487.6250
 30
0.0000
 11
13751.0000
 21
-22487.6250
 31
0.0000
  0
LINE
  5
2EF
  8
מסגרת
 10
12951.0000
 20
-22487.6250
 30
0.0000
 11
12951.0000
 21
-22550.1250
 31
0.0000
  0
LINE
  5
2F0
  8
מסגרת
 10
13151.0000
 20
-22487.6250
 30
0.0000
 11
13151.0000
 21
-22550.1250
 31
0.0000
  0
LINE
  5
2F1
  8
מסגרת
 10
13351.0000
 20
-22487.6250
 30
0.0000
 11
13351.0000
 21
-22550.1250
 31
0.0000
  0
LINE
  5
2F2
  8
מסגרת
 10
13551.0000
 20
-22487.6250
 30
0.0000
 11
13551.0000
 21
-22550.1250
 31
0.0000
  0
LINE
  5
2F3
  8
מסגרת
 10
13751.0000
 20
-22487.6250
 30
0.0000
 11
13751.0000
 21
-22550.1250
 31
0.0000
  0
TEXT
  5
2F4
  8
מסגרת
 10
12951.0000
 20
-22687.6250
 30
0.0000
 40
87.5000
  1
0
 50
0.0000
  7
SOLINE
 72
1
 11
12951.0000
 21
-22687.6250
 31
0.0000
  0
TEXT
  5
2F5
  8
מסגרת
 10
13751.0000
 20
-22687.6250
 30
0.0000
 40
87.5000
  1
0.8 m
 50
0.0000
  7
SOLINE
 72
2
 11
13751.0000
 21
-22687.6250
 31
0.0000
  0
LINE
  5
2F6
  8
קירות
 10
1177.0000
 20
-24418.0000
 30
0.0000
 11
4630.0000
 21
-24418.0000
 31
0.0000
  0
LINE
  5
2F7
  8
קירות
 10
4630.0000
 20
-24418.0000
 30
0.0000
 11
4630.0000
 21
-21626.0000
 31
0.0000
  0
LINE
  5
2F8
  8
קירות
 10
4630.0000
 20
-21626.0000
 30
0.0000
 11
1177.0000
 21
-21626.0000
 31
0.0000
  0
LINE
  5
2F9
  8
קירות
 10
1177.0000
 20
-21626.0000
 30
0.0000
 11
1177.0000
 21
-24418.0000
 31
0.0000
  0
LINE
  5
2FA
  8
מידות - חוץ
 10
1177.0000
 20
-24468.0000
 30
0.0000
 11
1177.0000
 21
-24868.0000
 31
0.0000
  0
LINE
  5
2FB
  8
מידות - חוץ
 10
4630.0000
 20
-24468.0000
 30
0.0000
 11
4630.0000
 21
-24868.0000
 31
0.0000
  0
LINE
  5
2FC
  8
מידות - חוץ
 10
1177.0000
 20
-24793.0000
 30
0.0000
 11
4630.0000
 21
-24793.0000
 31
0.0000
  0
SOLID
  5
2FD
  8
מידות - חוץ
 10
1177.0000
 20
-24793.0000
 30
0.0000
 11
1033.2500
 21
-24833.0000
 31
0.0000
 12
1033.2500
 22
-24753.0000
 32
0.0000
 13
1033.2500
 23
-24753.0000
 33
0.0000
  0
SOLID
  5
2FE
  8
מידות - חוץ
 10
4630.0000
 20
-24793.0000
 30
0.0000
 11
4773.7500
 21
-24833.0000
 31
0.0000
 12
4773.7500
 22
-24753.0000
 32
0.0000
 13
4773.7500
 23
-24753.0000
 33
0.0000
  0
TEXT
  5
2FF
  8
מידות - חוץ
 10
2903.5000
 20
-24911.7500
 30
0.0000
 40
125.0000
  1
345.3
 50
0.0000
  7
SOLINE
 72
1
 73
2
 11
2903.5000
 21
-24911.7500
 31
0.0000
  0
LINE
  5
300
  8
מידות - חוץ
 10
1127.0000
 20
-24418.0000
 30
0.0000
 11
727.0000
 21
-24418.0000
 31
0.0000
  0
LINE
  5
301
  8
מידות - חוץ
 10
1127.0000
 20
-21626.0000
 30
0.0000
 11
727.0000
 21
-21626.0000
 31
0.0000
  0
LINE
  5
302
  8
מידות - חוץ
 10
802.0000
 20
-24418.0000
 30
0.0000
 11
802.0000
 21
-21626.0000
 31
0.0000
  0
SOLID
  5
303
  8
מידות - חוץ
 10
802.0000
 20
-24418.0000
 30
0.0000
 11
762.0000
 21
-24561.7500
 31
0.0000
 12
842.0000
 22
-24561.7500
 32
0.0000
 13
842.0000
 23
-24561.7500
 33
0.0000
  0
SOLID
  5
304
  8
מידות - חוץ
 10
802.0000
 20
-21626.0000
 30
0.0000
 11
762.0000
 21
-21482.2500
 31
0.0000
 12
842.0000
 22
-21482.2500
 32
0.0000
 13
842.0000
 23
-21482.2500
 33
0.0000
  0
TEXT
  5
305
  8
מידות - חוץ
 10
683.2500
 20
-23022.0000
 30
0.0000
 40
125.0000
  1
279.2
 50
90.0000
  7
SOLINE
 72
1
 73
2
 11
683.2500
 21
-23022.0000
 31
0.0000
  0
TEXT
  5
306
  8
קירות - טקסט
 10
2903.5000
 20
-25355.5000
 30
0.0000
 40
162.5000
  1
W1
 50
0.0000
  7
SOLINE
 72
1
 73
2
 11
2903.5000
 21
-25355.5000
 31
0.0000
  0
LINE
  5
307
  8
קירות
 10
7130.0000
 20
-24418.0000
 30
0.0000
 11
7624.0000
 21
-24418.0000
 31
0.0000
  0
LINE
  5
308
  8
קירות
 10
7624.0000
 20
-24418.0000
 30
0.0000
 11
7624.0000
 21
-21626.0000
 31
0.0000
  0
LINE
  5
309
  8
קירות
 10
7624.0000
 20
-21626.0000
 30
0.0000
 11
7130.0000
 21
-21626.0000
 31
0.0000
  0
LINE
  5
30A
  8
קירות
 10
7130.0000
 20
-21626.0000
 30
0.0000
 11
7130.0000
 21
-24418.0000
 31
0.0000
  0
LINE
  5
30B
  8
מידות - חוץ
 10
7130.0000
 20
-24468.0000
 30
0.0000
 11
7130.0000
 21
-24868.0000
 31
0.0000
  0
LINE
  5
30C
  8
מידות - חוץ
 10
7624.0000
 20
-24468.0000
 30
0.0000
 11
7624.0000
 21
-24868.0000
 31
0.0000
  0
LINE
  5
30D
  8
מידות - חוץ
 10
7130.0000
 20
-24793.0000
 30
0.0000
 11
7624.0000
 21
-24793.0000
 31
0.0000
  0
SOLID
  5
30E
  8
מידות - חוץ
 10
7130.0000
 20
-24793.0000
 30
0.0000
 11
6986.2500
 21
-24833.0000
 31
0.0000
 12
6986.2500
 22
-24753.0000
 32
0.0000
 13
6986.2500
 23
-24753.0000
 33
0.0000
  0
SOLID
  5
30F
  8
מידות - חוץ
 10
7624.0000
 20
-24793.0000
 30
0.0000
 11
7767.7500
 21
-24833.0000
 31
0.0000
 12
7767.7500
 22
-24753.0000
 32
0.0000
 13
7767.7500
 23
-24753.0000
 33
0.0000
  0
TEXT
  5
310
  8
מידות - חוץ
 10
7377.0000
 20
-24911.7500
 30
0.0000
 40
125.0000
  1
49.4
 50
0.0000
  7
SOLINE
 72
1
 73
2
 11
7377.0000
 21
-24911.7500
 31
0.0000
  0
LINE
  5
311
  8
מידות - חוץ
 10
7080.0000
 20
-24418.0000
 30
0.0000
 11
6680.0000
 21
-24418.0000
 31
0.0000
  0
LINE
  5
312
  8
מידות - חוץ
 10
7080.0000
 20
-21626.0000
 30
0.0000
 11
6680.0000
 21
-21626.0000
 31
0.0000
  0
LINE
  5
313
  8
מידות - חוץ
 10
6755.0000
 20
-24418.0000
 30
0.0000
 11
6755.0000
 21
-21626.0000
 31
0.0000
  0
SOLID
  5
314
  8
מידות - חוץ
 10
6755.0000
 20
-24418.0000
 30
0.0000
 11
6715.0000
 21
-24561.7500
 31
0.0000
 12
6795.0000
 22
-24561.7500
 32
0.0000
 13
6795.0000
 23
-24561.7500
 33
0.0000
  0
SOLID
  5
315
  8
מידות - חוץ
 10
6755.0000
 20
-21626.0000
 30
0.0000
 11
6715.0000
 21
-21482.2500
 31
0.0000
 12
6795.0000
 22
-21482.2500
 32
0.0000
 13
6795.0000
 23
-21482.2500
 33
0.0000
  0
TEXT
  5
316
  8
מידות - חוץ
 10
6636.2500
 20
-23022.0000
 30
0.0000
 40
125.0000
  1
279.2
 50
90.0000
  7
SOLINE
 72
1
 73
2
 11
6636.2500
 21
-23022.0000
 31
0.0000
  0
TEXT
  5
317
  8
קירות - טקסט
 10
7377.0000
 20
-25355.5000
 30
0.0000
 40
162.5000
  1
W2
 50
0.0000
  7
SOLINE
 72
1
 73
2
 11
7377.0000
 21
-25355.5000
 31
0.0000
  0
LINE
  5
318
  8
קירות
 10
10124.0000
 20
-24418.0000
 30
0.0000
 11
11092.0000
 21
-24418.0000
 31
0.0000
  0
LINE
  5
319
  8
קירות
 10
11092.0000
 20
-24418.0000
 30
0.0000
 11
11092.0000
 21
-21626.0000
 31
0.0000
  0
LINE
  5
31A
  8
קירות
 10
11092.0000
 20
-21626.0000
 30
0.0000
 11
10124.0000
 21
-21626.0000
 31
0.0000
  0
LINE
  5
31B
  8
קירות
 10
10124.0000
 20
-21626.0000
 30
0.0000
 11
10124.0000
 21
-24418.0000
 31
0.0000
  0
LINE
  5
31C
  8
מידות - חוץ
 10
10124.0000
 20
-24468.0000
 30
0.0000
 11
10124.0000
 21
-24868.0000
 31
0.0000
  0
LINE
  5
31D
  8
מידות - חוץ
 10
11092.0000
 20
-24468.0000
 30
0.0000
 11
11092.0000
 21
-24868.0000
 31
0.0000
  0
LINE
  5
31E
  8
מידות - חוץ
 10
10124.0000
 20
-24793.0000
 30
0.0000
 11
11092.0000
 21
-24793.0000
 31
0.0000
  0
SOLID
  5
31F
  8
מידות - חוץ
 10
10124.0000
 20
-24793.0000
 30
0.0000
 11
9980.2500
 21
-24833.0000
 31
0.0000
 12
9980.2500
 22
-24753.0000
 32
0.0000
 13
9980.2500
 23
-24753.0000
 33
0.0000
  0
SOLID
  5
320
  8
מידות - חוץ
 10
11092.0000
 20
-24793.0000
 30
0.0000
 11
11235.7500
 21
-24833.0000
 31
0.0000
 12
11235.7500
 22
-24753.0000
 32
0.0000
 13
11235.7500
 23
-24753.0000
 33
0.0000
  0
TEXT
  5
321
  8
מידות - חוץ
 10
10608.0000
 20
-24911.7500
 30
0.0000
 40
125.0000
  1
96.8
 50
0.0000
  7
SOLINE
 72
1
 73
2
 11
10608.0000
 21
-24911.7500
 31
0.0000
  0
LINE
  5
322
  8
מידות - חוץ
 10
10074.0000
 20
-24418.0000
 30
0.0000
 11
9674.0000
 21
-24418.0000
 31
0.0000
  0
LINE
  5
323
  8
מידות - חוץ
 10
10074.0000
 20
-21626.0000
 30
0.0000
 11
9674.0000
 21
-21626.0000
 31
0.0000
  0
LINE
  5
324
  8
מידות - חוץ
 10
9749.0000
 20
-24418.0000
 30
0.0000
 11
9749.0000
 21
-21626.0000
 31
0.0000
  0
SOLID
  5
325
  8
מידות - חוץ
 10
9749.0000
 20
-24418.0000
 30
0.0000
 11
9709.0000
 21
-24561.7500
 31
0.0000
 12
9789.0000
 22
-24561.7500
 32
0.0000
 13
9789.0000
 23
-24561.7500
 33
0.0000
  0
SOLID
  5
326
  8
מידות - חוץ
 10
9749.0000
 20
-21626.0000
 30
0.0000
 11
9709.0000
 21
-21482.2500
 31
0.0000
 12
9789.0000
 22
-21482.2500
 32
0.0000
 13
9789.0000
 23
-21482.2500
 33
0.0000
  0
TEXT
  5
327
  8
מידות - חוץ
 10
9630.2500
 20
-23022.0000
 30
0.0000
 40
125.0000
  1
279.2
 50
90.0000
  7
SOLINE
 72
1
 73
2
 11
9630.2500
 21
-23022.0000
 31
0.0000
  0
TEXT
  5
328
  8
קירות - טקסט
 10
10608.0000
 20
-25355.5000
 30
0.0000
 40
162.5000
  1
W3
 50
0.0000
  7
SOLINE
 72
1
 73
2
 11
10608.0000
 21
-25355.5000
 31
0.0000
  0
LINE
  5
329
  8
קירות
 10
13592.0000
 20
-24418.0000
 30
0.0000
 11
16574.0000
 21
-24418.0000
 31
0.0000
  0
LINE
  5
32A
  8
קירות
 10
16574.0000
 20
-24418.0000
 30
0.0000
 11
16574.0000
 21
-21626.0000
 31
0.0000
  0
LINE
  5
32B
  8
קירות
 10
16574.0000
 20
-21626.0000
 30
0.0000
 11
13592.0000
 21
-21626.0000
 31
0.0000
  0
LINE
  5
32C
  8
קירות
 10
13592.0000
 20
-21626.0000
 30
0.0000
 11
13592.0000
 21
-24418.0000
 31
0.0000
  0
LINE
  5
32D
  8
מידות - חוץ
 10
13592.0000
 20
-24468.0000
 30
0.0000
 11
13592.0000
 21
-24868.0000
 31
0.0000
  0
LINE
  5
32E
  8
מידות - חוץ
 10
16574.0000
 20
-24468.0000
 30
0.0000
 11
16574.0000
 21
-24868.0000
 31
0.0000
  0
LINE
  5
32F
  8
מידות - חוץ
 10
13592.0000
 20
-24793.0000
 30
0.0000
 11
16574.0000
 21
-24793.0000
 31
0.0000
  0
SOLID
  5
330
  8
מידות - חוץ
 10
13592.0000
 20
-24793.0000
 30
0.0000
 11
13448.2500
 21
-24833.0000
 31
0.0000
 12
13448.2500
 22
-24753.0000
 32
0.0000
 13
13448.2500
 23
-24753.0000
 33
0.0000
  0
SOLID
  5
331
  8
מידות - חוץ
 10
16574.0000
 20
-24793.0000
 30
0.0000
 11
16717.7500
 21
-24833.0000
 31
0.0000
 12
16717.7500
 22
-24753.0000
 32
0.0000
 13
16717.7500
 23
-24753.0000
 33
0.0000
  0
TEXT
  5
332
  8
מידות - חוץ
 10
15083.0000
 20
-24911.7500
 30
0.0000
 40
125.0000
  1
298.2
 50
0.0000
  7
SOLINE
 72
1
 73
2
 11
15083.0000
 21
-24911.7500
 31
0.0000
  0
LINE
  5
333
  8
מידות - חוץ
 10
13542.0000
 20
-24418.0000
 30
0.0000
 11
13142.0000
 21
-24418.0000
 31
0.0000
  0
LINE
  5
334
  8
מידות - חוץ
 10
13542.0000
 20
-21626.0000
 30
0.0000
 11
13142.0000
 21
-21626.0000
 31
0.0000
  0
LINE
  5
335
  8
מידות - חוץ
 10
13217.0000
 20
-24418.0000
 30
0.0000
 11
13217.0000
 21
-21626.0000
 31
0.0000
  0
SOLID
  5
336
  8
מידות - חוץ
 10
13217.0000
 20
-24418.0000
 30
0.0000
 11
13177.0000
 21
-24561.7500
 31
0.0000
 12
13257.0000
 22
-24561.7500
 32
0.0000
 13
13257.0000
 23
-24561.7500
 33
0.0000
  0
SOLID
  5
337
  8
מידות - חוץ
 10
13217.0000
 20
-21626.0000
 30
0.0000
 11
13177.0000
 21
-21482.2500
 31
0.0000
 12
13257.0000
 22
-21482.2500
 32
0.0000
 13
13257.0000
 23
-21482.2500
 33
0.0000
  0
TEXT
  5
338
  8
מידות - חוץ
 10
13098.2500
 20
-23022.0000
 30
0.0000
 40
125.0000
  1
279.2
 50
90.0000
  7
SOLINE
 72
1
 73
2
 11
13098.2500
 21
-23022.0000
 31
0.0000
  0
LINE
  5
339
  8
חלונות
 10
14070.5000
 20
-23964.0000
 30
0.0000
 11
15531.5000
 21
-23964.0000
 31
0.0000
  0
LINE
  5
33A
  8
חלונות
 10
15531.5000
 20
-23964.0000
 30
0.0000
 11
15531.5000
 21
-21975.0000
 31
0.0000
  0
LINE
  5
33B
  8
חלונות
 10
15531.5000
 20
-21975.0000
 30
0.0000
 11
14070.5000
 21
-21975.0000
 31
0.0000
  0
LINE
  5
33C
  8
חלונות
 10
14070.5000
 20
-21975.0000
 30
0.0000
 11
14070.5000
 21
-23964.0000
 31
0.0000
  0
LINE
  5
33D
  8
חלונות
 10
14070.5000
 20
-22691.0400
 30
0.0000
 11
15531.5000
 21
-22691.0400
 31
0.0000
  0
LINE
  5
33E
  8
חלונות
 10
15531.5000
 20
-22691.0400
 30
0.0000
 11
15531.5000
 21
-23247.9600
 31
0.0000
  0
LINE
  5
33F
  8
חלונות
 10
15531.5000
 20
-23247.9600
 30
0.0000
 11
14070.5000
 21
-23247.9600
 31
0.0000
  0
LINE
  5
340
  8
חלונות
 10
14070.5000
 20
-23247.9600
 30
0.0000
 11
14070.5000
 21
-22691.0400
 31
0.0000
  0
LINE
  5
341
  8
חלונות
 10
14070.5000
 20
-22880.3928
 30
0.0000
 11
15531.5000
 21
-22880.3928
 31
0.0000
  0
LINE
  5
342
  8
חלונות
 10
14070.5000
 20
-23058.6072
 30
0.0000
 11
15531.5000
 21
-23058.6072
 31
0.0000
  0
LINE
  5
343
  8
חלונות - מידות
 10
13592.0000
 20
-24458.0000
 30
0.0000
 11
13592.0000
 21
-25290.5000
 31
0.0000
  0
LINE
  5
344
  8
חלונות - מידות
 10
14070.5000
 20
-24458.0000
 30
0.0000
 11
14070.5000
 21
-25290.5000
 31
0.0000
  0
LINE
  5
345
  8
חלונות - מידות
 10
13592.0000
 20
-25230.5000
 30
0.0000
 11
14070.5000
 21
-25230.5000
 31
0.0000
  0
SOLID
  5
346
  8
חלונות - מידות
 10
13592.0000
 20
-25230.5000
 30
0.0000
 11
13477.0000
 21
-25262.5000
 31
0.0000
 12
13477.0000
 22
-25198.5000
 32
0.0000
 13
13477.0000
 23
-25198.5000
 33
0.0000
  0
SOLID
  5
347
  8
חלונות - מידות
 10
14070.5000
 20
-25230.5000
 30
0.0000
 11
14185.5000
 21
-25262.5000
 31
0.0000
 12
14185.5000
 22
-25198.5000
 32
0.0000
 13
14185.5000
 23
-25198.5000
 33
0.0000
  0
TEXT
  5
348
  8
חלונות - מידות
 10
13831.2500
 20
-25325.5000
 30
0.0000
 40
100.0000
  1
47.9
 50
0.0000
  7
SOLINE
 72
1
 73
2
 11
13831.2500
 21
-25325.5000
 31
0.0000
  0
LINE
  5
349
  8
חלונות - מידות
 10
14070.5000
 20
-21935.0000
 30
0.0000
 11
14070.5000
 21
-21691.5000
 31
0.0000
  0
LINE
  5
34A
  8
חלונות - מידות
 10
15531.5000
 20
-21935.0000
 30
0.0000
 11
15531.5000
 21
-21691.5000
 31
0.0000
  0
LINE
  5
34B
  8
חלונות - מידות
 10
14070.5000
 20
-21750.0000
 30
0.0000
 11
15531.5000
 21
-21750.0000
 31
0.0000
  0
SOLID
  5
34C
  8
חלונות - מידות
 10
14070.5000
 20
-21750.0000
 30
0.0000
 11
13958.3750
 21
-21718.8000
 31
0.0000
 12
13958.3750
 22
-21781.2000
 32
0.0000
 13
13958.3750
 23
-21781.2000
 33
0.0000
  0
SOLID
  5
34D
  8
חלונות - מידות
 10
15531.5000
 20
-21750.0000
 30
0.0000
 11
15643.6250
 21
-21718.8000
 31
0.0000
 12
15643.6250
 22
-21781.2000
 32
0.0000
 13
15643.6250
 23
-21781.2000
 33
0.0000
  0
TEXT
  5
34E
  8
חלונות - מידות
 10
14801.0000
 20
-21657.3750
 30
0.0000
 40
97.5000
  1
146.1
 50
0.0000
  7
SOLINE
 72
1
 73
2
 11
14801.0000
 21
-21657.3750
 31
0.0000
  0
LINE
  5
34F
  8
חלונות - מידות
 10
14030.5000
 20
-24418.0000
 30
0.0000
 11
13824.5000
 21
-24418.0000
 31
0.0000
  0
LINE
  5
350
  8
חלונות - מידות
 10
14030.5000
 20
-23964.0000
 30
0.0000
 11
13824.5000
 21
-23964.0000
 31
0.0000
  0
LINE
  5
351
  8
חלונות - מידות
 10
13883.0000
 20
-24418.0000
 30
0.0000
 11
13883.0000
 21
-23964.0000
 31
0.0000
  0
SOLID
  5
352
  8
חלונות - מידות
 10
13883.0000
 20
-24418.0000
 30
0.0000
 11
13851.8000
 21
-24530.1250
 31
0.0000
 12
13914.2000
 22
-24530.1250
 32
0.0000
 13
13914.2000
 23
-24530.1250
 33
0.0000
  0
SOLID
  5
353
  8
חלונות - מידות
 10
13883.0000
 20
-23964.0000
 30
0.0000
 11
13851.8000
 21
-23851.8750
 31
0.0000
 12
13914.2000
 22
-23851.8750
 32
0.0000
 13
13914.2000
 23
-23851.8750
 33
0.0000
  0
TEXT
  5
354
  8
חלונות - מידות
 10
13790.3750
 20
-24191.0000
 30
0.0000
 40
97.5000
  1
45.4
 50
90.0000
  7
SOLINE
 72
1
 73
2
 11
13790.3750
 21
-24191.0000
 31
0.0000
  0
LINE
  5
355
  8
חלונות - מידות
 10
14030.5000
 20
-23964.0000
 30
0.0000
 11
13487.0000
 21
-23964.0000
 31
0.0000
  0
LINE
  5
356
  8
חלונות - מידות
 10
14030.5000
 20
-21975.0000
 30
0.0000
 11
13487.0000
 21
-21975.0000
 31
0.0000
  0
LINE
  5
357
  8
חלונות - מידות
 10
13545.5000
 20
-23964.0000
 30
0.0000
 11
13545.5000
 21
-21975.0000
 31
0.0000
  0
SOLID
  5
358
  8
חלונות - מידות
 10
13545.5000
 20
-23964.0000
 30
0.0000
 11
13514.3000
 21
-24076.1250
 31
0.0000
 12
13576.7000
 22
-24076.1250
 32
0.0000
 13
13576.7000
 23
-24076.1250
 33
0.0000
  0
SOLID
  5
359
  8
חלונות - מידות
 10
13545.5000
 20
-21975.0000
 30
0.0000
 11
13514.3000
 21
-21862.8750
 31
0.0000
 12
13576.7000
 22
-21862.8750
 32
0.0000
 13
13576.7000
 23
-21862.8750
 33
0.0000
  0
TEXT
  5
35A
  8
חלונות - מידות
 10
13452.8750
 20
-22969.5000
 30
0.0000
 40
97.5000
  1
198.9
 50
90.0000
  7
SOLINE
 72
1
 73
2
 11
13452.8750
 21
-22969.5000
 31
0.0000
  0
LINE
  5
35B
  8
חלונות - מידות
 10
15571.5000
 20
-24418.0000
 30
0.0000
 11
15777.5000
 21
-24418.0000
 31
0.0000
  0
LINE
  5
35C
  8
חלונות - מידות
 10
15571.5000
 20
-21975.0000
 30
0.0000
 11
15777.5000
 21
-21975.0000
 31
0.0000
  0
LINE
  5
35D
  8
חלונות - מידות
 10
15719.0000
 20
-24418.0000
 30
0.0000
 11
15719.0000
 21
-21975.0000
 31
0.0000
  0
SOLID
  5
35E
  8
חלונות - מידות
 10
15719.0000
 20
-24418.0000
 30
0.0000
 11
15750.2000
 21
-24530.1250
 31
0.0000
 12
15687.8000
 22
-24530.1250
 32
0.0000
 13
15687.8000
 23
-24530.1250
 33
0.0000
  0
SOLID
  5
35F
  8
חלונות - מידות
 10
15719.0000
 20
-21975.0000
 30
0.0000
 11
15750.2000
 21
-21862.8750
 31
0.0000
 12
15687.8000
 22
-21862.8750
 32
0.0000
 13
15687.8000
 23
-21862.8750
 33
0.0000
  0
TEXT
  5
360
  8
חלונות - מידות
 10
15811.6250
 20
-23196.5000
 30
0.0000
 40
97.5000
  1
244.3
 50
90.0000
  7
SOLINE
 72
1
 73
2
 11
15811.6250
 21
-23196.5000
 31
0.0000
  0
LINE
  5
361
  8
חלונות - מידות
 10
15571.5000
 20
-21975.0000
 30
0.0000
 11
16115.0000
 21
-21975.0000
 31
0.0000
  0
LINE
  5
362
  8
חלונות - מידות
 10
15571.5000
 20
-21626.0000
 30
0.0000
 11
16115.0000
 21
-21626.0000
 31
0.0000
  0
LINE
  5
363
  8
חלונות - מידות
 10
16056.5000
 20
-21975.0000
 30
0.0000
 11
16056.5000
 21
-21626.0000
 31
0.0000
  0
SOLID
  5
364
  8
חלונות - מידות
 10
16056.5000
 20
-21975.0000
 30
0.0000
 11
16087.7000
 21
-22087.1250
 31
0.0000
 12
16025.3000
 22
-22087.1250
 32
0.0000
 13
16025.3000
 23
-22087.1250
 33
0.0000
  0
SOLID
  5
365
  8
חלונות - מידות
 10
16056.5000
 20
-21626.0000
 30
0.0000
 11
16087.7000
 21
-21513.8750
 31
0.0000
 12
16025.3000
 22
-21513.8750
 32
0.0000
 13
16025.3000
 23
-21513.8750
 33
0.0000
  0
TEXT
  5
366
  8
חלונות - מידות
 10
16149.1250
 20
-21800.5000
 30
0.0000
 40
97.5000
  1
34.9
 50
90.0000
  7
SOLINE
 72
1
 73
2
 11
16149.1250
 21
-21800.5000
 31
0.0000
  0
TEXT
  5
367
  8
קירות - טקסט
 10
15083.0000
 20
-25355.5000
 30
0.0000
 40
162.5000
  1
W4
 50
0.0000
  7
SOLINE
 72
1
 73
2
 11
15083.0000
 21
-25355.5000
 31
0.0000
  0
LINE
  5
368
  8
קירות
 10
19074.0000
 20
-24418.0000
 30
0.0000
 11
22976.0000
 21
-24418.0000
 31
0.0000
  0
LINE
  5
369
  8
קירות
 10
22976.0000
 20
-24418.0000
 30
0.0000
 11
22976.0000
 21
-21626.0000
 31
0.0000
  0
LINE
  5
36A
  8
קירות
 10
22976.0000
 20
-21626.0000
 30
0.0000
 11
19074.0000
 21
-21626.0000
 31
0.0000
  0
LINE
  5
36B
  8
קירות
 10
19074.0000
 20
-21626.0000
 30
0.0000
 11
19074.0000
 21
-24418.0000
 31
0.0000
  0
LINE
  5
36C
  8
מידות - חוץ
 10
19074.0000
 20
-24468.0000
 30
0.0000
 11
19074.0000
 21
-24868.0000
 31
0.0000
  0
LINE
  5
36D
  8
מידות - חוץ
 10
22976.0000
 20
-24468.0000
 30
0.0000
 11
22976.0000
 21
-24868.0000
 31
0.0000
  0
LINE
  5
36E
  8
מידות - חוץ
 10
19074.0000
 20
-24793.0000
 30
0.0000
 11
22976.0000
 21
-24793.0000
 31
0.0000
  0
SOLID
  5
36F
  8
מידות - חוץ
 10
19074.0000
 20
-24793.0000
 30
0.0000
 11
18930.2500
 21
-24833.0000
 31
0.0000
 12
18930.2500
 22
-24753.0000
 32
0.0000
 13
18930.2500
 23
-24753.0000
 33
0.0000
  0
SOLID
  5
370
  8
מידות - חוץ
 10
22976.0000
 20
-24793.0000
 30
0.0000
 11
23119.7500
 21
-24833.0000
 31
0.0000
 12
23119.7500
 22
-24753.0000
 32
0.0000
 13
23119.7500
 23
-24753.0000
 33
0.0000
  0
TEXT
  5
371
  8
מידות - חוץ
 10
21025.0000
 20
-24911.7500
 30
0.0000
 40
125.0000
  1
390.2
 50
0.0000
  7
SOLINE
 72
1
 73
2
 11
21025.0000
 21
-24911.7500
 31
0.0000
  0
LINE
  5
372
  8
מידות - חוץ
 10
19024.0000
 20
-24418.0000
 30
0.0000
 11
18624.0000
 21
-24418.0000
 31
0.0000
  0
LINE
  5
373
  8
מידות - חוץ
 10
19024.0000
 20
-21626.0000
 30
0.0000
 11
18624.0000
 21
-21626.0000
 31
0.0000
  0
LINE
  5
374
  8
מידות - חוץ
 10
18699.0000
 20
-24418.0000
 30
0.0000
 11
18699.0000
 21
-21626.0000
 31
0.0000
  0
SOLID
  5
375
  8
מידות - חוץ
 10
18699.0000
 20
-24418.0000
 30
0.0000
 11
18659.0000
 21
-24561.7500
 31
0.0000
 12
18739.0000
 22
-24561.7500
 32
0.0000
 13
18739.0000
 23
-24561.7500
 33
0.0000
  0
SOLID
  5
376
  8
מידות - חוץ
 10
18699.0000
 20
-21626.0000
 30
0.0000
 11
18659.0000
 21
-21482.2500
 31
0.0000
 12
18739.0000
 22
-21482.2500
 32
0.0000
 13
18739.0000
 23
-21482.2500
 33
0.0000
  0
TEXT
  5
377
  8
מידות - חוץ
 10
18580.2500
 20
-23022.0000
 30
0.0000
 40
125.0000
  1
279.2
 50
90.0000
  7
SOLINE
 72
1
 73
2
 11
18580.2500
 21
-23022.0000
 31
0.0000
  0
LINE
  5
378
  8
חלונות
 10
19075.5000
 20
-24418.0000
 30
0.0000
 11
21568.5000
 21
-24418.0000
 31
0.0000
  0
LINE
  5
379
  8
חלונות
 10
21568.5000
 20
-24418.0000
 30
0.0000
 11
21568.5000
 21
-22008.0000
 31
0.0000
  0
LINE
  5
37A
  8
חלונות
 10
21568.5000
 20
-22008.0000
 30
0.0000
 11
19075.5000
 21
-22008.0000
 31
0.0000
  0
LINE
  5
37B
  8
חלונות
 10
19075.5000
 20
-22008.0000
 30
0.0000
 11
19075.5000
 21
-24418.0000
 31
0.0000
  0
LINE
  5
37C
  8
חלונות
 10
19075.5000
 20
-22875.6000
 30
0.0000
 11
21568.5000
 21
-22875.6000
 31
0.0000
  0
LINE
  5
37D
  8
חלונות
 10
21568.5000
 20
-22875.6000
 30
0.0000
 11
21568.5000
 21
-23550.4000
 31
0.0000
  0
LINE
  5
37E
  8
חלונות
 10
21568.5000
 20
-23550.4000
 30
0.0000
 11
19075.5000
 21
-23550.4000
 31
0.0000
  0
LINE
  5
37F
  8
חלונות
 10
19075.5000
 20
-23550.4000
 30
0.0000
 11
19075.5000
 21
-22875.6000
 31
0.0000
  0
LINE
  5
380
  8
חלונות
 10
19075.5000
 20
-23105.0320
 30
0.0000
 11
21568.5000
 21
-23105.0320
 31
0.0000
  0
LINE
  5
381
  8
חלונות
 10
19075.5000
 20
-23320.9680
 30
0.0000
 11
21568.5000
 21
-23320.9680
 31
0.0000
  0
LINE
  5
382
  8
חלונות - מידות
 10
19074.0000
 20
-24458.0000
 30
0.0000
 11
19074.0000
 21
-25290.5000
 31
0.0000
  0
LINE
  5
383
  8
חלונות - מידות
 10
19075.5000
 20
-24458.0000
 30
0.0000
 11
19075.5000
 21
-25290.5000
 31
0.0000
  0
LINE
  5
384
  8
חלונות - מידות
 10
19074.0000
 20
-25230.5000
 30
0.0000
 11
19075.5000
 21
-25230.5000
 31
0.0000
  0
SOLID
  5
385
  8
חלונות - מידות
 10
19074.0000
 20
-25230.5000
 30
0.0000
 11
18959.0000
 21
-25262.5000
 31
0.0000
 12
18959.0000
 22
-25198.5000
 32
0.0000
 13
18959.0000
 23
-25198.5000
 33
0.0000
  0
SOLID
  5
386
  8
חלונות - מידות
 10
19075.5000
 20
-25230.5000
 30
0.0000
 11
19190.5000
 21
-25262.5000
 31
0.0000
 12
19190.5000
 22
-25198.5000
 32
0.0000
 13
19190.5000
 23
-25198.5000
 33
0.0000
  0
TEXT
  5
387
  8
חלונות - מידות
 10
19074.7500
 20
-25325.5000
 30
0.0000
 40
100.0000
  1
0.2
 50
0.0000
  7
SOLINE
 72
1
 73
2
 11
19074.7500
 21
-25325.5000
 31
0.0000
  0
LINE
  5
388
  8
חלונות - מידות
 10
19075.5000
 20
-21968.0000
 30
0.0000
 11
19075.5000
 21
-21724.5000
 31
0.0000
  0
LINE
  5
389
  8
חלונות - מידות
 10
21568.5000
 20
-21968.0000
 30
0.0000
 11
21568.5000
 21
-21724.5000
 31
0.0000
  0
LINE
  5
38A
  8
חלונות - מידות
 10
19075.5000
 20
-21783.0000
 30
0.0000
 11
21568.5000
 21
-21783.0000
 31
0.0000
  0
SOLID
  5
38B
  8
חלונות - מידות
 10
19075.5000
 20
-21783.0000
 30
0.0000
 11
18963.3750
 21
-21751.8000
 31
0.0000
 12
18963.3750
 22
-21814.2000
 32
0.0000
 13
18963.3750
 23
-21814.2000
 33
0.0000
  0
SOLID
  5
38C
  8
חלונות - מידות
 10
21568.5000
 20
-21783.0000
 30
0.0000
 11
21680.6250
 21
-21751.8000
 31
0.0000
 12
21680.6250
 22
-21814.2000
 32
0.0000
 13
21680.6250
 23
-21814.2000
 33
0.0000
  0
TEXT
  5
38D
  8
חלונות - מידות
 10
20322.0000
 20
-21690.3750
 30
0.0000
 40
97.5000
  1
249.3
 50
0.0000
  7
SOLINE
 72
1
 73
2
 11
20322.0000
 21
-21690.3750
 31
0.0000
  0
LINE
  5
38E
  8
חלונות - מידות
 10
19035.5000
 20
-24418.0000
 30
0.0000
 11
18492.0000
 21
-24418.0000
 31
0.0000
  0
LINE
  5
38F
  8
חלונות - מידות
 10
19035.5000
 20
-22008.0000
 30
0.0000
 11
18492.0000
 21
-22008.0000
 31
0.0000
  0
LINE
  5
390
  8
חלונות - מידות
 10
18550.5000
 20
-24418.0000
 30
0.0000
 11
18550.5000
 21
-22008.0000
 31
0.0000
  0
SOLID
  5
391
  8
חלונות - מידות
 10
18550.5000
 20
-24418.0000
 30
0.0000
 11
18519.3000
 21
-24530.1250
 31
0.0000
 12
18581.7000
 22
-24530.1250
 32
0.0000
 13
18581.7000
 23
-24530.1250
 33
0.0000
  0
SOLID
  5
392
  8
חלונות - מידות
 10
18550.5000
 20
-22008.0000
 30
0.0000
 11
18519.3000
 21
-21895.8750
 31
0.0000
 12
18581.7000
 22
-21895.8750
 32
0.0000
 13
18581.7000
 23
-21895.8750
 33
0.0000
  0
TEXT
  5
393
  8
חלונות - מידות
 10
18457.8750
 20
-23213.0000
 30
0.0000
 40
97.5000
  1
241
 50
90.0000
  7
SOLINE
 72
1
 73
2
 11
18457.8750
 21
-23213.0000
 31
0.0000
  0
LINE
  5
394
  8
חלונות - מידות
 10
21608.5000
 20
-24418.0000
 30
0.0000
 11
21814.5000
 21
-24418.0000
 31
0.0000
  0
LINE
  5
395
  8
חלונות - מידות
 10
21608.5000
 20
-22008.0000
 30
0.0000
 11
21814.5000
 21
-22008.0000
 31
0.0000
  0
LINE
  5
396
  8
חלונות - מידות
 10
21756.0000
 20
-24418.0000
 30
0.0000
 11
21756.0000
 21
-22008.0000
 31
0.0000
  0
SOLID
  5
397
  8
חלונות - מידות
 10
21756.0000
 20
-24418.0000
 30
0.0000
 11
21787.2000
 21
-24530.1250
 31
0.0000
 12
21724.8000
 22
-24530.1250
 32
0.0000
 13
21724.8000
 23
-24530.1250
 33
0.0000
  0
SOLID
  5
398
  8
חלונות - מידות
 10
21756.0000
 20
-22008.0000
 30
0.0000
 11
21787.2000
 21
-21895.8750
 31
0.0000
 12
21724.8000
 22
-21895.8750
 32
0.0000
 13
21724.8000
 23
-21895.8750
 33
0.0000
  0
TEXT
  5
399
  8
חלונות - מידות
 10
21848.6250
 20
-23213.0000
 30
0.0000
 40
97.5000
  1
241
 50
90.0000
  7
SOLINE
 72
1
 73
2
 11
21848.6250
 21
-23213.0000
 31
0.0000
  0
LINE
  5
39A
  8
חלונות - מידות
 10
21608.5000
 20
-22008.0000
 30
0.0000
 11
22152.0000
 21
-22008.0000
 31
0.0000
  0
LINE
  5
39B
  8
חלונות - מידות
 10
21608.5000
 20
-21626.0000
 30
0.0000
 11
22152.0000
 21
-21626.0000
 31
0.0000
  0
LINE
  5
39C
  8
חלונות - מידות
 10
22093.5000
 20
-22008.0000
 30
0.0000
 11
22093.5000
 21
-21626.0000
 31
0.0000
  0
SOLID
  5
39D
  8
חלונות - מידות
 10
22093.5000
 20
-22008.0000
 30
0.0000
 11
22124.7000
 21
-22120.1250
 31
0.0000
 12
22062.3000
 22
-22120.1250
 32
0.0000
 13
22062.3000
 23
-22120.1250
 33
0.0000
  0
SOLID
  5
39E
  8
חלונות - מידות
 10
22093.5000
 20
-21626.0000
 30
0.0000
 11
22124.7000
 21
-21513.8750
 31
0.0000
 12
22062.3000
 22
-21513.8750
 32
0.0000
 13
22062.3000
 23
-21513.8750
 33
0.0000
  0
TEXT
  5
39F
  8
חלונות - מידות
 10
22186.1250
 20
-21817.0000
 30
0.0000
 40
97.5000
  1
38.2
 50
90.0000
  7
SOLINE
 72
1
 73
2
 11
22186.1250
 21
-21817.0000
 31
0.0000
  0
TEXT
  5
3A0
  8
קירות - טקסט
 10
21025.0000
 20
-25355.5000
 30
0.0000
 40
162.5000
  1
W5
 50
0.0000
  7
SOLINE
 72
1
 73
2
 11
21025.0000
 21
-25355.5000
 31
0.0000
  0
LINE
  5
3A1
  8
קירות
 10
25476.0000
 20
-24418.0000
 30
0.0000
 11
26689.0000
 21
-24418.0000
 31
0.0000
  0
LINE
  5
3A2
  8
קירות
 10
26689.0000
 20
-24418.0000
 30
0.0000
 11
26689.0000
 21
-21626.0000
 31
0.0000
  0
LINE
  5
3A3
  8
קירות
 10
26689.0000
 20
-21626.0000
 30
0.0000
 11
25476.0000
 21
-21626.0000
 31
0.0000
  0
LINE
  5
3A4
  8
קירות
 10
25476.0000
 20
-21626.0000
 30
0.0000
 11
25476.0000
 21
-24418.0000
 31
0.0000
  0
LINE
  5
3A5
  8
מידות - חוץ
 10
25476.0000
 20
-24468.0000
 30
0.0000
 11
25476.0000
 21
-24868.0000
 31
0.0000
  0
LINE
  5
3A6
  8
מידות - חוץ
 10
26689.0000
 20
-24468.0000
 30
0.0000
 11
26689.0000
 21
-24868.0000
 31
0.0000
  0
LINE
  5
3A7
  8
מידות - חוץ
 10
25476.0000
 20
-24793.0000
 30
0.0000
 11
26689.0000
 21
-24793.0000
 31
0.0000
  0
SOLID
  5
3A8
  8
מידות - חוץ
 10
25476.0000
 20
-24793.0000
 30
0.0000
 11
25332.2500
 21
-24833.0000
 31
0.0000
 12
25332.2500
 22
-24753.0000
 32
0.0000
 13
25332.2500
 23
-24753.0000
 33
0.0000
  0
SOLID
  5
3A9
  8
מידות - חוץ
 10
26689.0000
 20
-24793.0000
 30
0.0000
 11
26832.7500
 21
-24833.0000
 31
0.0000
 12
26832.7500
 22
-24753.0000
 32
0.0000
 13
26832.7500
 23
-24753.0000
 33
0.0000
  0
TEXT
  5
3AA
  8
מידות - חוץ
 10
26082.5000
 20
-24911.7500
 30
0.0000
 40
125.0000
  1
121.3
 50
0.0000
  7
SOLINE
 72
1
 73
2
 11
26082.5000
 21
-24911.7500
 31
0.0000
  0
LINE
  5
3AB
  8
מידות - חוץ
 10
25426.0000
 20
-24418.0000
 30
0.0000
 11
25026.0000
 21
-24418.0000
 31
0.0000
  0
LINE
  5
3AC
  8
מידות - חוץ
 10
25426.0000
 20
-21626.0000
 30
0.0000
 11
25026.0000
 21
-21626.0000
 31
0.0000
  0
LINE
  5
3AD
  8
מידות - חוץ
 10
25101.0000
 20
-24418.0000
 30
0.0000
 11
25101.0000
 21
-21626.0000
 31
0.0000
  0
SOLID
  5
3AE
  8
מידות - חוץ
 10
25101.0000
 20
-24418.0000
 30
0.0000
 11
25061.0000
 21
-24561.7500
 31
0.0000
 12
25141.0000
 22
-24561.7500
 32
0.0000
 13
25141.0000
 23
-24561.7500
 33
0.0000
  0
SOLID
  5
3AF
  8
מידות - חוץ
 10
25101.0000
 20
-21626.0000
 30
0.0000
 11
25061.0000
 21
-21482.2500
 31
0.0000
 12
25141.0000
 22
-21482.2500
 32
0.0000
 13
25141.0000
 23
-21482.2500
 33
0.0000
  0
TEXT
  5
3B0
  8
מידות - חוץ
 10
24982.2500
 20
-23022.0000
 30
0.0000
 40
125.0000
  1
279.2
 50
90.0000
  7
SOLINE
 72
1
 73
2
 11
24982.2500
 21
-23022.0000
 31
0.0000
  0
TEXT
  5
3B1
  8
קירות - טקסט
 10
26082.5000
 20
-25355.5000
 30
0.0000
 40
162.5000
  1
W6
 50
0.0000
  7
SOLINE
 72
1
 73
2
 11
26082.5000
 21
-25355.5000
 31
0.0000
  0
LINE
  5
3B2
  8
קירות
 10
29189.0000
 20
-24418.0000
 30
0.0000
 11
32830.0000
 21
-24418.0000
 31
0.0000
  0
LINE
  5
3B3
  8
קירות
 10
32830.0000
 20
-24418.0000
 30
0.0000
 11
32830.0000
 21
-21626.0000
 31
0.0000
  0
LINE
  5
3B4
  8
קירות
 10
32830.0000
 20
-21626.0000
 30
0.0000
 11
29189.0000
 21
-21626.0000
 31
0.0000
  0
LINE
  5
3B5
  8
קירות
 10
29189.0000
 20
-21626.0000
 30
0.0000
 11
29189.0000
 21
-24418.0000
 31
0.0000
  0
LINE
  5
3B6
  8
מידות - חוץ
 10
29189.0000
 20
-24468.0000
 30
0.0000
 11
29189.0000
 21
-24868.0000
 31
0.0000
  0
LINE
  5
3B7
  8
מידות - חוץ
 10
32830.0000
 20
-24468.0000
 30
0.0000
 11
32830.0000
 21
-24868.0000
 31
0.0000
  0
LINE
  5
3B8
  8
מידות - חוץ
 10
29189.0000
 20
-24793.0000
 30
0.0000
 11
32830.0000
 21
-24793.0000
 31
0.0000
  0
SOLID
  5
3B9
  8
מידות - חוץ
 10
29189.0000
 20
-24793.0000
 30
0.0000
 11
29045.2500
 21
-24833.0000
 31
0.0000
 12
29045.2500
 22
-24753.0000
 32
0.0000
 13
29045.2500
 23
-24753.0000
 33
0.0000
  0
SOLID
  5
3BA
  8
מידות - חוץ
 10
32830.0000
 20
-24793.0000
 30
0.0000
 11
32973.7500
 21
-24833.0000
 31
0.0000
 12
32973.7500
 22
-24753.0000
 32
0.0000
 13
32973.7500
 23
-24753.0000
 33
0.0000
  0
TEXT
  5
3BB
  8
מידות - חוץ
 10
31009.5000
 20
-24911.7500
 30
0.0000
 40
125.0000
  1
364.1
 50
0.0000
  7
SOLINE
 72
1
 73
2
 11
31009.5000
 21
-24911.7500
 31
0.0000
  0
LINE
  5
3BC
  8
מידות - חוץ
 10
29139.0000
 20
-24418.0000
 30
0.0000
 11
28739.0000
 21
-24418.0000
 31
0.0000
  0
LINE
  5
3BD
  8
מידות - חוץ
 10
29139.0000
 20
-21626.0000
 30
0.0000
 11
28739.0000
 21
-21626.0000
 31
0.0000
  0
LINE
  5
3BE
  8
מידות - חוץ
 10
28814.0000
 20
-24418.0000
 30
0.0000
 11
28814.0000
 21
-21626.0000
 31
0.0000
  0
SOLID
  5
3BF
  8
מידות - חוץ
 10
28814.0000
 20
-24418.0000
 30
0.0000
 11
28774.0000
 21
-24561.7500
 31
0.0000
 12
28854.0000
 22
-24561.7500
 32
0.0000
 13
28854.0000
 23
-24561.7500
 33
0.0000
  0
SOLID
  5
3C0
  8
מידות - חוץ
 10
28814.0000
 20
-21626.0000
 30
0.0000
 11
28774.0000
 21
-21482.2500
 31
0.0000
 12
28854.0000
 22
-21482.2500
 32
0.0000
 13
28854.0000
 23
-21482.2500
 33
0.0000
  0
TEXT
  5
3C1
  8
מידות - חוץ
 10
28695.2500
 20
-23022.0000
 30
0.0000
 40
125.0000
  1
279.2
 50
90.0000
  7
SOLINE
 72
1
 73
2
 11
28695.2500
 21
-23022.0000
 31
0.0000
  0
LINE
  5
3C2
  8
חשמל
 10
31053.0000
 20
-23506.0000
 30
0.0000
 11
31133.0000
 21
-23506.0000
 31
0.0000
  0
LINE
  5
3C3
  8
חשמל
 10
31133.0000
 20
-23506.0000
 30
0.0000
 11
31133.0000
 21
-23426.0000
 31
0.0000
  0
LINE
  5
3C4
  8
חשמל
 10
31133.0000
 20
-23426.0000
 30
0.0000
 11
31053.0000
 21
-23426.0000
 31
0.0000
  0
LINE
  5
3C5
  8
חשמל
 10
31053.0000
 20
-23426.0000
 30
0.0000
 11
31053.0000
 21
-23506.0000
 31
0.0000
  0
LINE
  5
3C6
  8
חשמל
 10
31093.0000
 20
-23506.0000
 30
0.0000
 11
31093.0000
 21
-23469.2000
 31
0.0000
  0
LINE
  5
3C7
  8
חשמל
 10
31067.4000
 20
-23469.2000
 30
0.0000
 11
31067.5610
 21
-23466.3337
 31
0.0000
  0
LINE
  5
3C8
  8
חשמל
 10
31067.5610
 20
-23466.3337
 30
0.0000
 11
31068.0418
 21
-23463.5035
 31
0.0000
  0
LINE
  5
3C9
  8
חשמל
 10
31068.0418
 20
-23463.5035
 30
0.0000
 11
31068.8366
 21
-23460.7449
 31
0.0000
  0
LINE
  5
3CA
  8
חשמל
 10
31068.8366
 20
-23460.7449
 30
0.0000
 11
31069.9352
 21
-23458.0926
 31
0.0000
  0
LINE
  5
3CB
  8
חשמל
 10
31069.9352
 20
-23458.0926
 30
0.0000
 11
31071.3239
 21
-23455.5800
 31
0.0000
  0
LINE
  5
3CC
  8
חשמל
 10
31071.3239
 20
-23455.5800
 30
0.0000
 11
31072.9851
 21
-23453.2387
 31
0.0000
  0
LINE
  5
3CD
  8
חשמל
 10
31072.9851
 20
-23453.2387
 30
0.0000
 11
31074.8981
 21
-23451.0981
 31
0.0000
  0
LINE
  5
3CE
  8
חשמל
 10
31074.8981
 20
-23451.0981
 30
0.0000
 11
31077.0387
 21
-23449.1851
 31
0.0000
  0
LINE
  5
3CF
  8
חשמל
 10
31077.0387
 20
-23449.1851
 30
0.0000
 11
31079.3800
 21
-23447.5239
 31
0.0000
  0
LINE
  5
3D0
  8
חשמל
 10
31079.3800
 20
-23447.5239
 30
0.0000
 11
31081.8926
 21
-23446.1352
 31
0.0000
  0
LINE
  5
3D1
  8
חשמל
 10
31081.8926
 20
-23446.1352
 30
0.0000
 11
31084.5449
 21
-23445.0366
 31
0.0000
  0
LINE
  5
3D2
  8
חשמל
 10
31084.5449
 20
-23445.0366
 30
0.0000
 11
31087.3035
 21
-23444.2418
 31
0.0000
  0
LINE
  5
3D3
  8
חשמל
 10
31087.3035
 20
-23444.2418
 30
0.0000
 11
31090.1337
 21
-23443.7610
 31
0.0000
  0
LINE
  5
3D4
  8
חשמל
 10
31090.1337
 20
-23443.7610
 30
0.0000
 11
31093.0000
 21
-23443.6000
 31
0.0000
  0
LINE
  5
3D5
  8
חשמל
 10
31093.0000
 20
-23443.6000
 30
0.0000
 11
31095.8663
 21
-23443.7610
 31
0.0000
  0
LINE
  5
3D6
  8
חשמל
 10
31095.8663
 20
-23443.7610
 30
0.0000
 11
31098.6965
 21
-23444.2418
 31
0.0000
  0
LINE
  5
3D7
  8
חשמל
 10
31098.6965
 20
-23444.2418
 30
0.0000
 11
31101.4551
 21
-23445.0366
 31
0.0000
  0
LINE
  5
3D8
  8
חשמל
 10
31101.4551
 20
-23445.0366
 30
0.0000
 11
31104.1074
 21
-23446.1352
 31
0.0000
  0
LINE
  5
3D9
  8
חשמל
 10
31104.1074
 20
-23446.1352
 30
0.0000
 11
31106.6200
 21
-23447.5239
 31
0.0000
  0
LINE
  5
3DA
  8
חשמל
 10
31106.6200
 20
-23447.5239
 30
0.0000
 11
31108.9613
 21
-23449.1851
 31
0.0000
  0
LINE
  5
3DB
  8
חשמל
 10
31108.9613
 20
-23449.1851
 30
0.0000
 11
31111.1019
 21
-23451.0981
 31
0.0000
  0
LINE
  5
3DC
  8
חשמל
 10
31111.1019
 20
-23451.0981
 30
0.0000
 11
31113.0149
 21
-23453.2387
 31
0.0000
  0
LINE
  5
3DD
  8
חשמל
 10
31113.0149
 20
-23453.2387
 30
0.0000
 11
31114.6761
 21
-23455.5800
 31
0.0000
  0
LINE
  5
3DE
  8
חשמל
 10
31114.6761
 20
-23455.5800
 30
0.0000
 11
31116.0648
 21
-23458.0926
 31
0.0000
  0
LINE
  5
3DF
  8
חשמל
 10
31116.0648
 20
-23458.0926
 30
0.0000
 11
31117.1634
 21
-23460.7449
 31
0.0000
  0
LINE
  5
3E0
  8
חשמל
 10
31117.1634
 20
-23460.7449
 30
0.0000
 11
31117.9582
 21
-23463.5035
 31
0.0000
  0
LINE
  5
3E1
  8
חשמל
 10
31117.9582
 20
-23463.5035
 30
0.0000
 11
31118.4390
 21
-23466.3337
 31
0.0000
  0
LINE
  5
3E2
  8
חשמל
 10
31118.4390
 20
-23466.3337
 30
0.0000
 11
31118.6000
 21
-23469.2000
 31
0.0000
  0
LINE
  5
3E3
  8
חשמל
 10
31067.4000
 20
-23469.2000
 30
0.0000
 11
31118.6000
 21
-23469.2000
 31
0.0000
  0
LINE
  5
3E4
  8
חשמל - מידות
 10
32830.0000
 20
-24378.0000
 30
0.0000
 11
32830.0000
 21
-23545.5000
 31
0.0000
  0
LINE
  5
3E5
  8
חשמל - מידות
 10
31093.0000
 20
-24378.0000
 30
0.0000
 11
31093.0000
 21
-23545.5000
 31
0.0000
  0
LINE
  5
3E6
  8
חשמל - מידות
 10
32830.0000
 20
-23605.5000
 30
0.0000
 11
31093.0000
 21
-23605.5000
 31
0.0000
  0
SOLID
  5
3E7
  8
חשמל - מידות
 10
32830.0000
 20
-23605.5000
 30
0.0000
 11
32945.0000
 21
-23573.5000
 31
0.0000
 12
32945.0000
 22
-23637.5000
 32
0.0000
 13
32945.0000
 23
-23637.5000
 33
0.0000
  0
SOLID
  5
3E8
  8
חשמל - מידות
 10
31093.0000
 20
-23605.5000
 30
0.0000
 11
30978.0000
 21
-23573.5000
 31
0.0000
 12
30978.0000
 22
-23637.5000
 32
0.0000
 13
30978.0000
 23
-23637.5000
 33
0.0000
  0
TEXT
  5
3E9
  8
חשמל - מידות
 10
31961.5000
 20
-23510.5000
 30
0.0000
 40
100.0000
  1
173.7
 50
360.0000
  7
SOLINE
 72
1
 73
2
 11
31961.5000
 21
-23510.5000
 31
0.0000
  0
LINE
  5
3EA
  8
חשמל - מידות
 10
31053.0000
 20
-24418.0000
 30
0.0000
 11
30805.5000
 21
-24418.0000
 31
0.0000
  0
LINE
  5
3EB
  8
חשמל - מידות
 10
31053.0000
 20
-23466.0000
 30
0.0000
 11
30805.5000
 21
-23466.0000
 31
0.0000
  0
LINE
  5
3EC
  8
חשמל - מידות
 10
30865.5000
 20
-24418.0000
 30
0.0000
 11
30865.5000
 21
-23466.0000
 31
0.0000
  0
SOLID
  5
3ED
  8
חשמל - מידות
 10
30865.5000
 20
-24418.0000
 30
0.0000
 11
30833.5000
 21
-24533.0000
 31
0.0000
 12
30897.5000
 22
-24533.0000
 32
0.0000
 13
30897.5000
 23
-24533.0000
 33
0.0000
  0
SOLID
  5
3EE
  8
חשמל - מידות
 10
30865.5000
 20
-23466.0000
 30
0.0000
 11
30833.5000
 21
-23351.0000
 31
0.0000
 12
30897.5000
 22
-23351.0000
 32
0.0000
 13
30897.5000
 23
-23351.0000
 33
0.0000
  0
TEXT
  5
3EF
  8
חשמל - מידות
 10
30770.5000
 20
-23942.0000
 30
0.0000
 40
100.0000
  1
95.2
 50
90.0000
  7
SOLINE
 72
1
 73
2
 11
30770.5000
 21
-23942.0000
 31
0.0000
  0
LINE
  5
3F0
  8
גז
 10
30382.0000
 20
-24418.0000
 30
0.0000
 11
30402.0000
 21
-24418.0000
 31
0.0000
  0
LINE
  5
3F1
  8
גז
 10
30402.0000
 20
-24418.0000
 30
0.0000
 11
30402.0000
 21
-24398.0000
 31
0.0000
  0
LINE
  5
3F2
  8
גז
 10
30402.0000
 20
-24398.0000
 30
0.0000
 11
30382.0000
 21
-24398.0000
 31
0.0000
  0
LINE
  5
3F3
  8
גז
 10
30382.0000
 20
-24398.0000
 30
0.0000
 11
30382.0000
 21
-24418.0000
 31
0.0000
  0
LINE
  5
3F4
  8
גז
 10
30392.0000
 20
-24418.0000
 30
0.0000
 11
30392.0000
 21
-24414.0000
 31
0.0000
  0
LINE
  5
3F5
  8
גז
 10
30392.0000
 20
-24402.0000
 30
0.0000
 11
30397.2000
 21
-24405.0000
 31
0.0000
  0
LINE
  5
3F6
  8
גז
 10
30397.2000
 20
-24405.0000
 30
0.0000
 11
30397.2000
 21
-24411.0000
 31
0.0000
  0
LINE
  5
3F7
  8
גז
 10
30397.2000
 20
-24411.0000
 30
0.0000
 11
30392.0000
 21
-24414.0000
 31
0.0000
  0
LINE
  5
3F8
  8
גז
 10
30392.0000
 20
-24414.0000
 30
0.0000
 11
30386.8000
 21
-24411.0000
 31
0.0000
  0
LINE
  5
3F9
  8
גז
 10
30386.8000
 20
-24411.0000
 30
0.0000
 11
30386.8000
 21
-24405.0000
 31
0.0000
  0
LINE
  5
3FA
  8
גז
 10
30386.8000
 20
-24405.0000
 30
0.0000
 11
30392.0000
 21
-24402.0000
 31
0.0000
  0
TEXT
  5
3FB
  8
גז
 10
30392.0000
 20
-24408.0000
 30
0.0000
 40
24.0000
  1
G
 50
0.0000
  7
SOLINE
 72
1
 73
2
 11
30392.0000
 21
-24408.0000
 31
0.0000
  0
LINE
  5
3FC
  8
גז - מידות
 10
29189.0000
 20
-24458.0000
 30
0.0000
 11
29189.0000
 21
-25640.5000
 31
0.0000
  0
LINE
  5
3FD
  8
גז - מידות
 10
30392.0000
 20
-24458.0000
 30
0.0000
 11
30392.0000
 21
-25640.5000
 31
0.0000
  0
LINE
  5
3FE
  8
גז - מידות
 10
29189.0000
 20
-25580.5000
 30
0.0000
 11
30392.0000
 21
-25580.5000
 31
0.0000
  0
SOLID
  5
3FF
  8
גז - מידות
 10
29189.0000
 20
-25580.5000
 30
0.0000
 11
29074.0000
 21
-25612.5000
 31
0.0000
 12
29074.0000
 22
-25548.5000
 32
0.0000
 13
29074.0000
 23
-25548.5000
 33
0.0000
  0
SOLID
  5
400
  8
גז - מידות
 10
30392.0000
 20
-25580.5000
 30
0.0000
 11
30507.0000
 21
-25612.5000
 31
0.0000
 12
30507.0000
 22
-25548.5000
 32
0.0000
 13
30507.0000
 23
-25548.5000
 33
0.0000
  0
TEXT
  5
401
  8
גז - מידות
 10
29790.5000
 20
-25675.5000
 30
0.0000
 40
100.0000
  1
120.3
 50
0.0000
  7
SOLINE
 72
1
 73
2
 11
29790.5000
 21
-25675.5000
 31
0.0000
  0
LINE
  5
402
  8
גז - מידות
 10
30392.0000
 20
-24418.0000
 30
0.0000
 11
30392.0000
 21
-24418.0000
 31
0.0000
  0
LINE
  5
403
  8
גז - מידות
 10
30392.0000
 20
-24418.0000
 30
0.0000
 11
30392.0000
 21
-24418.0000
 31
0.0000
  0
LINE
  5
404
  8
גז - מידות
 10
30392.0000
 20
-24418.0000
 30
0.0000
 11
30392.0000
 21
-24418.0000
 31
0.0000
  0
SOLID
  5
405
  8
גז - מידות
 10
30392.0000
 20
-24418.0000
 30
0.0000
 11
30392.0000
 21
-24418.0000
 31
0.0000
 12
30392.0000
 22
-24418.0000
 32
0.0000
 13
30392.0000
 23
-24418.0000
 33
0.0000
  0
SOLID
  5
406
  8
גז - מידות
 10
30392.0000
 20
-24418.0000
 30
0.0000
 11
30392.0000
 21
-24418.0000
 31
0.0000
 12
30392.0000
 22
-24418.0000
 32
0.0000
 13
30392.0000
 23
-24418.0000
 33
0.0000
  0
TEXT
  5
407
  8
גז - מידות
 10
30392.0000
 20
-24418.0000
 30
0.0000
 40
100.0000
  1
0.1
 50
0.0000
  7
SOLINE
 72
1
 73
2
 11
30392.0000
 21
-24418.0000
 31
0.0000
  0
LINE
  5
408
  8
חשמל
 10
30512.0000
 20
-24418.0000
 30
0.0000
 11
30532.0000
 21
-24418.0000
 31
0.0000
  0
LINE
  5
409
  8
חשמל
 10
30532.0000
 20
-24418.0000
 30
0.0000
 11
30532.0000
 21
-24398.0000
 31
0.0000
  0
LINE
  5
40A
  8
חשמל
 10
30532.0000
 20
-24398.0000
 30
0.0000
 11
30512.0000
 21
-24398.0000
 31
0.0000
  0
LINE
  5
40B
  8
חשמל
 10
30512.0000
 20
-24398.0000
 30
0.0000
 11
30512.0000
 21
-24418.0000
 31
0.0000
  0
LINE
  5
40C
  8
חשמל
 10
30522.0000
 20
-24418.0000
 30
0.0000
 11
30522.0000
 21
-24402.4000
 31
0.0000
  0
ARC
  5
40D
  8
חשמל
 10
30522.0000
 20
-24408.4000
 30
0.0000
 40
6.4000
 50
0.0000
 51
360.0000
  0
LINE
  5
40E
  8
חשמל
 10
30522.0000
 20
-24408.4000
 30
0.0000
 11
30517.6000
 21
-24404.0000
 31
0.0000
  0
LINE
  5
40F
  8
חשמל
 10
30522.0000
 20
-24408.4000
 30
0.0000
 11
30526.4000
 21
-24404.0000
 31
0.0000
  0
LINE
  5
410
  8
חשמל
 10
30522.0000
 20
-24408.4000
 30
0.0000
 11
30517.6000
 21
-24412.8000
 31
0.0000
  0
LINE
  5
411
  8
חשמל
 10
30522.0000
 20
-24408.4000
 30
0.0000
 11
30526.4000
 21
-24412.8000
 31
0.0000
  0
LINE
  5
412
  8
חשמל - מידות
 10
29189.0000
 20
-24458.0000
 30
0.0000
 11
29189.0000
 21
-25990.5000
 31
0.0000
  0
LINE
  5
413
  8
חשמל - מידות
 10
30522.0000
 20
-24458.0000
 30
0.0000
 11
30522.0000
 21
-25990.5000
 31
0.0000
  0
LINE
  5
414
  8
חשמל - מידות
 10
29189.0000
 20
-25930.5000
 30
0.0000
 11
30522.0000
 21
-25930.5000
 31
0.0000
  0
SOLID
  5
415
  8
חשמל - מידות
 10
29189.0000
 20
-25930.5000
 30
0.0000
 11
29074.0000
 21
-25962.5000
 31
0.0000
 12
29074.0000
 22
-25898.5000
 32
0.0000
 13
29074.0000
 23
-25898.5000
 33
0.0000
  0
SOLID
  5
416
  8
חשמל - מידות
 10
30522.0000
 20
-25930.5000
 30
0.0000
 11
30637.0000
 21
-25962.5000
 31
0.0000
 12
30637.0000
 22
-25898.5000
 32
0.0000
 13
30637.0000
 23
-25898.5000
 33
0.0000
  0
TEXT
  5
417
  8
חשמל - מידות
 10
29855.5000
 20
-26025.5000
 30
0.0000
 40
100.0000
  1
133.3
 50
0.0000
  7
SOLINE
 72
1
 73
2
 11
29855.5000
 21
-26025.5000
 31
0.0000
  0
LINE
  5
418
  8
חשמל - מידות
 10
30522.0000
 20
-24418.0000
 30
0.0000
 11
30522.0000
 21
-24418.0000
 31
0.0000
  0
LINE
  5
419
  8
חשמל - מידות
 10
30522.0000
 20
-24418.0000
 30
0.0000
 11
30522.0000
 21
-24418.0000
 31
0.0000
  0
LINE
  5
41A
  8
חשמל - מידות
 10
30522.0000
 20
-24418.0000
 30
0.0000
 11
30522.0000
 21
-24418.0000
 31
0.0000
  0
SOLID
  5
41B
  8
חשמל - מידות
 10
30522.0000
 20
-24418.0000
 30
0.0000
 11
30522.0000
 21
-24418.0000
 31
0.0000
 12
30522.0000
 22
-24418.0000
 32
0.0000
 13
30522.0000
 23
-24418.0000
 33
0.0000
  0
SOLID
  5
41C
  8
חשמל - מידות
 10
30522.0000
 20
-24418.0000
 30
0.0000
 11
30522.0000
 21
-24418.0000
 31
0.0000
 12
30522.0000
 22
-24418.0000
 32
0.0000
 13
30522.0000
 23
-24418.0000
 33
0.0000
  0
TEXT
  5
41D
  8
חשמל - מידות
 10
30522.0000
 20
-24418.0000
 30
0.0000
 40
100.0000
  1
0.1
 50
0.0000
  7
SOLINE
 72
1
 73
2
 11
30522.0000
 21
-24418.0000
 31
0.0000
  0
LINE
  5
41E
  8
חשמל
 10
30639.0000
 20
-24418.0000
 30
0.0000
 11
30659.0000
 21
-24418.0000
 31
0.0000
  0
LINE
  5
41F
  8
חשמל
 10
30659.0000
 20
-24418.0000
 30
0.0000
 11
30659.0000
 21
-24398.0000
 31
0.0000
  0
LINE
  5
420
  8
חשמל
 10
30659.0000
 20
-24398.0000
 30
0.0000
 11
30639.0000
 21
-24398.0000
 31
0.0000
  0
LINE
  5
421
  8
חשמל
 10
30639.0000
 20
-24398.0000
 30
0.0000
 11
30639.0000
 21
-24418.0000
 31
0.0000
  0
LINE
  5
422
  8
חשמל
 10
30649.0000
 20
-24418.0000
 30
0.0000
 11
30649.0000
 21
-24402.4000
 31
0.0000
  0
ARC
  5
423
  8
חשמל
 10
30649.0000
 20
-24408.4000
 30
0.0000
 40
6.4000
 50
0.0000
 51
360.0000
  0
LINE
  5
424
  8
חשמל
 10
30649.0000
 20
-24408.4000
 30
0.0000
 11
30644.6000
 21
-24404.0000
 31
0.0000
  0
LINE
  5
425
  8
חשמל
 10
30649.0000
 20
-24408.4000
 30
0.0000
 11
30653.4000
 21
-24404.0000
 31
0.0000
  0
LINE
  5
426
  8
חשמל
 10
30649.0000
 20
-24408.4000
 30
0.0000
 11
30644.6000
 21
-24412.8000
 31
0.0000
  0
LINE
  5
427
  8
חשמל
 10
30649.0000
 20
-24408.4000
 30
0.0000
 11
30653.4000
 21
-24412.8000
 31
0.0000
  0
LINE
  5
428
  8
חשמל - מידות
 10
29189.0000
 20
-24458.0000
 30
0.0000
 11
29189.0000
 21
-26340.5000
 31
0.0000
  0
LINE
  5
429
  8
חשמל - מידות
 10
30649.0000
 20
-24458.0000
 30
0.0000
 11
30649.0000
 21
-26340.5000
 31
0.0000
  0
LINE
  5
42A
  8
חשמל - מידות
 10
29189.0000
 20
-26280.5000
 30
0.0000
 11
30649.0000
 21
-26280.5000
 31
0.0000
  0
SOLID
  5
42B
  8
חשמל - מידות
 10
29189.0000
 20
-26280.5000
 30
0.0000
 11
29074.0000
 21
-26312.5000
 31
0.0000
 12
29074.0000
 22
-26248.5000
 32
0.0000
 13
29074.0000
 23
-26248.5000
 33
0.0000
  0
SOLID
  5
42C
  8
חשמל - מידות
 10
30649.0000
 20
-26280.5000
 30
0.0000
 11
30764.0000
 21
-26312.5000
 31
0.0000
 12
30764.0000
 22
-26248.5000
 32
0.0000
 13
30764.0000
 23
-26248.5000
 33
0.0000
  0
TEXT
  5
42D
  8
חשמל - מידות
 10
29919.0000
 20
-26375.5000
 30
0.0000
 40
100.0000
  1
146
 50
0.0000
  7
SOLINE
 72
1
 73
2
 11
29919.0000
 21
-26375.5000
 31
0.0000
  0
LINE
  5
42E
  8
חשמל - מידות
 10
30649.0000
 20
-24418.0000
 30
0.0000
 11
30649.0000
 21
-24418.0000
 31
0.0000
  0
LINE
  5
42F
  8
חשמל - מידות
 10
30649.0000
 20
-24418.0000
 30
0.0000
 11
30649.0000
 21
-24418.0000
 31
0.0000
  0
LINE
  5
430
  8
חשמל - מידות
 10
30649.0000
 20
-24418.0000
 30
0.0000
 11
30649.0000
 21
-24418.0000
 31
0.0000
  0
SOLID
  5
431
  8
חשמל - מידות
 10
30649.0000
 20
-24418.0000
 30
0.0000
 11
30649.0000
 21
-24418.0000
 31
0.0000
 12
30649.0000
 22
-24418.0000
 32
0.0000
 13
30649.0000
 23
-24418.0000
 33
0.0000
  0
SOLID
  5
432
  8
חשמל - מידות
 10
30649.0000
 20
-24418.0000
 30
0.0000
 11
30649.0000
 21
-24418.0000
 31
0.0000
 12
30649.0000
 22
-24418.0000
 32
0.0000
 13
30649.0000
 23
-24418.0000
 33
0.0000
  0
TEXT
  5
433
  8
חשמל - מידות
 10
30649.0000
 20
-24418.0000
 30
0.0000
 40
100.0000
  1
0.1
 50
0.0000
  7
SOLINE
 72
1
 73
2
 11
30649.0000
 21
-24418.0000
 31
0.0000
  0
LINE
  5
434
  8
מים
 10
30600.0000
 20
-24418.0000
 30
0.0000
 11
30620.0000
 21
-24418.0000
 31
0.0000
  0
LINE
  5
435
  8
מים
 10
30620.0000
 20
-24418.0000
 30
0.0000
 11
30620.0000
 21
-24398.0000
 31
0.0000
  0
LINE
  5
436
  8
מים
 10
30620.0000
 20
-24398.0000
 30
0.0000
 11
30600.0000
 21
-24398.0000
 31
0.0000
  0
LINE
  5
437
  8
מים
 10
30600.0000
 20
-24398.0000
 30
0.0000
 11
30600.0000
 21
-24418.0000
 31
0.0000
  0
LINE
  5
438
  8
מים
 10
30610.0000
 20
-24418.0000
 30
0.0000
 11
30610.0000
 21
-24413.4000
 31
0.0000
  0
ARC
  5
439
  8
מים
 10
30610.0000
 20
-24408.0000
 30
0.0000
 40
5.6000
 50
0.0000
 51
360.0000
  0
LINE
  5
43A
  8
מים
 10
30605.2000
 20
-24408.0000
 30
0.0000
 11
30614.8000
 21
-24408.0000
 31
0.0000
  0
LINE
  5
43B
  8
מים
 10
30610.0000
 20
-24403.2000
 30
0.0000
 11
30610.0000
 21
-24412.8000
 31
0.0000
  0
LINE
  5
43C
  8
מים - מידות
 10
29189.0000
 20
-24458.0000
 30
0.0000
 11
29189.0000
 21
-26690.5000
 31
0.0000
  0
LINE
  5
43D
  8
מים - מידות
 10
30610.0000
 20
-24458.0000
 30
0.0000
 11
30610.0000
 21
-26690.5000
 31
0.0000
  0
LINE
  5
43E
  8
מים - מידות
 10
29189.0000
 20
-26630.5000
 30
0.0000
 11
30610.0000
 21
-26630.5000
 31
0.0000
  0
SOLID
  5
43F
  8
מים - מידות
 10
29189.0000
 20
-26630.5000
 30
0.0000
 11
29074.0000
 21
-26662.5000
 31
0.0000
 12
29074.0000
 22
-26598.5000
 32
0.0000
 13
29074.0000
 23
-26598.5000
 33
0.0000
  0
SOLID
  5
440
  8
מים - מידות
 10
30610.0000
 20
-26630.5000
 30
0.0000
 11
30725.0000
 21
-26662.5000
 31
0.0000
 12
30725.0000
 22
-26598.5000
 32
0.0000
 13
30725.0000
 23
-26598.5000
 33
0.0000
  0
TEXT
  5
441
  8
מים - מידות
 10
29899.5000
 20
-26725.5000
 30
0.0000
 40
100.0000
  1
142.1
 50
0.0000
  7
SOLINE
 72
1
 73
2
 11
29899.5000
 21
-26725.5000
 31
0.0000
  0
LINE
  5
442
  8
מים - מידות
 10
30610.0000
 20
-24418.0000
 30
0.0000
 11
30610.0000
 21
-24418.0000
 31
0.0000
  0
LINE
  5
443
  8
מים - מידות
 10
30610.0000
 20
-24418.0000
 30
0.0000
 11
30610.0000
 21
-24418.0000
 31
0.0000
  0
LINE
  5
444
  8
מים - מידות
 10
30610.0000
 20
-24418.0000
 30
0.0000
 11
30610.0000
 21
-24418.0000
 31
0.0000
  0
SOLID
  5
445
  8
מים - מידות
 10
30610.0000
 20
-24418.0000
 30
0.0000
 11
30610.0000
 21
-24418.0000
 31
0.0000
 12
30610.0000
 22
-24418.0000
 32
0.0000
 13
30610.0000
 23
-24418.0000
 33
0.0000
  0
SOLID
  5
446
  8
מים - מידות
 10
30610.0000
 20
-24418.0000
 30
0.0000
 11
30610.0000
 21
-24418.0000
 31
0.0000
 12
30610.0000
 22
-24418.0000
 32
0.0000
 13
30610.0000
 23
-24418.0000
 33
0.0000
  0
TEXT
  5
447
  8
מים - מידות
 10
30610.0000
 20
-24418.0000
 30
0.0000
 40
100.0000
  1
0.1
 50
0.0000
  7
SOLINE
 72
1
 73
2
 11
30610.0000
 21
-24418.0000
 31
0.0000
  0
LINE
  5
448
  8
חשמל
 10
30040.0000
 20
-22361.0000
 30
0.0000
 11
30120.0000
 21
-22361.0000
 31
0.0000
  0
LINE
  5
449
  8
חשמל
 10
30120.0000
 20
-22361.0000
 30
0.0000
 11
30120.0000
 21
-22281.0000
 31
0.0000
  0
LINE
  5
44A
  8
חשמל
 10
30120.0000
 20
-22281.0000
 30
0.0000
 11
30040.0000
 21
-22281.0000
 31
0.0000
  0
LINE
  5
44B
  8
חשמל
 10
30040.0000
 20
-22281.0000
 30
0.0000
 11
30040.0000
 21
-22361.0000
 31
0.0000
  0
LINE
  5
44C
  8
חשמל
 10
30080.0000
 20
-22361.0000
 30
0.0000
 11
30080.0000
 21
-22305.0000
 31
0.0000
  0
ARC
  5
44D
  8
חשמל
 10
30080.0000
 20
-22321.0000
 30
0.0000
 40
14.4000
 50
0.0000
 51
360.0000
  0
ARC
  5
44E
  8
חשמל
 10
30080.0000
 20
-22321.0000
 30
0.0000
 40
4.0000
 50
0.0000
 51
360.0000
  0
LINE
  5
44F
  8
חשמל - מידות
 10
29189.0000
 20
-24458.0000
 30
0.0000
 11
29189.0000
 21
-27040.5000
 31
0.0000
  0
LINE
  5
450
  8
חשמל - מידות
 10
30080.0000
 20
-24458.0000
 30
0.0000
 11
30080.0000
 21
-27040.5000
 31
0.0000
  0
LINE
  5
451
  8
חשמל - מידות
 10
29189.0000
 20
-26980.5000
 30
0.0000
 11
30080.0000
 21
-26980.5000
 31
0.0000
  0
SOLID
  5
452
  8
חשמל - מידות
 10
29189.0000
 20
-26980.5000
 30
0.0000
 11
29074.0000
 21
-27012.5000
 31
0.0000
 12
29074.0000
 22
-26948.5000
 32
0.0000
 13
29074.0000
 23
-26948.5000
 33
0.0000
  0
SOLID
  5
453
  8
חשמל - מידות
 10
30080.0000
 20
-26980.5000
 30
0.0000
 11
30195.0000
 21
-27012.5000
 31
0.0000
 12
30195.0000
 22
-26948.5000
 32
0.0000
 13
30195.0000
 23
-26948.5000
 33
0.0000
  0
TEXT
  5
454
  8
חשמל - מידות
 10
29634.5000
 20
-27075.5000
 30
0.0000
 40
100.0000
  1
89.1
 50
0.0000
  7
SOLINE
 72
1
 73
2
 11
29634.5000
 21
-27075.5000
 31
0.0000
  0
LINE
  5
455
  8
חשמל - מידות
 10
30120.0000
 20
-24418.0000
 30
0.0000
 11
30367.5000
 21
-24418.0000
 31
0.0000
  0
LINE
  5
456
  8
חשמל - מידות
 10
30120.0000
 20
-22321.0000
 30
0.0000
 11
30367.5000
 21
-22321.0000
 31
0.0000
  0
LINE
  5
457
  8
חשמל - מידות
 10
30307.5000
 20
-24418.0000
 30
0.0000
 11
30307.5000
 21
-22321.0000
 31
0.0000
  0
SOLID
  5
458
  8
חשמל - מידות
 10
30307.5000
 20
-24418.0000
 30
0.0000
 11
30339.5000
 21
-24533.0000
 31
0.0000
 12
30275.5000
 22
-24533.0000
 32
0.0000
 13
30275.5000
 23
-24533.0000
 33
0.0000
  0
SOLID
  5
459
  8
חשמל - מידות
 10
30307.5000
 20
-22321.0000
 30
0.0000
 11
30339.5000
 21
-22206.0000
 31
0.0000
 12
30275.5000
 22
-22206.0000
 32
0.0000
 13
30275.5000
 23
-22206.0000
 33
0.0000
  0
TEXT
  5
45A
  8
חשמל - מידות
 10
30402.5000
 20
-23369.5000
 30
0.0000
 40
100.0000
  1
209.7
 50
90.0000
  7
SOLINE
 72
1
 73
2
 11
30402.5000
 21
-23369.5000
 31
0.0000
  0
LINE
  5
45B
  8
חשמל
 10
30202.0000
 20
-23238.0000
 30
0.0000
 11
30282.0000
 21
-23238.0000
 31
0.0000
  0
LINE
  5
45C
  8
חשמל
 10
30282.0000
 20
-23238.0000
 30
0.0000
 11
30282.0000
 21
-23158.0000
 31
0.0000
  0
LINE
  5
45D
  8
חשמל
 10
30282.0000
 20
-23158.0000
 30
0.0000
 11
30202.0000
 21
-23158.0000
 31
0.0000
  0
LINE
  5
45E
  8
חשמל
 10
30202.0000
 20
-23158.0000
 30
0.0000
 11
30202.0000
 21
-23238.0000
 31
0.0000
  0
LINE
  5
45F
  8
חשמל
 10
30242.0000
 20
-23238.0000
 30
0.0000
 11
30242.0000
 21
-23201.2000
 31
0.0000
  0
LINE
  5
460
  8
חשמל
 10
30216.4000
 20
-23201.2000
 30
0.0000
 11
30216.5610
 21
-23198.3337
 31
0.0000
  0
LINE
  5
461
  8
חשמל
 10
30216.5610
 20
-23198.3337
 30
0.0000
 11
30217.0418
 21
-23195.5035
 31
0.0000
  0
LINE
  5
462
  8
חשמל
 10
30217.0418
 20
-23195.5035
 30
0.0000
 11
30217.8366
 21
-23192.7449
 31
0.0000
  0
LINE
  5
463
  8
חשמל
 10
30217.8366
 20
-23192.7449
 30
0.0000
 11
30218.9352
 21
-23190.0926
 31
0.0000
  0
LINE
  5
464
  8
חשמל
 10
30218.9352
 20
-23190.0926
 30
0.0000
 11
30220.3239
 21
-23187.5800
 31
0.0000
  0
LINE
  5
465
  8
חשמל
 10
30220.3239
 20
-23187.5800
 30
0.0000
 11
30221.9851
 21
-23185.2387
 31
0.0000
  0
LINE
  5
466
  8
חשמל
 10
30221.9851
 20
-23185.2387
 30
0.0000
 11
30223.8981
 21
-23183.0981
 31
0.0000
  0
LINE
  5
467
  8
חשמל
 10
30223.8981
 20
-23183.0981
 30
0.0000
 11
30226.0387
 21
-23181.1851
 31
0.0000
  0
LINE
  5
468
  8
חשמל
 10
30226.0387
 20
-23181.1851
 30
0.0000
 11
30228.3800
 21
-23179.5239
 31
0.0000
  0
LINE
  5
469
  8
חשמל
 10
30228.3800
 20
-23179.5239
 30
0.0000
 11
30230.8926
 21
-23178.1352
 31
0.0000
  0
LINE
  5
46A
  8
חשמל
 10
30230.8926
 20
-23178.1352
 30
0.0000
 11
30233.5449
 21
-23177.0366
 31
0.0000
  0
LINE
  5
46B
  8
חשמל
 10
30233.5449
 20
-23177.0366
 30
0.0000
 11
30236.3035
 21
-23176.2418
 31
0.0000
  0
LINE
  5
46C
  8
חשמל
 10
30236.3035
 20
-23176.2418
 30
0.0000
 11
30239.1337
 21
-23175.7610
 31
0.0000
  0
LINE
  5
46D
  8
חשמל
 10
30239.1337
 20
-23175.7610
 30
0.0000
 11
30242.0000
 21
-23175.6000
 31
0.0000
  0
LINE
  5
46E
  8
חשמל
 10
30242.0000
 20
-23175.6000
 30
0.0000
 11
30244.8663
 21
-23175.7610
 31
0.0000
  0
LINE
  5
46F
  8
חשמל
 10
30244.8663
 20
-23175.7610
 30
0.0000
 11
30247.6965
 21
-23176.2418
 31
0.0000
  0
LINE
  5
470
  8
חשמל
 10
30247.6965
 20
-23176.2418
 30
0.0000
 11
30250.4551
 21
-23177.0366
 31
0.0000
  0
LINE
  5
471
  8
חשמל
 10
30250.4551
 20
-23177.0366
 30
0.0000
 11
30253.1074
 21
-23178.1352
 31
0.0000
  0
LINE
  5
472
  8
חשמל
 10
30253.1074
 20
-23178.1352
 30
0.0000
 11
30255.6200
 21
-23179.5239
 31
0.0000
  0
LINE
  5
473
  8
חשמל
 10
30255.6200
 20
-23179.5239
 30
0.0000
 11
30257.9613
 21
-23181.1851
 31
0.0000
  0
LINE
  5
474
  8
חשמל
 10
30257.9613
 20
-23181.1851
 30
0.0000
 11
30260.1019
 21
-23183.0981
 31
0.0000
  0
LINE
  5
475
  8
חשמל
 10
30260.1019
 20
-23183.0981
 30
0.0000
 11
30262.0149
 21
-23185.2387
 31
0.0000
  0
LINE
  5
476
  8
חשמל
 10
30262.0149
 20
-23185.2387
 30
0.0000
 11
30263.6761
 21
-23187.5800
 31
0.0000
  0
LINE
  5
477
  8
חשמל
 10
30263.6761
 20
-23187.5800
 30
0.0000
 11
30265.0648
 21
-23190.0926
 31
0.0000
  0
LINE
  5
478
  8
חשמל
 10
30265.0648
 20
-23190.0926
 30
0.0000
 11
30266.1634
 21
-23192.7449
 31
0.0000
  0
LINE
  5
479
  8
חשמל
 10
30266.1634
 20
-23192.7449
 30
0.0000
 11
30266.9582
 21
-23195.5035
 31
0.0000
  0
LINE
  5
47A
  8
חשמל
 10
30266.9582
 20
-23195.5035
 30
0.0000
 11
30267.4390
 21
-23198.3337
 31
0.0000
  0
LINE
  5
47B
  8
חשמל
 10
30267.4390
 20
-23198.3337
 30
0.0000
 11
30267.6000
 21
-23201.2000
 31
0.0000
  0
LINE
  5
47C
  8
חשמל
 10
30216.4000
 20
-23201.2000
 30
0.0000
 11
30267.6000
 21
-23201.2000
 31
0.0000
  0
LINE
  5
47D
  8
חשמל - מידות
 10
29189.0000
 20
-24458.0000
 30
0.0000
 11
29189.0000
 21
-27390.5000
 31
0.0000
  0
LINE
  5
47E
  8
חשמל - מידות
 10
30242.0000
 20
-24458.0000
 30
0.0000
 11
30242.0000
 21
-27390.5000
 31
0.0000
  0
LINE
  5
47F
  8
חשמל - מידות
 10
29189.0000
 20
-27330.5000
 30
0.0000
 11
30242.0000
 21
-27330.5000
 31
0.0000
  0
SOLID
  5
480
  8
חשמל - מידות
 10
29189.0000
 20
-27330.5000
 30
0.0000
 11
29074.0000
 21
-27362.5000
 31
0.0000
 12
29074.0000
 22
-27298.5000
 32
0.0000
 13
29074.0000
 23
-27298.5000
 33
0.0000
  0
SOLID
  5
481
  8
חשמל - מידות
 10
30242.0000
 20
-27330.5000
 30
0.0000
 11
30357.0000
 21
-27362.5000
 31
0.0000
 12
30357.0000
 22
-27298.5000
 32
0.0000
 13
30357.0000
 23
-27298.5000
 33
0.0000
  0
TEXT
  5
482
  8
חשמל - מידות
 10
29715.5000
 20
-27425.5000
 30
0.0000
 40
100.0000
  1
105.3
 50
0.0000
  7
SOLINE
 72
1
 73
2
 11
29715.5000
 21
-27425.5000
 31
0.0000
  0
LINE
  5
483
  8
חשמל - מידות
 10
30202.0000
 20
-24418.0000
 30
0.0000
 11
29954.5000
 21
-24418.0000
 31
0.0000
  0
LINE
  5
484
  8
חשמל - מידות
 10
30202.0000
 20
-23198.0000
 30
0.0000
 11
29954.5000
 21
-23198.0000
 31
0.0000
  0
LINE
  5
485
  8
חשמל - מידות
 10
30014.5000
 20
-24418.0000
 30
0.0000
 11
30014.5000
 21
-23198.0000
 31
0.0000
  0
SOLID
  5
486
  8
חשמל - מידות
 10
30014.5000
 20
-24418.0000
 30
0.0000
 11
29982.5000
 21
-24533.0000
 31
0.0000
 12
30046.5000
 22
-24533.0000
 32
0.0000
 13
30046.5000
 23
-24533.0000
 33
0.0000
  0
SOLID
  5
487
  8
חשמל - מידות
 10
30014.5000
 20
-23198.0000
 30
0.0000
 11
29982.5000
 21
-23083.0000
 31
0.0000
 12
30046.5000
 22
-23083.0000
 32
0.0000
 13
30046.5000
 23
-23083.0000
 33
0.0000
  0
TEXT
  5
488
  8
חשמל - מידות
 10
29919.5000
 20
-23808.0000
 30
0.0000
 40
100.0000
  1
122
 50
90.0000
  7
SOLINE
 72
1
 73
2
 11
29919.5000
 21
-23808.0000
 31
0.0000
  0
LINE
  5
489
  8
חשמל
 10
29360.0000
 20
-23256.0000
 30
0.0000
 11
29440.0000
 21
-23256.0000
 31
0.0000
  0
LINE
  5
48A
  8
חשמל
 10
29440.0000
 20
-23256.0000
 30
0.0000
 11
29440.0000
 21
-23176.0000
 31
0.0000
  0
LINE
  5
48B
  8
חשמל
 10
29440.0000
 20
-23176.0000
 30
0.0000
 11
29360.0000
 21
-23176.0000
 31
0.0000
  0
LINE
  5
48C
  8
חשמל
 10
29360.0000
 20
-23176.0000
 30
0.0000
 11
29360.0000
 21
-23256.0000
 31
0.0000
  0
LINE
  5
48D
  8
חשמל
 10
29400.0000
 20
-23256.0000
 30
0.0000
 11
29400.0000
 21
-23219.2000
 31
0.0000
  0
LINE
  5
48E
  8
חשמל
 10
29374.4000
 20
-23219.2000
 30
0.0000
 11
29374.5610
 21
-23216.3337
 31
0.0000
  0
LINE
  5
48F
  8
חשמל
 10
29374.5610
 20
-23216.3337
 30
0.0000
 11
29375.0418
 21
-23213.5035
 31
0.0000
  0
LINE
  5
490
  8
חשמל
 10
29375.0418
 20
-23213.5035
 30
0.0000
 11
29375.8366
 21
-23210.7449
 31
0.0000
  0
LINE
  5
491
  8
חשמל
 10
29375.8366
 20
-23210.7449
 30
0.0000
 11
29376.9352
 21
-23208.0926
 31
0.0000
  0
LINE
  5
492
  8
חשמל
 10
29376.9352
 20
-23208.0926
 30
0.0000
 11
29378.3239
 21
-23205.5800
 31
0.0000
  0
LINE
  5
493
  8
חשמל
 10
29378.3239
 20
-23205.5800
 30
0.0000
 11
29379.9851
 21
-23203.2387
 31
0.0000
  0
LINE
  5
494
  8
חשמל
 10
29379.9851
 20
-23203.2387
 30
0.0000
 11
29381.8981
 21
-23201.0981
 31
0.0000
  0
LINE
  5
495
  8
חשמל
 10
29381.8981
 20
-23201.0981
 30
0.0000
 11
29384.0387
 21
-23199.1851
 31
0.0000
  0
LINE
  5
496
  8
חשמל
 10
29384.0387
 20
-23199.1851
 30
0.0000
 11
29386.3800
 21
-23197.5239
 31
0.0000
  0
LINE
  5
497
  8
חשמל
 10
29386.3800
 20
-23197.5239
 30
0.0000
 11
29388.8926
 21
-23196.1352
 31
0.0000
  0
LINE
  5
498
  8
חשמל
 10
29388.8926
 20
-23196.1352
 30
0.0000
 11
29391.5449
 21
-23195.0366
 31
0.0000
  0
LINE
  5
499
  8
חשמל
 10
29391.5449
 20
-23195.0366
 30
0.0000
 11
29394.3035
 21
-23194.2418
 31
0.0000
  0
LINE
  5
49A
  8
חשמל
 10
29394.3035
 20
-23194.2418
 30
0.0000
 11
29397.1337
 21
-23193.7610
 31
0.0000
  0
LINE
  5
49B
  8
חשמל
 10
29397.1337
 20
-23193.7610
 30
0.0000
 11
29400.0000
 21
-23193.6000
 31
0.0000
  0
LINE
  5
49C
  8
חשמל
 10
29400.0000
 20
-23193.6000
 30
0.0000
 11
29402.8663
 21
-23193.7610
 31
0.0000
  0
LINE
  5
49D
  8
חשמל
 10
29402.8663
 20
-23193.7610
 30
0.0000
 11
29405.6965
 21
-23194.2418
 31
0.0000
  0
LINE
  5
49E
  8
חשמל
 10
29405.6965
 20
-23194.2418
 30
0.0000
 11
29408.4551
 21
-23195.0366
 31
0.0000
  0
LINE
  5
49F
  8
חשמל
 10
29408.4551
 20
-23195.0366
 30
0.0000
 11
29411.1074
 21
-23196.1352
 31
0.0000
  0
LINE
  5
4A0
  8
חשמל
 10
29411.1074
 20
-23196.1352
 30
0.0000
 11
29413.6200
 21
-23197.5239
 31
0.0000
  0
LINE
  5
4A1
  8
חשמל
 10
29413.6200
 20
-23197.5239
 30
0.0000
 11
29415.9613
 21
-23199.1851
 31
0.0000
  0
LINE
  5
4A2
  8
חשמל
 10
29415.9613
 20
-23199.1851
 30
0.0000
 11
29418.1019
 21
-23201.0981
 31
0.0000
  0
LINE
  5
4A3
  8
חשמל
 10
29418.1019
 20
-23201.0981
 30
0.0000
 11
29420.0149
 21
-23203.2387
 31
0.0000
  0
LINE
  5
4A4
  8
חשמל
 10
29420.0149
 20
-23203.2387
 30
0.0000
 11
29421.6761
 21
-23205.5800
 31
0.0000
  0
LINE
  5
4A5
  8
חשמל
 10
29421.6761
 20
-23205.5800
 30
0.0000
 11
29423.0648
 21
-23208.0926
 31
0.0000
  0
LINE
  5
4A6
  8
חשמל
 10
29423.0648
 20
-23208.0926
 30
0.0000
 11
29424.1634
 21
-23210.7449
 31
0.0000
  0
LINE
  5
4A7
  8
חשמל
 10
29424.1634
 20
-23210.7449
 30
0.0000
 11
29424.9582
 21
-23213.5035
 31
0.0000
  0
LINE
  5
4A8
  8
חשמל
 10
29424.9582
 20
-23213.5035
 30
0.0000
 11
29425.4390
 21
-23216.3337
 31
0.0000
  0
LINE
  5
4A9
  8
חשמל
 10
29425.4390
 20
-23216.3337
 30
0.0000
 11
29425.6000
 21
-23219.2000
 31
0.0000
  0
LINE
  5
4AA
  8
חשמל
 10
29374.4000
 20
-23219.2000
 30
0.0000
 11
29425.6000
 21
-23219.2000
 31
0.0000
  0
LINE
  5
4AB
  8
חשמל - מידות
 10
29189.0000
 20
-24458.0000
 30
0.0000
 11
29189.0000
 21
-27740.5000
 31
0.0000
  0
LINE
  5
4AC
  8
חשמל - מידות
 10
29400.0000
 20
-24458.0000
 30
0.0000
 11
29400.0000
 21
-27740.5000
 31
0.0000
  0
LINE
  5
4AD
  8
חשמל - מידות
 10
29189.0000
 20
-27680.5000
 30
0.0000
 11
29400.0000
 21
-27680.5000
 31
0.0000
  0
SOLID
  5
4AE
  8
חשמל - מידות
 10
29189.0000
 20
-27680.5000
 30
0.0000
 11
29074.0000
 21
-27712.5000
 31
0.0000
 12
29074.0000
 22
-27648.5000
 32
0.0000
 13
29074.0000
 23
-27648.5000
 33
0.0000
  0
SOLID
  5
4AF
  8
חשמל - מידות
 10
29400.0000
 20
-27680.5000
 30
0.0000
 11
29515.0000
 21
-27712.5000
 31
0.0000
 12
29515.0000
 22
-27648.5000
 32
0.0000
 13
29515.0000
 23
-27648.5000
 33
0.0000
  0
TEXT
  5
4B0
  8
חשמל - מידות
 10
29294.5000
 20
-27775.5000
 30
0.0000
 40
100.0000
  1
21.1
 50
0.0000
  7
SOLINE
 72
1
 73
2
 11
29294.5000
 21
-27775.5000
 31
0.0000
  0
LINE
  5
4B1
  8
חשמל - מידות
 10
29440.0000
 20
-24418.0000
 30
0.0000
 11
29687.5000
 21
-24418.0000
 31
0.0000
  0
LINE
  5
4B2
  8
חשמל - מידות
 10
29440.0000
 20
-23216.0000
 30
0.0000
 11
29687.5000
 21
-23216.0000
 31
0.0000
  0
LINE
  5
4B3
  8
חשמל - מידות
 10
29627.5000
 20
-24418.0000
 30
0.0000
 11
29627.5000
 21
-23216.0000
 31
0.0000
  0
SOLID
  5
4B4
  8
חשמל - מידות
 10
29627.5000
 20
-24418.0000
 30
0.0000
 11
29659.5000
 21
-24533.0000
 31
0.0000
 12
29595.5000
 22
-24533.0000
 32
0.0000
 13
29595.5000
 23
-24533.0000
 33
0.0000
  0
SOLID
  5
4B5
  8
חשמל - מידות
 10
29627.5000
 20
-23216.0000
 30
0.0000
 11
29659.5000
 21
-23101.0000
 31
0.0000
 12
29595.5000
 22
-23101.0000
 32
0.0000
 13
29595.5000
 23
-23101.0000
 33
0.0000
  0
TEXT
  5
4B6
  8
חשמל - מידות
 10
29722.5000
 20
-23817.0000
 30
0.0000
 40
100.0000
  1
120.2
 50
90.0000
  7
SOLINE
 72
1
 73
2
 11
29722.5000
 21
-23817.0000
 31
0.0000
  0
LINE
  5
4B7
  8
חלונות
 10
29678.0000
 20
-23353.0000
 30
0.0000
 11
31146.0000
 21
-23353.0000
 31
0.0000
  0
LINE
  5
4B8
  8
חלונות
 10
31146.0000
 20
-23353.0000
 30
0.0000
 11
31146.0000
 21
-22038.0000
 31
0.0000
  0
LINE
  5
4B9
  8
חלונות
 10
31146.0000
 20
-22038.0000
 30
0.0000
 11
29678.0000
 21
-22038.0000
 31
0.0000
  0
LINE
  5
4BA
  8
חלונות
 10
29678.0000
 20
-22038.0000
 30
0.0000
 11
29678.0000
 21
-23353.0000
 31
0.0000
  0
LINE
  5
4BB
  8
חלונות
 10
29678.0000
 20
-22511.4000
 30
0.0000
 11
31146.0000
 21
-22511.4000
 31
0.0000
  0
LINE
  5
4BC
  8
חלונות
 10
31146.0000
 20
-22511.4000
 30
0.0000
 11
31146.0000
 21
-22879.6000
 31
0.0000
  0
LINE
  5
4BD
  8
חלונות
 10
31146.0000
 20
-22879.6000
 30
0.0000
 11
29678.0000
 21
-22879.6000
 31
0.0000
  0
LINE
  5
4BE
  8
חלונות
 10
29678.0000
 20
-22879.6000
 30
0.0000
 11
29678.0000
 21
-22511.4000
 31
0.0000
  0
LINE
  5
4BF
  8
חלונות
 10
29678.0000
 20
-22636.5880
 30
0.0000
 11
31146.0000
 21
-22636.5880
 31
0.0000
  0
LINE
  5
4C0
  8
חלונות
 10
29678.0000
 20
-22754.4120
 30
0.0000
 11
31146.0000
 21
-22754.4120
 31
0.0000
  0
LINE
  5
4C1
  8
חלונות - מידות
 10
29189.0000
 20
-24458.0000
 30
0.0000
 11
29189.0000
 21
-28090.5000
 31
0.0000
  0
LINE
  5
4C2
  8
חלונות - מידות
 10
29678.0000
 20
-24458.0000
 30
0.0000
 11
29678.0000
 21
-28090.5000
 31
0.0000
  0
LINE
  5
4C3
  8
חלונות - מידות
 10
29189.0000
 20
-28030.5000
 30
0.0000
 11
29678.0000
 21
-28030.5000
 31
0.0000
  0
SOLID
  5
4C4
  8
חלונות - מידות
 10
29189.0000
 20
-28030.5000
 30
0.0000
 11
29074.0000
 21
-28062.5000
 31
0.0000
 12
29074.0000
 22
-27998.5000
 32
0.0000
 13
29074.0000
 23
-27998.5000
 33
0.0000
  0
SOLID
  5
4C5
  8
חלונות - מידות
 10
29678.0000
 20
-28030.5000
 30
0.0000
 11
29793.0000
 21
-28062.5000
 31
0.0000
 12
29793.0000
 22
-27998.5000
 32
0.0000
 13
29793.0000
 23
-27998.5000
 33
0.0000
  0
TEXT
  5
4C6
  8
חלונות - מידות
 10
29433.5000
 20
-28125.5000
 30
0.0000
 40
100.0000
  1
48.9
 50
0.0000
  7
SOLINE
 72
1
 73
2
 11
29433.5000
 21
-28125.5000
 31
0.0000
  0
LINE
  5
4C7
  8
חלונות - מידות
 10
29678.0000
 20
-21998.0000
 30
0.0000
 11
29678.0000
 21
-21754.5000
 31
0.0000
  0
LINE
  5
4C8
  8
חלונות - מידות
 10
31146.0000
 20
-21998.0000
 30
0.0000
 11
31146.0000
 21
-21754.5000
 31
0.0000
  0
LINE
  5
4C9
  8
חלונות - מידות
 10
29678.0000
 20
-21813.0000
 30
0.0000
 11
31146.0000
 21
-21813.0000
 31
0.0000
  0
SOLID
  5
4CA
  8
חלונות - מידות
 10
29678.0000
 20
-21813.0000
 30
0.0000
 11
29565.8750
 21
-21781.8000
 31
0.0000
 12
29565.8750
 22
-21844.2000
 32
0.0000
 13
29565.8750
 23
-21844.2000
 33
0.0000
  0
SOLID
  5
4CB
  8
חלונות - מידות
 10
31146.0000
 20
-21813.0000
 30
0.0000
 11
31258.1250
 21
-21781.8000
 31
0.0000
 12
31258.1250
 22
-21844.2000
 32
0.0000
 13
31258.1250
 23
-21844.2000
 33
0.0000
  0
TEXT
  5
4CC
  8
חלונות - מידות
 10
30412.0000
 20
-21720.3750
 30
0.0000
 40
97.5000
  1
146.8
 50
0.0000
  7
SOLINE
 72
1
 73
2
 11
30412.0000
 21
-21720.3750
 31
0.0000
  0
LINE
  5
4CD
  8
חלונות - מידות
 10
29638.0000
 20
-24418.0000
 30
0.0000
 11
29432.0000
 21
-24418.0000
 31
0.0000
  0
LINE
  5
4CE
  8
חלונות - מידות
 10
29638.0000
 20
-23353.0000
 30
0.0000
 11
29432.0000
 21
-23353.0000
 31
0.0000
  0
LINE
  5
4CF
  8
חלונות - מידות
 10
29490.5000
 20
-24418.0000
 30
0.0000
 11
29490.5000
 21
-23353.0000
 31
0.0000
  0
SOLID
  5
4D0
  8
חלונות - מידות
 10
29490.5000
 20
-24418.0000
 30
0.0000
 11
29459.3000
 21
-24530.1250
 31
0.0000
 12
29521.7000
 22
-24530.1250
 32
0.0000
 13
29521.7000
 23
-24530.1250
 33
0.0000
  0
SOLID
  5
4D1
  8
חלונות - מידות
 10
29490.5000
 20
-23353.0000
 30
0.0000
 11
29459.3000
 21
-23240.8750
 31
0.0000
 12
29521.7000
 22
-23240.8750
 32
0.0000
 13
29521.7000
 23
-23240.8750
 33
0.0000
  0
TEXT
  5
4D2
  8
חלונות - מידות
 10
29397.8750
 20
-23885.5000
 30
0.0000
 40
97.5000
  1
106.5
 50
90.0000
  7
SOLINE
 72
1
 73
2
 11
29397.8750
 21
-23885.5000
 31
0.0000
  0
LINE
  5
4D3
  8
חלונות - מידות
 10
29638.0000
 20
-23353.0000
 30
0.0000
 11
29094.5000
 21
-23353.0000
 31
0.0000
  0
LINE
  5
4D4
  8
חלונות - מידות
 10
29638.0000
 20
-22038.0000
 30
0.0000
 11
29094.5000
 21
-22038.0000
 31
0.0000
  0
LINE
  5
4D5
  8
חלונות - מידות
 10
29153.0000
 20
-23353.0000
 30
0.0000
 11
29153.0000
 21
-22038.0000
 31
0.0000
  0
SOLID
  5
4D6
  8
חלונות - מידות
 10
29153.0000
 20
-23353.0000
 30
0.0000
 11
29121.8000
 21
-23465.1250
 31
0.0000
 12
29184.2000
 22
-23465.1250
 32
0.0000
 13
29184.2000
 23
-23465.1250
 33
0.0000
  0
SOLID
  5
4D7
  8
חלונות - מידות
 10
29153.0000
 20
-22038.0000
 30
0.0000
 11
29121.8000
 21
-21925.8750
 31
0.0000
 12
29184.2000
 22
-21925.8750
 32
0.0000
 13
29184.2000
 23
-21925.8750
 33
0.0000
  0
TEXT
  5
4D8
  8
חלונות - מידות
 10
29060.3750
 20
-22695.5000
 30
0.0000
 40
97.5000
  1
131.5
 50
90.0000
  7
SOLINE
 72
1
 73
2
 11
29060.3750
 21
-22695.5000
 31
0.0000
  0
LINE
  5
4D9
  8
חלונות - מידות
 10
31186.0000
 20
-24418.0000
 30
0.0000
 11
31392.0000
 21
-24418.0000
 31
0.0000
  0
LINE
  5
4DA
  8
חלונות - מידות
 10
31186.0000
 20
-22038.0000
 30
0.0000
 11
31392.0000
 21
-22038.0000
 31
0.0000
  0
LINE
  5
4DB
  8
חלונות - מידות
 10
31333.5000
 20
-24418.0000
 30
0.0000
 11
31333.5000
 21
-22038.0000
 31
0.0000
  0
SOLID
  5
4DC
  8
חלונות - מידות
 10
31333.5000
 20
-24418.0000
 30
0.0000
 11
31364.7000
 21
-24530.1250
 31
0.0000
 12
31302.3000
 22
-24530.1250
 32
0.0000
 13
31302.3000
 23
-24530.1250
 33
0.0000
  0
SOLID
  5
4DD
  8
חלונות - מידות
 10
31333.5000
 20
-22038.0000
 30
0.0000
 11
31364.7000
 21
-21925.8750
 31
0.0000
 12
31302.3000
 22
-21925.8750
 32
0.0000
 13
31302.3000
 23
-21925.8750
 33
0.0000
  0
TEXT
  5
4DE
  8
חלונות - מידות
 10
31426.1250
 20
-23228.0000
 30
0.0000
 40
97.5000
  1
238
 50
90.0000
  7
SOLINE
 72
1
 73
2
 11
31426.1250
 21
-23228.0000
 31
0.0000
  0
LINE
  5
4DF
  8
חלונות - מידות
 10
31186.0000
 20
-22038.0000
 30
0.0000
 11
31729.5000
 21
-22038.0000
 31
0.0000
  0
LINE
  5
4E0
  8
חלונות - מידות
 10
31186.0000
 20
-21626.0000
 30
0.0000
 11
31729.5000
 21
-21626.0000
 31
0.0000
  0
LINE
  5
4E1
  8
חלונות - מידות
 10
31671.0000
 20
-22038.0000
 30
0.0000
 11
31671.0000
 21
-21626.0000
 31
0.0000
  0
SOLID
  5
4E2
  8
חלונות - מידות
 10
31671.0000
 20
-22038.0000
 30
0.0000
 11
31702.2000
 21
-22150.1250
 31
0.0000
 12
31639.8000
 22
-22150.1250
 32
0.0000
 13
31639.8000
 23
-22150.1250
 33
0.0000
  0
SOLID
  5
4E3
  8
חלונות - מידות
 10
31671.0000
 20
-21626.0000
 30
0.0000
 11
31702.2000
 21
-21513.8750
 31
0.0000
 12
31639.8000
 22
-21513.8750
 32
0.0000
 13
31639.8000
 23
-21513.8750
 33
0.0000
  0
TEXT
  5
4E4
  8
חלונות - מידות
 10
31763.6250
 20
-21832.0000
 30
0.0000
 40
97.5000
  1
41.2
 50
90.0000
  7
SOLINE
 72
1
 73
2
 11
31763.6250
 21
-21832.0000
 31
0.0000
  0
TEXT
  5
4E5
  8
קירות - טקסט
 10
31009.5000
 20
-25355.5000
 30
0.0000
 40
162.5000
  1
W7
 50
0.0000
  7
SOLINE
 72
1
 73
2
 11
31009.5000
 21
-25355.5000
 31
0.0000
  0
LINE
  5
4E6
  8
קירות
 10
35330.0000
 20
-24418.0000
 30
0.0000
 11
39500.0000
 21
-24418.0000
 31
0.0000
  0
LINE
  5
4E7
  8
קירות
 10
39500.0000
 20
-24418.0000
 30
0.0000
 11
39500.0000
 21
-21626.0000
 31
0.0000
  0
LINE
  5
4E8
  8
קירות
 10
39500.0000
 20
-21626.0000
 30
0.0000
 11
35330.0000
 21
-21626.0000
 31
0.0000
  0
LINE
  5
4E9
  8
קירות
 10
35330.0000
 20
-21626.0000
 30
0.0000
 11
35330.0000
 21
-24418.0000
 31
0.0000
  0
LINE
  5
4EA
  8
מידות - חוץ
 10
35330.0000
 20
-24468.0000
 30
0.0000
 11
35330.0000
 21
-24868.0000
 31
0.0000
  0
LINE
  5
4EB
  8
מידות - חוץ
 10
39500.0000
 20
-24468.0000
 30
0.0000
 11
39500.0000
 21
-24868.0000
 31
0.0000
  0
LINE
  5
4EC
  8
מידות - חוץ
 10
35330.0000
 20
-24793.0000
 30
0.0000
 11
39500.0000
 21
-24793.0000
 31
0.0000
  0
SOLID
  5
4ED
  8
מידות - חוץ
 10
35330.0000
 20
-24793.0000
 30
0.0000
 11
35186.2500
 21
-24833.0000
 31
0.0000
 12
35186.2500
 22
-24753.0000
 32
0.0000
 13
35186.2500
 23
-24753.0000
 33
0.0000
  0
SOLID
  5
4EE
  8
מידות - חוץ
 10
39500.0000
 20
-24793.0000
 30
0.0000
 11
39643.7500
 21
-24833.0000
 31
0.0000
 12
39643.7500
 22
-24753.0000
 32
0.0000
 13
39643.7500
 23
-24753.0000
 33
0.0000
  0
TEXT
  5
4EF
  8
מידות - חוץ
 10
37415.0000
 20
-24911.7500
 30
0.0000
 40
125.0000
  1
417
 50
0.0000
  7
SOLINE
 72
1
 73
2
 11
37415.0000
 21
-24911.7500
 31
0.0000
  0
LINE
  5
4F0
  8
מידות - חוץ
 10
35280.0000
 20
-24418.0000
 30
0.0000
 11
34880.0000
 21
-24418.0000
 31
0.0000
  0
LINE
  5
4F1
  8
מידות - חוץ
 10
35280.0000
 20
-21626.0000
 30
0.0000
 11
34880.0000
 21
-21626.0000
 31
0.0000
  0
LINE
  5
4F2
  8
מידות - חוץ
 10
34955.0000
 20
-24418.0000
 30
0.0000
 11
34955.0000
 21
-21626.0000
 31
0.0000
  0
SOLID
  5
4F3
  8
מידות - חוץ
 10
34955.0000
 20
-24418.0000
 30
0.0000
 11
34915.0000
 21
-24561.7500
 31
0.0000
 12
34995.0000
 22
-24561.7500
 32
0.0000
 13
34995.0000
 23
-24561.7500
 33
0.0000
  0
SOLID
  5
4F4
  8
מידות - חוץ
 10
34955.0000
 20
-21626.0000
 30
0.0000
 11
34915.0000
 21
-21482.2500
 31
0.0000
 12
34995.0000
 22
-21482.2500
 32
0.0000
 13
34995.0000
 23
-21482.2500
 33
0.0000
  0
TEXT
  5
4F5
  8
מידות - חוץ
 10
34836.2500
 20
-23022.0000
 30
0.0000
 40
125.0000
  1
279.2
 50
90.0000
  7
SOLINE
 72
1
 73
2
 11
34836.2500
 21
-23022.0000
 31
0.0000
  0
LINE
  5
4F6
  8
חשמל
 10
38556.0000
 20
-23341.0000
 30
0.0000
 11
38716.0000
 21
-23341.0000
 31
0.0000
  0
LINE
  5
4F7
  8
חשמל
 10
38716.0000
 20
-23341.0000
 30
0.0000
 11
38716.0000
 21
-23261.0000
 31
0.0000
  0
LINE
  5
4F8
  8
חשמל
 10
38716.0000
 20
-23261.0000
 30
0.0000
 11
38556.0000
 21
-23261.0000
 31
0.0000
  0
LINE
  5
4F9
  8
חשמל
 10
38556.0000
 20
-23261.0000
 30
0.0000
 11
38556.0000
 21
-23341.0000
 31
0.0000
  0
LINE
  5
4FA
  8
חשמל
 10
38636.0000
 20
-23341.0000
 30
0.0000
 11
38636.0000
 21
-23304.2000
 31
0.0000
  0
LINE
  5
4FB
  8
חשמל
 10
38556.8960
 20
-23304.2000
 30
0.0000
 11
38557.1375
 21
-23302.0503
 31
0.0000
  0
LINE
  5
4FC
  8
חשמל
 10
38557.1375
 20
-23302.0503
 30
0.0000
 11
38557.8588
 21
-23299.9276
 31
0.0000
  0
LINE
  5
4FD
  8
חשמל
 10
38557.8588
 20
-23299.9276
 30
0.0000
 11
38559.0509
 21
-23297.8586
 31
0.0000
  0
LINE
  5
4FE
  8
חשמל
 10
38559.0509
 20
-23297.8586
 30
0.0000
 11
38560.6988
 21
-23295.8694
 31
0.0000
  0
LINE
  5
4FF
  8
חשמל
 10
38560.6988
 20
-23295.8694
 30
0.0000
 11
38562.7818
 21
-23293.9850
 31
0.0000
  0
LINE
  5
500
  8
חשמל
 10
38562.7818
 20
-23293.9850
 30
0.0000
 11
38565.2737
 21
-23292.2290
 31
0.0000
  0
LINE
  5
501
  8
חשמל
 10
38565.2737
 20
-23292.2290
 30
0.0000
 11
38568.1431
 21
-23290.6235
 31
0.0000
  0
LINE
  5
502
  8
חשמל
 10
38568.1431
 20
-23290.6235
 30
0.0000
 11
38571.3540
 21
-23289.1888
 31
0.0000
  0
LINE
  5
503
  8
חשמל
 10
38571.3540
 20
-23289.1888
 30
0.0000
 11
38574.8660
 21
-23287.9429
 31
0.0000
  0
LINE
  5
504
  8
חשמל
 10
38574.8660
 20
-23287.9429
 30
0.0000
 11
38578.6349
 21
-23286.9014
 31
0.0000
  0
LINE
  5
505
  8
חשמל
 10
38578.6349
 20
-23286.9014
 30
0.0000
 11
38582.6133
 21
-23286.0774
 31
0.0000
  0
LINE
  5
506
  8
חשמל
 10
38582.6133
 20
-23286.0774
 30
0.0000
 11
38586.7512
 21
-23285.4814
 31
0.0000
  0
LINE
  5
507
  8
חשמל
 10
38586.7512
 20
-23285.4814
 30
0.0000
 11
38590.9966
 21
-23285.1207
 31
0.0000
  0
LINE
  5
508
  8
חשמל
 10
38590.9966
 20
-23285.1207
 30
0.0000
 11
38595.2960
 21
-23285.0000
 31
0.0000
  0
LINE
  5
509
  8
חשמל
 10
38595.2960
 20
-23285.0000
 30
0.0000
 11
38599.5954
 21
-23285.1207
 31
0.0000
  0
LINE
  5
50A
  8
חשמל
 10
38599.5954
 20
-23285.1207
 30
0.0000
 11
38603.8408
 21
-23285.4814
 31
0.0000
  0
LINE
  5
50B
  8
חשמל
 10
38603.8408
 20
-23285.4814
 30
0.0000
 11
38607.9787
 21
-23286.0774
 31
0.0000
  0
LINE
  5
50C
  8
חשמל
 10
38607.9787
 20
-23286.0774
 30
0.0000
 11
38611.9571
 21
-23286.9014
 31
0.0000
  0
LINE
  5
50D
  8
חשמל
 10
38611.9571
 20
-23286.9014
 30
0.0000
 11
38615.7260
 21
-23287.9429
 31
0.0000
  0
LINE
  5
50E
  8
חשמל
 10
38615.7260
 20
-23287.9429
 30
0.0000
 11
38619.2380
 21
-23289.1888
 31
0.0000
  0
LINE
  5
50F
  8
חשמל
 10
38619.2380
 20
-23289.1888
 30
0.0000
 11
38622.4489
 21
-23290.6235
 31
0.0000
  0
LINE
  5
510
  8
חשמל
 10
38622.4489
 20
-23290.6235
 30
0.0000
 11
38625.3183
 21
-23292.2290
 31
0.0000
  0
LINE
  5
511
  8
חשמל
 10
38625.3183
 20
-23292.2290
 30
0.0000
 11
38627.8102
 21
-23293.9850
 31
0.0000
  0
LINE
  5
512
  8
חשמל
 10
38627.8102
 20
-23293.9850
 30
0.0000
 11
38629.8932
 21
-23295.8694
 31
0.0000
  0
LINE
  5
513
  8
חשמל
 10
38629.8932
 20
-23295.8694
 30
0.0000
 11
38631.5411
 21
-23297.8586
 31
0.0000
  0
LINE
  5
514
  8
חשמל
 10
38631.5411
 20
-23297.8586
 30
0.0000
 11
38632.7332
 21
-23299.9276
 31
0.0000
  0
LINE
  5
515
  8
חשמל
 10
38632.7332
 20
-23299.9276
 30
0.0000
 11
38633.4545
 21
-23302.0503
 31
0.0000
  0
LINE
  5
516
  8
חשמל
 10
38633.4545
 20
-23302.0503
 30
0.0000
 11
38633.6960
 21
-23304.2000
 31
0.0000
  0
LINE
  5
517
  8
חשמל
 10
38556.8960
 20
-23304.2000
 30
0.0000
 11
38633.6960
 21
-23304.2000
 31
0.0000
  0
LINE
  5
518
  8
חשמל
 10
38638.3040
 20
-23304.2000
 30
0.0000
 11
38638.5455
 21
-23302.0503
 31
0.0000
  0
LINE
  5
519
  8
חשמל
 10
38638.5455
 20
-23302.0503
 30
0.0000
 11
38639.2668
 21
-23299.9276
 31
0.0000
  0
LINE
  5
51A
  8
חשמל
 10
38639.2668
 20
-23299.9276
 30
0.0000
 11
38640.4589
 21
-23297.8586
 31
0.0000
  0
LINE
  5
51B
  8
חשמל
 10
38640.4589
 20
-23297.8586
 30
0.0000
 11
38642.1068
 21
-23295.8694
 31
0.0000
  0
LINE
  5
51C
  8
חשמל
 10
38642.1068
 20
-23295.8694
 30
0.0000
 11
38644.1898
 21
-23293.9850
 31
0.0000
  0
LINE
  5
51D
  8
חשמל
 10
38644.1898
 20
-23293.9850
 30
0.0000
 11
38646.6817
 21
-23292.2290
 31
0.0000
  0
LINE
  5
51E
  8
חשמל
 10
38646.6817
 20
-23292.2290
 30
0.0000
 11
38649.5511
 21
-23290.6235
 31
0.0000
  0
LINE
  5
51F
  8
חשמל
 10
38649.5511
 20
-23290.6235
 30
0.0000
 11
38652.7620
 21
-23289.1888
 31
0.0000
  0
LINE
  5
520
  8
חשמל
 10
38652.7620
 20
-23289.1888
 30
0.0000
 11
38656.2740
 21
-23287.9429
 31
0.0000
  0
LINE
  5
521
  8
חשמל
 10
38656.2740
 20
-23287.9429
 30
0.0000
 11
38660.0429
 21
-23286.9014
 31
0.0000
  0
LINE
  5
522
  8
חשמל
 10
38660.0429
 20
-23286.9014
 30
0.0000
 11
38664.0213
 21
-23286.0774
 31
0.0000
  0
LINE
  5
523
  8
חשמל
 10
38664.0213
 20
-23286.0774
 30
0.0000
 11
38668.1592
 21
-23285.4814
 31
0.0000
  0
LINE
  5
524
  8
חשמל
 10
38668.1592
 20
-23285.4814
 30
0.0000
 11
38672.4046
 21
-23285.1207
 31
0.0000
  0
LINE
  5
525
  8
חשמל
 10
38672.4046
 20
-23285.1207
 30
0.0000
 11
38676.7040
 21
-23285.0000
 31
0.0000
  0
LINE
  5
526
  8
חשמל
 10
38676.7040
 20
-23285.0000
 30
0.0000
 11
38681.0034
 21
-23285.1207
 31
0.0000
  0
LINE
  5
527
  8
חשמל
 10
38681.0034
 20
-23285.1207
 30
0.0000
 11
38685.2488
 21
-23285.4814
 31
0.0000
  0
LINE
  5
528
  8
חשמל
 10
38685.2488
 20
-23285.4814
 30
0.0000
 11
38689.3867
 21
-23286.0774
 31
0.0000
  0
LINE
  5
529
  8
חשמל
 10
38689.3867
 20
-23286.0774
 30
0.0000
 11
38693.3651
 21
-23286.9014
 31
0.0000
  0
LINE
  5
52A
  8
חשמל
 10
38693.3651
 20
-23286.9014
 30
0.0000
 11
38697.1340
 21
-23287.9429
 31
0.0000
  0
LINE
  5
52B
  8
חשמל
 10
38697.1340
 20
-23287.9429
 30
0.0000
 11
38700.6460
 21
-23289.1888
 31
0.0000
  0
LINE
  5
52C
  8
חשמל
 10
38700.6460
 20
-23289.1888
 30
0.0000
 11
38703.8569
 21
-23290.6235
 31
0.0000
  0
LINE
  5
52D
  8
חשמל
 10
38703.8569
 20
-23290.6235
 30
0.0000
 11
38706.7263
 21
-23292.2290
 31
0.0000
  0
LINE
  5
52E
  8
חשמל
 10
38706.7263
 20
-23292.2290
 30
0.0000
 11
38709.2182
 21
-23293.9850
 31
0.0000
  0
LINE
  5
52F
  8
חשמל
 10
38709.2182
 20
-23293.9850
 30
0.0000
 11
38711.3012
 21
-23295.8694
 31
0.0000
  0
LINE
  5
530
  8
חשמל
 10
38711.3012
 20
-23295.8694
 30
0.0000
 11
38712.9491
 21
-23297.8586
 31
0.0000
  0
LINE
  5
531
  8
חשמל
 10
38712.9491
 20
-23297.8586
 30
0.0000
 11
38714.1412
 21
-23299.9276
 31
0.0000
  0
LINE
  5
532
  8
חשמל
 10
38714.1412
 20
-23299.9276
 30
0.0000
 11
38714.8625
 21
-23302.0503
 31
0.0000
  0
LINE
  5
533
  8
חשמל
 10
38714.8625
 20
-23302.0503
 30
0.0000
 11
38715.1040
 21
-23304.2000
 31
0.0000
  0
LINE
  5
534
  8
חשמל
 10
38638.3040
 20
-23304.2000
 30
0.0000
 11
38715.1040
 21
-23304.2000
 31
0.0000
  0
LINE
  5
535
  8
חשמל - מידות
 10
39500.0000
 20
-24378.0000
 30
0.0000
 11
39500.0000
 21
-23545.5000
 31
0.0000
  0
LINE
  5
536
  8
חשמל - מידות
 10
38636.0000
 20
-24378.0000
 30
0.0000
 11
38636.0000
 21
-23545.5000
 31
0.0000
  0
LINE
  5
537
  8
חשמל - מידות
 10
39500.0000
 20
-23605.5000
 30
0.0000
 11
38636.0000
 21
-23605.5000
 31
0.0000
  0
SOLID
  5
538
  8
חשמל - מידות
 10
39500.0000
 20
-23605.5000
 30
0.0000
 11
39615.0000
 21
-23573.5000
 31
0.0000
 12
39615.0000
 22
-23637.5000
 32
0.0000
 13
39615.0000
 23
-23637.5000
 33
0.0000
  0
SOLID
  5
539
  8
חשמל - מידות
 10
38636.0000
 20
-23605.5000
 30
0.0000
 11
38521.0000
 21
-23573.5000
 31
0.0000
 12
38521.0000
 22
-23637.5000
 32
0.0000
 13
38521.0000
 23
-23637.5000
 33
0.0000
  0
TEXT
  5
53A
  8
חשמל - מידות
 10
39068.0000
 20
-23510.5000
 30
0.0000
 40
100.0000
  1
86.4
 50
360.0000
  7
SOLINE
 72
1
 73
2
 11
39068.0000
 21
-23510.5000
 31
0.0000
  0
LINE
  5
53B
  8
חשמל - מידות
 10
38676.0000
 20
-24418.0000
 30
0.0000
 11
38963.5000
 21
-24418.0000
 31
0.0000
  0
LINE
  5
53C
  8
חשמל - מידות
 10
38676.0000
 20
-23301.0000
 30
0.0000
 11
38963.5000
 21
-23301.0000
 31
0.0000
  0
LINE
  5
53D
  8
חשמל - מידות
 10
38903.5000
 20
-24418.0000
 30
0.0000
 11
38903.5000
 21
-23301.0000
 31
0.0000
  0
SOLID
  5
53E
  8
חשמל - מידות
 10
38903.5000
 20
-24418.0000
 30
0.0000
 11
38935.5000
 21
-24533.0000
 31
0.0000
 12
38871.5000
 22
-24533.0000
 32
0.0000
 13
38871.5000
 23
-24533.0000
 33
0.0000
  0
SOLID
  5
53F
  8
חשמל - מידות
 10
38903.5000
 20
-23301.0000
 30
0.0000
 11
38935.5000
 21
-23186.0000
 31
0.0000
 12
38871.5000
 22
-23186.0000
 32
0.0000
 13
38871.5000
 23
-23186.0000
 33
0.0000
  0
TEXT
  5
540
  8
חשמל - מידות
 10
38998.5000
 20
-23859.5000
 30
0.0000
 40
100.0000
  1
111.7
 50
90.0000
  7
SOLINE
 72
1
 73
2
 11
38998.5000
 21
-23859.5000
 31
0.0000
  0
LINE
  5
541
  8
חשמל
 10
38726.0000
 20
-22650.0000
 30
0.0000
 11
38746.0000
 21
-22650.0000
 31
0.0000
  0
LINE
  5
542
  8
חשמל
 10
38746.0000
 20
-22650.0000
 30
0.0000
 11
38746.0000
 21
-22630.0000
 31
0.0000
  0
LINE
  5
543
  8
חשמל
 10
38746.0000
 20
-22630.0000
 30
0.0000
 11
38726.0000
 21
-22630.0000
 31
0.0000
  0
LINE
  5
544
  8
חשמל
 10
38726.0000
 20
-22630.0000
 30
0.0000
 11
38726.0000
 21
-22650.0000
 31
0.0000
  0
LINE
  5
545
  8
חשמל
 10
38736.0000
 20
-22650.0000
 30
0.0000
 11
38736.0000
 21
-22634.4000
 31
0.0000
  0
ARC
  5
546
  8
חשמל
 10
38736.0000
 20
-22640.4000
 30
0.0000
 40
6.4000
 50
0.0000
 51
360.0000
  0
LINE
  5
547
  8
חשמל
 10
38736.0000
 20
-22640.4000
 30
0.0000
 11
38731.6000
 21
-22636.0000
 31
0.0000
  0
LINE
  5
548
  8
חשמל
 10
38736.0000
 20
-22640.4000
 30
0.0000
 11
38740.4000
 21
-22636.0000
 31
0.0000
  0
LINE
  5
549
  8
חשמל
 10
38736.0000
 20
-22640.4000
 30
0.0000
 11
38731.6000
 21
-22644.8000
 31
0.0000
  0
LINE
  5
54A
  8
חשמל
 10
38736.0000
 20
-22640.4000
 30
0.0000
 11
38740.4000
 21
-22644.8000
 31
0.0000
  0
LINE
  5
54B
  8
חשמל - מידות
 10
39500.0000
 20
-24378.0000
 30
0.0000
 11
39500.0000
 21
-23195.5000
 31
0.0000
  0
LINE
  5
54C
  8
חשמל - מידות
 10
38736.0000
 20
-24378.0000
 30
0.0000
 11
38736.0000
 21
-23195.5000
 31
0.0000
  0
LINE
  5
54D
  8
חשמל - מידות
 10
39500.0000
 20
-23255.5000
 30
0.0000
 11
38736.0000
 21
-23255.5000
 31
0.0000
  0
SOLID
  5
54E
  8
חשמל - מידות
 10
39500.0000
 20
-23255.5000
 30
0.0000
 11
39615.0000
 21
-23223.5000
 31
0.0000
 12
39615.0000
 22
-23287.5000
 32
0.0000
 13
39615.0000
 23
-23287.5000
 33
0.0000
  0
SOLID
  5
54F
  8
חשמל - מידות
 10
38736.0000
 20
-23255.5000
 30
0.0000
 11
38621.0000
 21
-23223.5000
 31
0.0000
 12
38621.0000
 22
-23287.5000
 32
0.0000
 13
38621.0000
 23
-23287.5000
 33
0.0000
  0
TEXT
  5
550
  8
חשמל - מידות
 10
39118.0000
 20
-23160.5000
 30
0.0000
 40
100.0000
  1
76.4
 50
360.0000
  7
SOLINE
 72
1
 73
2
 11
39118.0000
 21
-23160.5000
 31
0.0000
  0
LINE
  5
551
  8
חשמל - מידות
 10
38696.0000
 20
-24418.0000
 30
0.0000
 11
38478.5000
 21
-24418.0000
 31
0.0000
  0
LINE
  5
552
  8
חשמל - מידות
 10
38696.0000
 20
-22640.0000
 30
0.0000
 11
38478.5000
 21
-22640.0000
 31
0.0000
  0
LINE
  5
553
  8
חשמל - מידות
 10
38538.5000
 20
-24418.0000
 30
0.0000
 11
38538.5000
 21
-22640.0000
 31
0.0000
  0
SOLID
  5
554
  8
חשמל - מידות
 10
38538.5000
 20
-24418.0000
 30
0.0000
 11
38506.5000
 21
-24533.0000
 31
0.0000
 12
38570.5000
 22
-24533.0000
 32
0.0000
 13
38570.5000
 23
-24533.0000
 33
0.0000
  0
SOLID
  5
555
  8
חשמל - מידות
 10
38538.5000
 20
-22640.0000
 30
0.0000
 11
38506.5000
 21
-22525.0000
 31
0.0000
 12
38570.5000
 22
-22525.0000
 32
0.0000
 13
38570.5000
 23
-22525.0000
 33
0.0000
  0
TEXT
  5
556
  8
חשמל - מידות
 10
38443.5000
 20
-23529.0000
 30
0.0000
 40
100.0000
  1
177.8
 50
90.0000
  7
SOLINE
 72
1
 73
2
 11
38443.5000
 21
-23529.0000
 31
0.0000
  0
LINE
  5
557
  8
מים
 10
37973.0000
 20
-23869.0000
 30
0.0000
 11
37993.0000
 21
-23869.0000
 31
0.0000
  0
LINE
  5
558
  8
מים
 10
37993.0000
 20
-23869.0000
 30
0.0000
 11
37993.0000
 21
-23849.0000
 31
0.0000
  0
LINE
  5
559
  8
מים
 10
37993.0000
 20
-23849.0000
 30
0.0000
 11
37973.0000
 21
-23849.0000
 31
0.0000
  0
LINE
  5
55A
  8
מים
 10
37973.0000
 20
-23849.0000
 30
0.0000
 11
37973.0000
 21
-23869.0000
 31
0.0000
  0
LINE
  5
55B
  8
מים
 10
37983.0000
 20
-23869.0000
 30
0.0000
 11
37983.0000
 21
-23863.4000
 31
0.0000
  0
LINE
  5
55C
  8
מים
 10
37978.6000
 20
-23854.6000
 30
0.0000
 11
37987.4000
 21
-23854.6000
 31
0.0000
  0
LINE
  5
55D
  8
מים
 10
37987.4000
 20
-23854.6000
 30
0.0000
 11
37983.0000
 21
-23859.0000
 31
0.0000
  0
LINE
  5
55E
  8
מים
 10
37983.0000
 20
-23859.0000
 30
0.0000
 11
37978.6000
 21
-23854.6000
 31
0.0000
  0
LINE
  5
55F
  8
מים
 10
37978.6000
 20
-23863.4000
 30
0.0000
 11
37987.4000
 21
-23863.4000
 31
0.0000
  0
LINE
  5
560
  8
מים
 10
37987.4000
 20
-23863.4000
 30
0.0000
 11
37983.0000
 21
-23859.0000
 31
0.0000
  0
LINE
  5
561
  8
מים
 10
37983.0000
 20
-23859.0000
 30
0.0000
 11
37978.6000
 21
-23863.4000
 31
0.0000
  0
ARC
  5
562
  8
מים
 10
37983.0000
 20
-23859.0000
 30
0.0000
 40
0.9000
 50
0.0000
 51
360.0000
  0
LINE
  5
563
  8
מים - מידות
 10
39500.0000
 20
-24378.0000
 30
0.0000
 11
39500.0000
 21
-22845.5000
 31
0.0000
  0
LINE
  5
564
  8
מים - מידות
 10
37983.0000
 20
-24378.0000
 30
0.0000
 11
37983.0000
 21
-22845.5000
 31
0.0000
  0
LINE
  5
565
  8
מים - מידות
 10
39500.0000
 20
-22905.5000
 30
0.0000
 11
37983.0000
 21
-22905.5000
 31
0.0000
  0
SOLID
  5
566
  8
מים - מידות
 10
39500.0000
 20
-22905.5000
 30
0.0000
 11
39615.0000
 21
-22873.5000
 31
0.0000
 12
39615.0000
 22
-22937.5000
 32
0.0000
 13
39615.0000
 23
-22937.5000
 33
0.0000
  0
SOLID
  5
567
  8
מים - מידות
 10
37983.0000
 20
-22905.5000
 30
0.0000
 11
37868.0000
 21
-22873.5000
 31
0.0000
 12
37868.0000
 22
-22937.5000
 32
0.0000
 13
37868.0000
 23
-22937.5000
 33
0.0000
  0
TEXT
  5
568
  8
מים - מידות
 10
38741.5000
 20
-22810.5000
 30
0.0000
 40
100.0000
  1
151.7
 50
360.0000
  7
SOLINE
 72
1
 73
2
 11
38741.5000
 21
-22810.5000
 31
0.0000
  0
LINE
  5
569
  8
מים - מידות
 10
38023.0000
 20
-24418.0000
 30
0.0000
 11
38240.5000
 21
-24418.0000
 31
0.0000
  0
LINE
  5
56A
  8
מים - מידות
 10
38023.0000
 20
-23859.0000
 30
0.0000
 11
38240.5000
 21
-23859.0000
 31
0.0000
  0
LINE
  5
56B
  8
מים - מידות
 10
38180.5000
 20
-24418.0000
 30
0.0000
 11
38180.5000
 21
-23859.0000
 31
0.0000
  0
SOLID
  5
56C
  8
מים - מידות
 10
38180.5000
 20
-24418.0000
 30
0.0000
 11
38212.5000
 21
-24533.0000
 31
0.0000
 12
38148.5000
 22
-24533.0000
 32
0.0000
 13
38148.5000
 23
-24533.0000
 33
0.0000
  0
SOLID
  5
56D
  8
מים - מידות
 10
38180.5000
 20
-23859.0000
 30
0.0000
 11
38212.5000
 21
-23744.0000
 31
0.0000
 12
38148.5000
 22
-23744.0000
 32
0.0000
 13
38148.5000
 23
-23744.0000
 33
0.0000
  0
TEXT
  5
56E
  8
מים - מידות
 10
38275.5000
 20
-24138.5000
 30
0.0000
 40
100.0000
  1
55.9
 50
90.0000
  7
SOLINE
 72
1
 73
2
 11
38275.5000
 21
-24138.5000
 31
0.0000
  0
LINE
  5
56F
  8
מים
 10
37819.0000
 20
-23876.0000
 30
0.0000
 11
37839.0000
 21
-23876.0000
 31
0.0000
  0
LINE
  5
570
  8
מים
 10
37839.0000
 20
-23876.0000
 30
0.0000
 11
37839.0000
 21
-23856.0000
 31
0.0000
  0
LINE
  5
571
  8
מים
 10
37839.0000
 20
-23856.0000
 30
0.0000
 11
37819.0000
 21
-23856.0000
 31
0.0000
  0
LINE
  5
572
  8
מים
 10
37819.0000
 20
-23856.0000
 30
0.0000
 11
37819.0000
 21
-23876.0000
 31
0.0000
  0
LINE
  5
573
  8
מים
 10
37829.0000
 20
-23876.0000
 30
0.0000
 11
37829.0000
 21
-23870.4000
 31
0.0000
  0
LINE
  5
574
  8
מים
 10
37824.6000
 20
-23861.6000
 30
0.0000
 11
37833.4000
 21
-23861.6000
 31
0.0000
  0
LINE
  5
575
  8
מים
 10
37833.4000
 20
-23861.6000
 30
0.0000
 11
37829.0000
 21
-23866.0000
 31
0.0000
  0
LINE
  5
576
  8
מים
 10
37829.0000
 20
-23866.0000
 30
0.0000
 11
37824.6000
 21
-23861.6000
 31
0.0000
  0
LINE
  5
577
  8
מים
 10
37824.6000
 20
-23870.4000
 30
0.0000
 11
37833.4000
 21
-23870.4000
 31
0.0000
  0
LINE
  5
578
  8
מים
 10
37833.4000
 20
-23870.4000
 30
0.0000
 11
37829.0000
 21
-23866.0000
 31
0.0000
  0
LINE
  5
579
  8
מים
 10
37829.0000
 20
-23866.0000
 30
0.0000
 11
37824.6000
 21
-23870.4000
 31
0.0000
  0
ARC
  5
57A
  8
מים
 10
37829.0000
 20
-23866.0000
 30
0.0000
 40
0.9000
 50
0.0000
 51
360.0000
  0
LINE
  5
57B
  8
מים - מידות
 10
39500.0000
 20
-24378.0000
 30
0.0000
 11
39500.0000
 21
-22495.5000
 31
0.0000
  0
LINE
  5
57C
  8
מים - מידות
 10
37829.0000
 20
-24378.0000
 30
0.0000
 11
37829.0000
 21
-22495.5000
 31
0.0000
  0
LINE
  5
57D
  8
מים - מידות
 10
39500.0000
 20
-22555.5000
 30
0.0000
 11
37829.0000
 21
-22555.5000
 31
0.0000
  0
SOLID
  5
57E
  8
מים - מידות
 10
39500.0000
 20
-22555.5000
 30
0.0000
 11
39615.0000
 21
-22523.5000
 31
0.0000
 12
39615.0000
 22
-22587.5000
 32
0.0000
 13
39615.0000
 23
-22587.5000
 33
0.0000
  0
SOLID
  5
57F
  8
מים - מידות
 10
37829.0000
 20
-22555.5000
 30
0.0000
 11
37714.0000
 21
-22523.5000
 31
0.0000
 12
37714.0000
 22
-22587.5000
 32
0.0000
 13
37714.0000
 23
-22587.5000
 33
0.0000
  0
TEXT
  5
580
  8
מים - מידות
 10
38664.5000
 20
-22460.5000
 30
0.0000
 40
100.0000
  1
167.1
 50
360.0000
  7
SOLINE
 72
1
 73
2
 11
38664.5000
 21
-22460.5000
 31
0.0000
  0
LINE
  5
581
  8
מים - מידות
 10
37789.0000
 20
-24418.0000
 30
0.0000
 11
37571.5000
 21
-24418.0000
 31
0.0000
  0
LINE
  5
582
  8
מים - מידות
 10
37789.0000
 20
-23866.0000
 30
0.0000
 11
37571.5000
 21
-23866.0000
 31
0.0000
  0
LINE
  5
583
  8
מים - מידות
 10
37631.5000
 20
-24418.0000
 30
0.0000
 11
37631.5000
 21
-23866.0000
 31
0.0000
  0
SOLID
  5
584
  8
מים - מידות
 10
37631.5000
 20
-24418.0000
 30
0.0000
 11
37599.5000
 21
-24533.0000
 31
0.0000
 12
37663.5000
 22
-24533.0000
 32
0.0000
 13
37663.5000
 23
-24533.0000
 33
0.0000
  0
SOLID
  5
585
  8
מים - מידות
 10
37631.5000
 20
-23866.0000
 30
0.0000
 11
37599.5000
 21
-23751.0000
 31
0.0000
 12
37663.5000
 22
-23751.0000
 32
0.0000
 13
37663.5000
 23
-23751.0000
 33
0.0000
  0
TEXT
  5
586
  8
מים - מידות
 10
37536.5000
 20
-24142.0000
 30
0.0000
 40
100.0000
  1
55.2
 50
90.0000
  7
SOLINE
 72
1
 73
2
 11
37536.5000
 21
-24142.0000
 31
0.0000
  0
LINE
  5
587
  8
חשמל
 10
37619.0000
 20
-23964.0000
 30
0.0000
 11
37699.0000
 21
-23964.0000
 31
0.0000
  0
LINE
  5
588
  8
חשמל
 10
37699.0000
 20
-23964.0000
 30
0.0000
 11
37699.0000
 21
-23884.0000
 31
0.0000
  0
LINE
  5
589
  8
חשמל
 10
37699.0000
 20
-23884.0000
 30
0.0000
 11
37619.0000
 21
-23884.0000
 31
0.0000
  0
LINE
  5
58A
  8
חשמל
 10
37619.0000
 20
-23884.0000
 30
0.0000
 11
37619.0000
 21
-23964.0000
 31
0.0000
  0
LINE
  5
58B
  8
חשמל
 10
37659.0000
 20
-23964.0000
 30
0.0000
 11
37659.0000
 21
-23927.2000
 31
0.0000
  0
LINE
  5
58C
  8
חשמל
 10
37633.4000
 20
-23927.2000
 30
0.0000
 11
37633.5610
 21
-23924.3337
 31
0.0000
  0
LINE
  5
58D
  8
חשמל
 10
37633.5610
 20
-23924.3337
 30
0.0000
 11
37634.0418
 21
-23921.5035
 31
0.0000
  0
LINE
  5
58E
  8
חשמל
 10
37634.0418
 20
-23921.5035
 30
0.0000
 11
37634.8366
 21
-23918.7449
 31
0.0000
  0
LINE
  5
58F
  8
חשמל
 10
37634.8366
 20
-23918.7449
 30
0.0000
 11
37635.9352
 21
-23916.0926
 31
0.0000
  0
LINE
  5
590
  8
חשמל
 10
37635.9352
 20
-23916.0926
 30
0.0000
 11
37637.3239
 21
-23913.5800
 31
0.0000
  0
LINE
  5
591
  8
חשמל
 10
37637.3239
 20
-23913.5800
 30
0.0000
 11
37638.9851
 21
-23911.2387
 31
0.0000
  0
LINE
  5
592
  8
חשמל
 10
37638.9851
 20
-23911.2387
 30
0.0000
 11
37640.8981
 21
-23909.0981
 31
0.0000
  0
LINE
  5
593
  8
חשמל
 10
37640.8981
 20
-23909.0981
 30
0.0000
 11
37643.0387
 21
-23907.1851
 31
0.0000
  0
LINE
  5
594
  8
חשמל
 10
37643.0387
 20
-23907.1851
 30
0.0000
 11
37645.3800
 21
-23905.5239
 31
0.0000
  0
LINE
  5
595
  8
חשמל
 10
37645.3800
 20
-23905.5239
 30
0.0000
 11
37647.8926
 21
-23904.1352
 31
0.0000
  0
LINE
  5
596
  8
חשמל
 10
37647.8926
 20
-23904.1352
 30
0.0000
 11
37650.5449
 21
-23903.0366
 31
0.0000
  0
LINE
  5
597
  8
חשמל
 10
37650.5449
 20
-23903.0366
 30
0.0000
 11
37653.3035
 21
-23902.2418
 31
0.0000
  0
LINE
  5
598
  8
חשמל
 10
37653.3035
 20
-23902.2418
 30
0.0000
 11
37656.1337
 21
-23901.7610
 31
0.0000
  0
LINE
  5
599
  8
חשמל
 10
37656.1337
 20
-23901.7610
 30
0.0000
 11
37659.0000
 21
-23901.6000
 31
0.0000
  0
LINE
  5
59A
  8
חשמל
 10
37659.0000
 20
-23901.6000
 30
0.0000
 11
37661.8663
 21
-23901.7610
 31
0.0000
  0
LINE
  5
59B
  8
חשמל
 10
37661.8663
 20
-23901.7610
 30
0.0000
 11
37664.6965
 21
-23902.2418
 31
0.0000
  0
LINE
  5
59C
  8
חשמל
 10
37664.6965
 20
-23902.2418
 30
0.0000
 11
37667.4551
 21
-23903.0366
 31
0.0000
  0
LINE
  5
59D
  8
חשמל
 10
37667.4551
 20
-23903.0366
 30
0.0000
 11
37670.1074
 21
-23904.1352
 31
0.0000
  0
LINE
  5
59E
  8
חשמל
 10
37670.1074
 20
-23904.1352
 30
0.0000
 11
37672.6200
 21
-23905.5239
 31
0.0000
  0
LINE
  5
59F
  8
חשמל
 10
37672.6200
 20
-23905.5239
 30
0.0000
 11
37674.9613
 21
-23907.1851
 31
0.0000
  0
LINE
  5
5A0
  8
חשמל
 10
37674.9613
 20
-23907.1851
 30
0.0000
 11
37677.1019
 21
-23909.0981
 31
0.0000
  0
LINE
  5
5A1
  8
חשמל
 10
37677.1019
 20
-23909.0981
 30
0.0000
 11
37679.0149
 21
-23911.2387
 31
0.0000
  0
LINE
  5
5A2
  8
חשמל
 10
37679.0149
 20
-23911.2387
 30
0.0000
 11
37680.6761
 21
-23913.5800
 31
0.0000
  0
LINE
  5
5A3
  8
חשמל
 10
37680.6761
 20
-23913.5800
 30
0.0000
 11
37682.0648
 21
-23916.0926
 31
0.0000
  0
LINE
  5
5A4
  8
חשמל
 10
37682.0648
 20
-23916.0926
 30
0.0000
 11
37683.1634
 21
-23918.7449
 31
0.0000
  0
LINE
  5
5A5
  8
חשמל
 10
37683.1634
 20
-23918.7449
 30
0.0000
 11
37683.9582
 21
-23921.5035
 31
0.0000
  0
LINE
  5
5A6
  8
חשמל
 10
37683.9582
 20
-23921.5035
 30
0.0000
 11
37684.4390
 21
-23924.3337
 31
0.0000
  0
LINE
  5
5A7
  8
חשמל
 10
37684.4390
 20
-23924.3337
 30
0.0000
 11
37684.6000
 21
-23927.2000
 31
0.0000
  0
LINE
  5
5A8
  8
חשמל
 10
37633.4000
 20
-23927.2000
 30
0.0000
 11
37684.6000
 21
-23927.2000
 31
0.0000
  0
LINE
  5
5A9
  8
חשמל - מידות
 10
39500.0000
 20
-24378.0000
 30
0.0000
 11
39500.0000
 21
-22145.5000
 31
0.0000
  0
LINE
  5
5AA
  8
חשמל - מידות
 10
37659.0000
 20
-24378.0000
 30
0.0000
 11
37659.0000
 21
-22145.5000
 31
0.0000
  0
LINE
  5
5AB
  8
חשמל - מידות
 10
39500.0000
 20
-22205.5000
 30
0.0000
 11
37659.0000
 21
-22205.5000
 31
0.0000
  0
SOLID
  5
5AC
  8
חשמל - מידות
 10
39500.0000
 20
-22205.5000
 30
0.0000
 11
39615.0000
 21
-22173.5000
 31
0.0000
 12
39615.0000
 22
-22237.5000
 32
0.0000
 13
39615.0000
 23
-22237.5000
 33
0.0000
  0
SOLID
  5
5AD
  8
חשמל - מידות
 10
37659.0000
 20
-22205.5000
 30
0.0000
 11
37544.0000
 21
-22173.5000
 31
0.0000
 12
37544.0000
 22
-22237.5000
 32
0.0000
 13
37544.0000
 23
-22237.5000
 33
0.0000
  0
TEXT
  5
5AE
  8
חשמל - מידות
 10
38579.5000
 20
-22110.5000
 30
0.0000
 40
100.0000
  1
184.1
 50
360.0000
  7
SOLINE
 72
1
 73
2
 11
38579.5000
 21
-22110.5000
 31
0.0000
  0
LINE
  5
5AF
  8
חשמל - מידות
 10
37699.0000
 20
-24418.0000
 30
0.0000
 11
37946.5000
 21
-24418.0000
 31
0.0000
  0
LINE
  5
5B0
  8
חשמל - מידות
 10
37699.0000
 20
-23924.0000
 30
0.0000
 11
37946.5000
 21
-23924.0000
 31
0.0000
  0
LINE
  5
5B1
  8
חשמל - מידות
 10
37886.5000
 20
-24418.0000
 30
0.0000
 11
37886.5000
 21
-23924.0000
 31
0.0000
  0
SOLID
  5
5B2
  8
חשמל - מידות
 10
37886.5000
 20
-24418.0000
 30
0.0000
 11
37918.5000
 21
-24533.0000
 31
0.0000
 12
37854.5000
 22
-24533.0000
 32
0.0000
 13
37854.5000
 23
-24533.0000
 33
0.0000
  0
SOLID
  5
5B3
  8
חשמל - מידות
 10
37886.5000
 20
-23924.0000
 30
0.0000
 11
37918.5000
 21
-23809.0000
 31
0.0000
 12
37854.5000
 22
-23809.0000
 32
0.0000
 13
37854.5000
 23
-23809.0000
 33
0.0000
  0
TEXT
  5
5B4
  8
חשמל - מידות
 10
37981.5000
 20
-24171.0000
 30
0.0000
 40
100.0000
  1
49.4
 50
90.0000
  7
SOLINE
 72
1
 73
2
 11
37981.5000
 21
-24171.0000
 31
0.0000
  0
LINE
  5
5B5
  8
ניקוז
 10
37761.0000
 20
-24418.0000
 30
0.0000
 11
37811.0000
 21
-24418.0000
 31
0.0000
  0
LINE
  5
5B6
  8
ניקוז
 10
37811.0000
 20
-24418.0000
 30
0.0000
 11
37811.0000
 21
-24368.0000
 31
0.0000
  0
LINE
  5
5B7
  8
ניקוז
 10
37811.0000
 20
-24368.0000
 30
0.0000
 11
37761.0000
 21
-24368.0000
 31
0.0000
  0
LINE
  5
5B8
  8
ניקוז
 10
37761.0000
 20
-24368.0000
 30
0.0000
 11
37761.0000
 21
-24418.0000
 31
0.0000
  0
LINE
  5
5B9
  8
ניקוז
 10
37786.0000
 20
-24418.0000
 30
0.0000
 11
37786.0000
 21
-24379.0000
 31
0.0000
  0
ARC
  5
5BA
  8
ניקוז
 10
37786.0000
 20
-24393.0000
 30
0.0000
 40
15.0000
 50
0.0000
 51
360.0000
  0
LINE
  5
5BB
  8
ניקוז
 10
37777.0000
 20
-24396.0000
 30
0.0000
 11
37782.0000
 21
-24390.0000
 31
0.0000
  0
LINE
  5
5BC
  8
ניקוז
 10
37782.0000
 20
-24390.0000
 30
0.0000
 11
37786.0000
 21
-24396.0000
 31
0.0000
  0
LINE
  5
5BD
  8
ניקוז
 10
37786.0000
 20
-24396.0000
 30
0.0000
 11
37790.0000
 21
-24390.0000
 31
0.0000
  0
LINE
  5
5BE
  8
ניקוז
 10
37790.0000
 20
-24390.0000
 30
0.0000
 11
37795.0000
 21
-24396.0000
 31
0.0000
  0
LINE
  5
5BF
  8
ניקוז - מידות
 10
39500.0000
 20
-24378.0000
 30
0.0000
 11
39500.0000
 21
-21795.5000
 31
0.0000
  0
LINE
  5
5C0
  8
ניקוז - מידות
 10
37786.0000
 20
-24378.0000
 30
0.0000
 11
37786.0000
 21
-21795.5000
 31
0.0000
  0
LINE
  5
5C1
  8
ניקוז - מידות
 10
39500.0000
 20
-21855.5000
 30
0.0000
 11
37786.0000
 21
-21855.5000
 31
0.0000
  0
SOLID
  5
5C2
  8
ניקוז - מידות
 10
39500.0000
 20
-21855.5000
 30
0.0000
 11
39615.0000
 21
-21823.5000
 31
0.0000
 12
39615.0000
 22
-21887.5000
 32
0.0000
 13
39615.0000
 23
-21887.5000
 33
0.0000
  0
SOLID
  5
5C3
  8
ניקוז - מידות
 10
37786.0000
 20
-21855.5000
 30
0.0000
 11
37671.0000
 21
-21823.5000
 31
0.0000
 12
37671.0000
 22
-21887.5000
 32
0.0000
 13
37671.0000
 23
-21887.5000
 33
0.0000
  0
TEXT
  5
5C4
  8
ניקוז - מידות
 10
38643.0000
 20
-21760.5000
 30
0.0000
 40
100.0000
  1
171.4
 50
360.0000
  7
SOLINE
 72
1
 73
2
 11
38643.0000
 21
-21760.5000
 31
0.0000
  0
LINE
  5
5C5
  8
ניקוז - מידות
 10
37786.0000
 20
-24418.0000
 30
0.0000
 11
37786.0000
 21
-24418.0000
 31
0.0000
  0
LINE
  5
5C6
  8
ניקוז - מידות
 10
37786.0000
 20
-24418.0000
 30
0.0000
 11
37786.0000
 21
-24418.0000
 31
0.0000
  0
LINE
  5
5C7
  8
ניקוז - מידות
 10
37786.0000
 20
-24418.0000
 30
0.0000
 11
37786.0000
 21
-24418.0000
 31
0.0000
  0
SOLID
  5
5C8
  8
ניקוז - מידות
 10
37786.0000
 20
-24418.0000
 30
0.0000
 11
37786.0000
 21
-24418.0000
 31
0.0000
 12
37786.0000
 22
-24418.0000
 32
0.0000
 13
37786.0000
 23
-24418.0000
 33
0.0000
  0
SOLID
  5
5C9
  8
ניקוז - מידות
 10
37786.0000
 20
-24418.0000
 30
0.0000
 11
37786.0000
 21
-24418.0000
 31
0.0000
 12
37786.0000
 22
-24418.0000
 32
0.0000
 13
37786.0000
 23
-24418.0000
 33
0.0000
  0
TEXT
  5
5CA
  8
ניקוז - מידות
 10
37786.0000
 20
-24418.0000
 30
0.0000
 40
100.0000
  1
0.1
 50
0.0000
  7
SOLINE
 72
1
 73
2
 11
37786.0000
 21
-24418.0000
 31
0.0000
  0
LINE
  5
5CB
  8
חשמל
 10
37138.0000
 20
-23343.0000
 30
0.0000
 11
37298.0000
 21
-23343.0000
 31
0.0000
  0
LINE
  5
5CC
  8
חשמל
 10
37298.0000
 20
-23343.0000
 30
0.0000
 11
37298.0000
 21
-23263.0000
 31
0.0000
  0
LINE
  5
5CD
  8
חשמל
 10
37298.0000
 20
-23263.0000
 30
0.0000
 11
37138.0000
 21
-23263.0000
 31
0.0000
  0
LINE
  5
5CE
  8
חשמל
 10
37138.0000
 20
-23263.0000
 30
0.0000
 11
37138.0000
 21
-23343.0000
 31
0.0000
  0
LINE
  5
5CF
  8
חשמל
 10
37218.0000
 20
-23343.0000
 30
0.0000
 11
37218.0000
 21
-23306.2000
 31
0.0000
  0
LINE
  5
5D0
  8
חשמל
 10
37138.8960
 20
-23306.2000
 30
0.0000
 11
37139.1375
 21
-23304.0503
 31
0.0000
  0
LINE
  5
5D1
  8
חשמל
 10
37139.1375
 20
-23304.0503
 30
0.0000
 11
37139.8588
 21
-23301.9276
 31
0.0000
  0
LINE
  5
5D2
  8
חשמל
 10
37139.8588
 20
-23301.9276
 30
0.0000
 11
37141.0509
 21
-23299.8586
 31
0.0000
  0
LINE
  5
5D3
  8
חשמל
 10
37141.0509
 20
-23299.8586
 30
0.0000
 11
37142.6988
 21
-23297.8694
 31
0.0000
  0
LINE
  5
5D4
  8
חשמל
 10
37142.6988
 20
-23297.8694
 30
0.0000
 11
37144.7818
 21
-23295.9850
 31
0.0000
  0
LINE
  5
5D5
  8
חשמל
 10
37144.7818
 20
-23295.9850
 30
0.0000
 11
37147.2737
 21
-23294.2290
 31
0.0000
  0
LINE
  5
5D6
  8
חשמל
 10
37147.2737
 20
-23294.2290
 30
0.0000
 11
37150.1431
 21
-23292.6235
 31
0.0000
  0
LINE
  5
5D7
  8
חשמל
 10
37150.1431
 20
-23292.6235
 30
0.0000
 11
37153.3540
 21
-23291.1888
 31
0.0000
  0
LINE
  5
5D8
  8
חשמל
 10
37153.3540
 20
-23291.1888
 30
0.0000
 11
37156.8660
 21
-23289.9429
 31
0.0000
  0
LINE
  5
5D9
  8
חשמל
 10
37156.8660
 20
-23289.9429
 30
0.0000
 11
37160.6349
 21
-23288.9014
 31
0.0000
  0
LINE
  5
5DA
  8
חשמל
 10
37160.6349
 20
-23288.9014
 30
0.0000
 11
37164.6133
 21
-23288.0774
 31
0.0000
  0
LINE
  5
5DB
  8
חשמל
 10
37164.6133
 20
-23288.0774
 30
0.0000
 11
37168.7512
 21
-23287.4814
 31
0.0000
  0
LINE
  5
5DC
  8
חשמל
 10
37168.7512
 20
-23287.4814
 30
0.0000
 11
37172.9966
 21
-23287.1207
 31
0.0000
  0
LINE
  5
5DD
  8
חשמל
 10
37172.9966
 20
-23287.1207
 30
0.0000
 11
37177.2960
 21
-23287.0000
 31
0.0000
  0
LINE
  5
5DE
  8
חשמל
 10
37177.2960
 20
-23287.0000
 30
0.0000
 11
37181.5954
 21
-23287.1207
 31
0.0000
  0
LINE
  5
5DF
  8
חשמל
 10
37181.5954
 20
-23287.1207
 30
0.0000
 11
37185.8408
 21
-23287.4814
 31
0.0000
  0
LINE
  5
5E0
  8
חשמל
 10
37185.8408
 20
-23287.4814
 30
0.0000
 11
37189.9787
 21
-23288.0774
 31
0.0000
  0
LINE
  5
5E1
  8
חשמל
 10
37189.9787
 20
-23288.0774
 30
0.0000
 11
37193.9571
 21
-23288.9014
 31
0.0000
  0
LINE
  5
5E2
  8
חשמל
 10
37193.9571
 20
-23288.9014
 30
0.0000
 11
37197.7260
 21
-23289.9429
 31
0.0000
  0
LINE
  5
5E3
  8
חשמל
 10
37197.7260
 20
-23289.9429
 30
0.0000
 11
37201.2380
 21
-23291.1888
 31
0.0000
  0
LINE
  5
5E4
  8
חשמל
 10
37201.2380
 20
-23291.1888
 30
0.0000
 11
37204.4489
 21
-23292.6235
 31
0.0000
  0
LINE
  5
5E5
  8
חשמל
 10
37204.4489
 20
-23292.6235
 30
0.0000
 11
37207.3183
 21
-23294.2290
 31
0.0000
  0
LINE
  5
5E6
  8
חשמל
 10
37207.3183
 20
-23294.2290
 30
0.0000
 11
37209.8102
 21
-23295.9850
 31
0.0000
  0
LINE
  5
5E7
  8
חשמל
 10
37209.8102
 20
-23295.9850
 30
0.0000
 11
37211.8932
 21
-23297.8694
 31
0.0000
  0
LINE
  5
5E8
  8
חשמל
 10
37211.8932
 20
-23297.8694
 30
0.0000
 11
37213.5411
 21
-23299.8586
 31
0.0000
  0
LINE
  5
5E9
  8
חשמל
 10
37213.5411
 20
-23299.8586
 30
0.0000
 11
37214.7332
 21
-23301.9276
 31
0.0000
  0
LINE
  5
5EA
  8
חשמל
 10
37214.7332
 20
-23301.9276
 30
0.0000
 11
37215.4545
 21
-23304.0503
 31
0.0000
  0
LINE
  5
5EB
  8
חשמל
 10
37215.4545
 20
-23304.0503
 30
0.0000
 11
37215.6960
 21
-23306.2000
 31
0.0000
  0
LINE
  5
5EC
  8
חשמל
 10
37138.8960
 20
-23306.2000
 30
0.0000
 11
37215.6960
 21
-23306.2000
 31
0.0000
  0
LINE
  5
5ED
  8
חשמל
 10
37220.3040
 20
-23306.2000
 30
0.0000
 11
37220.5455
 21
-23304.0503
 31
0.0000
  0
LINE
  5
5EE
  8
חשמל
 10
37220.5455
 20
-23304.0503
 30
0.0000
 11
37221.2668
 21
-23301.9276
 31
0.0000
  0
LINE
  5
5EF
  8
חשמל
 10
37221.2668
 20
-23301.9276
 30
0.0000
 11
37222.4589
 21
-23299.8586
 31
0.0000
  0
LINE
  5
5F0
  8
חשמל
 10
37222.4589
 20
-23299.8586
 30
0.0000
 11
37224.1068
 21
-23297.8694
 31
0.0000
  0
LINE
  5
5F1
  8
חשמל
 10
37224.1068
 20
-23297.8694
 30
0.0000
 11
37226.1898
 21
-23295.9850
 31
0.0000
  0
LINE
  5
5F2
  8
חשמל
 10
37226.1898
 20
-23295.9850
 30
0.0000
 11
37228.6817
 21
-23294.2290
 31
0.0000
  0
LINE
  5
5F3
  8
חשמל
 10
37228.6817
 20
-23294.2290
 30
0.0000
 11
37231.5511
 21
-23292.6235
 31
0.0000
  0
LINE
  5
5F4
  8
חשמל
 10
37231.5511
 20
-23292.6235
 30
0.0000
 11
37234.7620
 21
-23291.1888
 31
0.0000
  0
LINE
  5
5F5
  8
חשמל
 10
37234.7620
 20
-23291.1888
 30
0.0000
 11
37238.2740
 21
-23289.9429
 31
0.0000
  0
LINE
  5
5F6
  8
חשמל
 10
37238.2740
 20
-23289.9429
 30
0.0000
 11
37242.0429
 21
-23288.9014
 31
0.0000
  0
LINE
  5
5F7
  8
חשמל
 10
37242.0429
 20
-23288.9014
 30
0.0000
 11
37246.0213
 21
-23288.0774
 31
0.0000
  0
LINE
  5
5F8
  8
חשמל
 10
37246.0213
 20
-23288.0774
 30
0.0000
 11
37250.1592
 21
-23287.4814
 31
0.0000
  0
LINE
  5
5F9
  8
חשמל
 10
37250.1592
 20
-23287.4814
 30
0.0000
 11
37254.4046
 21
-23287.1207
 31
0.0000
  0
LINE
  5
5FA
  8
חשמל
 10
37254.4046
 20
-23287.1207
 30
0.0000
 11
37258.7040
 21
-23287.0000
 31
0.0000
  0
LINE
  5
5FB
  8
חשמל
 10
37258.7040
 20
-23287.0000
 30
0.0000
 11
37263.0034
 21
-23287.1207
 31
0.0000
  0
LINE
  5
5FC
  8
חשמל
 10
37263.0034
 20
-23287.1207
 30
0.0000
 11
37267.2488
 21
-23287.4814
 31
0.0000
  0
LINE
  5
5FD
  8
חשמל
 10
37267.2488
 20
-23287.4814
 30
0.0000
 11
37271.3867
 21
-23288.0774
 31
0.0000
  0
LINE
  5
5FE
  8
חשמל
 10
37271.3867
 20
-23288.0774
 30
0.0000
 11
37275.3651
 21
-23288.9014
 31
0.0000
  0
LINE
  5
5FF
  8
חשמל
 10
37275.3651
 20
-23288.9014
 30
0.0000
 11
37279.1340
 21
-23289.9429
 31
0.0000
  0
LINE
  5
600
  8
חשמל
 10
37279.1340
 20
-23289.9429
 30
0.0000
 11
37282.6460
 21
-23291.1888
 31
0.0000
  0
LINE
  5
601
  8
חשמל
 10
37282.6460
 20
-23291.1888
 30
0.0000
 11
37285.8569
 21
-23292.6235
 31
0.0000
  0
LINE
  5
602
  8
חשמל
 10
37285.8569
 20
-23292.6235
 30
0.0000
 11
37288.7263
 21
-23294.2290
 31
0.0000
  0
LINE
  5
603
  8
חשמל
 10
37288.7263
 20
-23294.2290
 30
0.0000
 11
37291.2182
 21
-23295.9850
 31
0.0000
  0
LINE
  5
604
  8
חשמל
 10
37291.2182
 20
-23295.9850
 30
0.0000
 11
37293.3012
 21
-23297.8694
 31
0.0000
  0
LINE
  5
605
  8
חשמל
 10
37293.3012
 20
-23297.8694
 30
0.0000
 11
37294.9491
 21
-23299.8586
 31
0.0000
  0
LINE
  5
606
  8
חשמל
 10
37294.9491
 20
-23299.8586
 30
0.0000
 11
37296.1412
 21
-23301.9276
 31
0.0000
  0
LINE
  5
607
  8
חשמל
 10
37296.1412
 20
-23301.9276
 30
0.0000
 11
37296.8625
 21
-23304.0503
 31
0.0000
  0
LINE
  5
608
  8
חשמל
 10
37296.8625
 20
-23304.0503
 30
0.0000
 11
37297.1040
 21
-23306.2000
 31
0.0000
  0
LINE
  5
609
  8
חשמל
 10
37220.3040
 20
-23306.2000
 30
0.0000
 11
37297.1040
 21
-23306.2000
 31
0.0000
  0
LINE
  5
60A
  8
חשמל - מידות
 10
35330.0000
 20
-24458.0000
 30
0.0000
 11
35330.0000
 21
-27390.5000
 31
0.0000
  0
LINE
  5
60B
  8
חשמל - מידות
 10
37218.0000
 20
-24458.0000
 30
0.0000
 11
37218.0000
 21
-27390.5000
 31
0.0000
  0
LINE
  5
60C
  8
חשמל - מידות
 10
35330.0000
 20
-27330.5000
 30
0.0000
 11
37218.0000
 21
-27330.5000
 31
0.0000
  0
SOLID
  5
60D
  8
חשמל - מידות
 10
35330.0000
 20
-27330.5000
 30
0.0000
 11
35215.0000
 21
-27362.5000
 31
0.0000
 12
35215.0000
 22
-27298.5000
 32
0.0000
 13
35215.0000
 23
-27298.5000
 33
0.0000
  0
SOLID
  5
60E
  8
חשמל - מידות
 10
37218.0000
 20
-27330.5000
 30
0.0000
 11
37333.0000
 21
-27362.5000
 31
0.0000
 12
37333.0000
 22
-27298.5000
 32
0.0000
 13
37333.0000
 23
-27298.5000
 33
0.0000
  0
TEXT
  5
60F
  8
חשמל - מידות
 10
36274.0000
 20
-27425.5000
 30
0.0000
 40
100.0000
  1
188.8
 50
0.0000
  7
SOLINE
 72
1
 73
2
 11
36274.0000
 21
-27425.5000
 31
0.0000
  0
LINE
  5
610
  8
חשמל - מידות
 10
37258.0000
 20
-24418.0000
 30
0.0000
 11
37545.5000
 21
-24418.0000
 31
0.0000
  0
LINE
  5
611
  8
חשמל - מידות
 10
37258.0000
 20
-23303.0000
 30
0.0000
 11
37545.5000
 21
-23303.0000
 31
0.0000
  0
LINE
  5
612
  8
חשמל - מידות
 10
37485.5000
 20
-24418.0000
 30
0.0000
 11
37485.5000
 21
-23303.0000
 31
0.0000
  0
SOLID
  5
613
  8
חשמל - מידות
 10
37485.5000
 20
-24418.0000
 30
0.0000
 11
37517.5000
 21
-24533.0000
 31
0.0000
 12
37453.5000
 22
-24533.0000
 32
0.0000
 13
37453.5000
 23
-24533.0000
 33
0.0000
  0
SOLID
  5
614
  8
חשמל - מידות
 10
37485.5000
 20
-23303.0000
 30
0.0000
 11
37517.5000
 21
-23188.0000
 31
0.0000
 12
37453.5000
 22
-23188.0000
 32
0.0000
 13
37453.5000
 23
-23188.0000
 33
0.0000
  0
TEXT
  5
615
  8
חשמל - מידות
 10
37580.5000
 20
-23860.5000
 30
0.0000
 40
100.0000
  1
111.5
 50
90.0000
  7
SOLINE
 72
1
 73
2
 11
37580.5000
 21
-23860.5000
 31
0.0000
  0
LINE
  5
616
  8
חשמל
 10
36770.0000
 20
-22890.0000
 30
0.0000
 11
36850.0000
 21
-22890.0000
 31
0.0000
  0
LINE
  5
617
  8
חשמל
 10
36850.0000
 20
-22890.0000
 30
0.0000
 11
36850.0000
 21
-22810.0000
 31
0.0000
  0
LINE
  5
618
  8
חשמל
 10
36850.0000
 20
-22810.0000
 30
0.0000
 11
36770.0000
 21
-22810.0000
 31
0.0000
  0
LINE
  5
619
  8
חשמל
 10
36770.0000
 20
-22810.0000
 30
0.0000
 11
36770.0000
 21
-22890.0000
 31
0.0000
  0
LINE
  5
61A
  8
חשמל
 10
36810.0000
 20
-22890.0000
 30
0.0000
 11
36810.0000
 21
-22853.2000
 31
0.0000
  0
LINE
  5
61B
  8
חשמל
 10
36784.4000
 20
-22853.2000
 30
0.0000
 11
36784.5610
 21
-22850.3337
 31
0.0000
  0
LINE
  5
61C
  8
חשמל
 10
36784.5610
 20
-22850.3337
 30
0.0000
 11
36785.0418
 21
-22847.5035
 31
0.0000
  0
LINE
  5
61D
  8
חשמל
 10
36785.0418
 20
-22847.5035
 30
0.0000
 11
36785.8366
 21
-22844.7449
 31
0.0000
  0
LINE
  5
61E
  8
חשמל
 10
36785.8366
 20
-22844.7449
 30
0.0000
 11
36786.9352
 21
-22842.0926
 31
0.0000
  0
LINE
  5
61F
  8
חשמל
 10
36786.9352
 20
-22842.0926
 30
0.0000
 11
36788.3239
 21
-22839.5800
 31
0.0000
  0
LINE
  5
620
  8
חשמל
 10
36788.3239
 20
-22839.5800
 30
0.0000
 11
36789.9851
 21
-22837.2387
 31
0.0000
  0
LINE
  5
621
  8
חשמל
 10
36789.9851
 20
-22837.2387
 30
0.0000
 11
36791.8981
 21
-22835.0981
 31
0.0000
  0
LINE
  5
622
  8
חשמל
 10
36791.8981
 20
-22835.0981
 30
0.0000
 11
36794.0387
 21
-22833.1851
 31
0.0000
  0
LINE
  5
623
  8
חשמל
 10
36794.0387
 20
-22833.1851
 30
0.0000
 11
36796.3800
 21
-22831.5239
 31
0.0000
  0
LINE
  5
624
  8
חשמל
 10
36796.3800
 20
-22831.5239
 30
0.0000
 11
36798.8926
 21
-22830.1352
 31
0.0000
  0
LINE
  5
625
  8
חשמל
 10
36798.8926
 20
-22830.1352
 30
0.0000
 11
36801.5449
 21
-22829.0366
 31
0.0000
  0
LINE
  5
626
  8
חשמל
 10
36801.5449
 20
-22829.0366
 30
0.0000
 11
36804.3035
 21
-22828.2418
 31
0.0000
  0
LINE
  5
627
  8
חשמל
 10
36804.3035
 20
-22828.2418
 30
0.0000
 11
36807.1337
 21
-22827.7610
 31
0.0000
  0
LINE
  5
628
  8
חשמל
 10
36807.1337
 20
-22827.7610
 30
0.0000
 11
36810.0000
 21
-22827.6000
 31
0.0000
  0
LINE
  5
629
  8
חשמל
 10
36810.0000
 20
-22827.6000
 30
0.0000
 11
36812.8663
 21
-22827.7610
 31
0.0000
  0
LINE
  5
62A
  8
חשמל
 10
36812.8663
 20
-22827.7610
 30
0.0000
 11
36815.6965
 21
-22828.2418
 31
0.0000
  0
LINE
  5
62B
  8
חשמל
 10
36815.6965
 20
-22828.2418
 30
0.0000
 11
36818.4551
 21
-22829.0366
 31
0.0000
  0
LINE
  5
62C
  8
חשמל
 10
36818.4551
 20
-22829.0366
 30
0.0000
 11
36821.1074
 21
-22830.1352
 31
0.0000
  0
LINE
  5
62D
  8
חשמל
 10
36821.1074
 20
-22830.1352
 30
0.0000
 11
36823.6200
 21
-22831.5239
 31
0.0000
  0
LINE
  5
62E
  8
חשמל
 10
36823.6200
 20
-22831.5239
 30
0.0000
 11
36825.9613
 21
-22833.1851
 31
0.0000
  0
LINE
  5
62F
  8
חשמל
 10
36825.9613
 20
-22833.1851
 30
0.0000
 11
36828.1019
 21
-22835.0981
 31
0.0000
  0
LINE
  5
630
  8
חשמל
 10
36828.1019
 20
-22835.0981
 30
0.0000
 11
36830.0149
 21
-22837.2387
 31
0.0000
  0
LINE
  5
631
  8
חשמל
 10
36830.0149
 20
-22837.2387
 30
0.0000
 11
36831.6761
 21
-22839.5800
 31
0.0000
  0
LINE
  5
632
  8
חשמל
 10
36831.6761
 20
-22839.5800
 30
0.0000
 11
36833.0648
 21
-22842.0926
 31
0.0000
  0
LINE
  5
633
  8
חשמל
 10
36833.0648
 20
-22842.0926
 30
0.0000
 11
36834.1634
 21
-22844.7449
 31
0.0000
  0
LINE
  5
634
  8
חשמל
 10
36834.1634
 20
-22844.7449
 30
0.0000
 11
36834.9582
 21
-22847.5035
 31
0.0000
  0
LINE
  5
635
  8
חשמל
 10
36834.9582
 20
-22847.5035
 30
0.0000
 11
36835.4390
 21
-22850.3337
 31
0.0000
  0
LINE
  5
636
  8
חשמל
 10
36835.4390
 20
-22850.3337
 30
0.0000
 11
36835.6000
 21
-22853.2000
 31
0.0000
  0
LINE
  5
637
  8
חשמל
 10
36784.4000
 20
-22853.2000
 30
0.0000
 11
36835.6000
 21
-22853.2000
 31
0.0000
  0
LINE
  5
638
  8
חשמל - מידות
 10
35330.0000
 20
-24458.0000
 30
0.0000
 11
35330.0000
 21
-27740.5000
 31
0.0000
  0
LINE
  5
639
  8
חשמל - מידות
 10
36810.0000
 20
-24458.0000
 30
0.0000
 11
36810.0000
 21
-27740.5000
 31
0.0000
  0
LINE
  5
63A
  8
חשמל - מידות
 10
35330.0000
 20
-27680.5000
 30
0.0000
 11
36810.0000
 21
-27680.5000
 31
0.0000
  0
SOLID
  5
63B
  8
חשמל - מידות
 10
35330.0000
 20
-27680.5000
 30
0.0000
 11
35215.0000
 21
-27712.5000
 31
0.0000
 12
35215.0000
 22
-27648.5000
 32
0.0000
 13
35215.0000
 23
-27648.5000
 33
0.0000
  0
SOLID
  5
63C
  8
חשמל - מידות
 10
36810.0000
 20
-27680.5000
 30
0.0000
 11
36925.0000
 21
-27712.5000
 31
0.0000
 12
36925.0000
 22
-27648.5000
 32
0.0000
 13
36925.0000
 23
-27648.5000
 33
0.0000
  0
TEXT
  5
63D
  8
חשמל - מידות
 10
36070.0000
 20
-27775.5000
 30
0.0000
 40
100.0000
  1
148
 50
0.0000
  7
SOLINE
 72
1
 73
2
 11
36070.0000
 21
-27775.5000
 31
0.0000
  0
LINE
  5
63E
  8
חשמל - מידות
 10
36770.0000
 20
-24418.0000
 30
0.0000
 11
36522.5000
 21
-24418.0000
 31
0.0000
  0
LINE
  5
63F
  8
חשמל - מידות
 10
36770.0000
 20
-22850.0000
 30
0.0000
 11
36522.5000
 21
-22850.0000
 31
0.0000
  0
LINE
  5
640
  8
חשמל - מידות
 10
36582.5000
 20
-24418.0000
 30
0.0000
 11
36582.5000
 21
-22850.0000
 31
0.0000
  0
SOLID
  5
641
  8
חשמל - מידות
 10
36582.5000
 20
-24418.0000
 30
0.0000
 11
36550.5000
 21
-24533.0000
 31
0.0000
 12
36614.5000
 22
-24533.0000
 32
0.0000
 13
36614.5000
 23
-24533.0000
 33
0.0000
  0
SOLID
  5
642
  8
חשמל - מידות
 10
36582.5000
 20
-22850.0000
 30
0.0000
 11
36550.5000
 21
-22735.0000
 31
0.0000
 12
36614.5000
 22
-22735.0000
 32
0.0000
 13
36614.5000
 23
-22735.0000
 33
0.0000
  0
TEXT
  5
643
  8
חשמל - מידות
 10
36487.5000
 20
-23634.0000
 30
0.0000
 40
100.0000
  1
156.8
 50
90.0000
  7
SOLINE
 72
1
 73
2
 11
36487.5000
 21
-23634.0000
 31
0.0000
  0
LINE
  5
644
  8
חשמל
 10
36612.0000
 20
-22893.0000
 30
0.0000
 11
36692.0000
 21
-22893.0000
 31
0.0000
  0
LINE
  5
645
  8
חשמל
 10
36692.0000
 20
-22893.0000
 30
0.0000
 11
36692.0000
 21
-22813.0000
 31
0.0000
  0
LINE
  5
646
  8
חשמל
 10
36692.0000
 20
-22813.0000
 30
0.0000
 11
36612.0000
 21
-22813.0000
 31
0.0000
  0
LINE
  5
647
  8
חשמל
 10
36612.0000
 20
-22813.0000
 30
0.0000
 11
36612.0000
 21
-22893.0000
 31
0.0000
  0
LINE
  5
648
  8
חשמל
 10
36652.0000
 20
-22893.0000
 30
0.0000
 11
36652.0000
 21
-22856.2000
 31
0.0000
  0
LINE
  5
649
  8
חשמל
 10
36626.4000
 20
-22856.2000
 30
0.0000
 11
36626.5610
 21
-22853.3337
 31
0.0000
  0
LINE
  5
64A
  8
חשמל
 10
36626.5610
 20
-22853.3337
 30
0.0000
 11
36627.0418
 21
-22850.5035
 31
0.0000
  0
LINE
  5
64B
  8
חשמל
 10
36627.0418
 20
-22850.5035
 30
0.0000
 11
36627.8366
 21
-22847.7449
 31
0.0000
  0
LINE
  5
64C
  8
חשמל
 10
36627.8366
 20
-22847.7449
 30
0.0000
 11
36628.9352
 21
-22845.0926
 31
0.0000
  0
LINE
  5
64D
  8
חשמל
 10
36628.9352
 20
-22845.0926
 30
0.0000
 11
36630.3239
 21
-22842.5800
 31
0.0000
  0
LINE
  5
64E
  8
חשמל
 10
36630.3239
 20
-22842.5800
 30
0.0000
 11
36631.9851
 21
-22840.2387
 31
0.0000
  0
LINE
  5
64F
  8
חשמל
 10
36631.9851
 20
-22840.2387
 30
0.0000
 11
36633.8981
 21
-22838.0981
 31
0.0000
  0
LINE
  5
650
  8
חשמל
 10
36633.8981
 20
-22838.0981
 30
0.0000
 11
36636.0387
 21
-22836.1851
 31
0.0000
  0
LINE
  5
651
  8
חשמל
 10
36636.0387
 20
-22836.1851
 30
0.0000
 11
36638.3800
 21
-22834.5239
 31
0.0000
  0
LINE
  5
652
  8
חשמל
 10
36638.3800
 20
-22834.5239
 30
0.0000
 11
36640.8926
 21
-22833.1352
 31
0.0000
  0
LINE
  5
653
  8
חשמל
 10
36640.8926
 20
-22833.1352
 30
0.0000
 11
36643.5449
 21
-22832.0366
 31
0.0000
  0
LINE
  5
654
  8
חשמל
 10
36643.5449
 20
-22832.0366
 30
0.0000
 11
36646.3035
 21
-22831.2418
 31
0.0000
  0
LINE
  5
655
  8
חשמל
 10
36646.3035
 20
-22831.2418
 30
0.0000
 11
36649.1337
 21
-22830.7610
 31
0.0000
  0
LINE
  5
656
  8
חשמל
 10
36649.1337
 20
-22830.7610
 30
0.0000
 11
36652.0000
 21
-22830.6000
 31
0.0000
  0
LINE
  5
657
  8
חשמל
 10
36652.0000
 20
-22830.6000
 30
0.0000
 11
36654.8663
 21
-22830.7610
 31
0.0000
  0
LINE
  5
658
  8
חשמל
 10
36654.8663
 20
-22830.7610
 30
0.0000
 11
36657.6965
 21
-22831.2418
 31
0.0000
  0
LINE
  5
659
  8
חשמל
 10
36657.6965
 20
-22831.2418
 30
0.0000
 11
36660.4551
 21
-22832.0366
 31
0.0000
  0
LINE
  5
65A
  8
חשמל
 10
36660.4551
 20
-22832.0366
 30
0.0000
 11
36663.1074
 21
-22833.1352
 31
0.0000
  0
LINE
  5
65B
  8
חשמל
 10
36663.1074
 20
-22833.1352
 30
0.0000
 11
36665.6200
 21
-22834.5239
 31
0.0000
  0
LINE
  5
65C
  8
חשמל
 10
36665.6200
 20
-22834.5239
 30
0.0000
 11
36667.9613
 21
-22836.1851
 31
0.0000
  0
LINE
  5
65D
  8
חשמל
 10
36667.9613
 20
-22836.1851
 30
0.0000
 11
36670.1019
 21
-22838.0981
 31
0.0000
  0
LINE
  5
65E
  8
חשמל
 10
36670.1019
 20
-22838.0981
 30
0.0000
 11
36672.0149
 21
-22840.2387
 31
0.0000
  0
LINE
  5
65F
  8
חשמל
 10
36672.0149
 20
-22840.2387
 30
0.0000
 11
36673.6761
 21
-22842.5800
 31
0.0000
  0
LINE
  5
660
  8
חשמל
 10
36673.6761
 20
-22842.5800
 30
0.0000
 11
36675.0648
 21
-22845.0926
 31
0.0000
  0
LINE
  5
661
  8
חשמל
 10
36675.0648
 20
-22845.0926
 30
0.0000
 11
36676.1634
 21
-22847.7449
 31
0.0000
  0
LINE
  5
662
  8
חשמל
 10
36676.1634
 20
-22847.7449
 30
0.0000
 11
36676.9582
 21
-22850.5035
 31
0.0000
  0
LINE
  5
663
  8
חשמל
 10
36676.9582
 20
-22850.5035
 30
0.0000
 11
36677.4390
 21
-22853.3337
 31
0.0000
  0
LINE
  5
664
  8
חשמל
 10
36677.4390
 20
-22853.3337
 30
0.0000
 11
36677.6000
 21
-22856.2000
 31
0.0000
  0
LINE
  5
665
  8
חשמל
 10
36626.4000
 20
-22856.2000
 30
0.0000
 11
36677.6000
 21
-22856.2000
 31
0.0000
  0
LINE
  5
666
  8
חשמל - מידות
 10
35330.0000
 20
-24458.0000
 30
0.0000
 11
35330.0000
 21
-28090.5000
 31
0.0000
  0
LINE
  5
667
  8
חשמל - מידות
 10
36652.0000
 20
-24458.0000
 30
0.0000
 11
36652.0000
 21
-28090.5000
 31
0.0000
  0
LINE
  5
668
  8
חשמל - מידות
 10
35330.0000
 20
-28030.5000
 30
0.0000
 11
36652.0000
 21
-28030.5000
 31
0.0000
  0
SOLID
  5
669
  8
חשמל - מידות
 10
35330.0000
 20
-28030.5000
 30
0.0000
 11
35215.0000
 21
-28062.5000
 31
0.0000
 12
35215.0000
 22
-27998.5000
 32
0.0000
 13
35215.0000
 23
-27998.5000
 33
0.0000
  0
SOLID
  5
66A
  8
חשמל - מידות
 10
36652.0000
 20
-28030.5000
 30
0.0000
 11
36767.0000
 21
-28062.5000
 31
0.0000
 12
36767.0000
 22
-27998.5000
 32
0.0000
 13
36767.0000
 23
-27998.5000
 33
0.0000
  0
TEXT
  5
66B
  8
חשמל - מידות
 10
35991.0000
 20
-28125.5000
 30
0.0000
 40
100.0000
  1
132.2
 50
0.0000
  7
SOLINE
 72
1
 73
2
 11
35991.0000
 21
-28125.5000
 31
0.0000
  0
LINE
  5
66C
  8
חשמל - מידות
 10
36692.0000
 20
-24418.0000
 30
0.0000
 11
36939.5000
 21
-24418.0000
 31
0.0000
  0
LINE
  5
66D
  8
חשמל - מידות
 10
36692.0000
 20
-22853.0000
 30
0.0000
 11
36939.5000
 21
-22853.0000
 31
0.0000
  0
LINE
  5
66E
  8
חשמל - מידות
 10
36879.5000
 20
-24418.0000
 30
0.0000
 11
36879.5000
 21
-22853.0000
 31
0.0000
  0
SOLID
  5
66F
  8
חשמל - מידות
 10
36879.5000
 20
-24418.0000
 30
0.0000
 11
36911.5000
 21
-24533.0000
 31
0.0000
 12
36847.5000
 22
-24533.0000
 32
0.0000
 13
36847.5000
 23
-24533.0000
 33
0.0000
  0
SOLID
  5
670
  8
חשמל - מידות
 10
36879.5000
 20
-22853.0000
 30
0.0000
 11
36911.5000
 21
-22738.0000
 31
0.0000
 12
36847.5000
 22
-22738.0000
 32
0.0000
 13
36847.5000
 23
-22738.0000
 33
0.0000
  0
TEXT
  5
671
  8
חשמל - מידות
 10
36974.5000
 20
-23635.5000
 30
0.0000
 40
100.0000
  1
156.5
 50
90.0000
  7
SOLINE
 72
1
 73
2
 11
36974.5000
 21
-23635.5000
 31
0.0000
  0
LINE
  5
672
  8
חשמל
 10
35820.0000
 20
-22748.0000
 30
0.0000
 11
35900.0000
 21
-22748.0000
 31
0.0000
  0
LINE
  5
673
  8
חשמל
 10
35900.0000
 20
-22748.0000
 30
0.0000
 11
35900.0000
 21
-22668.0000
 31
0.0000
  0
LINE
  5
674
  8
חשמל
 10
35900.0000
 20
-22668.0000
 30
0.0000
 11
35820.0000
 21
-22668.0000
 31
0.0000
  0
LINE
  5
675
  8
חשמל
 10
35820.0000
 20
-22668.0000
 30
0.0000
 11
35820.0000
 21
-22748.0000
 31
0.0000
  0
LINE
  5
676
  8
חשמל
 10
35860.0000
 20
-22748.0000
 30
0.0000
 11
35860.0000
 21
-22711.2000
 31
0.0000
  0
LINE
  5
677
  8
חשמל
 10
35834.4000
 20
-22711.2000
 30
0.0000
 11
35834.5610
 21
-22708.3337
 31
0.0000
  0
LINE
  5
678
  8
חשמל
 10
35834.5610
 20
-22708.3337
 30
0.0000
 11
35835.0418
 21
-22705.5035
 31
0.0000
  0
LINE
  5
679
  8
חשמל
 10
35835.0418
 20
-22705.5035
 30
0.0000
 11
35835.8366
 21
-22702.7449
 31
0.0000
  0
LINE
  5
67A
  8
חשמל
 10
35835.8366
 20
-22702.7449
 30
0.0000
 11
35836.9352
 21
-22700.0926
 31
0.0000
  0
LINE
  5
67B
  8
חשמל
 10
35836.9352
 20
-22700.0926
 30
0.0000
 11
35838.3239
 21
-22697.5800
 31
0.0000
  0
LINE
  5
67C
  8
חשמל
 10
35838.3239
 20
-22697.5800
 30
0.0000
 11
35839.9851
 21
-22695.2387
 31
0.0000
  0
LINE
  5
67D
  8
חשמל
 10
35839.9851
 20
-22695.2387
 30
0.0000
 11
35841.8981
 21
-22693.0981
 31
0.0000
  0
LINE
  5
67E
  8
חשמל
 10
35841.8981
 20
-22693.0981
 30
0.0000
 11
35844.0387
 21
-22691.1851
 31
0.0000
  0
LINE
  5
67F
  8
חשמל
 10
35844.0387
 20
-22691.1851
 30
0.0000
 11
35846.3800
 21
-22689.5239
 31
0.0000
  0
LINE
  5
680
  8
חשמל
 10
35846.3800
 20
-22689.5239
 30
0.0000
 11
35848.8926
 21
-22688.1352
 31
0.0000
  0
LINE
  5
681
  8
חשמל
 10
35848.8926
 20
-22688.1352
 30
0.0000
 11
35851.5449
 21
-22687.0366
 31
0.0000
  0
LINE
  5
682
  8
חשמל
 10
35851.5449
 20
-22687.0366
 30
0.0000
 11
35854.3035
 21
-22686.2418
 31
0.0000
  0
LINE
  5
683
  8
חשמל
 10
35854.3035
 20
-22686.2418
 30
0.0000
 11
35857.1337
 21
-22685.7610
 31
0.0000
  0
LINE
  5
684
  8
חשמל
 10
35857.1337
 20
-22685.7610
 30
0.0000
 11
35860.0000
 21
-22685.6000
 31
0.0000
  0
LINE
  5
685
  8
חשמל
 10
35860.0000
 20
-22685.6000
 30
0.0000
 11
35862.8663
 21
-22685.7610
 31
0.0000
  0
LINE
  5
686
  8
חשמל
 10
35862.8663
 20
-22685.7610
 30
0.0000
 11
35865.6965
 21
-22686.2418
 31
0.0000
  0
LINE
  5
687
  8
חשמל
 10
35865.6965
 20
-22686.2418
 30
0.0000
 11
35868.4551
 21
-22687.0366
 31
0.0000
  0
LINE
  5
688
  8
חשמל
 10
35868.4551
 20
-22687.0366
 30
0.0000
 11
35871.1074
 21
-22688.1352
 31
0.0000
  0
LINE
  5
689
  8
חשמל
 10
35871.1074
 20
-22688.1352
 30
0.0000
 11
35873.6200
 21
-22689.5239
 31
0.0000
  0
LINE
  5
68A
  8
חשמל
 10
35873.6200
 20
-22689.5239
 30
0.0000
 11
35875.9613
 21
-22691.1851
 31
0.0000
  0
LINE
  5
68B
  8
חשמל
 10
35875.9613
 20
-22691.1851
 30
0.0000
 11
35878.1019
 21
-22693.0981
 31
0.0000
  0
LINE
  5
68C
  8
חשמל
 10
35878.1019
 20
-22693.0981
 30
0.0000
 11
35880.0149
 21
-22695.2387
 31
0.0000
  0
LINE
  5
68D
  8
חשמל
 10
35880.0149
 20
-22695.2387
 30
0.0000
 11
35881.6761
 21
-22697.5800
 31
0.0000
  0
LINE
  5
68E
  8
חשמל
 10
35881.6761
 20
-22697.5800
 30
0.0000
 11
35883.0648
 21
-22700.0926
 31
0.0000
  0
LINE
  5
68F
  8
חשמל
 10
35883.0648
 20
-22700.0926
 30
0.0000
 11
35884.1634
 21
-22702.7449
 31
0.0000
  0
LINE
  5
690
  8
חשמל
 10
35884.1634
 20
-22702.7449
 30
0.0000
 11
35884.9582
 21
-22705.5035
 31
0.0000
  0
LINE
  5
691
  8
חשמל
 10
35884.9582
 20
-22705.5035
 30
0.0000
 11
35885.4390
 21
-22708.3337
 31
0.0000
  0
LINE
  5
692
  8
חשמל
 10
35885.4390
 20
-22708.3337
 30
0.0000
 11
35885.6000
 21
-22711.2000
 31
0.0000
  0
LINE
  5
693
  8
חשמל
 10
35834.4000
 20
-22711.2000
 30
0.0000
 11
35885.6000
 21
-22711.2000
 31
0.0000
  0
LINE
  5
694
  8
חשמל - מידות
 10
35330.0000
 20
-24458.0000
 30
0.0000
 11
35330.0000
 21
-28440.5000
 31
0.0000
  0
LINE
  5
695
  8
חשמל - מידות
 10
35860.0000
 20
-24458.0000
 30
0.0000
 11
35860.0000
 21
-28440.5000
 31
0.0000
  0
LINE
  5
696
  8
חשמל - מידות
 10
35330.0000
 20
-28380.5000
 30
0.0000
 11
35860.0000
 21
-28380.5000
 31
0.0000
  0
SOLID
  5
697
  8
חשמל - מידות
 10
35330.0000
 20
-28380.5000
 30
0.0000
 11
35215.0000
 21
-28412.5000
 31
0.0000
 12
35215.0000
 22
-28348.5000
 32
0.0000
 13
35215.0000
 23
-28348.5000
 33
0.0000
  0
SOLID
  5
698
  8
חשמל - מידות
 10
35860.0000
 20
-28380.5000
 30
0.0000
 11
35975.0000
 21
-28412.5000
 31
0.0000
 12
35975.0000
 22
-28348.5000
 32
0.0000
 13
35975.0000
 23
-28348.5000
 33
0.0000
  0
TEXT
  5
699
  8
חשמל - מידות
 10
35595.0000
 20
-28475.5000
 30
0.0000
 40
100.0000
  1
53
 50
0.0000
  7
SOLINE
 72
1
 73
2
 11
35595.0000
 21
-28475.5000
 31
0.0000
  0
LINE
  5
69A
  8
חשמל - מידות
 10
35820.0000
 20
-24418.0000
 30
0.0000
 11
35572.5000
 21
-24418.0000
 31
0.0000
  0
LINE
  5
69B
  8
חשמל - מידות
 10
35820.0000
 20
-22708.0000
 30
0.0000
 11
35572.5000
 21
-22708.0000
 31
0.0000
  0
LINE
  5
69C
  8
חשמל - מידות
 10
35632.5000
 20
-24418.0000
 30
0.0000
 11
35632.5000
 21
-22708.0000
 31
0.0000
  0
SOLID
  5
69D
  8
חשמל - מידות
 10
35632.5000
 20
-24418.0000
 30
0.0000
 11
35600.5000
 21
-24533.0000
 31
0.0000
 12
35664.5000
 22
-24533.0000
 32
0.0000
 13
35664.5000
 23
-24533.0000
 33
0.0000
  0
SOLID
  5
69E
  8
חשמל - מידות
 10
35632.5000
 20
-22708.0000
 30
0.0000
 11
35600.5000
 21
-22593.0000
 31
0.0000
 12
35664.5000
 22
-22593.0000
 32
0.0000
 13
35664.5000
 23
-22593.0000
 33
0.0000
  0
TEXT
  5
69F
  8
חשמל - מידות
 10
35537.5000
 20
-23563.0000
 30
0.0000
 40
100.0000
  1
171
 50
90.0000
  7
SOLINE
 72
1
 73
2
 11
35537.5000
 21
-23563.0000
 31
0.0000
  0
LINE
  5
6A0
  8
חשמל
 10
37098.0000
 20
-22214.0000
 30
0.0000
 11
37178.0000
 21
-22214.0000
 31
0.0000
  0
LINE
  5
6A1
  8
חשמל
 10
37178.0000
 20
-22214.0000
 30
0.0000
 11
37178.0000
 21
-22134.0000
 31
0.0000
  0
LINE
  5
6A2
  8
חשמל
 10
37178.0000
 20
-22134.0000
 30
0.0000
 11
37098.0000
 21
-22134.0000
 31
0.0000
  0
LINE
  5
6A3
  8
חשמל
 10
37098.0000
 20
-22134.0000
 30
0.0000
 11
37098.0000
 21
-22214.0000
 31
0.0000
  0
LINE
  5
6A4
  8
חשמל
 10
37138.0000
 20
-22214.0000
 30
0.0000
 11
37138.0000
 21
-22158.0000
 31
0.0000
  0
ARC
  5
6A5
  8
חשמל
 10
37138.0000
 20
-22174.0000
 30
0.0000
 40
14.4000
 50
0.0000
 51
360.0000
  0
ARC
  5
6A6
  8
חשמל
 10
37138.0000
 20
-22174.0000
 30
0.0000
 40
4.0000
 50
0.0000
 51
360.0000
  0
LINE
  5
6A7
  8
חשמל - מידות
 10
35330.0000
 20
-24458.0000
 30
0.0000
 11
35330.0000
 21
-28790.5000
 31
0.0000
  0
LINE
  5
6A8
  8
חשמל - מידות
 10
37138.0000
 20
-24458.0000
 30
0.0000
 11
37138.0000
 21
-28790.5000
 31
0.0000
  0
LINE
  5
6A9
  8
חשמל - מידות
 10
35330.0000
 20
-28730.5000
 30
0.0000
 11
37138.0000
 21
-28730.5000
 31
0.0000
  0
SOLID
  5
6AA
  8
חשמל - מידות
 10
35330.0000
 20
-28730.5000
 30
0.0000
 11
35215.0000
 21
-28762.5000
 31
0.0000
 12
35215.0000
 22
-28698.5000
 32
0.0000
 13
35215.0000
 23
-28698.5000
 33
0.0000
  0
SOLID
  5
6AB
  8
חשמל - מידות
 10
37138.0000
 20
-28730.5000
 30
0.0000
 11
37253.0000
 21
-28762.5000
 31
0.0000
 12
37253.0000
 22
-28698.5000
 32
0.0000
 13
37253.0000
 23
-28698.5000
 33
0.0000
  0
TEXT
  5
6AC
  8
חשמל - מידות
 10
36234.0000
 20
-28825.5000
 30
0.0000
 40
100.0000
  1
180.8
 50
0.0000
  7
SOLINE
 72
1
 73
2
 11
36234.0000
 21
-28825.5000
 31
0.0000
  0
LINE
  5
6AD
  8
חשמל - מידות
 10
37178.0000
 20
-24418.0000
 30
0.0000
 11
37425.5000
 21
-24418.0000
 31
0.0000
  0
LINE
  5
6AE
  8
חשמל - מידות
 10
37178.0000
 20
-22174.0000
 30
0.0000
 11
37425.5000
 21
-22174.0000
 31
0.0000
  0
LINE
  5
6AF
  8
חשמל - מידות
 10
37365.5000
 20
-24418.0000
 30
0.0000
 11
37365.5000
 21
-22174.0000
 31
0.0000
  0
SOLID
  5
6B0
  8
חשמל - מידות
 10
37365.5000
 20
-24418.0000
 30
0.0000
 11
37397.5000
 21
-24533.0000
 31
0.0000
 12
37333.5000
 22
-24533.0000
 32
0.0000
 13
37333.5000
 23
-24533.0000
 33
0.0000
  0
SOLID
  5
6B1
  8
חשמל - מידות
 10
37365.5000
 20
-22174.0000
 30
0.0000
 11
37397.5000
 21
-22059.0000
 31
0.0000
 12
37333.5000
 22
-22059.0000
 32
0.0000
 13
37333.5000
 23
-22059.0000
 33
0.0000
  0
TEXT
  5
6B2
  8
חשמל - מידות
 10
37460.5000
 20
-23296.0000
 30
0.0000
 40
100.0000
  1
224.4
 50
90.0000
  7
SOLINE
 72
1
 73
2
 11
37460.5000
 21
-23296.0000
 31
0.0000
  0
LINE
  5
6B3
  8
תאורה
 10
36421.0000
 20
-21666.0000
 30
0.0000
 11
36521.0000
 21
-21666.0000
 31
0.0000
  0
LINE
  5
6B4
  8
תאורה
 10
36521.0000
 20
-21666.0000
 30
0.0000
 11
36521.0000
 21
-21636.0000
 31
0.0000
  0
LINE
  5
6B5
  8
תאורה
 10
36521.0000
 20
-21636.0000
 30
0.0000
 11
36421.0000
 21
-21636.0000
 31
0.0000
  0
LINE
  5
6B6
  8
תאורה
 10
36421.0000
 20
-21636.0000
 30
0.0000
 11
36421.0000
 21
-21666.0000
 31
0.0000
  0
LINE
  5
6B7
  8
תאורה
 10
36501.0000
 20
-21651.0000
 30
0.0000
 11
36500.4236
 21
-21652.7558
 31
0.0000
  0
LINE
  5
6B8
  8
תאורה
 10
36500.4236
 20
-21652.7558
 30
0.0000
 11
36498.7164
 21
-21654.4442
 31
0.0000
  0
LINE
  5
6B9
  8
תאורה
 10
36498.7164
 20
-21654.4442
 30
0.0000
 11
36495.9441
 21
-21656.0001
 31
0.0000
  0
LINE
  5
6BA
  8
תאורה
 10
36495.9441
 20
-21656.0001
 30
0.0000
 11
36492.2132
 21
-21657.3640
 31
0.0000
  0
LINE
  5
6BB
  8
תאורה
 10
36492.2132
 20
-21657.3640
 30
0.0000
 11
36487.6671
 21
-21658.4832
 31
0.0000
  0
LINE
  5
6BC
  8
תאורה
 10
36487.6671
 20
-21658.4832
 30
0.0000
 11
36482.4805
 21
-21659.3149
 31
0.0000
  0
LINE
  5
6BD
  8
תאורה
 10
36482.4805
 20
-21659.3149
 30
0.0000
 11
36476.8527
 21
-21659.8271
 31
0.0000
  0
LINE
  5
6BE
  8
תאורה
 10
36476.8527
 20
-21659.8271
 30
0.0000
 11
36471.0000
 21
-21660.0000
 31
0.0000
  0
LINE
  5
6BF
  8
תאורה
 10
36471.0000
 20
-21660.0000
 30
0.0000
 11
36465.1473
 21
-21659.8271
 31
0.0000
  0
LINE
  5
6C0
  8
תאורה
 10
36465.1473
 20
-21659.8271
 30
0.0000
 11
36459.5195
 21
-21659.3149
 31
0.0000
  0
LINE
  5
6C1
  8
תאורה
 10
36459.5195
 20
-21659.3149
 30
0.0000
 11
36454.3329
 21
-21658.4832
 31
0.0000
  0
LINE
  5
6C2
  8
תאורה
 10
36454.3329
 20
-21658.4832
 30
0.0000
 11
36449.7868
 21
-21657.3640
 31
0.0000
  0
LINE
  5
6C3
  8
תאורה
 10
36449.7868
 20
-21657.3640
 30
0.0000
 11
36446.0559
 21
-21656.0001
 31
0.0000
  0
LINE
  5
6C4
  8
תאורה
 10
36446.0559
 20
-21656.0001
 30
0.0000
 11
36443.2836
 21
-21654.4442
 31
0.0000
  0
LINE
  5
6C5
  8
תאורה
 10
36443.2836
 20
-21654.4442
 30
0.0000
 11
36441.5764
 21
-21652.7558
 31
0.0000
  0
LINE
  5
6C6
  8
תאורה
 10
36441.5764
 20
-21652.7558
 30
0.0000
 11
36441.0000
 21
-21651.0000
 31
0.0000
  0
LINE
  5
6C7
  8
תאורה
 10
36441.0000
 20
-21651.0000
 30
0.0000
 11
36441.5764
 21
-21649.2442
 31
0.0000
  0
LINE
  5
6C8
  8
תאורה
 10
36441.5764
 20
-21649.2442
 30
0.0000
 11
36443.2836
 21
-21647.5558
 31
0.0000
  0
LINE
  5
6C9
  8
תאורה
 10
36443.2836
 20
-21647.5558
 30
0.0000
 11
36446.0559
 21
-21645.9999
 31
0.0000
  0
LINE
  5
6CA
  8
תאורה
 10
36446.0559
 20
-21645.9999
 30
0.0000
 11
36449.7868
 21
-21644.6360
 31
0.0000
  0
LINE
  5
6CB
  8
תאורה
 10
36449.7868
 20
-21644.6360
 30
0.0000
 11
36454.3329
 21
-21643.5168
 31
0.0000
  0
LINE
  5
6CC
  8
תאורה
 10
36454.3329
 20
-21643.5168
 30
0.0000
 11
36459.5195
 21
-21642.6851
 31
0.0000
  0
LINE
  5
6CD
  8
תאורה
 10
36459.5195
 20
-21642.6851
 30
0.0000
 11
36465.1473
 21
-21642.1729
 31
0.0000
  0
LINE
  5
6CE
  8
תאורה
 10
36465.1473
 20
-21642.1729
 30
0.0000
 11
36471.0000
 21
-21642.0000
 31
0.0000
  0
LINE
  5
6CF
  8
תאורה
 10
36471.0000
 20
-21642.0000
 30
0.0000
 11
36476.8527
 21
-21642.1729
 31
0.0000
  0
LINE
  5
6D0
  8
תאורה
 10
36476.8527
 20
-21642.1729
 30
0.0000
 11
36482.4805
 21
-21642.6851
 31
0.0000
  0
LINE
  5
6D1
  8
תאורה
 10
36482.4805
 20
-21642.6851
 30
0.0000
 11
36487.6671
 21
-21643.5168
 31
0.0000
  0
LINE
  5
6D2
  8
תאורה
 10
36487.6671
 20
-21643.5168
 30
0.0000
 11
36492.2132
 21
-21644.6360
 31
0.0000
  0
LINE
  5
6D3
  8
תאורה
 10
36492.2132
 20
-21644.6360
 30
0.0000
 11
36495.9441
 21
-21645.9999
 31
0.0000
  0
LINE
  5
6D4
  8
תאורה
 10
36495.9441
 20
-21645.9999
 30
0.0000
 11
36498.7164
 21
-21647.5558
 31
0.0000
  0
LINE
  5
6D5
  8
תאורה
 10
36498.7164
 20
-21647.5558
 30
0.0000
 11
36500.4236
 21
-21649.2442
 31
0.0000
  0
LINE
  5
6D6
  8
תאורה
 10
36500.4236
 20
-21649.2442
 30
0.0000
 11
36501.0000
 21
-21651.0000
 31
0.0000
  0
LINE
  5
6D7
  8
תאורה
 10
36450.0000
 20
-21644.7000
 30
0.0000
 11
36492.0000
 21
-21657.3000
 31
0.0000
  0
LINE
  5
6D8
  8
תאורה
 10
36492.0000
 20
-21644.7000
 30
0.0000
 11
36450.0000
 21
-21657.3000
 31
0.0000
  0
LINE
  5
6D9
  8
תאורה - מידות
 10
35330.0000
 20
-24458.0000
 30
0.0000
 11
35330.0000
 21
-29140.5000
 31
0.0000
  0
LINE
  5
6DA
  8
תאורה - מידות
 10
36471.0000
 20
-24458.0000
 30
0.0000
 11
36471.0000
 21
-29140.5000
 31
0.0000
  0
LINE
  5
6DB
  8
תאורה - מידות
 10
35330.0000
 20
-29080.5000
 30
0.0000
 11
36471.0000
 21
-29080.5000
 31
0.0000
  0
SOLID
  5
6DC
  8
תאורה - מידות
 10
35330.0000
 20
-29080.5000
 30
0.0000
 11
35215.0000
 21
-29112.5000
 31
0.0000
 12
35215.0000
 22
-29048.5000
 32
0.0000
 13
35215.0000
 23
-29048.5000
 33
0.0000
  0
SOLID
  5
6DD
  8
תאורה - מידות
 10
36471.0000
 20
-29080.5000
 30
0.0000
 11
36586.0000
 21
-29112.5000
 31
0.0000
 12
36586.0000
 22
-29048.5000
 32
0.0000
 13
36586.0000
 23
-29048.5000
 33
0.0000
  0
TEXT
  5
6DE
  8
תאורה - מידות
 10
35900.5000
 20
-29175.5000
 30
0.0000
 40
100.0000
  1
114.1
 50
0.0000
  7
SOLINE
 72
1
 73
2
 11
35900.5000
 21
-29175.5000
 31
0.0000
  0
LINE
  5
6DF
  8
תאורה - מידות
 10
36431.0000
 20
-24418.0000
 30
0.0000
 11
36173.5000
 21
-24418.0000
 31
0.0000
  0
LINE
  5
6E0
  8
תאורה - מידות
 10
36431.0000
 20
-21651.0000
 30
0.0000
 11
36173.5000
 21
-21651.0000
 31
0.0000
  0
LINE
  5
6E1
  8
תאורה - מידות
 10
36233.5000
 20
-24418.0000
 30
0.0000
 11
36233.5000
 21
-21651.0000
 31
0.0000
  0
SOLID
  5
6E2
  8
תאורה - מידות
 10
36233.5000
 20
-24418.0000
 30
0.0000
 11
36201.5000
 21
-24533.0000
 31
0.0000
 12
36265.5000
 22
-24533.0000
 32
0.0000
 13
36265.5000
 23
-24533.0000
 33
0.0000
  0
SOLID
  5
6E3
  8
תאורה - מידות
 10
36233.5000
 20
-21651.0000
 30
0.0000
 11
36201.5000
 21
-21536.0000
 31
0.0000
 12
36265.5000
 22
-21536.0000
 32
0.0000
 13
36265.5000
 23
-21536.0000
 33
0.0000
  0
TEXT
  5
6E4
  8
תאורה - מידות
 10
36138.5000
 20
-23034.5000
 30
0.0000
 40
100.0000
  1
276.7
 50
90.0000
  7
SOLINE
 72
1
 73
2
 11
36138.5000
 21
-23034.5000
 31
0.0000
  0
LINE
  5
6E5
  8
תאורה
 10
36564.0000
 20
-21666.0000
 30
0.0000
 11
36664.0000
 21
-21666.0000
 31
0.0000
  0
LINE
  5
6E6
  8
תאורה
 10
36664.0000
 20
-21666.0000
 30
0.0000
 11
36664.0000
 21
-21636.0000
 31
0.0000
  0
LINE
  5
6E7
  8
תאורה
 10
36664.0000
 20
-21636.0000
 30
0.0000
 11
36564.0000
 21
-21636.0000
 31
0.0000
  0
LINE
  5
6E8
  8
תאורה
 10
36564.0000
 20
-21636.0000
 30
0.0000
 11
36564.0000
 21
-21666.0000
 31
0.0000
  0
LINE
  5
6E9
  8
תאורה
 10
36644.0000
 20
-21651.0000
 30
0.0000
 11
36643.4236
 21
-21652.7558
 31
0.0000
  0
LINE
  5
6EA
  8
תאורה
 10
36643.4236
 20
-21652.7558
 30
0.0000
 11
36641.7164
 21
-21654.4442
 31
0.0000
  0
LINE
  5
6EB
  8
תאורה
 10
36641.7164
 20
-21654.4442
 30
0.0000
 11
36638.9441
 21
-21656.0001
 31
0.0000
  0
LINE
  5
6EC
  8
תאורה
 10
36638.9441
 20
-21656.0001
 30
0.0000
 11
36635.2132
 21
-21657.3640
 31
0.0000
  0
LINE
  5
6ED
  8
תאורה
 10
36635.2132
 20
-21657.3640
 30
0.0000
 11
36630.6671
 21
-21658.4832
 31
0.0000
  0
LINE
  5
6EE
  8
תאורה
 10
36630.6671
 20
-21658.4832
 30
0.0000
 11
36625.4805
 21
-21659.3149
 31
0.0000
  0
LINE
  5
6EF
  8
תאורה
 10
36625.4805
 20
-21659.3149
 30
0.0000
 11
36619.8527
 21
-21659.8271
 31
0.0000
  0
LINE
  5
6F0
  8
תאורה
 10
36619.8527
 20
-21659.8271
 30
0.0000
 11
36614.0000
 21
-21660.0000
 31
0.0000
  0
LINE
  5
6F1
  8
תאורה
 10
36614.0000
 20
-21660.0000
 30
0.0000
 11
36608.1473
 21
-21659.8271
 31
0.0000
  0
LINE
  5
6F2
  8
תאורה
 10
36608.1473
 20
-21659.8271
 30
0.0000
 11
36602.5195
 21
-21659.3149
 31
0.0000
  0
LINE
  5
6F3
  8
תאורה
 10
36602.5195
 20
-21659.3149
 30
0.0000
 11
36597.3329
 21
-21658.4832
 31
0.0000
  0
LINE
  5
6F4
  8
תאורה
 10
36597.3329
 20
-21658.4832
 30
0.0000
 11
36592.7868
 21
-21657.3640
 31
0.0000
  0
LINE
  5
6F5
  8
תאורה
 10
36592.7868
 20
-21657.3640
 30
0.0000
 11
36589.0559
 21
-21656.0001
 31
0.0000
  0
LINE
  5
6F6
  8
תאורה
 10
36589.0559
 20
-21656.0001
 30
0.0000
 11
36586.2836
 21
-21654.4442
 31
0.0000
  0
LINE
  5
6F7
  8
תאורה
 10
36586.2836
 20
-21654.4442
 30
0.0000
 11
36584.5764
 21
-21652.7558
 31
0.0000
  0
LINE
  5
6F8
  8
תאורה
 10
36584.5764
 20
-21652.7558
 30
0.0000
 11
36584.0000
 21
-21651.0000
 31
0.0000
  0
LINE
  5
6F9
  8
תאורה
 10
36584.0000
 20
-21651.0000
 30
0.0000
 11
36584.5764
 21
-21649.2442
 31
0.0000
  0
LINE
  5
6FA
  8
תאורה
 10
36584.5764
 20
-21649.2442
 30
0.0000
 11
36586.2836
 21
-21647.5558
 31
0.0000
  0
LINE
  5
6FB
  8
תאורה
 10
36586.2836
 20
-21647.5558
 30
0.0000
 11
36589.0559
 21
-21645.9999
 31
0.0000
  0
LINE
  5
6FC
  8
תאורה
 10
36589.0559
 20
-21645.9999
 30
0.0000
 11
36592.7868
 21
-21644.6360
 31
0.0000
  0
LINE
  5
6FD
  8
תאורה
 10
36592.7868
 20
-21644.6360
 30
0.0000
 11
36597.3329
 21
-21643.5168
 31
0.0000
  0
LINE
  5
6FE
  8
תאורה
 10
36597.3329
 20
-21643.5168
 30
0.0000
 11
36602.5195
 21
-21642.6851
 31
0.0000
  0
LINE
  5
6FF
  8
תאורה
 10
36602.5195
 20
-21642.6851
 30
0.0000
 11
36608.1473
 21
-21642.1729
 31
0.0000
  0
LINE
  5
700
  8
תאורה
 10
36608.1473
 20
-21642.1729
 30
0.0000
 11
36614.0000
 21
-21642.0000
 31
0.0000
  0
LINE
  5
701
  8
תאורה
 10
36614.0000
 20
-21642.0000
 30
0.0000
 11
36619.8527
 21
-21642.1729
 31
0.0000
  0
LINE
  5
702
  8
תאורה
 10
36619.8527
 20
-21642.1729
 30
0.0000
 11
36625.4805
 21
-21642.6851
 31
0.0000
  0
LINE
  5
703
  8
תאורה
 10
36625.4805
 20
-21642.6851
 30
0.0000
 11
36630.6671
 21
-21643.5168
 31
0.0000
  0
LINE
  5
704
  8
תאורה
 10
36630.6671
 20
-21643.5168
 30
0.0000
 11
36635.2132
 21
-21644.6360
 31
0.0000
  0
LINE
  5
705
  8
תאורה
 10
36635.2132
 20
-21644.6360
 30
0.0000
 11
36638.9441
 21
-21645.9999
 31
0.0000
  0
LINE
  5
706
  8
תאורה
 10
36638.9441
 20
-21645.9999
 30
0.0000
 11
36641.7164
 21
-21647.5558
 31
0.0000
  0
LINE
  5
707
  8
תאורה
 10
36641.7164
 20
-21647.5558
 30
0.0000
 11
36643.4236
 21
-21649.2442
 31
0.0000
  0
LINE
  5
708
  8
תאורה
 10
36643.4236
 20
-21649.2442
 30
0.0000
 11
36644.0000
 21
-21651.0000
 31
0.0000
  0
LINE
  5
709
  8
תאורה
 10
36593.0000
 20
-21644.7000
 30
0.0000
 11
36635.0000
 21
-21657.3000
 31
0.0000
  0
LINE
  5
70A
  8
תאורה
 10
36635.0000
 20
-21644.7000
 30
0.0000
 11
36593.0000
 21
-21657.3000
 31
0.0000
  0
LINE
  5
70B
  8
תאורה - מידות
 10
35330.0000
 20
-24458.0000
 30
0.0000
 11
35330.0000
 21
-29490.5000
 31
0.0000
  0
LINE
  5
70C
  8
תאורה - מידות
 10
36614.0000
 20
-24458.0000
 30
0.0000
 11
36614.0000
 21
-29490.5000
 31
0.0000
  0
LINE
  5
70D
  8
תאורה - מידות
 10
35330.0000
 20
-29430.5000
 30
0.0000
 11
36614.0000
 21
-29430.5000
 31
0.0000
  0
SOLID
  5
70E
  8
תאורה - מידות
 10
35330.0000
 20
-29430.5000
 30
0.0000
 11
35215.0000
 21
-29462.5000
 31
0.0000
 12
35215.0000
 22
-29398.5000
 32
0.0000
 13
35215.0000
 23
-29398.5000
 33
0.0000
  0
SOLID
  5
70F
  8
תאורה - מידות
 10
36614.0000
 20
-29430.5000
 30
0.0000
 11
36729.0000
 21
-29462.5000
 31
0.0000
 12
36729.0000
 22
-29398.5000
 32
0.0000
 13
36729.0000
 23
-29398.5000
 33
0.0000
  0
TEXT
  5
710
  8
תאורה - מידות
 10
35972.0000
 20
-29525.5000
 30
0.0000
 40
100.0000
  1
128.4
 50
0.0000
  7
SOLINE
 72
1
 73
2
 11
35972.0000
 21
-29525.5000
 31
0.0000
  0
LINE
  5
711
  8
תאורה - מידות
 10
36654.0000
 20
-24418.0000
 30
0.0000
 11
36911.5000
 21
-24418.0000
 31
0.0000
  0
LINE
  5
712
  8
תאורה - מידות
 10
36654.0000
 20
-21651.0000
 30
0.0000
 11
36911.5000
 21
-21651.0000
 31
0.0000
  0
LINE
  5
713
  8
תאורה - מידות
 10
36851.5000
 20
-24418.0000
 30
0.0000
 11
36851.5000
 21
-21651.0000
 31
0.0000
  0
SOLID
  5
714
  8
תאורה - מידות
 10
36851.5000
 20
-24418.0000
 30
0.0000
 11
36883.5000
 21
-24533.0000
 31
0.0000
 12
36819.5000
 22
-24533.0000
 32
0.0000
 13
36819.5000
 23
-24533.0000
 33
0.0000
  0
SOLID
  5
715
  8
תאורה - מידות
 10
36851.5000
 20
-21651.0000
 30
0.0000
 11
36883.5000
 21
-21536.0000
 31
0.0000
 12
36819.5000
 22
-21536.0000
 32
0.0000
 13
36819.5000
 23
-21536.0000
 33
0.0000
  0
TEXT
  5
716
  8
תאורה - מידות
 10
36946.5000
 20
-23034.5000
 30
0.0000
 40
100.0000
  1
276.7
 50
90.0000
  7
SOLINE
 72
1
 73
2
 11
36946.5000
 21
-23034.5000
 31
0.0000
  0
TEXT
  5
717
  8
קירות - טקסט
 10
37415.0000
 20
-25355.5000
 30
0.0000
 40
162.5000
  1
W8
 50
0.0000
  7
SOLINE
 72
1
 73
2
 11
37415.0000
 21
-25355.5000
 31
0.0000
  0
LINE
  5
718
  8
קירות
 10
42000.0000
 20
-24418.0000
 30
0.0000
 11
45423.0000
 21
-24418.0000
 31
0.0000
  0
LINE
  5
719
  8
קירות
 10
45423.0000
 20
-24418.0000
 30
0.0000
 11
45423.0000
 21
-21626.0000
 31
0.0000
  0
LINE
  5
71A
  8
קירות
 10
45423.0000
 20
-21626.0000
 30
0.0000
 11
42000.0000
 21
-21626.0000
 31
0.0000
  0
LINE
  5
71B
  8
קירות
 10
42000.0000
 20
-21626.0000
 30
0.0000
 11
42000.0000
 21
-24418.0000
 31
0.0000
  0
LINE
  5
71C
  8
מידות - חוץ
 10
42000.0000
 20
-24468.0000
 30
0.0000
 11
42000.0000
 21
-24868.0000
 31
0.0000
  0
LINE
  5
71D
  8
מידות - חוץ
 10
45423.0000
 20
-24468.0000
 30
0.0000
 11
45423.0000
 21
-24868.0000
 31
0.0000
  0
LINE
  5
71E
  8
מידות - חוץ
 10
42000.0000
 20
-24793.0000
 30
0.0000
 11
45423.0000
 21
-24793.0000
 31
0.0000
  0
SOLID
  5
71F
  8
מידות - חוץ
 10
42000.0000
 20
-24793.0000
 30
0.0000
 11
41856.2500
 21
-24833.0000
 31
0.0000
 12
41856.2500
 22
-24753.0000
 32
0.0000
 13
41856.2500
 23
-24753.0000
 33
0.0000
  0
SOLID
  5
720
  8
מידות - חוץ
 10
45423.0000
 20
-24793.0000
 30
0.0000
 11
45566.7500
 21
-24833.0000
 31
0.0000
 12
45566.7500
 22
-24753.0000
 32
0.0000
 13
45566.7500
 23
-24753.0000
 33
0.0000
  0
TEXT
  5
721
  8
מידות - חוץ
 10
43711.5000
 20
-24911.7500
 30
0.0000
 40
125.0000
  1
342.3
 50
0.0000
  7
SOLINE
 72
1
 73
2
 11
43711.5000
 21
-24911.7500
 31
0.0000
  0
LINE
  5
722
  8
מידות - חוץ
 10
41950.0000
 20
-24418.0000
 30
0.0000
 11
41550.0000
 21
-24418.0000
 31
0.0000
  0
LINE
  5
723
  8
מידות - חוץ
 10
41950.0000
 20
-21626.0000
 30
0.0000
 11
41550.0000
 21
-21626.0000
 31
0.0000
  0
LINE
  5
724
  8
מידות - חוץ
 10
41625.0000
 20
-24418.0000
 30
0.0000
 11
41625.0000
 21
-21626.0000
 31
0.0000
  0
SOLID
  5
725
  8
מידות - חוץ
 10
41625.0000
 20
-24418.0000
 30
0.0000
 11
41585.0000
 21
-24561.7500
 31
0.0000
 12
41665.0000
 22
-24561.7500
 32
0.0000
 13
41665.0000
 23
-24561.7500
 33
0.0000
  0
SOLID
  5
726
  8
מידות - חוץ
 10
41625.0000
 20
-21626.0000
 30
0.0000
 11
41585.0000
 21
-21482.2500
 31
0.0000
 12
41665.0000
 22
-21482.2500
 32
0.0000
 13
41665.0000
 23
-21482.2500
 33
0.0000
  0
TEXT
  5
727
  8
מידות - חוץ
 10
41506.2500
 20
-23022.0000
 30
0.0000
 40
125.0000
  1
279.2
 50
90.0000
  7
SOLINE
 72
1
 73
2
 11
41506.2500
 21
-23022.0000
 31
0.0000
  0
LINE
  5
728
  8
תאורה
 10
43273.0000
 20
-21666.0000
 30
0.0000
 11
43373.0000
 21
-21666.0000
 31
0.0000
  0
LINE
  5
729
  8
תאורה
 10
43373.0000
 20
-21666.0000
 30
0.0000
 11
43373.0000
 21
-21636.0000
 31
0.0000
  0
LINE
  5
72A
  8
תאורה
 10
43373.0000
 20
-21636.0000
 30
0.0000
 11
43273.0000
 21
-21636.0000
 31
0.0000
  0
LINE
  5
72B
  8
תאורה
 10
43273.0000
 20
-21636.0000
 30
0.0000
 11
43273.0000
 21
-21666.0000
 31
0.0000
  0
LINE
  5
72C
  8
תאורה
 10
43353.0000
 20
-21651.0000
 30
0.0000
 11
43352.4236
 21
-21652.7558
 31
0.0000
  0
LINE
  5
72D
  8
תאורה
 10
43352.4236
 20
-21652.7558
 30
0.0000
 11
43350.7164
 21
-21654.4442
 31
0.0000
  0
LINE
  5
72E
  8
תאורה
 10
43350.7164
 20
-21654.4442
 30
0.0000
 11
43347.9441
 21
-21656.0001
 31
0.0000
  0
LINE
  5
72F
  8
תאורה
 10
43347.9441
 20
-21656.0001
 30
0.0000
 11
43344.2132
 21
-21657.3640
 31
0.0000
  0
LINE
  5
730
  8
תאורה
 10
43344.2132
 20
-21657.3640
 30
0.0000
 11
43339.6671
 21
-21658.4832
 31
0.0000
  0
LINE
  5
731
  8
תאורה
 10
43339.6671
 20
-21658.4832
 30
0.0000
 11
43334.4805
 21
-21659.3149
 31
0.0000
  0
LINE
  5
732
  8
תאורה
 10
43334.4805
 20
-21659.3149
 30
0.0000
 11
43328.8527
 21
-21659.8271
 31
0.0000
  0
LINE
  5
733
  8
תאורה
 10
43328.8527
 20
-21659.8271
 30
0.0000
 11
43323.0000
 21
-21660.0000
 31
0.0000
  0
LINE
  5
734
  8
תאורה
 10
43323.0000
 20
-21660.0000
 30
0.0000
 11
43317.1473
 21
-21659.8271
 31
0.0000
  0
LINE
  5
735
  8
תאורה
 10
43317.1473
 20
-21659.8271
 30
0.0000
 11
43311.5195
 21
-21659.3149
 31
0.0000
  0
LINE
  5
736
  8
תאורה
 10
43311.5195
 20
-21659.3149
 30
0.0000
 11
43306.3329
 21
-21658.4832
 31
0.0000
  0
LINE
  5
737
  8
תאורה
 10
43306.3329
 20
-21658.4832
 30
0.0000
 11
43301.7868
 21
-21657.3640
 31
0.0000
  0
LINE
  5
738
  8
תאורה
 10
43301.7868
 20
-21657.3640
 30
0.0000
 11
43298.0559
 21
-21656.0001
 31
0.0000
  0
LINE
  5
739
  8
תאורה
 10
43298.0559
 20
-21656.0001
 30
0.0000
 11
43295.2836
 21
-21654.4442
 31
0.0000
  0
LINE
  5
73A
  8
תאורה
 10
43295.2836
 20
-21654.4442
 30
0.0000
 11
43293.5764
 21
-21652.7558
 31
0.0000
  0
LINE
  5
73B
  8
תאורה
 10
43293.5764
 20
-21652.7558
 30
0.0000
 11
43293.0000
 21
-21651.0000
 31
0.0000
  0
LINE
  5
73C
  8
תאורה
 10
43293.0000
 20
-21651.0000
 30
0.0000
 11
43293.5764
 21
-21649.2442
 31
0.0000
  0
LINE
  5
73D
  8
תאורה
 10
43293.5764
 20
-21649.2442
 30
0.0000
 11
43295.2836
 21
-21647.5558
 31
0.0000
  0
LINE
  5
73E
  8
תאורה
 10
43295.2836
 20
-21647.5558
 30
0.0000
 11
43298.0559
 21
-21645.9999
 31
0.0000
  0
LINE
  5
73F
  8
תאורה
 10
43298.0559
 20
-21645.9999
 30
0.0000
 11
43301.7868
 21
-21644.6360
 31
0.0000
  0
LINE
  5
740
  8
תאורה
 10
43301.7868
 20
-21644.6360
 30
0.0000
 11
43306.3329
 21
-21643.5168
 31
0.0000
  0
LINE
  5
741
  8
תאורה
 10
43306.3329
 20
-21643.5168
 30
0.0000
 11
43311.5195
 21
-21642.6851
 31
0.0000
  0
LINE
  5
742
  8
תאורה
 10
43311.5195
 20
-21642.6851
 30
0.0000
 11
43317.1473
 21
-21642.1729
 31
0.0000
  0
LINE
  5
743
  8
תאורה
 10
43317.1473
 20
-21642.1729
 30
0.0000
 11
43323.0000
 21
-21642.0000
 31
0.0000
  0
LINE
  5
744
  8
תאורה
 10
43323.0000
 20
-21642.0000
 30
0.0000
 11
43328.8527
 21
-21642.1729
 31
0.0000
  0
LINE
  5
745
  8
תאורה
 10
43328.8527
 20
-21642.1729
 30
0.0000
 11
43334.4805
 21
-21642.6851
 31
0.0000
  0
LINE
  5
746
  8
תאורה
 10
43334.4805
 20
-21642.6851
 30
0.0000
 11
43339.6671
 21
-21643.5168
 31
0.0000
  0
LINE
  5
747
  8
תאורה
 10
43339.6671
 20
-21643.5168
 30
0.0000
 11
43344.2132
 21
-21644.6360
 31
0.0000
  0
LINE
  5
748
  8
תאורה
 10
43344.2132
 20
-21644.6360
 30
0.0000
 11
43347.9441
 21
-21645.9999
 31
0.0000
  0
LINE
  5
749
  8
תאורה
 10
43347.9441
 20
-21645.9999
 30
0.0000
 11
43350.7164
 21
-21647.5558
 31
0.0000
  0
LINE
  5
74A
  8
תאורה
 10
43350.7164
 20
-21647.5558
 30
0.0000
 11
43352.4236
 21
-21649.2442
 31
0.0000
  0
LINE
  5
74B
  8
תאורה
 10
43352.4236
 20
-21649.2442
 30
0.0000
 11
43353.0000
 21
-21651.0000
 31
0.0000
  0
LINE
  5
74C
  8
תאורה
 10
43302.0000
 20
-21644.7000
 30
0.0000
 11
43344.0000
 21
-21657.3000
 31
0.0000
  0
LINE
  5
74D
  8
תאורה
 10
43344.0000
 20
-21644.7000
 30
0.0000
 11
43302.0000
 21
-21657.3000
 31
0.0000
  0
LINE
  5
74E
  8
תאורה - מידות
 10
42000.0000
 20
-24458.0000
 30
0.0000
 11
42000.0000
 21
-25290.5000
 31
0.0000
  0
LINE
  5
74F
  8
תאורה - מידות
 10
43323.0000
 20
-24458.0000
 30
0.0000
 11
43323.0000
 21
-25290.5000
 31
0.0000
  0
LINE
  5
750
  8
תאורה - מידות
 10
42000.0000
 20
-25230.5000
 30
0.0000
 11
43323.0000
 21
-25230.5000
 31
0.0000
  0
SOLID
  5
751
  8
תאורה - מידות
 10
42000.0000
 20
-25230.5000
 30
0.0000
 11
41885.0000
 21
-25262.5000
 31
0.0000
 12
41885.0000
 22
-25198.5000
 32
0.0000
 13
41885.0000
 23
-25198.5000
 33
0.0000
  0
SOLID
  5
752
  8
תאורה - מידות
 10
43323.0000
 20
-25230.5000
 30
0.0000
 11
43438.0000
 21
-25262.5000
 31
0.0000
 12
43438.0000
 22
-25198.5000
 32
0.0000
 13
43438.0000
 23
-25198.5000
 33
0.0000
  0
TEXT
  5
753
  8
תאורה - מידות
 10
42661.5000
 20
-25325.5000
 30
0.0000
 40
100.0000
  1
132.3
 50
0.0000
  7
SOLINE
 72
1
 73
2
 11
42661.5000
 21
-25325.5000
 31
0.0000
  0
LINE
  5
754
  8
תאורה - מידות
 10
43283.0000
 20
-24418.0000
 30
0.0000
 11
43025.5000
 21
-24418.0000
 31
0.0000
  0
LINE
  5
755
  8
תאורה - מידות
 10
43283.0000
 20
-21651.0000
 30
0.0000
 11
43025.5000
 21
-21651.0000
 31
0.0000
  0
LINE
  5
756
  8
תאורה - מידות
 10
43085.5000
 20
-24418.0000
 30
0.0000
 11
43085.5000
 21
-21651.0000
 31
0.0000
  0
SOLID
  5
757
  8
תאורה - מידות
 10
43085.5000
 20
-24418.0000
 30
0.0000
 11
43053.5000
 21
-24533.0000
 31
0.0000
 12
43117.5000
 22
-24533.0000
 32
0.0000
 13
43117.5000
 23
-24533.0000
 33
0.0000
  0
SOLID
  5
758
  8
תאורה - מידות
 10
43085.5000
 20
-21651.0000
 30
0.0000
 11
43053.5000
 21
-21536.0000
 31
0.0000
 12
43117.5000
 22
-21536.0000
 32
0.0000
 13
43117.5000
 23
-21536.0000
 33
0.0000
  0
TEXT
  5
759
  8
תאורה - מידות
 10
42990.5000
 20
-23034.5000
 30
0.0000
 40
100.0000
  1
276.7
 50
90.0000
  7
SOLINE
 72
1
 73
2
 11
42990.5000
 21
-23034.5000
 31
0.0000
  0
LINE
  5
75A
  8
דלתות
 10
43176.0000
 20
-24418.0000
 30
0.0000
 11
44674.0000
 21
-24418.0000
 31
0.0000
  0
LINE
  5
75B
  8
דלתות
 10
44674.0000
 20
-24418.0000
 30
0.0000
 11
44674.0000
 21
-21626.0000
 31
0.0000
  0
LINE
  5
75C
  8
דלתות
 10
44674.0000
 20
-21626.0000
 30
0.0000
 11
43176.0000
 21
-21626.0000
 31
0.0000
  0
LINE
  5
75D
  8
דלתות
 10
43176.0000
 20
-21626.0000
 30
0.0000
 11
43176.0000
 21
-24418.0000
 31
0.0000
  0
LINE
  5
75E
  8
דלתות
 10
43220.9400
 20
-24418.0000
 30
0.0000
 11
43220.9400
 21
-24027.1200
 31
0.0000
  0
LINE
  5
75F
  8
דלתות
 10
44629.0600
 20
-24418.0000
 30
0.0000
 11
44629.0600
 21
-24027.1200
 31
0.0000
  0
LINE
  5
760
  8
דלתות
 10
43220.9400
 20
-24027.1200
 30
0.0000
 11
44629.0600
 21
-24027.1200
 31
0.0000
  0
LINE
  5
761
  8
דלתות - מידות
 10
45423.0000
 20
-24378.0000
 30
0.0000
 11
45423.0000
 21
-23195.5000
 31
0.0000
  0
LINE
  5
762
  8
דלתות - מידות
 10
44674.0000
 20
-24378.0000
 30
0.0000
 11
44674.0000
 21
-23195.5000
 31
0.0000
  0
LINE
  5
763
  8
דלתות - מידות
 10
45423.0000
 20
-23255.5000
 30
0.0000
 11
44674.0000
 21
-23255.5000
 31
0.0000
  0
SOLID
  5
764
  8
דלתות - מידות
 10
45423.0000
 20
-23255.5000
 30
0.0000
 11
45538.0000
 21
-23223.5000
 31
0.0000
 12
45538.0000
 22
-23287.5000
 32
0.0000
 13
45538.0000
 23
-23287.5000
 33
0.0000
  0
SOLID
  5
765
  8
דלתות - מידות
 10
44674.0000
 20
-23255.5000
 30
0.0000
 11
44559.0000
 21
-23223.5000
 31
0.0000
 12
44559.0000
 22
-23287.5000
 32
0.0000
 13
44559.0000
 23
-23287.5000
 33
0.0000
  0
TEXT
  5
766
  8
דלתות - מידות
 10
45048.5000
 20
-23160.5000
 30
0.0000
 40
100.0000
  1
74.9
 50
360.0000
  7
SOLINE
 72
1
 73
2
 11
45048.5000
 21
-23160.5000
 31
0.0000
  0
LINE
  5
767
  8
דלתות - מידות
 10
43176.0000
 20
-21586.0000
 30
0.0000
 11
43176.0000
 21
-21342.5000
 31
0.0000
  0
LINE
  5
768
  8
דלתות - מידות
 10
44674.0000
 20
-21586.0000
 30
0.0000
 11
44674.0000
 21
-21342.5000
 31
0.0000
  0
LINE
  5
769
  8
דלתות - מידות
 10
43176.0000
 20
-21401.0000
 30
0.0000
 11
44674.0000
 21
-21401.0000
 31
0.0000
  0
SOLID
  5
76A
  8
דלתות - מידות
 10
43176.0000
 20
-21401.0000
 30
0.0000
 11
43063.8750
 21
-21369.8000
 31
0.0000
 12
43063.8750
 22
-21432.2000
 32
0.0000
 13
43063.8750
 23
-21432.2000
 33
0.0000
  0
SOLID
  5
76B
  8
דלתות - מידות
 10
44674.0000
 20
-21401.0000
 30
0.0000
 11
44786.1250
 21
-21369.8000
 31
0.0000
 12
44786.1250
 22
-21432.2000
 32
0.0000
 13
44786.1250
 23
-21432.2000
 33
0.0000
  0
TEXT
  5
76C
  8
דלתות - מידות
 10
43925.0000
 20
-21308.3750
 30
0.0000
 40
97.5000
  1
149.8
 50
0.0000
  7
SOLINE
 72
1
 73
2
 11
43925.0000
 21
-21308.3750
 31
0.0000
  0
LINE
  5
76D
  8
דלתות - מידות
 10
43136.0000
 20
-24418.0000
 30
0.0000
 11
42592.5000
 21
-24418.0000
 31
0.0000
  0
LINE
  5
76E
  8
דלתות - מידות
 10
43136.0000
 20
-21626.0000
 30
0.0000
 11
42592.5000
 21
-21626.0000
 31
0.0000
  0
LINE
  5
76F
  8
דלתות - מידות
 10
42651.0000
 20
-24418.0000
 30
0.0000
 11
42651.0000
 21
-21626.0000
 31
0.0000
  0
SOLID
  5
770
  8
דלתות - מידות
 10
42651.0000
 20
-24418.0000
 30
0.0000
 11
42619.8000
 21
-24530.1250
 31
0.0000
 12
42682.2000
 22
-24530.1250
 32
0.0000
 13
42682.2000
 23
-24530.1250
 33
0.0000
  0
SOLID
  5
771
  8
דלתות - מידות
 10
42651.0000
 20
-21626.0000
 30
0.0000
 11
42619.8000
 21
-21513.8750
 31
0.0000
 12
42682.2000
 22
-21513.8750
 32
0.0000
 13
42682.2000
 23
-21513.8750
 33
0.0000
  0
TEXT
  5
772
  8
דלתות - מידות
 10
42558.3750
 20
-23022.0000
 30
0.0000
 40
97.5000
  1
279.2
 50
90.0000
  7
SOLINE
 72
1
 73
2
 11
42558.3750
 21
-23022.0000
 31
0.0000
  0
TEXT
  5
773
  8
קירות - טקסט
 10
43711.5000
 20
-25355.5000
 30
0.0000
 40
162.5000
  1
W9
 50
0.0000
  7
SOLINE
 72
1
 73
2
 11
43711.5000
 21
-25355.5000
 31
0.0000
  0
LINE
  5
774
  8
גבול גיליון
 10
-423.0000
 20
-26405.5000
 30
0.0000
 11
45823.0000
 21
-26405.5000
 31
0.0000
  0
LINE
  5
775
  8
גבול גיליון
 10
45823.0000
 20
-26405.5000
 30
0.0000
 11
45823.0000
 21
-8622.0000
 31
0.0000
  0
LINE
  5
776
  8
גבול גיליון
 10
45823.0000
 20
-8622.0000
 30
0.0000
 11
-423.0000
 21
-8622.0000
 31
0.0000
  0
LINE
  5
777
  8
גבול גיליון
 10
-423.0000
 20
-8622.0000
 30
0.0000
 11
-423.0000
 21
-26405.5000
 31
0.0000
  0
ENDSEC
  0
EOF
