  0
SECTION
  2
HEADER
  9
$ACADVER
  1
AC1009
  9
$INSBASE
 10
0.0000
 20
0.0000
 30
0.0000
  9
$EXTMIN
 10
958.0000
 20
-15529.1250
 30
0.0000
  9
$EXTMAX
 10
34073.0000
 20
24.0000
 30
0.0000
  9
$DWGCODEPAGE
  3
ansi_1255
  9
$CLAYER
  8
0
  9
$LTSCALE
 40
10.0000
  9
$LIMMIN
 10
0.0000
 20
0.0000
  9
$LIMMAX
 10
2000.0000
 20
200.0000
  0
ENDSEC
  0
SECTION
  2
TABLES
  0
TABLE
  2
VPORT
 70
1
  0
VPORT
  2
*ACTIVE
 70
0
 10
0.0000
 20
0.0000
 11
1.0000
 21
1.0000
 12
17515.5000
 22
-7752.5625
 13
0.0000
 23
0.0000
 14
10.0000
 24
10.0000
 15
10.0000
 25
10.0000
 16
0.0000
 26
0.0000
 36
1.0000
 17
0.0000
 27
0.0000
 37
0.0000
 40
17886.0938
 41
1.6000
 42
50.0000
 43
0.0000
 44
0.0000
 50
0.0000
 51
0.0000
 71
0
 72
100
 73
1
 74
1
 75
0
 76
0
 77
0
 78
0
  0
ENDTAB
  0
TABLE
  2
LTYPE
 70
3
  0
LTYPE
  2
CONTINUOUS
 70
0
  3
Solid line
 72
65
 73
0
 40
0.0000
  0
LTYPE
  2
HIDDEN
 70
0
  3
Hidden __ __ __ __ __ __
 72
65
 73
2
 40
9.5250
 49
6.3500
 49
-3.1750
  0
LTYPE
  2
CENTER
 70
0
  3
Center ____ _ ____ _ ____
 72
65
 73
4
 40
50.8000
 49
31.7500
 49
-6.3500
 49
6.3500
 49
-6.3500
  0
ENDTAB
  0
TABLE
  2
LAYER
 70
71
  0
LAYER
  2
0
 70
0
 62
7
  6
CONTINUOUS
  0
LAYER
  2
קירות
 70
0
 62
7
  6
CONTINUOUS
  0
LAYER
  2
קירות - מילוי
 70
0
 62
8
  6
CONTINUOUS
  0
LAYER
  2
קירות - מידות
 70
0
 62
7
  6
CONTINUOUS
  0
LAYER
  2
קירות - טקסט
 70
0
 62
7
  6
CONTINUOUS
  0
LAYER
  2
קירות - נסתר
 70
0
 62
7
  6
HIDDEN
  0
LAYER
  2
קירות - ציר
 70
0
 62
7
  6
CENTER
  0
LAYER
  2
מבנה
 70
0
 62
9
  6
CONTINUOUS
  0
LAYER
  2
מבנה - מילוי
 70
0
 62
9
  6
CONTINUOUS
  0
LAYER
  2
מבנה - מידות
 70
0
 62
9
  6
CONTINUOUS
  0
LAYER
  2
מבנה - טקסט
 70
0
 62
9
  6
CONTINUOUS
  0
LAYER
  2
מבנה - נסתר
 70
0
 62
9
  6
HIDDEN
  0
LAYER
  2
מבנה - ציר
 70
0
 62
9
  6
CENTER
  0
LAYER
  2
חשמל
 70
0
 62
6
  6
CONTINUOUS
  0
LAYER
  2
חשמל - מידות
 70
0
 62
6
  6
CONTINUOUS
  0
LAYER
  2
חשמל - טקסט
 70
0
 62
6
  6
CONTINUOUS
  0
LAYER
  2
חשמל - נסתר
 70
0
 62
6
  6
HIDDEN
  0
LAYER
  2
תאורה
 70
0
 62
30
  6
CONTINUOUS
  0
LAYER
  2
תאורה - מידות
 70
0
 62
30
  6
CONTINUOUS
  0
LAYER
  2
תאורה - טקסט
 70
0
 62
30
  6
CONTINUOUS
  0
LAYER
  2
תאורה - נסתר
 70
0
 62
30
  6
HIDDEN
  0
LAYER
  2
מים
 70
0
 62
4
  6
CONTINUOUS
  0
LAYER
  2
מים - מידות
 70
0
 62
4
  6
CONTINUOUS
  0
LAYER
  2
מים - טקסט
 70
0
 62
4
  6
CONTINUOUS
  0
LAYER
  2
מים - נסתר
 70
0
 62
4
  6
HIDDEN
  0
LAYER
  2
מים - ציר
 70
0
 62
4
  6
CENTER
  0
LAYER
  2
ניקוז
 70
0
 62
140
  6
CONTINUOUS
  0
LAYER
  2
ניקוז - מידות
 70
0
 62
140
  6
CONTINUOUS
  0
LAYER
  2
ניקוז - טקסט
 70
0
 62
140
  6
CONTINUOUS
  0
LAYER
  2
ניקוז - נסתר
 70
0
 62
140
  6
HIDDEN
  0
LAYER
  2
ניקוז - ציר
 70
0
 62
140
  6
CENTER
  0
LAYER
  2
גז
 70
0
 62
2
  6
CONTINUOUS
  0
LAYER
  2
גז - מידות
 70
0
 62
2
  6
CONTINUOUS
  0
LAYER
  2
גז - טקסט
 70
0
 62
2
  6
CONTINUOUS
  0
LAYER
  2
גז - נסתר
 70
0
 62
2
  6
HIDDEN
  0
LAYER
  2
גז - ציר
 70
0
 62
2
  6
CENTER
  0
LAYER
  2
מיזוג
 70
0
 62
141
  6
CONTINUOUS
  0
LAYER
  2
מיזוג - מידות
 70
0
 62
141
  6
CONTINUOUS
  0
LAYER
  2
מיזוג - טקסט
 70
0
 62
141
  6
CONTINUOUS
  0
LAYER
  2
מיזוג - נסתר
 70
0
 62
141
  6
HIDDEN
  0
LAYER
  2
אוורור
 70
0
 62
131
  6
CONTINUOUS
  0
LAYER
  2
אוורור - מידות
 70
0
 62
131
  6
CONTINUOUS
  0
LAYER
  2
אוורור - טקסט
 70
0
 62
131
  6
CONTINUOUS
  0
LAYER
  2
אוורור - נסתר
 70
0
 62
131
  6
HIDDEN
  0
LAYER
  2
דלתות
 70
0
 62
5
  6
CONTINUOUS
  0
LAYER
  2
דלתות - מידות
 70
0
 62
5
  6
CONTINUOUS
  0
LAYER
  2
דלתות - טקסט
 70
0
 62
5
  6
CONTINUOUS
  0
LAYER
  2
דלתות - נסתר
 70
0
 62
5
  6
HIDDEN
  0
LAYER
  2
דלתות - מילוי
 70
0
 62
5
  6
CONTINUOUS
  0
LAYER
  2
חלונות
 70
0
 62
151
  6
CONTINUOUS
  0
LAYER
  2
חלונות - מידות
 70
0
 62
151
  6
CONTINUOUS
  0
LAYER
  2
חלונות - טקסט
 70
0
 62
151
  6
CONTINUOUS
  0
LAYER
  2
חלונות - נסתר
 70
0
 62
151
  6
HIDDEN
  0
LAYER
  2
ריהוט
 70
0
 62
42
  6
CONTINUOUS
  0
LAYER
  2
ריהוט - מידות
 70
0
 62
42
  6
CONTINUOUS
  0
LAYER
  2
ריהוט - טקסט
 70
0
 62
42
  6
CONTINUOUS
  0
LAYER
  2
ריהוט - נסתר
 70
0
 62
42
  6
HIDDEN
  0
LAYER
  2
מטבח
 70
0
 62
52
  6
CONTINUOUS
  0
LAYER
  2
מטבח - מידות
 70
0
 62
52
  6
CONTINUOUS
  0
LAYER
  2
מטבח - טקסט
 70
0
 62
52
  6
CONTINUOUS
  0
LAYER
  2
מטבח - נסתר
 70
0
 62
52
  6
HIDDEN
  0
LAYER
  2
ריצוף
 70
0
 62
251
  6
CONTINUOUS
  0
LAYER
  2
ריצוף - מילוי
 70
0
 62
8
  6
CONTINUOUS
  0
LAYER
  2
מידות - פנים
 70
0
 62
3
  6
CONTINUOUS
  0
LAYER
  2
מידות - חוץ
 70
0
 62
1
  6
CONTINUOUS
  0
LAYER
  2
מסגרת
 70
0
 62
250
  6
CONTINUOUS
  0
LAYER
  2
גבול גיליון
 70
0
 62
255
  6
CONTINUOUS
  0
LAYER
  2
מקרא
 70
0
 62
150
  6
CONTINUOUS
  0
LAYER
  2
רשת צירים
 70
0
 62
8
  6
CENTER
  0
LAYER
  2
הערות
 70
0
 62
150
  6
CONTINUOUS
  0
LAYER
  2
מהדורות
 70
0
 62
1
  6
CONTINUOUS
  0
ENDTAB
  0
TABLE
  2
STYLE
 70
2
  0
STYLE
  2
SOLINE
 70
0
 40
0.0000
 41
1.0000
 50
0.0000
 71
0
 42
2.5000
  3
arial.ttf
  4

  0
STYLE
  2
Standard
 70
0
 40
0.0000
 41
1.0000
 50
0.0000
 71
0
 42
2.5000
  3
txt
  4

  0
ENDTAB
  0
ENDSEC
  0
SECTION
  2
BLOCKS
  0
BLOCK
  8
0
  2
SS_socket_single_80x80
 70
0
 10
0.0000
 20
0.0000
 30
0.0000
  3
SS_socket_single_80x80
  1

  0
LINE
  5
7A4
  8
0
 10
0.0000
 20
0.0000
 30
0.0000
 11
0.0000
 21
36.8000
 31
0.0000
  0
LINE
  5
7A5
  8
0
 10
-25.6000
 20
36.8000
 30
0.0000
 11
-25.4390
 21
39.6663
 31
0.0000
  0
LINE
  5
7A6
  8
0
 10
-25.4390
 20
39.6663
 30
0.0000
 11
-24.9582
 21
42.4965
 31
0.0000
  0
LINE
  5
7A7
  8
0
 10
-24.9582
 20
42.4965
 30
0.0000
 11
-24.1634
 21
45.2551
 31
0.0000
  0
LINE
  5
7A8
  8
0
 10
-24.1634
 20
45.2551
 30
0.0000
 11
-23.0648
 21
47.9074
 31
0.0000
  0
LINE
  5
7A9
  8
0
 10
-23.0648
 20
47.9074
 30
0.0000
 11
-21.6761
 21
50.4200
 31
0.0000
  0
LINE
  5
7AA
  8
0
 10
-21.6761
 20
50.4200
 30
0.0000
 11
-20.0149
 21
52.7613
 31
0.0000
  0
LINE
  5
7AB
  8
0
 10
-20.0149
 20
52.7613
 30
0.0000
 11
-18.1019
 21
54.9019
 31
0.0000
  0
LINE
  5
7AC
  8
0
 10
-18.1019
 20
54.9019
 30
0.0000
 11
-15.9613
 21
56.8149
 31
0.0000
  0
LINE
  5
7AD
  8
0
 10
-15.9613
 20
56.8149
 30
0.0000
 11
-13.6200
 21
58.4761
 31
0.0000
  0
LINE
  5
7AE
  8
0
 10
-13.6200
 20
58.4761
 30
0.0000
 11
-11.1074
 21
59.8648
 31
0.0000
  0
LINE
  5
7AF
  8
0
 10
-11.1074
 20
59.8648
 30
0.0000
 11
-8.4551
 21
60.9634
 31
0.0000
  0
LINE
  5
7B0
  8
0
 10
-8.4551
 20
60.9634
 30
0.0000
 11
-5.6965
 21
61.7582
 31
0.0000
  0
LINE
  5
7B1
  8
0
 10
-5.6965
 20
61.7582
 30
0.0000
 11
-2.8663
 21
62.2390
 31
0.0000
  0
LINE
  5
7B2
  8
0
 10
-2.8663
 20
62.2390
 30
0.0000
 11
0.0000
 21
62.4000
 31
0.0000
  0
LINE
  5
7B3
  8
0
 10
0.0000
 20
62.4000
 30
0.0000
 11
2.8663
 21
62.2390
 31
0.0000
  0
LINE
  5
7B4
  8
0
 10
2.8663
 20
62.2390
 30
0.0000
 11
5.6965
 21
61.7582
 31
0.0000
  0
LINE
  5
7B5
  8
0
 10
5.6965
 20
61.7582
 30
0.0000
 11
8.4551
 21
60.9634
 31
0.0000
  0
LINE
  5
7B6
  8
0
 10
8.4551
 20
60.9634
 30
0.0000
 11
11.1074
 21
59.8648
 31
0.0000
  0
LINE
  5
7B7
  8
0
 10
11.1074
 20
59.8648
 30
0.0000
 11
13.6200
 21
58.4761
 31
0.0000
  0
LINE
  5
7B8
  8
0
 10
13.6200
 20
58.4761
 30
0.0000
 11
15.9613
 21
56.8149
 31
0.0000
  0
LINE
  5
7B9
  8
0
 10
15.9613
 20
56.8149
 30
0.0000
 11
18.1019
 21
54.9019
 31
0.0000
  0
LINE
  5
7BA
  8
0
 10
18.1019
 20
54.9019
 30
0.0000
 11
20.0149
 21
52.7613
 31
0.0000
  0
LINE
  5
7BB
  8
0
 10
20.0149
 20
52.7613
 30
0.0000
 11
21.6761
 21
50.4200
 31
0.0000
  0
LINE
  5
7BC
  8
0
 10
21.6761
 20
50.4200
 30
0.0000
 11
23.0648
 21
47.9074
 31
0.0000
  0
LINE
  5
7BD
  8
0
 10
23.0648
 20
47.9074
 30
0.0000
 11
24.1634
 21
45.2551
 31
0.0000
  0
LINE
  5
7BE
  8
0
 10
24.1634
 20
45.2551
 30
0.0000
 11
24.9582
 21
42.4965
 31
0.0000
  0
LINE
  5
7BF
  8
0
 10
24.9582
 20
42.4965
 30
0.0000
 11
25.4390
 21
39.6663
 31
0.0000
  0
LINE
  5
7C0
  8
0
 10
25.4390
 20
39.6663
 30
0.0000
 11
25.6000
 21
36.8000
 31
0.0000
  0
LINE
  5
7C1
  8
0
 10
-25.6000
 20
36.8000
 30
0.0000
 11
25.6000
 21
36.8000
 31
0.0000
  0
ENDBLK
  8
0
  0
BLOCK
  8
0
  2
SS_socket_duplex_160x80
 70
0
 10
0.0000
 20
0.0000
 30
0.0000
  3
SS_socket_duplex_160x80
  1

  0
LINE
  5
7C2
  8
0
 10
0.0000
 20
0.0000
 30
0.0000
 11
0.0000
 21
36.8000
 31
0.0000
  0
LINE
  5
7C3
  8
0
 10
-79.1040
 20
36.8000
 30
0.0000
 11
-78.8625
 21
38.9497
 31
0.0000
  0
LINE
  5
7C4
  8
0
 10
-78.8625
 20
38.9497
 30
0.0000
 11
-78.1412
 21
41.0724
 31
0.0000
  0
LINE
  5
7C5
  8
0
 10
-78.1412
 20
41.0724
 30
0.0000
 11
-76.9491
 21
43.1414
 31
0.0000
  0
LINE
  5
7C6
  8
0
 10
-76.9491
 20
43.1414
 30
0.0000
 11
-75.3012
 21
45.1306
 31
0.0000
  0
LINE
  5
7C7
  8
0
 10
-75.3012
 20
45.1306
 30
0.0000
 11
-73.2182
 21
47.0150
 31
0.0000
  0
LINE
  5
7C8
  8
0
 10
-73.2182
 20
47.0150
 30
0.0000
 11
-70.7263
 21
48.7710
 31
0.0000
  0
LINE
  5
7C9
  8
0
 10
-70.7263
 20
48.7710
 30
0.0000
 11
-67.8569
 21
50.3765
 31
0.0000
  0
LINE
  5
7CA
  8
0
 10
-67.8569
 20
50.3765
 30
0.0000
 11
-64.6460
 21
51.8112
 31
0.0000
  0
LINE
  5
7CB
  8
0
 10
-64.6460
 20
51.8112
 30
0.0000
 11
-61.1340
 21
53.0571
 31
0.0000
  0
LINE
  5
7CC
  8
0
 10
-61.1340
 20
53.0571
 30
0.0000
 11
-57.3651
 21
54.0986
 31
0.0000
  0
LINE
  5
7CD
  8
0
 10
-57.3651
 20
54.0986
 30
0.0000
 11
-53.3867
 21
54.9226
 31
0.0000
  0
LINE
  5
7CE
  8
0
 10
-53.3867
 20
54.9226
 30
0.0000
 11
-49.2488
 21
55.5186
 31
0.0000
  0
LINE
  5
7CF
  8
0
 10
-49.2488
 20
55.5186
 30
0.0000
 11
-45.0034
 21
55.8793
 31
0.0000
  0
LINE
  5
7D0
  8
0
 10
-45.0034
 20
55.8793
 30
0.0000
 11
-40.7040
 21
56.0000
 31
0.0000
  0
LINE
  5
7D1
  8
0
 10
-40.7040
 20
56.0000
 30
0.0000
 11
-36.4046
 21
55.8793
 31
0.0000
  0
LINE
  5
7D2
  8
0
 10
-36.4046
 20
55.8793
 30
0.0000
 11
-32.1592
 21
55.5186
 31
0.0000
  0
LINE
  5
7D3
  8
0
 10
-32.1592
 20
55.5186
 30
0.0000
 11
-28.0213
 21
54.9226
 31
0.0000
  0
LINE
  5
7D4
  8
0
 10
-28.0213
 20
54.9226
 30
0.0000
 11
-24.0429
 21
54.0986
 31
0.0000
  0
LINE
  5
7D5
  8
0
 10
-24.0429
 20
54.0986
 30
0.0000
 11
-20.2740
 21
53.0571
 31
0.0000
  0
LINE
  5
7D6
  8
0
 10
-20.2740
 20
53.0571
 30
0.0000
 11
-16.7620
 21
51.8112
 31
0.0000
  0
LINE
  5
7D7
  8
0
 10
-16.7620
 20
51.8112
 30
0.0000
 11
-13.5511
 21
50.3765
 31
0.0000
  0
LINE
  5
7D8
  8
0
 10
-13.5511
 20
50.3765
 30
0.0000
 11
-10.6817
 21
48.7710
 31
0.0000
  0
LINE
  5
7D9
  8
0
 10
-10.6817
 20
48.7710
 30
0.0000
 11
-8.1898
 21
47.0150
 31
0.0000
  0
LINE
  5
7DA
  8
0
 10
-8.1898
 20
47.0150
 30
0.0000
 11
-6.1068
 21
45.1306
 31
0.0000
  0
LINE
  5
7DB
  8
0
 10
-6.1068
 20
45.1306
 30
0.0000
 11
-4.4589
 21
43.1414
 31
0.0000
  0
LINE
  5
7DC
  8
0
 10
-4.4589
 20
43.1414
 30
0.0000
 11
-3.2668
 21
41.0724
 31
0.0000
  0
LINE
  5
7DD
  8
0
 10
-3.2668
 20
41.0724
 30
0.0000
 11
-2.5455
 21
38.9497
 31
0.0000
  0
LINE
  5
7DE
  8
0
 10
-2.5455
 20
38.9497
 30
0.0000
 11
-2.3040
 21
36.8000
 31
0.0000
  0
LINE
  5
7DF
  8
0
 10
-79.1040
 20
36.8000
 30
0.0000
 11
-2.3040
 21
36.8000
 31
0.0000
  0
LINE
  5
7E0
  8
0
 10
2.3040
 20
36.8000
 30
0.0000
 11
2.5455
 21
38.9497
 31
0.0000
  0
LINE
  5
7E1
  8
0
 10
2.5455
 20
38.9497
 30
0.0000
 11
3.2668
 21
41.0724
 31
0.0000
  0
LINE
  5
7E2
  8
0
 10
3.2668
 20
41.0724
 30
0.0000
 11
4.4589
 21
43.1414
 31
0.0000
  0
LINE
  5
7E3
  8
0
 10
4.4589
 20
43.1414
 30
0.0000
 11
6.1068
 21
45.1306
 31
0.0000
  0
LINE
  5
7E4
  8
0
 10
6.1068
 20
45.1306
 30
0.0000
 11
8.1898
 21
47.0150
 31
0.0000
  0
LINE
  5
7E5
  8
0
 10
8.1898
 20
47.0150
 30
0.0000
 11
10.6817
 21
48.7710
 31
0.0000
  0
LINE
  5
7E6
  8
0
 10
10.6817
 20
48.7710
 30
0.0000
 11
13.5511
 21
50.3765
 31
0.0000
  0
LINE
  5
7E7
  8
0
 10
13.5511
 20
50.3765
 30
0.0000
 11
16.7620
 21
51.8112
 31
0.0000
  0
LINE
  5
7E8
  8
0
 10
16.7620
 20
51.8112
 30
0.0000
 11
20.2740
 21
53.0571
 31
0.0000
  0
LINE
  5
7E9
  8
0
 10
20.2740
 20
53.0571
 30
0.0000
 11
24.0429
 21
54.0986
 31
0.0000
  0
LINE
  5
7EA
  8
0
 10
24.0429
 20
54.0986
 30
0.0000
 11
28.0213
 21
54.9226
 31
0.0000
  0
LINE
  5
7EB
  8
0
 10
28.0213
 20
54.9226
 30
0.0000
 11
32.1592
 21
55.5186
 31
0.0000
  0
LINE
  5
7EC
  8
0
 10
32.1592
 20
55.5186
 30
0.0000
 11
36.4046
 21
55.8793
 31
0.0000
  0
LINE
  5
7ED
  8
0
 10
36.4046
 20
55.8793
 30
0.0000
 11
40.7040
 21
56.0000
 31
0.0000
  0
LINE
  5
7EE
  8
0
 10
40.7040
 20
56.0000
 30
0.0000
 11
45.0034
 21
55.8793
 31
0.0000
  0
LINE
  5
7EF
  8
0
 10
45.0034
 20
55.8793
 30
0.0000
 11
49.2488
 21
55.5186
 31
0.0000
  0
LINE
  5
7F0
  8
0
 10
49.2488
 20
55.5186
 30
0.0000
 11
53.3867
 21
54.9226
 31
0.0000
  0
LINE
  5
7F1
  8
0
 10
53.3867
 20
54.9226
 30
0.0000
 11
57.3651
 21
54.0986
 31
0.0000
  0
LINE
  5
7F2
  8
0
 10
57.3651
 20
54.0986
 30
0.0000
 11
61.1340
 21
53.0571
 31
0.0000
  0
LINE
  5
7F3
  8
0
 10
61.1340
 20
53.0571
 30
0.0000
 11
64.6460
 21
51.8112
 31
0.0000
  0
LINE
  5
7F4
  8
0
 10
64.6460
 20
51.8112
 30
0.0000
 11
67.8569
 21
50.3765
 31
0.0000
  0
LINE
  5
7F5
  8
0
 10
67.8569
 20
50.3765
 30
0.0000
 11
70.7263
 21
48.7710
 31
0.0000
  0
LINE
  5
7F6
  8
0
 10
70.7263
 20
48.7710
 30
0.0000
 11
73.2182
 21
47.0150
 31
0.0000
  0
LINE
  5
7F7
  8
0
 10
73.2182
 20
47.0150
 30
0.0000
 11
75.3012
 21
45.1306
 31
0.0000
  0
LINE
  5
7F8
  8
0
 10
75.3012
 20
45.1306
 30
0.0000
 11
76.9491
 21
43.1414
 31
0.0000
  0
LINE
  5
7F9
  8
0
 10
76.9491
 20
43.1414
 30
0.0000
 11
78.1412
 21
41.0724
 31
0.0000
  0
LINE
  5
7FA
  8
0
 10
78.1412
 20
41.0724
 30
0.0000
 11
78.8625
 21
38.9497
 31
0.0000
  0
LINE
  5
7FB
  8
0
 10
78.8625
 20
38.9497
 30
0.0000
 11
79.1040
 21
36.8000
 31
0.0000
  0
LINE
  5
7FC
  8
0
 10
2.3040
 20
36.8000
 30
0.0000
 11
79.1040
 21
36.8000
 31
0.0000
  0
ENDBLK
  8
0
  0
BLOCK
  8
0
  2
SS_junction_box_80x80
 70
0
 10
0.0000
 20
0.0000
 30
0.0000
  3
SS_junction_box_80x80
  1

  0
LINE
  5
7FD
  8
0
 10
0.0000
 20
0.0000
 30
0.0000
 11
0.0000
 21
56.0000
 31
0.0000
  0
ARC
  5
7FE
  8
0
 10
0.0000
 20
40.0000
 30
0.0000
 40
14.4000
 50
0.0000
 51
360.0000
  0
ARC
  5
7FF
  8
0
 10
0.0000
 20
40.0000
 30
0.0000
 40
4.0000
 50
0.0000
 51
360.0000
  0
ENDBLK
  8
0
  0
BLOCK
  8
0
  2
SS_beam_80x50
 70
0
 10
0.0000
 20
0.0000
 30
0.0000
  3
SS_beam_80x50
  1

  0
LINE
  5
800
  8
0
 10
-40.0000
 20
31.0000
 30
0.0000
 11
40.0000
 21
31.0000
 31
0.0000
  0
LINE
  5
801
  8
0
 10
40.0000
 20
31.0000
 30
0.0000
 11
40.0000
 21
19.0000
 31
0.0000
  0
LINE
  5
802
  8
0
 10
40.0000
 20
19.0000
 30
0.0000
 11
-40.0000
 21
19.0000
 31
0.0000
  0
LINE
  5
803
  8
0
 10
-40.0000
 20
19.0000
 30
0.0000
 11
-40.0000
 21
31.0000
 31
0.0000
  0
ENDBLK
  8
0
  0
BLOCK
  8
0
  2
SS_water_faucet_20x20
 70
0
 10
0.0000
 20
0.0000
 30
0.0000
  3
SS_water_faucet_20x20
  1

  0
LINE
  5
804
  8
0
 10
0.0000
 20
0.0000
 30
0.0000
 11
0.0000
 21
5.6000
 31
0.0000
  0
LINE
  5
805
  8
0
 10
-4.4000
 20
14.4000
 30
0.0000
 11
4.4000
 21
14.4000
 31
0.0000
  0
LINE
  5
806
  8
0
 10
4.4000
 20
14.4000
 30
0.0000
 11
0.0000
 21
10.0000
 31
0.0000
  0
LINE
  5
807
  8
0
 10
0.0000
 20
10.0000
 30
0.0000
 11
-4.4000
 21
14.4000
 31
0.0000
  0
LINE
  5
808
  8
0
 10
-4.4000
 20
5.6000
 30
0.0000
 11
4.4000
 21
5.6000
 31
0.0000
  0
LINE
  5
809
  8
0
 10
4.4000
 20
5.6000
 30
0.0000
 11
0.0000
 21
10.0000
 31
0.0000
  0
LINE
  5
80A
  8
0
 10
0.0000
 20
10.0000
 30
0.0000
 11
-4.4000
 21
5.6000
 31
0.0000
  0
ARC
  5
80B
  8
0
 10
0.0000
 20
10.0000
 30
0.0000
 40
0.9000
 50
0.0000
 51
360.0000
  0
ENDBLK
  8
0
  0
BLOCK
  8
0
  2
SS_sewage_point_50x50
 70
0
 10
0.0000
 20
0.0000
 30
0.0000
  3
SS_sewage_point_50x50
  1

  0
LINE
  5
80C
  8
0
 10
0.0000
 20
0.0000
 30
0.0000
 11
0.0000
 21
39.0000
 31
0.0000
  0
ARC
  5
80D
  8
0
 10
0.0000
 20
25.0000
 30
0.0000
 40
15.0000
 50
0.0000
 51
360.0000
  0
LINE
  5
80E
  8
0
 10
-9.0000
 20
22.0000
 30
0.0000
 11
-4.0000
 21
28.0000
 31
0.0000
  0
LINE
  5
80F
  8
0
 10
-4.0000
 20
28.0000
 30
0.0000
 11
0.0000
 21
22.0000
 31
0.0000
  0
LINE
  5
810
  8
0
 10
0.0000
 20
22.0000
 30
0.0000
 11
4.0000
 21
28.0000
 31
0.0000
  0
LINE
  5
811
  8
0
 10
4.0000
 20
28.0000
 30
0.0000
 11
9.0000
 21
22.0000
 31
0.0000
  0
ENDBLK
  8
0
  0
BLOCK
  8
0
  2
SS_socket_single_186x75
 70
0
 10
0.0000
 20
0.0000
 30
0.0000
  3
SS_socket_single_186x75
  1

  0
LINE
  5
812
  8
0
 10
0.0000
 20
0.0000
 30
0.0000
 11
0.0000
 21
34.5000
 31
0.0000
  0
LINE
  5
813
  8
0
 10
-59.5200
 20
34.5000
 30
0.0000
 11
-59.1458
 21
37.1871
 31
0.0000
  0
LINE
  5
814
  8
0
 10
-59.1458
 20
37.1871
 30
0.0000
 11
-58.0277
 21
39.8405
 31
0.0000
  0
LINE
  5
815
  8
0
 10
-58.0277
 20
39.8405
 30
0.0000
 11
-56.1799
 21
42.4267
 31
0.0000
  0
LINE
  5
816
  8
0
 10
-56.1799
 20
42.4267
 30
0.0000
 11
-53.6257
 21
44.9132
 31
0.0000
  0
LINE
  5
817
  8
0
 10
-53.6257
 20
44.9132
 30
0.0000
 11
-50.3970
 21
47.2688
 31
0.0000
  0
LINE
  5
818
  8
0
 10
-50.3970
 20
47.2688
 30
0.0000
 11
-46.5346
 21
49.4638
 31
0.0000
  0
LINE
  5
819
  8
0
 10
-46.5346
 20
49.4638
 30
0.0000
 11
-42.0870
 21
51.4706
 31
0.0000
  0
LINE
  5
81A
  8
0
 10
-42.0870
 20
51.4706
 30
0.0000
 11
-37.1101
 21
53.2640
 31
0.0000
  0
LINE
  5
81B
  8
0
 10
-37.1101
 20
53.2640
 30
0.0000
 11
-31.6665
 21
54.8214
 31
0.0000
  0
LINE
  5
81C
  8
0
 10
-31.6665
 20
54.8214
 30
0.0000
 11
-25.8248
 21
56.1233
 31
0.0000
  0
LINE
  5
81D
  8
0
 10
-25.8248
 20
56.1233
 30
0.0000
 11
-19.6582
 21
57.1532
 31
0.0000
  0
LINE
  5
81E
  8
0
 10
-19.6582
 20
57.1532
 30
0.0000
 11
-13.2444
 21
57.8983
 31
0.0000
  0
LINE
  5
81F
  8
0
 10
-13.2444
 20
57.8983
 30
0.0000
 11
-6.6641
 21
58.3491
 31
0.0000
  0
LINE
  5
820
  8
0
 10
-6.6641
 20
58.3491
 30
0.0000
 11
0.0000
 21
58.5000
 31
0.0000
  0
LINE
  5
821
  8
0
 10
0.0000
 20
58.5000
 30
0.0000
 11
6.6641
 21
58.3491
 31
0.0000
  0
LINE
  5
822
  8
0
 10
6.6641
 20
58.3491
 30
0.0000
 11
13.2444
 21
57.8983
 31
0.0000
  0
LINE
  5
823
  8
0
 10
13.2444
 20
57.8983
 30
0.0000
 11
19.6582
 21
57.1532
 31
0.0000
  0
LINE
  5
824
  8
0
 10
19.6582
 20
57.1532
 30
0.0000
 11
25.8248
 21
56.1233
 31
0.0000
  0
LINE
  5
825
  8
0
 10
25.8248
 20
56.1233
 30
0.0000
 11
31.6665
 21
54.8214
 31
0.0000
  0
LINE
  5
826
  8
0
 10
31.6665
 20
54.8214
 30
0.0000
 11
37.1101
 21
53.2640
 31
0.0000
  0
LINE
  5
827
  8
0
 10
37.1101
 20
53.2640
 30
0.0000
 11
42.0870
 21
51.4706
 31
0.0000
  0
LINE
  5
828
  8
0
 10
42.0870
 20
51.4706
 30
0.0000
 11
46.5346
 21
49.4638
 31
0.0000
  0
LINE
  5
829
  8
0
 10
46.5346
 20
49.4638
 30
0.0000
 11
50.3970
 21
47.2688
 31
0.0000
  0
LINE
  5
82A
  8
0
 10
50.3970
 20
47.2688
 30
0.0000
 11
53.6257
 21
44.9132
 31
0.0000
  0
LINE
  5
82B
  8
0
 10
53.6257
 20
44.9132
 30
0.0000
 11
56.1799
 21
42.4267
 31
0.0000
  0
LINE
  5
82C
  8
0
 10
56.1799
 20
42.4267
 30
0.0000
 11
58.0277
 21
39.8405
 31
0.0000
  0
LINE
  5
82D
  8
0
 10
58.0277
 20
39.8405
 30
0.0000
 11
59.1458
 21
37.1871
 31
0.0000
  0
LINE
  5
82E
  8
0
 10
59.1458
 20
37.1871
 30
0.0000
 11
59.5200
 21
34.5000
 31
0.0000
  0
LINE
  5
82F
  8
0
 10
-59.5200
 20
34.5000
 30
0.0000
 11
59.5200
 21
34.5000
 31
0.0000
  0
ENDBLK
  8
0
  0
BLOCK
  8
0
  2
SS_junction_cable_20x20
 70
0
 10
0.0000
 20
0.0000
 30
0.0000
  3
SS_junction_cable_20x20
  1

  0
LINE
  5
830
  8
0
 10
0.0000
 20
0.0000
 30
0.0000
 11
0.0000
 21
15.6000
 31
0.0000
  0
ARC
  5
831
  8
0
 10
0.0000
 20
9.6000
 30
0.0000
 40
6.4000
 50
0.0000
 51
360.0000
  0
LINE
  5
832
  8
0
 10
0.0000
 20
9.6000
 30
0.0000
 11
-4.4000
 21
14.0000
 31
0.0000
  0
LINE
  5
833
  8
0
 10
0.0000
 20
9.6000
 30
0.0000
 11
4.4000
 21
14.0000
 31
0.0000
  0
LINE
  5
834
  8
0
 10
0.0000
 20
9.6000
 30
0.0000
 11
-4.4000
 21
5.2000
 31
0.0000
  0
LINE
  5
835
  8
0
 10
0.0000
 20
9.6000
 30
0.0000
 11
4.4000
 21
5.2000
 31
0.0000
  0
ENDBLK
  8
0
  0
BLOCK
  8
0
  2
SS_light_downlight_100x30
 70
0
 10
0.0000
 20
0.0000
 30
0.0000
  3
SS_light_downlight_100x30
  1

  0
LINE
  5
836
  8
0
 10
30.0000
 20
15.0000
 30
0.0000
 11
29.4236
 21
13.2442
 31
0.0000
  0
LINE
  5
837
  8
0
 10
29.4236
 20
13.2442
 30
0.0000
 11
27.7164
 21
11.5558
 31
0.0000
  0
LINE
  5
838
  8
0
 10
27.7164
 20
11.5558
 30
0.0000
 11
24.9441
 21
9.9999
 31
0.0000
  0
LINE
  5
839
  8
0
 10
24.9441
 20
9.9999
 30
0.0000
 11
21.2132
 21
8.6360
 31
0.0000
  0
LINE
  5
83A
  8
0
 10
21.2132
 20
8.6360
 30
0.0000
 11
16.6671
 21
7.5168
 31
0.0000
  0
LINE
  5
83B
  8
0
 10
16.6671
 20
7.5168
 30
0.0000
 11
11.4805
 21
6.6851
 31
0.0000
  0
LINE
  5
83C
  8
0
 10
11.4805
 20
6.6851
 30
0.0000
 11
5.8527
 21
6.1729
 31
0.0000
  0
LINE
  5
83D
  8
0
 10
5.8527
 20
6.1729
 30
0.0000
 11
0.0000
 21
6.0000
 31
0.0000
  0
LINE
  5
83E
  8
0
 10
0.0000
 20
6.0000
 30
0.0000
 11
-5.8527
 21
6.1729
 31
0.0000
  0
LINE
  5
83F
  8
0
 10
-5.8527
 20
6.1729
 30
0.0000
 11
-11.4805
 21
6.6851
 31
0.0000
  0
LINE
  5
840
  8
0
 10
-11.4805
 20
6.6851
 30
0.0000
 11
-16.6671
 21
7.5168
 31
0.0000
  0
LINE
  5
841
  8
0
 10
-16.6671
 20
7.5168
 30
0.0000
 11
-21.2132
 21
8.6360
 31
0.0000
  0
LINE
  5
842
  8
0
 10
-21.2132
 20
8.6360
 30
0.0000
 11
-24.9441
 21
9.9999
 31
0.0000
  0
LINE
  5
843
  8
0
 10
-24.9441
 20
9.9999
 30
0.0000
 11
-27.7164
 21
11.5558
 31
0.0000
  0
LINE
  5
844
  8
0
 10
-27.7164
 20
11.5558
 30
0.0000
 11
-29.4236
 21
13.2442
 31
0.0000
  0
LINE
  5
845
  8
0
 10
-29.4236
 20
13.2442
 30
0.0000
 11
-30.0000
 21
15.0000
 31
0.0000
  0
LINE
  5
846
  8
0
 10
-30.0000
 20
15.0000
 30
0.0000
 11
-29.4236
 21
16.7558
 31
0.0000
  0
LINE
  5
847
  8
0
 10
-29.4236
 20
16.7558
 30
0.0000
 11
-27.7164
 21
18.4442
 31
0.0000
  0
LINE
  5
848
  8
0
 10
-27.7164
 20
18.4442
 30
0.0000
 11
-24.9441
 21
20.0001
 31
0.0000
  0
LINE
  5
849
  8
0
 10
-24.9441
 20
20.0001
 30
0.0000
 11
-21.2132
 21
21.3640
 31
0.0000
  0
LINE
  5
84A
  8
0
 10
-21.2132
 20
21.3640
 30
0.0000
 11
-16.6671
 21
22.4832
 31
0.0000
  0
LINE
  5
84B
  8
0
 10
-16.6671
 20
22.4832
 30
0.0000
 11
-11.4805
 21
23.3149
 31
0.0000
  0
LINE
  5
84C
  8
0
 10
-11.4805
 20
23.3149
 30
0.0000
 11
-5.8527
 21
23.8271
 31
0.0000
  0
LINE
  5
84D
  8
0
 10
-5.8527
 20
23.8271
 30
0.0000
 11
0.0000
 21
24.0000
 31
0.0000
  0
LINE
  5
84E
  8
0
 10
0.0000
 20
24.0000
 30
0.0000
 11
5.8527
 21
23.8271
 31
0.0000
  0
LINE
  5
84F
  8
0
 10
5.8527
 20
23.8271
 30
0.0000
 11
11.4805
 21
23.3149
 31
0.0000
  0
LINE
  5
850
  8
0
 10
11.4805
 20
23.3149
 30
0.0000
 11
16.6671
 21
22.4832
 31
0.0000
  0
LINE
  5
851
  8
0
 10
16.6671
 20
22.4832
 30
0.0000
 11
21.2132
 21
21.3640
 31
0.0000
  0
LINE
  5
852
  8
0
 10
21.2132
 20
21.3640
 30
0.0000
 11
24.9441
 21
20.0001
 31
0.0000
  0
LINE
  5
853
  8
0
 10
24.9441
 20
20.0001
 30
0.0000
 11
27.7164
 21
18.4442
 31
0.0000
  0
LINE
  5
854
  8
0
 10
27.7164
 20
18.4442
 30
0.0000
 11
29.4236
 21
16.7558
 31
0.0000
  0
LINE
  5
855
  8
0
 10
29.4236
 20
16.7558
 30
0.0000
 11
30.0000
 21
15.0000
 31
0.0000
  0
LINE
  5
856
  8
0
 10
-21.0000
 20
21.3000
 30
0.0000
 11
21.0000
 21
8.7000
 31
0.0000
  0
LINE
  5
857
  8
0
 10
21.0000
 20
21.3000
 30
0.0000
 11
-21.0000
 21
8.7000
 31
0.0000
  0
ENDBLK
  8
0
  0
ENDSEC
  0
SECTION
  2
ENTITIES
  0
SOLID
  5
100
  8
קירות - מילוי
 10
4388.0000
 20
-6490.0000
 30
0.0000
 11
3390.0000
 21
-6490.0000
 31
0.0000
 12
4388.0000
 22
-6390.0000
 32
0.0000
 13
3490.0000
 23
-6390.0000
 33
0.0000
  0
LINE
  5
101
  8
קירות
 10
4388.0000
 20
-6490.0000
 30
0.0000
 11
3390.0000
 21
-6490.0000
 31
0.0000
  0
LINE
  5
102
  8
קירות
 10
4388.0000
 20
-6390.0000
 30
0.0000
 11
3490.0000
 21
-6390.0000
 31
0.0000
  0
LINE
  5
103
  8
קירות
 10
4388.0000
 20
-6490.0000
 30
0.0000
 11
4388.0000
 21
-6390.0000
 31
0.0000
  0
SOLID
  5
104
  8
קירות - מילוי
 10
3390.0000
 20
-6490.0000
 30
0.0000
 11
3390.0000
 21
-2444.0000
 31
0.0000
 12
3490.0000
 22
-6390.0000
 32
0.0000
 13
3490.0000
 23
-2544.0000
 33
0.0000
  0
LINE
  5
105
  8
קירות
 10
3390.0000
 20
-6490.0000
 30
0.0000
 11
3390.0000
 21
-2444.0000
 31
0.0000
  0
LINE
  5
106
  8
קירות
 10
3490.0000
 20
-6390.0000
 30
0.0000
 11
3490.0000
 21
-2544.0000
 31
0.0000
  0
SOLID
  5
107
  8
קירות - מילוי
 10
3390.0000
 20
-2444.0000
 30
0.0000
 11
3592.0000
 21
-2444.0000
 31
0.0000
 12
3490.0000
 22
-2544.0000
 32
0.0000
 13
3592.0000
 23
-2544.0000
 33
0.0000
  0
LINE
  5
108
  8
קירות
 10
3390.0000
 20
-2444.0000
 30
0.0000
 11
3592.0000
 21
-2444.0000
 31
0.0000
  0
LINE
  5
109
  8
קירות
 10
3490.0000
 20
-2544.0000
 30
0.0000
 11
3592.0000
 21
-2544.0000
 31
0.0000
  0
SOLID
  5
10A
  8
קירות - מילוי
 10
4860.0000
 20
-2444.0000
 30
0.0000
 11
6000.0000
 21
-2444.0000
 31
0.0000
 12
4860.0000
 22
-2544.0000
 32
0.0000
 13
6000.0000
 23
-2544.0000
 33
0.0000
  0
LINE
  5
10B
  8
קירות
 10
4860.0000
 20
-2444.0000
 30
0.0000
 11
6000.0000
 21
-2444.0000
 31
0.0000
  0
LINE
  5
10C
  8
קירות
 10
4860.0000
 20
-2544.0000
 30
0.0000
 11
6000.0000
 21
-2544.0000
 31
0.0000
  0
SOLID
  5
10D
  8
קירות - מילוי
 10
7368.0000
 20
-2444.0000
 30
0.0000
 11
8705.5000
 21
-2444.0000
 31
0.0000
 12
7368.0000
 22
-2544.0000
 32
0.0000
 13
8705.5000
 23
-2544.0000
 33
0.0000
  0
LINE
  5
10E
  8
קירות
 10
7368.0000
 20
-2444.0000
 30
0.0000
 11
8705.5000
 21
-2444.0000
 31
0.0000
  0
LINE
  5
10F
  8
קירות
 10
7368.0000
 20
-2544.0000
 30
0.0000
 11
8705.5000
 21
-2544.0000
 31
0.0000
  0
SOLID
  5
110
  8
קירות - מילוי
 10
9676.5000
 20
-2444.0000
 30
0.0000
 11
11469.0000
 21
-2444.0000
 31
0.0000
 12
9676.5000
 22
-2544.0000
 32
0.0000
 13
11369.0000
 23
-2544.0000
 33
0.0000
  0
LINE
  5
111
  8
קירות
 10
9676.5000
 20
-2444.0000
 30
0.0000
 11
11469.0000
 21
-2444.0000
 31
0.0000
  0
LINE
  5
112
  8
קירות
 10
9676.5000
 20
-2544.0000
 30
0.0000
 11
11369.0000
 21
-2544.0000
 31
0.0000
  0
LINE
  5
113
  8
קירות
 10
3592.0000
 20
-2544.0000
 30
0.0000
 11
3592.0000
 21
-2444.0000
 31
0.0000
  0
LINE
  5
114
  8
קירות
 10
4860.0000
 20
-2544.0000
 30
0.0000
 11
4860.0000
 21
-2444.0000
 31
0.0000
  0
LINE
  5
115
  8
קירות
 10
6000.0000
 20
-2544.0000
 30
0.0000
 11
6000.0000
 21
-2444.0000
 31
0.0000
  0
LINE
  5
116
  8
קירות
 10
7368.0000
 20
-2544.0000
 30
0.0000
 11
7368.0000
 21
-2444.0000
 31
0.0000
  0
LINE
  5
117
  8
קירות
 10
8705.5000
 20
-2544.0000
 30
0.0000
 11
8705.5000
 21
-2444.0000
 31
0.0000
  0
LINE
  5
118
  8
קירות
 10
9676.5000
 20
-2544.0000
 30
0.0000
 11
9676.5000
 21
-2444.0000
 31
0.0000
  0
SOLID
  5
119
  8
קירות - מילוי
 10
11469.0000
 20
-5017.5000
 30
0.0000
 11
11469.0000
 21
-6785.0000
 31
0.0000
 12
11369.0000
 22
-5017.5000
 32
0.0000
 13
11369.0000
 23
-6685.0000
 33
0.0000
  0
LINE
  5
11A
  8
קירות
 10
11469.0000
 20
-5017.5000
 30
0.0000
 11
11469.0000
 21
-6785.0000
 31
0.0000
  0
LINE
  5
11B
  8
קירות
 10
11369.0000
 20
-5017.5000
 30
0.0000
 11
11369.0000
 21
-6685.0000
 31
0.0000
  0
LINE
  5
11C
  8
קירות
 10
11369.0000
 20
-2544.0000
 30
0.0000
 11
11469.0000
 21
-2544.0000
 31
0.0000
  0
LINE
  5
11D
  8
קירות
 10
11369.0000
 20
-5017.5000
 30
0.0000
 11
11469.0000
 21
-5017.5000
 31
0.0000
  0
SOLID
  5
11E
  8
קירות - מילוי
 10
11469.0000
 20
-6785.0000
 30
0.0000
 11
7818.0000
 21
-6785.0000
 31
0.0000
 12
11369.0000
 22
-6685.0000
 32
0.0000
 13
7818.0000
 23
-6685.0000
 33
0.0000
  0
LINE
  5
11F
  8
קירות
 10
11469.0000
 20
-6785.0000
 30
0.0000
 11
7818.0000
 21
-6785.0000
 31
0.0000
  0
LINE
  5
120
  8
קירות
 10
11369.0000
 20
-6685.0000
 30
0.0000
 11
7818.0000
 21
-6685.0000
 31
0.0000
  0
LINE
  5
121
  8
קירות
 10
7818.0000
 20
-6785.0000
 30
0.0000
 11
7818.0000
 21
-6685.0000
 31
0.0000
  0
LINE
  5
122
  8
חלונות
 10
3592.0000
 20
-2594.0000
 30
0.0000
 11
4860.0000
 21
-2594.0000
 31
0.0000
  0
LINE
  5
123
  8
חלונות
 10
4860.0000
 20
-2594.0000
 30
0.0000
 11
4860.0000
 21
-2494.0000
 31
0.0000
  0
LINE
  5
124
  8
חלונות
 10
4860.0000
 20
-2494.0000
 30
0.0000
 11
3592.0000
 21
-2494.0000
 31
0.0000
  0
LINE
  5
125
  8
חלונות
 10
3592.0000
 20
-2494.0000
 30
0.0000
 11
3592.0000
 21
-2594.0000
 31
0.0000
  0
LINE
  5
126
  8
חלונות
 10
3642.0000
 20
-2594.0000
 30
0.0000
 11
3642.0000
 21
-2494.0000
 31
0.0000
  0
LINE
  5
127
  8
חלונות
 10
4810.0000
 20
-2594.0000
 30
0.0000
 11
4810.0000
 21
-2494.0000
 31
0.0000
  0
LINE
  5
128
  8
חלונות
 10
3642.0000
 20
-2544.0000
 30
0.0000
 11
4810.0000
 21
-2544.0000
 31
0.0000
  0
LINE
  5
129
  8
חלונות
 10
3642.0000
 20
-2544.0000
 30
0.0000
 11
4810.0000
 21
-2544.0000
 31
0.0000
  0
LINE
  5
12A
  8
חלונות
 10
3642.0000
 20
-2544.0000
 30
0.0000
 11
4810.0000
 21
-2544.0000
 31
0.0000
  0
TEXT
  5
12B
  8
חלונות - טקסט
 10
4226.0000
 20
-2319.0000
 30
0.0000
 40
125.0000
  1
W1
 50
0.0000
  7
SOLINE
 72
1
 73
2
 11
4226.0000
 21
-2319.0000
 31
0.0000
  0
LINE
  5
12C
  8
חלונות
 10
6000.0000
 20
-2594.0000
 30
0.0000
 11
7368.0000
 21
-2594.0000
 31
0.0000
  0
LINE
  5
12D
  8
חלונות
 10
7368.0000
 20
-2594.0000
 30
0.0000
 11
7368.0000
 21
-2494.0000
 31
0.0000
  0
LINE
  5
12E
  8
חלונות
 10
7368.0000
 20
-2494.0000
 30
0.0000
 11
6000.0000
 21
-2494.0000
 31
0.0000
  0
LINE
  5
12F
  8
חלונות
 10
6000.0000
 20
-2494.0000
 30
0.0000
 11
6000.0000
 21
-2594.0000
 31
0.0000
  0
LINE
  5
130
  8
חלונות
 10
6050.0000
 20
-2594.0000
 30
0.0000
 11
6050.0000
 21
-2494.0000
 31
0.0000
  0
LINE
  5
131
  8
חלונות
 10
7318.0000
 20
-2594.0000
 30
0.0000
 11
7318.0000
 21
-2494.0000
 31
0.0000
  0
LINE
  5
132
  8
חלונות
 10
6050.0000
 20
-2544.0000
 30
0.0000
 11
7318.0000
 21
-2544.0000
 31
0.0000
  0
LINE
  5
133
  8
חלונות
 10
6050.0000
 20
-2544.0000
 30
0.0000
 11
7318.0000
 21
-2544.0000
 31
0.0000
  0
LINE
  5
134
  8
חלונות
 10
6050.0000
 20
-2544.0000
 30
0.0000
 11
7318.0000
 21
-2544.0000
 31
0.0000
  0
TEXT
  5
135
  8
חלונות - טקסט
 10
6684.0000
 20
-2319.0000
 30
0.0000
 40
125.0000
  1
W2
 50
0.0000
  7
SOLINE
 72
1
 73
2
 11
6684.0000
 21
-2319.0000
 31
0.0000
  0
LINE
  5
136
  8
חלונות
 10
8705.5000
 20
-2594.0000
 30
0.0000
 11
9676.5000
 21
-2594.0000
 31
0.0000
  0
LINE
  5
137
  8
חלונות
 10
9676.5000
 20
-2594.0000
 30
0.0000
 11
9676.5000
 21
-2494.0000
 31
0.0000
  0
LINE
  5
138
  8
חלונות
 10
9676.5000
 20
-2494.0000
 30
0.0000
 11
8705.5000
 21
-2494.0000
 31
0.0000
  0
LINE
  5
139
  8
חלונות
 10
8705.5000
 20
-2494.0000
 30
0.0000
 11
8705.5000
 21
-2594.0000
 31
0.0000
  0
LINE
  5
13A
  8
חלונות
 10
8755.5000
 20
-2594.0000
 30
0.0000
 11
8755.5000
 21
-2494.0000
 31
0.0000
  0
LINE
  5
13B
  8
חלונות
 10
9626.5000
 20
-2594.0000
 30
0.0000
 11
9626.5000
 21
-2494.0000
 31
0.0000
  0
LINE
  5
13C
  8
חלונות
 10
8755.5000
 20
-2544.0000
 30
0.0000
 11
9626.5000
 21
-2544.0000
 31
0.0000
  0
LINE
  5
13D
  8
חלונות
 10
8755.5000
 20
-2544.0000
 30
0.0000
 11
9626.5000
 21
-2544.0000
 31
0.0000
  0
LINE
  5
13E
  8
חלונות
 10
8755.5000
 20
-2544.0000
 30
0.0000
 11
9626.5000
 21
-2544.0000
 31
0.0000
  0
TEXT
  5
13F
  8
חלונות - טקסט
 10
9191.0000
 20
-2319.0000
 30
0.0000
 40
125.0000
  1
W3
 50
0.0000
  7
SOLINE
 72
1
 73
2
 11
9191.0000
 21
-2319.0000
 31
0.0000
  0
LINE
  5
140
  8
חלונות
 10
11319.0000
 20
-2542.5000
 30
0.0000
 11
11319.0000
 21
-5017.5000
 31
0.0000
  0
LINE
  5
141
  8
חלונות
 10
11319.0000
 20
-5017.5000
 30
0.0000
 11
11419.0000
 21
-5017.5000
 31
0.0000
  0
LINE
  5
142
  8
חלונות
 10
11419.0000
 20
-5017.5000
 30
0.0000
 11
11419.0000
 21
-2542.5000
 31
0.0000
  0
LINE
  5
143
  8
חלונות
 10
11419.0000
 20
-2542.5000
 30
0.0000
 11
11319.0000
 21
-2542.5000
 31
0.0000
  0
LINE
  5
144
  8
חלונות
 10
11319.0000
 20
-2592.5000
 30
0.0000
 11
11419.0000
 21
-2592.5000
 31
0.0000
  0
LINE
  5
145
  8
חלונות
 10
11319.0000
 20
-4967.5000
 30
0.0000
 11
11419.0000
 21
-4967.5000
 31
0.0000
  0
LINE
  5
146
  8
חלונות
 10
11369.0000
 20
-2592.5000
 30
0.0000
 11
11369.0000
 21
-4967.5000
 31
0.0000
  0
LINE
  5
147
  8
חלונות
 10
11369.0000
 20
-2592.5000
 30
0.0000
 11
11369.0000
 21
-4967.5000
 31
0.0000
  0
LINE
  5
148
  8
חלונות
 10
11369.0000
 20
-2592.5000
 30
0.0000
 11
11369.0000
 21
-4967.5000
 31
0.0000
  0
TEXT
  5
149
  8
חלונות - טקסט
 10
11594.0000
 20
-3780.0000
 30
0.0000
 40
125.0000
  1
W4
 50
0.0000
  7
SOLINE
 72
1
 73
2
 11
11594.0000
 21
-3780.0000
 31
0.0000
  0
INSERT
  5
14A
  8
חשמל
  2
SS_socket_single_80x80
 10
3490.0000
 20
-4837.0000
 30
0.0000
 41
1.0000
 42
1.0000
 43
1.0000
 50
90.0000
  0
INSERT
  5
14B
  8
חשמל
  2
SS_socket_single_80x80
 10
3490.0000
 20
-4373.0000
 30
0.0000
 41
1.0000
 42
1.0000
 43
1.0000
 50
90.0000
  0
INSERT
  5
14C
  8
חשמל
  2
SS_socket_single_80x80
 10
3490.0000
 20
-4228.0000
 30
0.0000
 41
1.0000
 42
1.0000
 43
1.0000
 50
90.0000
  0
INSERT
  5
14D
  8
חשמל
  2
SS_socket_single_80x80
 10
3490.0000
 20
-4075.0000
 30
0.0000
 41
1.0000
 42
1.0000
 43
1.0000
 50
90.0000
  0
INSERT
  5
14E
  8
חשמל
  2
SS_socket_duplex_160x80
 10
3490.0000
 20
-3675.0000
 30
0.0000
 41
1.0000
 42
1.0000
 43
1.0000
 50
90.0000
  0
INSERT
  5
14F
  8
חשמל
  2
SS_socket_single_80x80
 10
3490.0000
 20
-3177.0000
 30
0.0000
 41
1.0000
 42
1.0000
 43
1.0000
 50
90.0000
  0
INSERT
  5
150
  8
חשמל
  2
SS_junction_box_80x80
 10
3490.0000
 20
-3474.0000
 30
0.0000
 41
1.0000
 42
1.0000
 43
1.0000
 50
90.0000
  0
INSERT
  5
151
  8
חשמל
  2
SS_socket_single_80x80
 10
3490.0000
 20
-2767.0000
 30
0.0000
 41
1.0000
 42
1.0000
 43
1.0000
 50
90.0000
  0
INSERT
  5
152
  8
חשמל
  2
SS_socket_duplex_160x80
 10
3490.0000
 20
-2650.0000
 30
0.0000
 41
1.0000
 42
1.0000
 43
1.0000
 50
90.0000
  0
INSERT
  5
153
  8
חשמל
  2
SS_socket_single_80x80
 10
3970.0000
 20
-2544.0000
 30
0.0000
 41
1.0000
 42
1.0000
 43
1.0000
 50
0.0000
  0
INSERT
  5
154
  8
מבנה
  2
SS_beam_80x50
 10
5828.0000
 20
-2544.0000
 30
0.0000
 41
1.0000
 42
1.0000
 43
1.0000
 50
0.0000
  0
INSERT
  5
155
  8
חשמל
  2
SS_socket_single_80x80
 10
5352.0000
 20
-2544.0000
 30
0.0000
 41
1.0000
 42
1.0000
 43
1.0000
 50
0.0000
  0
INSERT
  5
156
  8
מים
  2
SS_water_faucet_20x20
 10
5485.0000
 20
-2544.0000
 30
0.0000
 41
1.0000
 42
1.0000
 43
1.0000
 50
0.0000
  0
INSERT
  5
157
  8
מים
  2
SS_water_faucet_20x20
 10
5638.0000
 20
-2544.0000
 30
0.0000
 41
1.0000
 42
1.0000
 43
1.0000
 50
0.0000
  0
INSERT
  5
158
  8
חשמל
  2
SS_socket_single_80x80
 10
5842.0000
 20
-2544.0000
 30
0.0000
 41
1.0000
 42
1.0000
 43
1.0000
 50
0.0000
  0
INSERT
  5
159
  8
ניקוז
  2
SS_sewage_point_50x50
 10
5641.0000
 20
-2544.0000
 30
0.0000
 41
1.0000
 42
1.0000
 43
1.0000
 50
0.0000
  0
INSERT
  5
15A
  8
חשמל
  2
SS_junction_box_80x80
 10
5913.0000
 20
-2544.0000
 30
0.0000
 41
1.0000
 42
1.0000
 43
1.0000
 50
0.0000
  0
INSERT
  5
15B
  8
חשמל
  2
SS_socket_single_186x75
 10
6516.0000
 20
-2544.0000
 30
0.0000
 41
1.0000
 42
1.0000
 43
1.0000
 50
0.0000
  0
INSERT
  5
15C
  8
חשמל
  2
SS_socket_single_80x80
 10
8320.0000
 20
-2544.0000
 30
0.0000
 41
1.0000
 42
1.0000
 43
1.0000
 50
0.0000
  0
INSERT
  5
15D
  8
חשמל
  2
SS_socket_single_80x80
 10
8218.0000
 20
-2544.0000
 30
0.0000
 41
1.0000
 42
1.0000
 43
1.0000
 50
0.0000
  0
INSERT
  5
15E
  8
חשמל
  2
SS_junction_cable_20x20
 10
10719.0000
 20
-2544.0000
 30
0.0000
 41
1.0000
 42
1.0000
 43
1.0000
 50
0.0000
  0
INSERT
  5
15F
  8
תאורה
  2
SS_light_downlight_100x30
 10
5563.0000
 20
-2544.0000
 30
0.0000
 41
1.0000
 42
1.0000
 43
1.0000
 50
0.0000
  0
INSERT
  5
160
  8
תאורה
  2
SS_light_downlight_100x30
 10
5627.0000
 20
-2544.0000
 30
0.0000
 41
1.0000
 42
1.0000
 43
1.0000
 50
0.0000
  0
INSERT
  5
161
  8
תאורה
  2
SS_light_downlight_100x30
 10
9241.0000
 20
-2544.0000
 30
0.0000
 41
1.0000
 42
1.0000
 43
1.0000
 50
0.0000
  0
LINE
  5
162
  8
מידות - פנים
 10
3490.0000
 20
-2504.0000
 30
0.0000
 11
3490.0000
 21
-2202.5000
 31
0.0000
  0
LINE
  5
163
  8
מידות - פנים
 10
3592.0000
 20
-2504.0000
 30
0.0000
 11
3592.0000
 21
-2202.5000
 31
0.0000
  0
LINE
  5
164
  8
מידות - פנים
 10
3490.0000
 20
-2256.5000
 30
0.0000
 11
3592.0000
 21
-2256.5000
 31
0.0000
  0
SOLID
  5
165
  8
מידות - פנים
 10
3490.0000
 20
-2256.5000
 30
0.0000
 11
3386.5000
 21
-2227.7000
 31
0.0000
 12
3386.5000
 22
-2285.3000
 32
0.0000
 13
3386.5000
 23
-2285.3000
 33
0.0000
  0
SOLID
  5
166
  8
מידות - פנים
 10
3592.0000
 20
-2256.5000
 30
0.0000
 11
3695.5000
 21
-2227.7000
 31
0.0000
 12
3695.5000
 22
-2285.3000
 32
0.0000
 13
3695.5000
 23
-2285.3000
 33
0.0000
  0
TEXT
  5
167
  8
מידות - פנים
 10
3541.0000
 20
-2171.0000
 30
0.0000
 40
90.0000
  1
10.2
 50
0.0000
  7
SOLINE
 72
1
 73
2
 11
3541.0000
 21
-2171.0000
 31
0.0000
  0
LINE
  5
168
  8
מידות - פנים
 10
3592.0000
 20
-2504.0000
 30
0.0000
 11
3592.0000
 21
-2202.5000
 31
0.0000
  0
LINE
  5
169
  8
מידות - פנים
 10
4860.0000
 20
-2504.0000
 30
0.0000
 11
4860.0000
 21
-2202.5000
 31
0.0000
  0
LINE
  5
16A
  8
מידות - פנים
 10
3592.0000
 20
-2256.5000
 30
0.0000
 11
4860.0000
 21
-2256.5000
 31
0.0000
  0
SOLID
  5
16B
  8
מידות - פנים
 10
3592.0000
 20
-2256.5000
 30
0.0000
 11
3488.5000
 21
-2227.7000
 31
0.0000
 12
3488.5000
 22
-2285.3000
 32
0.0000
 13
3488.5000
 23
-2285.3000
 33
0.0000
  0
SOLID
  5
16C
  8
מידות - פנים
 10
4860.0000
 20
-2256.5000
 30
0.0000
 11
4963.5000
 21
-2227.7000
 31
0.0000
 12
4963.5000
 22
-2285.3000
 32
0.0000
 13
4963.5000
 23
-2285.3000
 33
0.0000
  0
TEXT
  5
16D
  8
מידות - פנים
 10
4226.0000
 20
-2171.0000
 30
0.0000
 40
90.0000
  1
126.8
 50
0.0000
  7
SOLINE
 72
1
 73
2
 11
4226.0000
 21
-2171.0000
 31
0.0000
  0
LINE
  5
16E
  8
מידות - פנים
 10
4860.0000
 20
-2504.0000
 30
0.0000
 11
4860.0000
 21
-2202.5000
 31
0.0000
  0
LINE
  5
16F
  8
מידות - פנים
 10
6000.0000
 20
-2504.0000
 30
0.0000
 11
6000.0000
 21
-2202.5000
 31
0.0000
  0
LINE
  5
170
  8
מידות - פנים
 10
4860.0000
 20
-2256.5000
 30
0.0000
 11
6000.0000
 21
-2256.5000
 31
0.0000
  0
SOLID
  5
171
  8
מידות - פנים
 10
4860.0000
 20
-2256.5000
 30
0.0000
 11
4756.5000
 21
-2227.7000
 31
0.0000
 12
4756.5000
 22
-2285.3000
 32
0.0000
 13
4756.5000
 23
-2285.3000
 33
0.0000
  0
SOLID
  5
172
  8
מידות - פנים
 10
6000.0000
 20
-2256.5000
 30
0.0000
 11
6103.5000
 21
-2227.7000
 31
0.0000
 12
6103.5000
 22
-2285.3000
 32
0.0000
 13
6103.5000
 23
-2285.3000
 33
0.0000
  0
TEXT
  5
173
  8
מידות - פנים
 10
5430.0000
 20
-2171.0000
 30
0.0000
 40
90.0000
  1
114
 50
0.0000
  7
SOLINE
 72
1
 73
2
 11
5430.0000
 21
-2171.0000
 31
0.0000
  0
LINE
  5
174
  8
מידות - פנים
 10
6000.0000
 20
-2504.0000
 30
0.0000
 11
6000.0000
 21
-2202.5000
 31
0.0000
  0
LINE
  5
175
  8
מידות - פנים
 10
7368.0000
 20
-2504.0000
 30
0.0000
 11
7368.0000
 21
-2202.5000
 31
0.0000
  0
LINE
  5
176
  8
מידות - פנים
 10
6000.0000
 20
-2256.5000
 30
0.0000
 11
7368.0000
 21
-2256.5000
 31
0.0000
  0
SOLID
  5
177
  8
מידות - פנים
 10
6000.0000
 20
-2256.5000
 30
0.0000
 11
5896.5000
 21
-2227.7000
 31
0.0000
 12
5896.5000
 22
-2285.3000
 32
0.0000
 13
5896.5000
 23
-2285.3000
 33
0.0000
  0
SOLID
  5
178
  8
מידות - פנים
 10
7368.0000
 20
-2256.5000
 30
0.0000
 11
7471.5000
 21
-2227.7000
 31
0.0000
 12
7471.5000
 22
-2285.3000
 32
0.0000
 13
7471.5000
 23
-2285.3000
 33
0.0000
  0
TEXT
  5
179
  8
מידות - פנים
 10
6684.0000
 20
-2171.0000
 30
0.0000
 40
90.0000
  1
136.8
 50
0.0000
  7
SOLINE
 72
1
 73
2
 11
6684.0000
 21
-2171.0000
 31
0.0000
  0
LINE
  5
17A
  8
מידות - פנים
 10
7368.0000
 20
-2504.0000
 30
0.0000
 11
7368.0000
 21
-2202.5000
 31
0.0000
  0
LINE
  5
17B
  8
מידות - פנים
 10
8705.5000
 20
-2504.0000
 30
0.0000
 11
8705.5000
 21
-2202.5000
 31
0.0000
  0
LINE
  5
17C
  8
מידות - פנים
 10
7368.0000
 20
-2256.5000
 30
0.0000
 11
8705.5000
 21
-2256.5000
 31
0.0000
  0
SOLID
  5
17D
  8
מידות - פנים
 10
7368.0000
 20
-2256.5000
 30
0.0000
 11
7264.5000
 21
-2227.7000
 31
0.0000
 12
7264.5000
 22
-2285.3000
 32
0.0000
 13
7264.5000
 23
-2285.3000
 33
0.0000
  0
SOLID
  5
17E
  8
מידות - פנים
 10
8705.5000
 20
-2256.5000
 30
0.0000
 11
8809.0000
 21
-2227.7000
 31
0.0000
 12
8809.0000
 22
-2285.3000
 32
0.0000
 13
8809.0000
 23
-2285.3000
 33
0.0000
  0
TEXT
  5
17F
  8
מידות - פנים
 10
8036.7500
 20
-2171.0000
 30
0.0000
 40
90.0000
  1
133.8
 50
0.0000
  7
SOLINE
 72
1
 73
2
 11
8036.7500
 21
-2171.0000
 31
0.0000
  0
LINE
  5
180
  8
מידות - פנים
 10
8705.5000
 20
-2504.0000
 30
0.0000
 11
8705.5000
 21
-2202.5000
 31
0.0000
  0
LINE
  5
181
  8
מידות - פנים
 10
9676.5000
 20
-2504.0000
 30
0.0000
 11
9676.5000
 21
-2202.5000
 31
0.0000
  0
LINE
  5
182
  8
מידות - פנים
 10
8705.5000
 20
-2256.5000
 30
0.0000
 11
9676.5000
 21
-2256.5000
 31
0.0000
  0
SOLID
  5
183
  8
מידות - פנים
 10
8705.5000
 20
-2256.5000
 30
0.0000
 11
8602.0000
 21
-2227.7000
 31
0.0000
 12
8602.0000
 22
-2285.3000
 32
0.0000
 13
8602.0000
 23
-2285.3000
 33
0.0000
  0
SOLID
  5
184
  8
מידות - פנים
 10
9676.5000
 20
-2256.5000
 30
0.0000
 11
9780.0000
 21
-2227.7000
 31
0.0000
 12
9780.0000
 22
-2285.3000
 32
0.0000
 13
9780.0000
 23
-2285.3000
 33
0.0000
  0
TEXT
  5
185
  8
מידות - פנים
 10
9191.0000
 20
-2171.0000
 30
0.0000
 40
90.0000
  1
97.1
 50
0.0000
  7
SOLINE
 72
1
 73
2
 11
9191.0000
 21
-2171.0000
 31
0.0000
  0
LINE
  5
186
  8
מידות - פנים
 10
9676.5000
 20
-2504.0000
 30
0.0000
 11
9676.5000
 21
-2202.5000
 31
0.0000
  0
LINE
  5
187
  8
מידות - פנים
 10
11369.0000
 20
-2504.0000
 30
0.0000
 11
11369.0000
 21
-2202.5000
 31
0.0000
  0
LINE
  5
188
  8
מידות - פנים
 10
9676.5000
 20
-2256.5000
 30
0.0000
 11
11369.0000
 21
-2256.5000
 31
0.0000
  0
SOLID
  5
189
  8
מידות - פנים
 10
9676.5000
 20
-2256.5000
 30
0.0000
 11
9573.0000
 21
-2227.7000
 31
0.0000
 12
9573.0000
 22
-2285.3000
 32
0.0000
 13
9573.0000
 23
-2285.3000
 33
0.0000
  0
SOLID
  5
18A
  8
מידות - פנים
 10
11369.0000
 20
-2256.5000
 30
0.0000
 11
11472.5000
 21
-2227.7000
 31
0.0000
 12
11472.5000
 22
-2285.3000
 32
0.0000
 13
11472.5000
 23
-2285.3000
 33
0.0000
  0
TEXT
  5
18B
  8
מידות - פנים
 10
10522.7500
 20
-2171.0000
 30
0.0000
 40
90.0000
  1
169.3
 50
0.0000
  7
SOLINE
 72
1
 73
2
 11
10522.7500
 21
-2171.0000
 31
0.0000
  0
LINE
  5
18C
  8
מידות - פנים
 10
11409.0000
 20
-2544.0000
 30
0.0000
 11
11710.5000
 21
-2544.0000
 31
0.0000
  0
LINE
  5
18D
  8
מידות - פנים
 10
11409.0000
 20
-5017.5000
 30
0.0000
 11
11710.5000
 21
-5017.5000
 31
0.0000
  0
LINE
  5
18E
  8
מידות - פנים
 10
11656.5000
 20
-2544.0000
 30
0.0000
 11
11656.5000
 21
-5017.5000
 31
0.0000
  0
SOLID
  5
18F
  8
מידות - פנים
 10
11656.5000
 20
-2544.0000
 30
0.0000
 11
11685.3000
 21
-2440.5000
 31
0.0000
 12
11627.7000
 22
-2440.5000
 32
0.0000
 13
11627.7000
 23
-2440.5000
 33
0.0000
  0
SOLID
  5
190
  8
מידות - פנים
 10
11656.5000
 20
-5017.5000
 30
0.0000
 11
11685.3000
 21
-5121.0000
 31
0.0000
 12
11627.7000
 22
-5121.0000
 32
0.0000
 13
11627.7000
 23
-5121.0000
 33
0.0000
  0
TEXT
  5
191
  8
מידות - פנים
 10
11742.0000
 20
-3780.7500
 30
0.0000
 40
90.0000
  1
247.4
 50
90.0000
  7
SOLINE
 72
1
 73
2
 11
11742.0000
 21
-3780.7500
 31
0.0000
  0
LINE
  5
192
  8
מידות - פנים
 10
11409.0000
 20
-5017.5000
 30
0.0000
 11
11710.5000
 21
-5017.5000
 31
0.0000
  0
LINE
  5
193
  8
מידות - פנים
 10
11409.0000
 20
-6685.0000
 30
0.0000
 11
11710.5000
 21
-6685.0000
 31
0.0000
  0
LINE
  5
194
  8
מידות - פנים
 10
11656.5000
 20
-5017.5000
 30
0.0000
 11
11656.5000
 21
-6685.0000
 31
0.0000
  0
SOLID
  5
195
  8
מידות - פנים
 10
11656.5000
 20
-5017.5000
 30
0.0000
 11
11685.3000
 21
-4914.0000
 31
0.0000
 12
11627.7000
 22
-4914.0000
 32
0.0000
 13
11627.7000
 23
-4914.0000
 33
0.0000
  0
SOLID
  5
196
  8
מידות - פנים
 10
11656.5000
 20
-6685.0000
 30
0.0000
 11
11685.3000
 21
-6788.5000
 31
0.0000
 12
11627.7000
 22
-6788.5000
 32
0.0000
 13
11627.7000
 23
-6788.5000
 33
0.0000
  0
TEXT
  5
197
  8
מידות - פנים
 10
11742.0000
 20
-5851.2500
 30
0.0000
 40
90.0000
  1
166.8
 50
90.0000
  7
SOLINE
 72
1
 73
2
 11
11742.0000
 21
-5851.2500
 31
0.0000
  0
LINE
  5
198
  8
מידות - פנים
 10
4388.0000
 20
-6440.0000
 30
0.0000
 11
4388.0000
 21
-6890.0000
 31
0.0000
  0
LINE
  5
199
  8
מידות - פנים
 10
3490.0000
 20
-6440.0000
 30
0.0000
 11
3490.0000
 21
-6890.0000
 31
0.0000
  0
LINE
  5
19A
  8
מידות - פנים
 10
4388.0000
 20
-6815.0000
 30
0.0000
 11
3490.0000
 21
-6815.0000
 31
0.0000
  0
SOLID
  5
19B
  8
מידות - פנים
 10
4388.0000
 20
-6815.0000
 30
0.0000
 11
4531.7500
 21
-6855.0000
 31
0.0000
 12
4531.7500
 22
-6775.0000
 32
0.0000
 13
4531.7500
 23
-6775.0000
 33
0.0000
  0
SOLID
  5
19C
  8
מידות - פנים
 10
3490.0000
 20
-6815.0000
 30
0.0000
 11
3346.2500
 21
-6855.0000
 31
0.0000
 12
3346.2500
 22
-6775.0000
 32
0.0000
 13
3346.2500
 23
-6775.0000
 33
0.0000
  0
TEXT
  5
19D
  8
מידות - פנים
 10
3939.0000
 20
-6933.7500
 30
0.0000
 40
125.0000
  1
89.8
 50
360.0000
  7
SOLINE
 72
1
 73
2
 11
3939.0000
 21
-6933.7500
 31
0.0000
  0
LINE
  5
19E
  8
מידות - פנים
 10
3440.0000
 20
-6390.0000
 30
0.0000
 11
2990.0000
 21
-6390.0000
 31
0.0000
  0
LINE
  5
19F
  8
מידות - פנים
 10
3440.0000
 20
-2544.0000
 30
0.0000
 11
2990.0000
 21
-2544.0000
 31
0.0000
  0
LINE
  5
1A0
  8
מידות - פנים
 10
3065.0000
 20
-6390.0000
 30
0.0000
 11
3065.0000
 21
-2544.0000
 31
0.0000
  0
SOLID
  5
1A1
  8
מידות - פנים
 10
3065.0000
 20
-6390.0000
 30
0.0000
 11
3025.0000
 21
-6533.7500
 31
0.0000
 12
3105.0000
 22
-6533.7500
 32
0.0000
 13
3105.0000
 23
-6533.7500
 33
0.0000
  0
SOLID
  5
1A2
  8
מידות - פנים
 10
3065.0000
 20
-2544.0000
 30
0.0000
 11
3025.0000
 21
-2400.2500
 31
0.0000
 12
3105.0000
 22
-2400.2500
 32
0.0000
 13
3105.0000
 23
-2400.2500
 33
0.0000
  0
TEXT
  5
1A3
  8
מידות - פנים
 10
2946.2500
 20
-4467.0000
 30
0.0000
 40
125.0000
  1
384.6
 50
90.0000
  7
SOLINE
 72
1
 73
2
 11
2946.2500
 21
-4467.0000
 31
0.0000
  0
LINE
  5
1A4
  8
מידות - פנים
 10
11369.0000
 20
-6735.0000
 30
0.0000
 11
11369.0000
 21
-7185.0000
 31
0.0000
  0
LINE
  5
1A5
  8
מידות - פנים
 10
7818.0000
 20
-6735.0000
 30
0.0000
 11
7818.0000
 21
-7185.0000
 31
0.0000
  0
LINE
  5
1A6
  8
מידות - פנים
 10
11369.0000
 20
-7110.0000
 30
0.0000
 11
7818.0000
 21
-7110.0000
 31
0.0000
  0
SOLID
  5
1A7
  8
מידות - פנים
 10
11369.0000
 20
-7110.0000
 30
0.0000
 11
11512.7500
 21
-7150.0000
 31
0.0000
 12
11512.7500
 22
-7070.0000
 32
0.0000
 13
11512.7500
 23
-7070.0000
 33
0.0000
  0
SOLID
  5
1A8
  8
מידות - פנים
 10
7818.0000
 20
-7110.0000
 30
0.0000
 11
7674.2500
 21
-7150.0000
 31
0.0000
 12
7674.2500
 22
-7070.0000
 32
0.0000
 13
7674.2500
 23
-7070.0000
 33
0.0000
  0
TEXT
  5
1A9
  8
מידות - פנים
 10
9593.5000
 20
-7228.7500
 30
0.0000
 40
125.0000
  1
355.1
 50
360.0000
  7
SOLINE
 72
1
 73
2
 11
9593.5000
 21
-7228.7500
 31
0.0000
  0
LINE
  5
1AA
  8
מידות - פנים
 10
3490.0000
 20
-6735.0000
 30
0.0000
 11
3490.0000
 21
-7610.0000
 31
0.0000
  0
LINE
  5
1AB
  8
מידות - פנים
 10
11369.0000
 20
-6735.0000
 30
0.0000
 11
11369.0000
 21
-7610.0000
 31
0.0000
  0
LINE
  5
1AC
  8
מידות - פנים
 10
3490.0000
 20
-7535.0000
 30
0.0000
 11
11369.0000
 21
-7535.0000
 31
0.0000
  0
SOLID
  5
1AD
  8
מידות - פנים
 10
3490.0000
 20
-7535.0000
 30
0.0000
 11
3346.2500
 21
-7575.0000
 31
0.0000
 12
3346.2500
 22
-7495.0000
 32
0.0000
 13
3346.2500
 23
-7495.0000
 33
0.0000
  0
SOLID
  5
1AE
  8
מידות - פנים
 10
11369.0000
 20
-7535.0000
 30
0.0000
 11
11512.7500
 21
-7575.0000
 31
0.0000
 12
11512.7500
 22
-7495.0000
 32
0.0000
 13
11512.7500
 23
-7495.0000
 33
0.0000
  0
TEXT
  5
1AF
  8
מידות - פנים
 10
7429.5000
 20
-7653.7500
 30
0.0000
 40
125.0000
  1
787.9
 50
0.0000
  7
SOLINE
 72
1
 73
2
 11
7429.5000
 21
-7653.7500
 31
0.0000
  0
LINE
  5
1B0
  8
מידות - פנים
 10
3440.0000
 20
-6685.0000
 30
0.0000
 11
2565.0000
 21
-6685.0000
 31
0.0000
  0
LINE
  5
1B1
  8
מידות - פנים
 10
3440.0000
 20
-2544.0000
 30
0.0000
 11
2565.0000
 21
-2544.0000
 31
0.0000
  0
LINE
  5
1B2
  8
מידות - פנים
 10
2640.0000
 20
-6685.0000
 30
0.0000
 11
2640.0000
 21
-2544.0000
 31
0.0000
  0
SOLID
  5
1B3
  8
מידות - פנים
 10
2640.0000
 20
-6685.0000
 30
0.0000
 11
2600.0000
 21
-6828.7500
 31
0.0000
 12
2680.0000
 22
-6828.7500
 32
0.0000
 13
2680.0000
 23
-6828.7500
 33
0.0000
  0
SOLID
  5
1B4
  8
מידות - פנים
 10
2640.0000
 20
-2544.0000
 30
0.0000
 11
2600.0000
 21
-2400.2500
 31
0.0000
 12
2680.0000
 22
-2400.2500
 32
0.0000
 13
2680.0000
 23
-2400.2500
 33
0.0000
  0
TEXT
  5
1B5
  8
מידות - פנים
 10
2521.2500
 20
-4614.5000
 30
0.0000
 40
125.0000
  1
414.1
 50
90.0000
  7
SOLINE
 72
1
 73
2
 11
2521.2500
 21
-4614.5000
 31
0.0000
  0
LINE
  5
1B6
  8
מידות - חוץ
 10
3390.0000
 20
-6835.0000
 30
0.0000
 11
3390.0000
 21
-8460.0000
 31
0.0000
  0
LINE
  5
1B7
  8
מידות - חוץ
 10
11469.0000
 20
-6835.0000
 30
0.0000
 11
11469.0000
 21
-8460.0000
 31
0.0000
  0
LINE
  5
1B8
  8
מידות - חוץ
 10
3390.0000
 20
-8385.0000
 30
0.0000
 11
11469.0000
 21
-8385.0000
 31
0.0000
  0
SOLID
  5
1B9
  8
מידות - חוץ
 10
3390.0000
 20
-8385.0000
 30
0.0000
 11
3246.2500
 21
-8425.0000
 31
0.0000
 12
3246.2500
 22
-8345.0000
 32
0.0000
 13
3246.2500
 23
-8345.0000
 33
0.0000
  0
SOLID
  5
1BA
  8
מידות - חוץ
 10
11469.0000
 20
-8385.0000
 30
0.0000
 11
11612.7500
 21
-8425.0000
 31
0.0000
 12
11612.7500
 22
-8345.0000
 32
0.0000
 13
11612.7500
 23
-8345.0000
 33
0.0000
  0
TEXT
  5
1BB
  8
מידות - חוץ
 10
7429.5000
 20
-8503.7500
 30
0.0000
 40
125.0000
  1
807.9
 50
0.0000
  7
SOLINE
 72
1
 73
2
 11
7429.5000
 21
-8503.7500
 31
0.0000
  0
LINE
  5
1BC
  8
מידות - חוץ
 10
3340.0000
 20
-6785.0000
 30
0.0000
 11
1715.0000
 21
-6785.0000
 31
0.0000
  0
LINE
  5
1BD
  8
מידות - חוץ
 10
3340.0000
 20
-2444.0000
 30
0.0000
 11
1715.0000
 21
-2444.0000
 31
0.0000
  0
LINE
  5
1BE
  8
מידות - חוץ
 10
1790.0000
 20
-6785.0000
 30
0.0000
 11
1790.0000
 21
-2444.0000
 31
0.0000
  0
SOLID
  5
1BF
  8
מידות - חוץ
 10
1790.0000
 20
-6785.0000
 30
0.0000
 11
1750.0000
 21
-6928.7500
 31
0.0000
 12
1830.0000
 22
-6928.7500
 32
0.0000
 13
1830.0000
 23
-6928.7500
 33
0.0000
  0
SOLID
  5
1C0
  8
מידות - חוץ
 10
1790.0000
 20
-2444.0000
 30
0.0000
 11
1750.0000
 21
-2300.2500
 31
0.0000
 12
1830.0000
 22
-2300.2500
 32
0.0000
 13
1830.0000
 23
-2300.2500
 33
0.0000
  0
TEXT
  5
1C1
  8
מידות - חוץ
 10
1671.2500
 20
-4614.5000
 30
0.0000
 40
125.0000
  1
434.1
 50
90.0000
  7
SOLINE
 72
1
 73
2
 11
1671.2500
 21
-4614.5000
 31
0.0000
  0
LINE
  5
1C2
  8
מסגרת
 10
15244.0000
 20
-1176.0000
 30
0.0000
 11
17994.0000
 21
-1176.0000
 31
0.0000
  0
LINE
  5
1C3
  8
מסגרת
 10
17994.0000
 20
-1176.0000
 30
0.0000
 11
17994.0000
 21
-4564.1250
 31
0.0000
  0
LINE
  5
1C4
  8
מסגרת
 10
17994.0000
 20
-4564.1250
 30
0.0000
 11
15244.0000
 21
-4564.1250
 31
0.0000
  0
LINE
  5
1C5
  8
מסגרת
 10
15244.0000
 20
-4564.1250
 30
0.0000
 11
15244.0000
 21
-1176.0000
 31
0.0000
  0
LINE
  5
1C6
  8
מסגרת
 10
15244.0000
 20
-1736.6250
 30
0.0000
 11
17994.0000
 21
-1736.6250
 31
0.0000
  0
LINE
  5
1C7
  8
מסגרת
 10
15319.0000
 20
-1674.1250
 30
0.0000
 11
15894.0000
 21
-1674.1250
 31
0.0000
  0
LINE
  5
1C8
  8
מסגרת
 10
15894.0000
 20
-1674.1250
 30
0.0000
 11
15894.0000
 21
-1238.5000
 31
0.0000
  0
LINE
  5
1C9
  8
מסגרת
 10
15894.0000
 20
-1238.5000
 30
0.0000
 11
15319.0000
 21
-1238.5000
 31
0.0000
  0
LINE
  5
1CA
  8
מסגרת
 10
15319.0000
 20
-1238.5000
 30
0.0000
 11
15319.0000
 21
-1674.1250
 31
0.0000
  0
TEXT
  5
1CB
  8
מסגרת
 10
15969.0000
 20
-1422.6750
 30
0.0000
 40
250.0000
  1
SOLINE
 50
0.0000
  7
SOLINE
 73
2
 11
15969.0000
 21
-1422.6750
 31
0.0000
  0
TEXT
  5
1CC
  8
מקרא
 10
15606.5000
 20
-1635.7125
 30
0.0000
 40
68.7500
  1
brand/soline-logo.png
 50
0.0000
  7
SOLINE
 72
1
 73
2
 11
15606.5000
 21
-1635.7125
 31
0.0000
  0
TEXT
  5
1CD
  8
מסגרת
 10
15319.0000
 20
-1907.2500
 30
0.0000
 40
102.5000
  1
Project:
 50
0.0000
  7
SOLINE
 73
2
 11
15319.0000
 21
-1907.2500
 31
0.0000
  0
TEXT
  5
1CE
  8
מסגרת
 10
17919.0000
 20
-1907.2500
 30
0.0000
 40
110.0000
  1
2726_Ktchn_TRIO_Nir_DR1
 50
0.0000
  7
SOLINE
 72
2
 73
2
 11
17919.0000
 21
-1907.2500
 31
0.0000
  0
TEXT
  5
1CF
  8
מסגרת
 10
15319.0000
 20
-2151.0000
 30
0.0000
 40
102.5000
  1
Client:
 50
0.0000
  7
SOLINE
 73
2
 11
15319.0000
 21
-2151.0000
 31
0.0000
  0
TEXT
  5
1D0
  8
מסגרת
 10
17919.0000
 20
-2151.0000
 30
0.0000
 40
110.0000
  1
-
 50
0.0000
  7
SOLINE
 72
2
 73
2
 11
17919.0000
 21
-2151.0000
 31
0.0000
  0
TEXT
  5
1D1
  8
מסגרת
 10
15319.0000
 20
-2394.7500
 30
0.0000
 40
102.5000
  1
Address:
 50
0.0000
  7
SOLINE
 73
2
 11
15319.0000
 21
-2394.7500
 31
0.0000
  0
TEXT
  5
1D2
  8
מסגרת
 10
17919.0000
 20
-2394.7500
 30
0.0000
 40
110.0000
  1
-
 50
0.0000
  7
SOLINE
 72
2
 73
2
 11
17919.0000
 21
-2394.7500
 31
0.0000
  0
TEXT
  5
1D3
  8
מסגרת
 10
15319.0000
 20
-2638.5000
 30
0.0000
 40
102.5000
  1
Drawing:
 50
0.0000
  7
SOLINE
 73
2
 11
15319.0000
 21
-2638.5000
 31
0.0000
  0
TEXT
  5
1D4
  8
מסגרת
 10
17919.0000
 20
-2638.5000
 30
0.0000
 40
110.0000
  1
Measurement Plan
 50
0.0000
  7
SOLINE
 72
2
 73
2
 11
17919.0000
 21
-2638.5000
 31
0.0000
  0
TEXT
  5
1D5
  8
מסגרת
 10
15319.0000
 20
-2882.2500
 30
0.0000
 40
102.5000
  1
Scale:
 50
0.0000
  7
SOLINE
 73
2
 11
15319.0000
 21
-2882.2500
 31
0.0000
  0
TEXT
  5
1D6
  8
מסגרת
 10
17919.0000
 20
-2882.2500
 30
0.0000
 40
110.0000
  1
1:50  (mm)
 50
0.0000
  7
SOLINE
 72
2
 73
2
 11
17919.0000
 21
-2882.2500
 31
0.0000
  0
TEXT
  5
1D7
  8
מסגרת
 10
15319.0000
 20
-3126.0000
 30
0.0000
 40
102.5000
  1
Date:
 50
0.0000
  7
SOLINE
 73
2
 11
15319.0000
 21
-3126.0000
 31
0.0000
  0
TEXT
  5
1D8
  8
מסגרת
 10
17919.0000
 20
-3126.0000
 30
0.0000
 40
110.0000
  1
2026-08-24
 50
0.0000
  7
SOLINE
 72
2
 73
2
 11
17919.0000
 21
-3126.0000
 31
0.0000
  0
TEXT
  5
1D9
  8
מסגרת
 10
15319.0000
 20
-3369.7500
 30
0.0000
 40
102.5000
  1
Surveyor:
 50
0.0000
  7
SOLINE
 73
2
 11
15319.0000
 21
-3369.7500
 31
0.0000
  0
TEXT
  5
1DA
  8
מסגרת
 10
17919.0000
 20
-3369.7500
 30
0.0000
 40
110.0000
  1
-
 50
0.0000
  7
SOLINE
 72
2
 73
2
 11
17919.0000
 21
-3369.7500
 31
0.0000
  0
TEXT
  5
1DB
  8
מסגרת
 10
15319.0000
 20
-3613.5000
 30
0.0000
 40
102.5000
  1
Checked:
 50
0.0000
  7
SOLINE
 73
2
 11
15319.0000
 21
-3613.5000
 31
0.0000
  0
TEXT
  5
1DC
  8
מסגרת
 10
17919.0000
 20
-3613.5000
 30
0.0000
 40
110.0000
  1
-
 50
0.0000
  7
SOLINE
 72
2
 73
2
 11
17919.0000
 21
-3613.5000
 31
0.0000
  0
TEXT
  5
1DD
  8
מסגרת
 10
15319.0000
 20
-3857.2500
 30
0.0000
 40
102.5000
  1
Drawing No:
 50
0.0000
  7
SOLINE
 73
2
 11
15319.0000
 21
-3857.2500
 31
0.0000
  0
TEXT
  5
1DE
  8
מסגרת
 10
17919.0000
 20
-3857.2500
 30
0.0000
 40
110.0000
  1
M-01
 50
0.0000
  7
SOLINE
 72
2
 73
2
 11
17919.0000
 21
-3857.2500
 31
0.0000
  0
TEXT
  5
1DF
  8
מסגרת
 10
15319.0000
 20
-4101.0000
 30
0.0000
 40
102.5000
  1
Sheet:
 50
0.0000
  7
SOLINE
 73
2
 11
15319.0000
 21
-4101.0000
 31
0.0000
  0
TEXT
  5
1E0
  8
מסגרת
 10
17919.0000
 20
-4101.0000
 30
0.0000
 40
110.0000
  1
1/1
 50
0.0000
  7
SOLINE
 72
2
 73
2
 11
17919.0000
 21
-4101.0000
 31
0.0000
  0
TEXT
  5
1E1
  8
מסגרת
 10
15319.0000
 20
-4344.7500
 30
0.0000
 40
102.5000
  1
Revision:
 50
0.0000
  7
SOLINE
 73
2
 11
15319.0000
 21
-4344.7500
 31
0.0000
  0
TEXT
  5
1E2
  8
מסגרת
 10
17919.0000
 20
-4344.7500
 30
0.0000
 40
110.0000
  1
0
 50
0.0000
  7
SOLINE
 72
2
 73
2
 11
17919.0000
 21
-4344.7500
 31
0.0000
  0
LINE
  5
1E3
  8
מסגרת
 10
15244.0000
 20
-4839.1250
 30
0.0000
 11
17994.0000
 21
-4839.1250
 31
0.0000
  0
LINE
  5
1E4
  8
מסגרת
 10
17994.0000
 20
-4839.1250
 30
0.0000
 11
17994.0000
 21
-6819.1250
 31
0.0000
  0
LINE
  5
1E5
  8
מסגרת
 10
17994.0000
 20
-6819.1250
 30
0.0000
 11
15244.0000
 21
-6819.1250
 31
0.0000
  0
LINE
  5
1E6
  8
מסגרת
 10
15244.0000
 20
-6819.1250
 30
0.0000
 11
15244.0000
 21
-4839.1250
 31
0.0000
  0
LINE
  5
1E7
  8
מסגרת
 10
15244.0000
 20
-5199.1250
 30
0.0000
 11
17994.0000
 21
-5199.1250
 31
0.0000
  0
TEXT
  5
1E8
  8
מקרא
 10
17919.0000
 20
-5055.1250
 30
0.0000
 40
175.0000
  1
טבלת מפרט פתחים
 50
0.0000
  7
SOLINE
 72
2
 73
2
 11
17919.0000
 21
-5055.1250
 31
0.0000
  0
TEXT
  5
1E9
  8
מקרא
 10
17911.5000
 20
-5379.1250
 30
0.0000
 40
112.5000
  1
מס'
 50
0.0000
  7
SOLINE
 72
2
 73
2
 11
17911.5000
 21
-5379.1250
 31
0.0000
  0
TEXT
  5
1EA
  8
מקרא
 10
17444.0000
 20
-5379.1250
 30
0.0000
 40
112.5000
  1
סוג
 50
0.0000
  7
SOLINE
 72
2
 73
2
 11
17444.0000
 21
-5379.1250
 31
0.0000
  0
TEXT
  5
1EB
  8
מקרא
 10
16756.5000
 20
-5379.1250
 30
0.0000
 40
112.5000
  1
רוחבxגובה
 50
0.0000
  7
SOLINE
 72
2
 73
2
 11
16756.5000
 21
-5379.1250
 31
0.0000
  0
TEXT
  5
1EC
  8
מקרא
 10
16124.0000
 20
-5379.1250
 30
0.0000
 40
112.5000
  1
כיוון
 50
0.0000
  7
SOLINE
 72
2
 73
2
 11
16124.0000
 21
-5379.1250
 31
0.0000
  0
TEXT
  5
1ED
  8
מקרא
 10
15601.5000
 20
-5379.1250
 30
0.0000
 40
112.5000
  1
כמות
 50
0.0000
  7
SOLINE
 72
2
 73
2
 11
15601.5000
 21
-5379.1250
 31
0.0000
  0
LINE
  5
1EE
  8
מקרא
 10
15294.0000
 20
-5544.1250
 30
0.0000
 11
17944.0000
 21
-5544.1250
 31
0.0000
  0
TEXT
  5
1EF
  8
מסגרת
 10
17911.5000
 20
-5679.1250
 30
0.0000
 40
112.5000
  1
W1
 50
0.0000
  7
SOLINE
 72
2
 73
2
 11
17911.5000
 21
-5679.1250
 31
0.0000
  0
TEXT
  5
1F0
  8
מקרא
 10
17444.0000
 20
-5679.1250
 30
0.0000
 40
112.5000
  1
חלון
 50
0.0000
  7
SOLINE
 72
2
 73
2
 11
17444.0000
 21
-5679.1250
 31
0.0000
  0
TEXT
  5
1F1
  8
מסגרת
 10
16756.5000
 20
-5679.1250
 30
0.0000
 40
112.5000
  1
1268x1320
 50
0.0000
  7
SOLINE
 72
2
 73
2
 11
16756.5000
 21
-5679.1250
 31
0.0000
  0
TEXT
  5
1F2
  8
מקרא
 10
16124.0000
 20
-5679.1250
 30
0.0000
 40
112.5000
  1
-
 50
0.0000
  7
SOLINE
 72
2
 73
2
 11
16124.0000
 21
-5679.1250
 31
0.0000
  0
TEXT
  5
1F3
  8
מסגרת
 10
15601.5000
 20
-5679.1250
 30
0.0000
 40
112.5000
  1
x1
 50
0.0000
  7
SOLINE
 72
2
 73
2
 11
15601.5000
 21
-5679.1250
 31
0.0000
  0
TEXT
  5
1F4
  8
מסגרת
 10
17911.5000
 20
-5979.1250
 30
0.0000
 40
112.5000
  1
W2
 50
0.0000
  7
SOLINE
 72
2
 73
2
 11
17911.5000
 21
-5979.1250
 31
0.0000
  0
TEXT
  5
1F5
  8
מקרא
 10
17444.0000
 20
-5979.1250
 30
0.0000
 40
112.5000
  1
חלון
 50
0.0000
  7
SOLINE
 72
2
 73
2
 11
17444.0000
 21
-5979.1250
 31
0.0000
  0
TEXT
  5
1F6
  8
מסגרת
 10
16756.5000
 20
-5979.1250
 30
0.0000
 40
112.5000
  1
1368x1970
 50
0.0000
  7
SOLINE
 72
2
 73
2
 11
16756.5000
 21
-5979.1250
 31
0.0000
  0
TEXT
  5
1F7
  8
מקרא
 10
16124.0000
 20
-5979.1250
 30
0.0000
 40
112.5000
  1
-
 50
0.0000
  7
SOLINE
 72
2
 73
2
 11
16124.0000
 21
-5979.1250
 31
0.0000
  0
TEXT
  5
1F8
  8
מסגרת
 10
15601.5000
 20
-5979.1250
 30
0.0000
 40
112.5000
  1
x1
 50
0.0000
  7
SOLINE
 72
2
 73
2
 11
15601.5000
 21
-5979.1250
 31
0.0000
  0
TEXT
  5
1F9
  8
מסגרת
 10
17911.5000
 20
-6279.1250
 30
0.0000
 40
112.5000
  1
W3
 50
0.0000
  7
SOLINE
 72
2
 73
2
 11
17911.5000
 21
-6279.1250
 31
0.0000
  0
TEXT
  5
1FA
  8
מקרא
 10
17444.0000
 20
-6279.1250
 30
0.0000
 40
112.5000
  1
חלון
 50
0.0000
  7
SOLINE
 72
2
 73
2
 11
17444.0000
 21
-6279.1250
 31
0.0000
  0
TEXT
  5
1FB
  8
מסגרת
 10
16756.5000
 20
-6279.1250
 30
0.0000
 40
112.5000
  1
971x1973
 50
0.0000
  7
SOLINE
 72
2
 73
2
 11
16756.5000
 21
-6279.1250
 31
0.0000
  0
TEXT
  5
1FC
  8
מקרא
 10
16124.0000
 20
-6279.1250
 30
0.0000
 40
112.5000
  1
-
 50
0.0000
  7
SOLINE
 72
2
 73
2
 11
16124.0000
 21
-6279.1250
 31
0.0000
  0
TEXT
  5
1FD
  8
מסגרת
 10
15601.5000
 20
-6279.1250
 30
0.0000
 40
112.5000
  1
x1
 50
0.0000
  7
SOLINE
 72
2
 73
2
 11
15601.5000
 21
-6279.1250
 31
0.0000
  0
TEXT
  5
1FE
  8
מסגרת
 10
17911.5000
 20
-6579.1250
 30
0.0000
 40
112.5000
  1
W4
 50
0.0000
  7
SOLINE
 72
2
 73
2
 11
17911.5000
 21
-6579.1250
 31
0.0000
  0
TEXT
  5
1FF
  8
מקרא
 10
17444.0000
 20
-6579.1250
 30
0.0000
 40
112.5000
  1
חלון
 50
0.0000
  7
SOLINE
 72
2
 73
2
 11
17444.0000
 21
-6579.1250
 31
0.0000
  0
TEXT
  5
200
  8
מסגרת
 10
16756.5000
 20
-6579.1250
 30
0.0000
 40
112.5000
  1
2475x2400
 50
0.0000
  7
SOLINE
 72
2
 73
2
 11
16756.5000
 21
-6579.1250
 31
0.0000
  0
TEXT
  5
201
  8
מקרא
 10
16124.0000
 20
-6579.1250
 30
0.0000
 40
112.5000
  1
-
 50
0.0000
  7
SOLINE
 72
2
 73
2
 11
16124.0000
 21
-6579.1250
 31
0.0000
  0
TEXT
  5
202
  8
מסגרת
 10
15601.5000
 20
-6579.1250
 30
0.0000
 40
112.5000
  1
x1
 50
0.0000
  7
SOLINE
 72
2
 73
2
 11
15601.5000
 21
-6579.1250
 31
0.0000
  0
LINE
  5
203
  8
מסגרת
 10
15244.0000
 20
-7094.1250
 30
0.0000
 11
17994.0000
 21
-7094.1250
 31
0.0000
  0
LINE
  5
204
  8
מסגרת
 10
17994.0000
 20
-7094.1250
 30
0.0000
 11
17994.0000
 21
-12554.1250
 31
0.0000
  0
LINE
  5
205
  8
מסגרת
 10
17994.0000
 20
-12554.1250
 30
0.0000
 11
15244.0000
 21
-12554.1250
 31
0.0000
  0
LINE
  5
206
  8
מסגרת
 10
15244.0000
 20
-12554.1250
 30
0.0000
 11
15244.0000
 21
-7094.1250
 31
0.0000
  0
LINE
  5
207
  8
מסגרת
 10
15244.0000
 20
-7484.1250
 30
0.0000
 11
17994.0000
 21
-7484.1250
 31
0.0000
  0
TEXT
  5
208
  8
מקרא
 10
17919.0000
 20
-7328.1250
 30
0.0000
 40
175.0000
  1
מקרא וספירת אלמנטים
 50
0.0000
  7
SOLINE
 72
2
 73
2
 11
17919.0000
 21
-7328.1250
 31
0.0000
  0
TEXT
  5
209
  8
מקרא
 10
17919.0000
 20
-7662.8750
 30
0.0000
 40
131.2500
  1
ניקוז  (1)
 50
0.0000
  7
SOLINE
 72
2
 73
2
 11
17919.0000
 21
-7662.8750
 31
0.0000
  0
LINE
  5
20A
  8
ניקוז
 10
15519.0000
 20
-8077.1250
 30
0.0000
 11
15519.0000
 21
-7911.3750
 31
0.0000
  0
ARC
  5
20B
  8
ניקוז
 10
15519.0000
 20
-7970.8750
 30
0.0000
 40
63.7500
 50
0.0000
 51
360.0000
  0
LINE
  5
20C
  8
ניקוז
 10
15480.7500
 20
-7983.6250
 30
0.0000
 11
15502.0000
 21
-7958.1250
 31
0.0000
  0
LINE
  5
20D
  8
ניקוז
 10
15502.0000
 20
-7958.1250
 30
0.0000
 11
15519.0000
 21
-7983.6250
 31
0.0000
  0
LINE
  5
20E
  8
ניקוז
 10
15519.0000
 20
-7983.6250
 30
0.0000
 11
15536.0000
 21
-7958.1250
 31
0.0000
  0
LINE
  5
20F
  8
ניקוז
 10
15536.0000
 20
-7958.1250
 30
0.0000
 11
15557.2500
 21
-7983.6250
 31
0.0000
  0
TEXT
  5
210
  8
מקרא
 10
15819.0000
 20
-7987.8750
 30
0.0000
 40
112.5000
  1
x1
 50
0.0000
  7
SOLINE
 73
2
 11
15819.0000
 21
-7987.8750
 31
0.0000
  0
TEXT
  5
211
  8
מקרא
 10
17919.0000
 20
-7987.8750
 30
0.0000
 40
125.0000
  1
Sewage
 50
0.0000
  7
SOLINE
 72
2
 73
2
 11
17919.0000
 21
-7987.8750
 31
0.0000
  0
TEXT
  5
212
  8
מקרא
 10
17919.0000
 20
-8312.8750
 30
0.0000
 40
131.2500
  1
חשמל  (17)
 50
0.0000
  7
SOLINE
 72
2
 73
2
 11
17919.0000
 21
-8312.8750
 31
0.0000
  0
LINE
  5
213
  8
חשמל
 10
15519.0000
 20
-8727.1250
 30
0.0000
 11
15519.0000
 21
-8629.3750
 31
0.0000
  0
LINE
  5
214
  8
חשמל
 10
15451.0000
 20
-8629.3750
 30
0.0000
 11
15451.4276
 21
-8621.7614
 31
0.0000
  0
LINE
  5
215
  8
חשמל
 10
15451.4276
 20
-8621.7614
 30
0.0000
 11
15452.7049
 21
-8614.2436
 31
0.0000
  0
LINE
  5
216
  8
חשמל
 10
15452.7049
 20
-8614.2436
 30
0.0000
 11
15454.8159
 21
-8606.9160
 31
0.0000
  0
LINE
  5
217
  8
חשמל
 10
15454.8159
 20
-8606.9160
 30
0.0000
 11
15457.7341
 21
-8599.8709
 31
0.0000
  0
LINE
  5
218
  8
חשמל
 10
15457.7341
 20
-8599.8709
 30
0.0000
 11
15461.4228
 21
-8593.1968
 31
0.0000
  0
LINE
  5
219
  8
חשמל
 10
15461.4228
 20
-8593.1968
 30
0.0000
 11
15465.8355
 21
-8586.9777
 31
0.0000
  0
LINE
  5
21A
  8
חשמל
 10
15465.8355
 20
-8586.9777
 30
0.0000
 11
15470.9167
 21
-8581.2917
 31
0.0000
  0
LINE
  5
21B
  8
חשמל
 10
15470.9167
 20
-8581.2917
 30
0.0000
 11
15476.6027
 21
-8576.2105
 31
0.0000
  0
LINE
  5
21C
  8
חשמל
 10
15476.6027
 20
-8576.2105
 30
0.0000
 11
15482.8218
 21
-8571.7978
 31
0.0000
  0
LINE
  5
21D
  8
חשמל
 10
15482.8218
 20
-8571.7978
 30
0.0000
 11
15489.4959
 21
-8568.1091
 31
0.0000
  0
LINE
  5
21E
  8
חשמל
 10
15489.4959
 20
-8568.1091
 30
0.0000
 11
15496.5410
 21
-8565.1909
 31
0.0000
  0
LINE
  5
21F
  8
חשמל
 10
15496.5410
 20
-8565.1909
 30
0.0000
 11
15503.8686
 21
-8563.0799
 31
0.0000
  0
LINE
  5
220
  8
חשמל
 10
15503.8686
 20
-8563.0799
 30
0.0000
 11
15511.3864
 21
-8561.8026
 31
0.0000
  0
LINE
  5
221
  8
חשמל
 10
15511.3864
 20
-8561.8026
 30
0.0000
 11
15519.0000
 21
-8561.3750
 31
0.0000
  0
LINE
  5
222
  8
חשמל
 10
15519.0000
 20
-8561.3750
 30
0.0000
 11
15526.6136
 21
-8561.8026
 31
0.0000
  0
LINE
  5
223
  8
חשמל
 10
15526.6136
 20
-8561.8026
 30
0.0000
 11
15534.1314
 21
-8563.0799
 31
0.0000
  0
LINE
  5
224
  8
חשמל
 10
15534.1314
 20
-8563.0799
 30
0.0000
 11
15541.4590
 21
-8565.1909
 31
0.0000
  0
LINE
  5
225
  8
חשמל
 10
15541.4590
 20
-8565.1909
 30
0.0000
 11
15548.5041
 21
-8568.1091
 31
0.0000
  0
LINE
  5
226
  8
חשמל
 10
15548.5041
 20
-8568.1091
 30
0.0000
 11
15555.1782
 21
-8571.7978
 31
0.0000
  0
LINE
  5
227
  8
חשמל
 10
15555.1782
 20
-8571.7978
 30
0.0000
 11
15561.3973
 21
-8576.2105
 31
0.0000
  0
LINE
  5
228
  8
חשמל
 10
15561.3973
 20
-8576.2105
 30
0.0000
 11
15567.0833
 21
-8581.2917
 31
0.0000
  0
LINE
  5
229
  8
חשמל
 10
15567.0833
 20
-8581.2917
 30
0.0000
 11
15572.1645
 21
-8586.9777
 31
0.0000
  0
LINE
  5
22A
  8
חשמל
 10
15572.1645
 20
-8586.9777
 30
0.0000
 11
15576.5772
 21
-8593.1968
 31
0.0000
  0
LINE
  5
22B
  8
חשמל
 10
15576.5772
 20
-8593.1968
 30
0.0000
 11
15580.2659
 21
-8599.8709
 31
0.0000
  0
LINE
  5
22C
  8
חשמל
 10
15580.2659
 20
-8599.8709
 30
0.0000
 11
15583.1841
 21
-8606.9160
 31
0.0000
  0
LINE
  5
22D
  8
חשמל
 10
15583.1841
 20
-8606.9160
 30
0.0000
 11
15585.2951
 21
-8614.2436
 31
0.0000
  0
LINE
  5
22E
  8
חשמל
 10
15585.2951
 20
-8614.2436
 30
0.0000
 11
15586.5724
 21
-8621.7614
 31
0.0000
  0
LINE
  5
22F
  8
חשמל
 10
15586.5724
 20
-8621.7614
 30
0.0000
 11
15587.0000
 21
-8629.3750
 31
0.0000
  0
LINE
  5
230
  8
חשמל
 10
15451.0000
 20
-8629.3750
 30
0.0000
 11
15587.0000
 21
-8629.3750
 31
0.0000
  0
TEXT
  5
231
  8
מקרא
 10
15819.0000
 20
-8637.8750
 30
0.0000
 40
112.5000
  1
x12
 50
0.0000
  7
SOLINE
 73
2
 11
15819.0000
 21
-8637.8750
 31
0.0000
  0
TEXT
  5
232
  8
מקרא
 10
17919.0000
 20
-8637.8750
 30
0.0000
 40
125.0000
  1
Socket
 50
0.0000
  7
SOLINE
 72
2
 73
2
 11
17919.0000
 21
-8637.8750
 31
0.0000
  0
LINE
  5
233
  8
חשמל
 10
15519.0000
 20
-9052.1250
 30
0.0000
 11
15519.0000
 21
-8954.3750
 31
0.0000
  0
LINE
  5
234
  8
חשמל
 10
15413.9400
 20
-8954.3750
 30
0.0000
 11
15414.2607
 21
-8948.6648
 31
0.0000
  0
LINE
  5
235
  8
חשמל
 10
15414.2607
 20
-8948.6648
 30
0.0000
 11
15415.2187
 21
-8943.0264
 31
0.0000
  0
LINE
  5
236
  8
חשמל
 10
15415.2187
 20
-8943.0264
 30
0.0000
 11
15416.8020
 21
-8937.5308
 31
0.0000
  0
LINE
  5
237
  8
חשמל
 10
15416.8020
 20
-8937.5308
 30
0.0000
 11
15418.9906
 21
-8932.2469
 31
0.0000
  0
LINE
  5
238
  8
חשמל
 10
15418.9906
 20
-8932.2469
 30
0.0000
 11
15421.7571
 21
-8927.2414
 31
0.0000
  0
LINE
  5
239
  8
חשמל
 10
15421.7571
 20
-8927.2414
 30
0.0000
 11
15425.0666
 21
-8922.5770
 31
0.0000
  0
LINE
  5
23A
  8
חשמל
 10
15425.0666
 20
-8922.5770
 30
0.0000
 11
15428.8776
 21
-8918.3126
 31
0.0000
  0
LINE
  5
23B
  8
חשמל
 10
15428.8776
 20
-8918.3126
 30
0.0000
 11
15433.1420
 21
-8914.5016
 31
0.0000
  0
LINE
  5
23C
  8
חשמל
 10
15433.1420
 20
-8914.5016
 30
0.0000
 11
15437.8064
 21
-8911.1921
 31
0.0000
  0
LINE
  5
23D
  8
חשמל
 10
15437.8064
 20
-8911.1921
 30
0.0000
 11
15442.8119
 21
-8908.4256
 31
0.0000
  0
LINE
  5
23E
  8
חשמל
 10
15442.8119
 20
-8908.4256
 30
0.0000
 11
15448.0958
 21
-8906.2370
 31
0.0000
  0
LINE
  5
23F
  8
חשמל
 10
15448.0958
 20
-8906.2370
 30
0.0000
 11
15453.5914
 21
-8904.6537
 31
0.0000
  0
LINE
  5
240
  8
חשמל
 10
15453.5914
 20
-8904.6537
 30
0.0000
 11
15459.2298
 21
-8903.6957
 31
0.0000
  0
LINE
  5
241
  8
חשמל
 10
15459.2298
 20
-8903.6957
 30
0.0000
 11
15464.9400
 21
-8903.3750
 31
0.0000
  0
LINE
  5
242
  8
חשמל
 10
15464.9400
 20
-8903.3750
 30
0.0000
 11
15470.6502
 21
-8903.6957
 31
0.0000
  0
LINE
  5
243
  8
חשמל
 10
15470.6502
 20
-8903.6957
 30
0.0000
 11
15476.2886
 21
-8904.6537
 31
0.0000
  0
LINE
  5
244
  8
חשמל
 10
15476.2886
 20
-8904.6537
 30
0.0000
 11
15481.7842
 21
-8906.2370
 31
0.0000
  0
LINE
  5
245
  8
חשמל
 10
15481.7842
 20
-8906.2370
 30
0.0000
 11
15487.0681
 21
-8908.4256
 31
0.0000
  0
LINE
  5
246
  8
חשמל
 10
15487.0681
 20
-8908.4256
 30
0.0000
 11
15492.0736
 21
-8911.1921
 31
0.0000
  0
LINE
  5
247
  8
חשמל
 10
15492.0736
 20
-8911.1921
 30
0.0000
 11
15496.7380
 21
-8914.5016
 31
0.0000
  0
LINE
  5
248
  8
חשמל
 10
15496.7380
 20
-8914.5016
 30
0.0000
 11
15501.0024
 21
-8918.3126
 31
0.0000
  0
LINE
  5
249
  8
חשמל
 10
15501.0024
 20
-8918.3126
 30
0.0000
 11
15504.8134
 21
-8922.5770
 31
0.0000
  0
LINE
  5
24A
  8
חשמל
 10
15504.8134
 20
-8922.5770
 30
0.0000
 11
15508.1229
 21
-8927.2414
 31
0.0000
  0
LINE
  5
24B
  8
חשמל
 10
15508.1229
 20
-8927.2414
 30
0.0000
 11
15510.8894
 21
-8932.2469
 31
0.0000
  0
LINE
  5
24C
  8
חשמל
 10
15510.8894
 20
-8932.2469
 30
0.0000
 11
15513.0780
 21
-8937.5308
 31
0.0000
  0
LINE
  5
24D
  8
חשמל
 10
15513.0780
 20
-8937.5308
 30
0.0000
 11
15514.6613
 21
-8943.0264
 31
0.0000
  0
LINE
  5
24E
  8
חשמל
 10
15514.6613
 20
-8943.0264
 30
0.0000
 11
15515.6193
 21
-8948.6648
 31
0.0000
  0
LINE
  5
24F
  8
חשמל
 10
15515.6193
 20
-8948.6648
 30
0.0000
 11
15515.9400
 21
-8954.3750
 31
0.0000
  0
LINE
  5
250
  8
חשמל
 10
15413.9400
 20
-8954.3750
 30
0.0000
 11
15515.9400
 21
-8954.3750
 31
0.0000
  0
LINE
  5
251
  8
חשמל
 10
15522.0600
 20
-8954.3750
 30
0.0000
 11
15522.3807
 21
-8948.6648
 31
0.0000
  0
LINE
  5
252
  8
חשמל
 10
15522.3807
 20
-8948.6648
 30
0.0000
 11
15523.3387
 21
-8943.0264
 31
0.0000
  0
LINE
  5
253
  8
חשמל
 10
15523.3387
 20
-8943.0264
 30
0.0000
 11
15524.9220
 21
-8937.5308
 31
0.0000
  0
LINE
  5
254
  8
חשמל
 10
15524.9220
 20
-8937.5308
 30
0.0000
 11
15527.1106
 21
-8932.2469
 31
0.0000
  0
LINE
  5
255
  8
חשמל
 10
15527.1106
 20
-8932.2469
 30
0.0000
 11
15529.8771
 21
-8927.2414
 31
0.0000
  0
LINE
  5
256
  8
חשמל
 10
15529.8771
 20
-8927.2414
 30
0.0000
 11
15533.1866
 21
-8922.5770
 31
0.0000
  0
LINE
  5
257
  8
חשמל
 10
15533.1866
 20
-8922.5770
 30
0.0000
 11
15536.9976
 21
-8918.3126
 31
0.0000
  0
LINE
  5
258
  8
חשמל
 10
15536.9976
 20
-8918.3126
 30
0.0000
 11
15541.2620
 21
-8914.5016
 31
0.0000
  0
LINE
  5
259
  8
חשמל
 10
15541.2620
 20
-8914.5016
 30
0.0000
 11
15545.9264
 21
-8911.1921
 31
0.0000
  0
LINE
  5
25A
  8
חשמל
 10
15545.9264
 20
-8911.1921
 30
0.0000
 11
15550.9319
 21
-8908.4256
 31
0.0000
  0
LINE
  5
25B
  8
חשמל
 10
15550.9319
 20
-8908.4256
 30
0.0000
 11
15556.2158
 21
-8906.2370
 31
0.0000
  0
LINE
  5
25C
  8
חשמל
 10
15556.2158
 20
-8906.2370
 30
0.0000
 11
15561.7114
 21
-8904.6537
 31
0.0000
  0
LINE
  5
25D
  8
חשמל
 10
15561.7114
 20
-8904.6537
 30
0.0000
 11
15567.3498
 21
-8903.6957
 31
0.0000
  0
LINE
  5
25E
  8
חשמל
 10
15567.3498
 20
-8903.6957
 30
0.0000
 11
15573.0600
 21
-8903.3750
 31
0.0000
  0
LINE
  5
25F
  8
חשמל
 10
15573.0600
 20
-8903.3750
 30
0.0000
 11
15578.7702
 21
-8903.6957
 31
0.0000
  0
LINE
  5
260
  8
חשמל
 10
15578.7702
 20
-8903.6957
 30
0.0000
 11
15584.4086
 21
-8904.6537
 31
0.0000
  0
LINE
  5
261
  8
חשמל
 10
15584.4086
 20
-8904.6537
 30
0.0000
 11
15589.9042
 21
-8906.2370
 31
0.0000
  0
LINE
  5
262
  8
חשמל
 10
15589.9042
 20
-8906.2370
 30
0.0000
 11
15595.1881
 21
-8908.4256
 31
0.0000
  0
LINE
  5
263
  8
חשמל
 10
15595.1881
 20
-8908.4256
 30
0.0000
 11
15600.1936
 21
-8911.1921
 31
0.0000
  0
LINE
  5
264
  8
חשמל
 10
15600.1936
 20
-8911.1921
 30
0.0000
 11
15604.8580
 21
-8914.5016
 31
0.0000
  0
LINE
  5
265
  8
חשמל
 10
15604.8580
 20
-8914.5016
 30
0.0000
 11
15609.1224
 21
-8918.3126
 31
0.0000
  0
LINE
  5
266
  8
חשמל
 10
15609.1224
 20
-8918.3126
 30
0.0000
 11
15612.9334
 21
-8922.5770
 31
0.0000
  0
LINE
  5
267
  8
חשמל
 10
15612.9334
 20
-8922.5770
 30
0.0000
 11
15616.2429
 21
-8927.2414
 31
0.0000
  0
LINE
  5
268
  8
חשמל
 10
15616.2429
 20
-8927.2414
 30
0.0000
 11
15619.0094
 21
-8932.2469
 31
0.0000
  0
LINE
  5
269
  8
חשמל
 10
15619.0094
 20
-8932.2469
 30
0.0000
 11
15621.1980
 21
-8937.5308
 31
0.0000
  0
LINE
  5
26A
  8
חשמל
 10
15621.1980
 20
-8937.5308
 30
0.0000
 11
15622.7813
 21
-8943.0264
 31
0.0000
  0
LINE
  5
26B
  8
חשמל
 10
15622.7813
 20
-8943.0264
 30
0.0000
 11
15623.7393
 21
-8948.6648
 31
0.0000
  0
LINE
  5
26C
  8
חשמל
 10
15623.7393
 20
-8948.6648
 30
0.0000
 11
15624.0600
 21
-8954.3750
 31
0.0000
  0
LINE
  5
26D
  8
חשמל
 10
15522.0600
 20
-8954.3750
 30
0.0000
 11
15624.0600
 21
-8954.3750
 31
0.0000
  0
TEXT
  5
26E
  8
מקרא
 10
15819.0000
 20
-8962.8750
 30
0.0000
 40
112.5000
  1
x2
 50
0.0000
  7
SOLINE
 73
2
 11
15819.0000
 21
-8962.8750
 31
0.0000
  0
TEXT
  5
26F
  8
מקרא
 10
17919.0000
 20
-8962.8750
 30
0.0000
 40
125.0000
  1
שקע כפול
 50
0.0000
  7
SOLINE
 72
2
 73
2
 11
17919.0000
 21
-8962.8750
 31
0.0000
  0
LINE
  5
270
  8
חשמל
 10
15519.0000
 20
-9377.1250
 30
0.0000
 11
15519.0000
 21
-9228.3750
 31
0.0000
  0
ARC
  5
271
  8
חשמל
 10
15519.0000
 20
-9270.8750
 30
0.0000
 40
38.2500
 50
0.0000
 51
360.0000
  0
ARC
  5
272
  8
חשמל
 10
15519.0000
 20
-9270.8750
 30
0.0000
 40
10.6250
 50
0.0000
 51
360.0000
  0
TEXT
  5
273
  8
מקרא
 10
15819.0000
 20
-9287.8750
 30
0.0000
 40
112.5000
  1
x2
 50
0.0000
  7
SOLINE
 73
2
 11
15819.0000
 21
-9287.8750
 31
0.0000
  0
TEXT
  5
274
  8
מקרא
 10
17919.0000
 20
-9287.8750
 30
0.0000
 40
125.0000
  1
קופסת חיבורים (ג׳אנקשן)
 50
0.0000
  7
SOLINE
 72
2
 73
2
 11
17919.0000
 21
-9287.8750
 31
0.0000
  0
LINE
  5
275
  8
חשמל
 10
15519.0000
 20
-9702.1250
 30
0.0000
 11
15519.0000
 21
-9536.3750
 31
0.0000
  0
ARC
  5
276
  8
חשמל
 10
15519.0000
 20
-9600.1250
 30
0.0000
 40
68.0000
 50
0.0000
 51
360.0000
  0
LINE
  5
277
  8
חשמל
 10
15519.0000
 20
-9600.1250
 30
0.0000
 11
15472.2500
 21
-9553.3750
 31
0.0000
  0
LINE
  5
278
  8
חשמל
 10
15519.0000
 20
-9600.1250
 30
0.0000
 11
15565.7500
 21
-9553.3750
 31
0.0000
  0
LINE
  5
279
  8
חשמל
 10
15519.0000
 20
-9600.1250
 30
0.0000
 11
15472.2500
 21
-9646.8750
 31
0.0000
  0
LINE
  5
27A
  8
חשמל
 10
15519.0000
 20
-9600.1250
 30
0.0000
 11
15565.7500
 21
-9646.8750
 31
0.0000
  0
TEXT
  5
27B
  8
מקרא
 10
15819.0000
 20
-9612.8750
 30
0.0000
 40
112.5000
  1
x1
 50
0.0000
  7
SOLINE
 73
2
 11
15819.0000
 21
-9612.8750
 31
0.0000
  0
TEXT
  5
27C
  8
מקרא
 10
17919.0000
 20
-9612.8750
 30
0.0000
 40
125.0000
  1
Power Line
 50
0.0000
  7
SOLINE
 72
2
 73
2
 11
17919.0000
 21
-9612.8750
 31
0.0000
  0
TEXT
  5
27D
  8
מקרא
 10
17919.0000
 20
-9937.8750
 30
0.0000
 40
131.2500
  1
תאורה  (3)
 50
0.0000
  7
SOLINE
 72
2
 73
2
 11
17919.0000
 21
-9937.8750
 31
0.0000
  0
ARC
  5
27E
  8
תאורה
 10
15519.0000
 20
-10245.8750
 30
0.0000
 40
63.7500
 50
0.0000
 51
360.0000
  0
LINE
  5
27F
  8
תאורה
 10
15474.3750
 20
-10201.2500
 30
0.0000
 11
15563.6250
 21
-10290.5000
 31
0.0000
  0
LINE
  5
280
  8
תאורה
 10
15563.6250
 20
-10201.2500
 30
0.0000
 11
15474.3750
 21
-10290.5000
 31
0.0000
  0
TEXT
  5
281
  8
מקרא
 10
15819.0000
 20
-10262.8750
 30
0.0000
 40
112.5000
  1
x3
 50
0.0000
  7
SOLINE
 73
2
 11
15819.0000
 21
-10262.8750
 31
0.0000
  0
TEXT
  5
282
  8
מקרא
 10
17919.0000
 20
-10262.8750
 30
0.0000
 40
125.0000
  1
Can Light
 50
0.0000
  7
SOLINE
 72
2
 73
2
 11
17919.0000
 21
-10262.8750
 31
0.0000
  0
TEXT
  5
283
  8
מקרא
 10
17919.0000
 20
-10587.8750
 30
0.0000
 40
131.2500
  1
מים  (2)
 50
0.0000
  7
SOLINE
 72
2
 73
2
 11
17919.0000
 21
-10587.8750
 31
0.0000
  0
LINE
  5
284
  8
מים
 10
15519.0000
 20
-11002.1250
 30
0.0000
 11
15519.0000
 21
-10942.6250
 31
0.0000
  0
LINE
  5
285
  8
מים
 10
15472.2500
 20
-10849.1250
 30
0.0000
 11
15565.7500
 21
-10849.1250
 31
0.0000
  0
LINE
  5
286
  8
מים
 10
15565.7500
 20
-10849.1250
 30
0.0000
 11
15519.0000
 21
-10895.8750
 31
0.0000
  0
LINE
  5
287
  8
מים
 10
15519.0000
 20
-10895.8750
 30
0.0000
 11
15472.2500
 21
-10849.1250
 31
0.0000
  0
LINE
  5
288
  8
מים
 10
15472.2500
 20
-10942.6250
 30
0.0000
 11
15565.7500
 21
-10942.6250
 31
0.0000
  0
LINE
  5
289
  8
מים
 10
15565.7500
 20
-10942.6250
 30
0.0000
 11
15519.0000
 21
-10895.8750
 31
0.0000
  0
LINE
  5
28A
  8
מים
 10
15519.0000
 20
-10895.8750
 30
0.0000
 11
15472.2500
 21
-10942.6250
 31
0.0000
  0
ARC
  5
28B
  8
מים
 10
15519.0000
 20
-10895.8750
 30
0.0000
 40
9.5625
 50
0.0000
 51
360.0000
  0
TEXT
  5
28C
  8
מקרא
 10
15819.0000
 20
-10912.8750
 30
0.0000
 40
112.5000
  1
x2
 50
0.0000
  7
SOLINE
 73
2
 11
15819.0000
 21
-10912.8750
 31
0.0000
  0
TEXT
  5
28D
  8
מקרא
 10
17919.0000
 20
-10912.8750
 30
0.0000
 40
125.0000
  1
Faucet
 50
0.0000
  7
SOLINE
 72
2
 73
2
 11
17919.0000
 21
-10912.8750
 31
0.0000
  0
TEXT
  5
28E
  8
מקרא
 10
17919.0000
 20
-11237.8750
 30
0.0000
 40
131.2500
  1
מבנה  (1)
 50
0.0000
  7
SOLINE
 72
2
 73
2
 11
17919.0000
 21
-11237.8750
 31
0.0000
  0
LINE
  5
28F
  8
מבנה
 10
15412.7500
 20
-11520.3750
 30
0.0000
 11
15625.2500
 21
-11520.3750
 31
0.0000
  0
LINE
  5
290
  8
מבנה
 10
15625.2500
 20
-11520.3750
 30
0.0000
 11
15625.2500
 21
-11571.3750
 31
0.0000
  0
LINE
  5
291
  8
מבנה
 10
15625.2500
 20
-11571.3750
 30
0.0000
 11
15412.7500
 21
-11571.3750
 31
0.0000
  0
LINE
  5
292
  8
מבנה
 10
15412.7500
 20
-11571.3750
 30
0.0000
 11
15412.7500
 21
-11520.3750
 31
0.0000
  0
TEXT
  5
293
  8
מקרא
 10
15819.0000
 20
-11562.8750
 30
0.0000
 40
112.5000
  1
x1
 50
0.0000
  7
SOLINE
 73
2
 11
15819.0000
 21
-11562.8750
 31
0.0000
  0
TEXT
  5
294
  8
מקרא
 10
17919.0000
 20
-11562.8750
 30
0.0000
 40
125.0000
  1
קורה (בטון/גבס)
 50
0.0000
  7
SOLINE
 72
2
 73
2
 11
17919.0000
 21
-11562.8750
 31
0.0000
  0
TEXT
  5
295
  8
מקרא
 10
17919.0000
 20
-11887.8750
 30
0.0000
 40
131.2500
  1
חלון  (4)
 50
0.0000
  7
SOLINE
 72
2
 73
2
 11
17919.0000
 21
-11887.8750
 31
0.0000
  0
LINE
  5
296
  8
חלונות
 10
15412.7500
 20
-12166.1250
 30
0.0000
 11
15625.2500
 21
-12166.1250
 31
0.0000
  0
LINE
  5
297
  8
חלונות
 10
15625.2500
 20
-12166.1250
 30
0.0000
 11
15625.2500
 21
-12225.6250
 31
0.0000
  0
LINE
  5
298
  8
חלונות
 10
15625.2500
 20
-12225.6250
 30
0.0000
 11
15412.7500
 21
-12225.6250
 31
0.0000
  0
LINE
  5
299
  8
חלונות
 10
15412.7500
 20
-12225.6250
 30
0.0000
 11
15412.7500
 21
-12166.1250
 31
0.0000
  0
LINE
  5
29A
  8
חלונות
 10
15412.7500
 20
-12186.3550
 30
0.0000
 11
15625.2500
 21
-12186.3550
 31
0.0000
  0
LINE
  5
29B
  8
חלונות
 10
15412.7500
 20
-12205.3950
 30
0.0000
 11
15625.2500
 21
-12205.3950
 31
0.0000
  0
TEXT
  5
29C
  8
מקרא
 10
15819.0000
 20
-12212.8750
 30
0.0000
 40
112.5000
  1
x4
 50
0.0000
  7
SOLINE
 73
2
 11
15819.0000
 21
-12212.8750
 31
0.0000
  0
TEXT
  5
29D
  8
מקרא
 10
17919.0000
 20
-12212.8750
 30
0.0000
 40
125.0000
  1
חלון
 50
0.0000
  7
SOLINE
 72
2
 73
2
 11
17919.0000
 21
-12212.8750
 31
0.0000
  0
LINE
  5
29E
  8
מסגרת
 10
16619.0000
 20
-13079.1250
 30
0.0000
 11
16619.0000
 21
-12454.1250
 31
0.0000
  0
SOLID
  5
29F
  8
מסגרת
 10
16619.0000
 20
-12454.1250
 30
0.0000
 11
16556.5000
 21
-12579.1250
 31
0.0000
 12
16681.5000
 22
-12579.1250
 32
0.0000
 13
16681.5000
 23
-12579.1250
 33
0.0000
  0
TEXT
  5
2A0
  8
מסגרת
 10
16619.0000
 20
-12416.6250
 30
0.0000
 40
137.5000
  1
N
 50
0.0000
  7
SOLINE
 72
1
 73
3
 11
16619.0000
 21
-12416.6250
 31
0.0000
  0
LINE
  5
2A1
  8
מסגרת
 10
16244.0000
 20
-13266.6250
 30
0.0000
 11
17044.0000
 21
-13266.6250
 31
0.0000
  0
LINE
  5
2A2
  8
מסגרת
 10
16244.0000
 20
-13266.6250
 30
0.0000
 11
16244.0000
 21
-13329.1250
 31
0.0000
  0
LINE
  5
2A3
  8
מסגרת
 10
16444.0000
 20
-13266.6250
 30
0.0000
 11
16444.0000
 21
-13329.1250
 31
0.0000
  0
LINE
  5
2A4
  8
מסגרת
 10
16644.0000
 20
-13266.6250
 30
0.0000
 11
16644.0000
 21
-13329.1250
 31
0.0000
  0
LINE
  5
2A5
  8
מסגרת
 10
16844.0000
 20
-13266.6250
 30
0.0000
 11
16844.0000
 21
-13329.1250
 31
0.0000
  0
LINE
  5
2A6
  8
מסגרת
 10
17044.0000
 20
-13266.6250
 30
0.0000
 11
17044.0000
 21
-13329.1250
 31
0.0000
  0
TEXT
  5
2A7
  8
מסגרת
 10
16244.0000
 20
-13466.6250
 30
0.0000
 40
87.5000
  1
0
 50
0.0000
  7
SOLINE
 72
1
 11
16244.0000
 21
-13466.6250
 31
0.0000
  0
TEXT
  5
2A8
  8
מסגרת
 10
17044.0000
 20
-13466.6250
 30
0.0000
 40
87.5000
  1
0.8 m
 50
0.0000
  7
SOLINE
 72
2
 11
17044.0000
 21
-13466.6250
 31
0.0000
  0
LINE
  5
2A9
  8
קירות
 10
2958.0000
 20
-12565.0000
 30
0.0000
 11
3856.0000
 21
-12565.0000
 31
0.0000
  0
LINE
  5
2AA
  8
קירות
 10
3856.0000
 20
-12565.0000
 30
0.0000
 11
3856.0000
 21
-9785.0000
 31
0.0000
  0
LINE
  5
2AB
  8
קירות
 10
3856.0000
 20
-9785.0000
 30
0.0000
 11
2958.0000
 21
-9785.0000
 31
0.0000
  0
LINE
  5
2AC
  8
קירות
 10
2958.0000
 20
-9785.0000
 30
0.0000
 11
2958.0000
 21
-12565.0000
 31
0.0000
  0
LINE
  5
2AD
  8
מידות - חוץ
 10
2958.0000
 20
-12615.0000
 30
0.0000
 11
2958.0000
 21
-13015.0000
 31
0.0000
  0
LINE
  5
2AE
  8
מידות - חוץ
 10
3856.0000
 20
-12615.0000
 30
0.0000
 11
3856.0000
 21
-13015.0000
 31
0.0000
  0
LINE
  5
2AF
  8
מידות - חוץ
 10
2958.0000
 20
-12940.0000
 30
0.0000
 11
3856.0000
 21
-12940.0000
 31
0.0000
  0
SOLID
  5
2B0
  8
מידות - חוץ
 10
2958.0000
 20
-12940.0000
 30
0.0000
 11
2814.2500
 21
-12980.0000
 31
0.0000
 12
2814.2500
 22
-12900.0000
 32
0.0000
 13
2814.2500
 23
-12900.0000
 33
0.0000
  0
SOLID
  5
2B1
  8
מידות - חוץ
 10
3856.0000
 20
-12940.0000
 30
0.0000
 11
3999.7500
 21
-12980.0000
 31
0.0000
 12
3999.7500
 22
-12900.0000
 32
0.0000
 13
3999.7500
 23
-12900.0000
 33
0.0000
  0
TEXT
  5
2B2
  8
מידות - חוץ
 10
3407.0000
 20
-13058.7500
 30
0.0000
 40
125.0000
  1
89.8
 50
0.0000
  7
SOLINE
 72
1
 73
2
 11
3407.0000
 21
-13058.7500
 31
0.0000
  0
LINE
  5
2B3
  8
מידות - חוץ
 10
2908.0000
 20
-12565.0000
 30
0.0000
 11
2508.0000
 21
-12565.0000
 31
0.0000
  0
LINE
  5
2B4
  8
מידות - חוץ
 10
2908.0000
 20
-9785.0000
 30
0.0000
 11
2508.0000
 21
-9785.0000
 31
0.0000
  0
LINE
  5
2B5
  8
מידות - חוץ
 10
2583.0000
 20
-12565.0000
 30
0.0000
 11
2583.0000
 21
-9785.0000
 31
0.0000
  0
SOLID
  5
2B6
  8
מידות - חוץ
 10
2583.0000
 20
-12565.0000
 30
0.0000
 11
2543.0000
 21
-12708.7500
 31
0.0000
 12
2623.0000
 22
-12708.7500
 32
0.0000
 13
2623.0000
 23
-12708.7500
 33
0.0000
  0
SOLID
  5
2B7
  8
מידות - חוץ
 10
2583.0000
 20
-9785.0000
 30
0.0000
 11
2543.0000
 21
-9641.2500
 31
0.0000
 12
2623.0000
 22
-9641.2500
 32
0.0000
 13
2623.0000
 23
-9641.2500
 33
0.0000
  0
TEXT
  5
2B8
  8
מידות - חוץ
 10
2464.2500
 20
-11175.0000
 30
0.0000
 40
125.0000
  1
278
 50
90.0000
  7
SOLINE
 72
1
 73
2
 11
2464.2500
 21
-11175.0000
 31
0.0000
  0
TEXT
  5
2B9
  8
קירות - טקסט
 10
3407.0000
 20
-13502.5000
 30
0.0000
 40
162.5000
  1
W1
 50
0.0000
  7
SOLINE
 72
1
 73
2
 11
3407.0000
 21
-13502.5000
 31
0.0000
  0
LINE
  5
2BA
  8
קירות
 10
6356.0000
 20
-12565.0000
 30
0.0000
 11
10202.0000
 21
-12565.0000
 31
0.0000
  0
LINE
  5
2BB
  8
קירות
 10
10202.0000
 20
-12565.0000
 30
0.0000
 11
10202.0000
 21
-9785.0000
 31
0.0000
  0
LINE
  5
2BC
  8
קירות
 10
10202.0000
 20
-9785.0000
 30
0.0000
 11
6356.0000
 21
-9785.0000
 31
0.0000
  0
LINE
  5
2BD
  8
קירות
 10
6356.0000
 20
-9785.0000
 30
0.0000
 11
6356.0000
 21
-12565.0000
 31
0.0000
  0
LINE
  5
2BE
  8
מידות - חוץ
 10
6356.0000
 20
-12615.0000
 30
0.0000
 11
6356.0000
 21
-13015.0000
 31
0.0000
  0
LINE
  5
2BF
  8
מידות - חוץ
 10
10202.0000
 20
-12615.0000
 30
0.0000
 11
10202.0000
 21
-13015.0000
 31
0.0000
  0
LINE
  5
2C0
  8
מידות - חוץ
 10
6356.0000
 20
-12940.0000
 30
0.0000
 11
10202.0000
 21
-12940.0000
 31
0.0000
  0
SOLID
  5
2C1
  8
מידות - חוץ
 10
6356.0000
 20
-12940.0000
 30
0.0000
 11
6212.2500
 21
-12980.0000
 31
0.0000
 12
6212.2500
 22
-12900.0000
 32
0.0000
 13
6212.2500
 23
-12900.0000
 33
0.0000
  0
SOLID
  5
2C2
  8
מידות - חוץ
 10
10202.0000
 20
-12940.0000
 30
0.0000
 11
10345.7500
 21
-12980.0000
 31
0.0000
 12
10345.7500
 22
-12900.0000
 32
0.0000
 13
10345.7500
 23
-12900.0000
 33
0.0000
  0
TEXT
  5
2C3
  8
מידות - חוץ
 10
8279.0000
 20
-13058.7500
 30
0.0000
 40
125.0000
  1
384.6
 50
0.0000
  7
SOLINE
 72
1
 73
2
 11
8279.0000
 21
-13058.7500
 31
0.0000
  0
LINE
  5
2C4
  8
מידות - חוץ
 10
6306.0000
 20
-12565.0000
 30
0.0000
 11
5906.0000
 21
-12565.0000
 31
0.0000
  0
LINE
  5
2C5
  8
מידות - חוץ
 10
6306.0000
 20
-9785.0000
 30
0.0000
 11
5906.0000
 21
-9785.0000
 31
0.0000
  0
LINE
  5
2C6
  8
מידות - חוץ
 10
5981.0000
 20
-12565.0000
 30
0.0000
 11
5981.0000
 21
-9785.0000
 31
0.0000
  0
SOLID
  5
2C7
  8
מידות - חוץ
 10
5981.0000
 20
-12565.0000
 30
0.0000
 11
5941.0000
 21
-12708.7500
 31
0.0000
 12
6021.0000
 22
-12708.7500
 32
0.0000
 13
6021.0000
 23
-12708.7500
 33
0.0000
  0
SOLID
  5
2C8
  8
מידות - חוץ
 10
5981.0000
 20
-9785.0000
 30
0.0000
 11
5941.0000
 21
-9641.2500
 31
0.0000
 12
6021.0000
 22
-9641.2500
 32
0.0000
 13
6021.0000
 23
-9641.2500
 33
0.0000
  0
TEXT
  5
2C9
  8
מידות - חוץ
 10
5862.2500
 20
-11175.0000
 30
0.0000
 40
125.0000
  1
278
 50
90.0000
  7
SOLINE
 72
1
 73
2
 11
5862.2500
 21
-11175.0000
 31
0.0000
  0
LINE
  5
2CA
  8
חשמל
 10
7869.0000
 20
-10916.0000
 30
0.0000
 11
7949.0000
 21
-10916.0000
 31
0.0000
  0
LINE
  5
2CB
  8
חשמל
 10
7949.0000
 20
-10916.0000
 30
0.0000
 11
7949.0000
 21
-10836.0000
 31
0.0000
  0
LINE
  5
2CC
  8
חשמל
 10
7949.0000
 20
-10836.0000
 30
0.0000
 11
7869.0000
 21
-10836.0000
 31
0.0000
  0
LINE
  5
2CD
  8
חשמל
 10
7869.0000
 20
-10836.0000
 30
0.0000
 11
7869.0000
 21
-10916.0000
 31
0.0000
  0
LINE
  5
2CE
  8
חשמל
 10
7909.0000
 20
-10916.0000
 30
0.0000
 11
7909.0000
 21
-10879.2000
 31
0.0000
  0
LINE
  5
2CF
  8
חשמל
 10
7883.4000
 20
-10879.2000
 30
0.0000
 11
7883.5610
 21
-10876.3337
 31
0.0000
  0
LINE
  5
2D0
  8
חשמל
 10
7883.5610
 20
-10876.3337
 30
0.0000
 11
7884.0418
 21
-10873.5035
 31
0.0000
  0
LINE
  5
2D1
  8
חשמל
 10
7884.0418
 20
-10873.5035
 30
0.0000
 11
7884.8366
 21
-10870.7449
 31
0.0000
  0
LINE
  5
2D2
  8
חשמל
 10
7884.8366
 20
-10870.7449
 30
0.0000
 11
7885.9352
 21
-10868.0926
 31
0.0000
  0
LINE
  5
2D3
  8
חשמל
 10
7885.9352
 20
-10868.0926
 30
0.0000
 11
7887.3239
 21
-10865.5800
 31
0.0000
  0
LINE
  5
2D4
  8
חשמל
 10
7887.3239
 20
-10865.5800
 30
0.0000
 11
7888.9851
 21
-10863.2387
 31
0.0000
  0
LINE
  5
2D5
  8
חשמל
 10
7888.9851
 20
-10863.2387
 30
0.0000
 11
7890.8981
 21
-10861.0981
 31
0.0000
  0
LINE
  5
2D6
  8
חשמל
 10
7890.8981
 20
-10861.0981
 30
0.0000
 11
7893.0387
 21
-10859.1851
 31
0.0000
  0
LINE
  5
2D7
  8
חשמל
 10
7893.0387
 20
-10859.1851
 30
0.0000
 11
7895.3800
 21
-10857.5239
 31
0.0000
  0
LINE
  5
2D8
  8
חשמל
 10
7895.3800
 20
-10857.5239
 30
0.0000
 11
7897.8926
 21
-10856.1352
 31
0.0000
  0
LINE
  5
2D9
  8
חשמל
 10
7897.8926
 20
-10856.1352
 30
0.0000
 11
7900.5449
 21
-10855.0366
 31
0.0000
  0
LINE
  5
2DA
  8
חשמל
 10
7900.5449
 20
-10855.0366
 30
0.0000
 11
7903.3035
 21
-10854.2418
 31
0.0000
  0
LINE
  5
2DB
  8
חשמל
 10
7903.3035
 20
-10854.2418
 30
0.0000
 11
7906.1337
 21
-10853.7610
 31
0.0000
  0
LINE
  5
2DC
  8
חשמל
 10
7906.1337
 20
-10853.7610
 30
0.0000
 11
7909.0000
 21
-10853.6000
 31
0.0000
  0
LINE
  5
2DD
  8
חשמל
 10
7909.0000
 20
-10853.6000
 30
0.0000
 11
7911.8663
 21
-10853.7610
 31
0.0000
  0
LINE
  5
2DE
  8
חשמל
 10
7911.8663
 20
-10853.7610
 30
0.0000
 11
7914.6965
 21
-10854.2418
 31
0.0000
  0
LINE
  5
2DF
  8
חשמל
 10
7914.6965
 20
-10854.2418
 30
0.0000
 11
7917.4551
 21
-10855.0366
 31
0.0000
  0
LINE
  5
2E0
  8
חשמל
 10
7917.4551
 20
-10855.0366
 30
0.0000
 11
7920.1074
 21
-10856.1352
 31
0.0000
  0
LINE
  5
2E1
  8
חשמל
 10
7920.1074
 20
-10856.1352
 30
0.0000
 11
7922.6200
 21
-10857.5239
 31
0.0000
  0
LINE
  5
2E2
  8
חשמל
 10
7922.6200
 20
-10857.5239
 30
0.0000
 11
7924.9613
 21
-10859.1851
 31
0.0000
  0
LINE
  5
2E3
  8
חשמל
 10
7924.9613
 20
-10859.1851
 30
0.0000
 11
7927.1019
 21
-10861.0981
 31
0.0000
  0
LINE
  5
2E4
  8
חשמל
 10
7927.1019
 20
-10861.0981
 30
0.0000
 11
7929.0149
 21
-10863.2387
 31
0.0000
  0
LINE
  5
2E5
  8
חשמל
 10
7929.0149
 20
-10863.2387
 30
0.0000
 11
7930.6761
 21
-10865.5800
 31
0.0000
  0
LINE
  5
2E6
  8
חשמל
 10
7930.6761
 20
-10865.5800
 30
0.0000
 11
7932.0648
 21
-10868.0926
 31
0.0000
  0
LINE
  5
2E7
  8
חשמל
 10
7932.0648
 20
-10868.0926
 30
0.0000
 11
7933.1634
 21
-10870.7449
 31
0.0000
  0
LINE
  5
2E8
  8
חשמל
 10
7933.1634
 20
-10870.7449
 30
0.0000
 11
7933.9582
 21
-10873.5035
 31
0.0000
  0
LINE
  5
2E9
  8
חשמל
 10
7933.9582
 20
-10873.5035
 30
0.0000
 11
7934.4390
 21
-10876.3337
 31
0.0000
  0
LINE
  5
2EA
  8
חשמל
 10
7934.4390
 20
-10876.3337
 30
0.0000
 11
7934.6000
 21
-10879.2000
 31
0.0000
  0
LINE
  5
2EB
  8
חשמל
 10
7883.4000
 20
-10879.2000
 30
0.0000
 11
7934.6000
 21
-10879.2000
 31
0.0000
  0
LINE
  5
2EC
  8
חשמל - מידות
 10
6356.0000
 20
-12605.0000
 30
0.0000
 11
6356.0000
 21
-13437.5000
 31
0.0000
  0
LINE
  5
2ED
  8
חשמל - מידות
 10
7909.0000
 20
-12605.0000
 30
0.0000
 11
7909.0000
 21
-13437.5000
 31
0.0000
  0
LINE
  5
2EE
  8
חשמל - מידות
 10
6356.0000
 20
-13377.5000
 30
0.0000
 11
7909.0000
 21
-13377.5000
 31
0.0000
  0
SOLID
  5
2EF
  8
חשמל - מידות
 10
6356.0000
 20
-13377.5000
 30
0.0000
 11
6241.0000
 21
-13409.5000
 31
0.0000
 12
6241.0000
 22
-13345.5000
 32
0.0000
 13
6241.0000
 23
-13345.5000
 33
0.0000
  0
SOLID
  5
2F0
  8
חשמל - מידות
 10
7909.0000
 20
-13377.5000
 30
0.0000
 11
8024.0000
 21
-13409.5000
 31
0.0000
 12
8024.0000
 22
-13345.5000
 32
0.0000
 13
8024.0000
 23
-13345.5000
 33
0.0000
  0
TEXT
  5
2F1
  8
חשמל - מידות
 10
7132.5000
 20
-13472.5000
 30
0.0000
 40
100.0000
  1
155.3
 50
0.0000
  7
SOLINE
 72
1
 73
2
 11
7132.5000
 21
-13472.5000
 31
0.0000
  0
LINE
  5
2F2
  8
חשמל - מידות
 10
7869.0000
 20
-12565.0000
 30
0.0000
 11
7621.5000
 21
-12565.0000
 31
0.0000
  0
LINE
  5
2F3
  8
חשמל - מידות
 10
7869.0000
 20
-10876.0000
 30
0.0000
 11
7621.5000
 21
-10876.0000
 31
0.0000
  0
LINE
  5
2F4
  8
חשמל - מידות
 10
7681.5000
 20
-12565.0000
 30
0.0000
 11
7681.5000
 21
-10876.0000
 31
0.0000
  0
SOLID
  5
2F5
  8
חשמל - מידות
 10
7681.5000
 20
-12565.0000
 30
0.0000
 11
7649.5000
 21
-12680.0000
 31
0.0000
 12
7713.5000
 22
-12680.0000
 32
0.0000
 13
7713.5000
 23
-12680.0000
 33
0.0000
  0
SOLID
  5
2F6
  8
חשמל - מידות
 10
7681.5000
 20
-10876.0000
 30
0.0000
 11
7649.5000
 21
-10761.0000
 31
0.0000
 12
7713.5000
 22
-10761.0000
 32
0.0000
 13
7713.5000
 23
-10761.0000
 33
0.0000
  0
TEXT
  5
2F7
  8
חשמל - מידות
 10
7586.5000
 20
-11720.5000
 30
0.0000
 40
100.0000
  1
168.9
 50
90.0000
  7
SOLINE
 72
1
 73
2
 11
7586.5000
 21
-11720.5000
 31
0.0000
  0
LINE
  5
2F8
  8
חשמל
 10
8333.0000
 20
-11077.0000
 30
0.0000
 11
8413.0000
 21
-11077.0000
 31
0.0000
  0
LINE
  5
2F9
  8
חשמל
 10
8413.0000
 20
-11077.0000
 30
0.0000
 11
8413.0000
 21
-10997.0000
 31
0.0000
  0
LINE
  5
2FA
  8
חשמל
 10
8413.0000
 20
-10997.0000
 30
0.0000
 11
8333.0000
 21
-10997.0000
 31
0.0000
  0
LINE
  5
2FB
  8
חשמל
 10
8333.0000
 20
-10997.0000
 30
0.0000
 11
8333.0000
 21
-11077.0000
 31
0.0000
  0
LINE
  5
2FC
  8
חשמל
 10
8373.0000
 20
-11077.0000
 30
0.0000
 11
8373.0000
 21
-11040.2000
 31
0.0000
  0
LINE
  5
2FD
  8
חשמל
 10
8347.4000
 20
-11040.2000
 30
0.0000
 11
8347.5610
 21
-11037.3337
 31
0.0000
  0
LINE
  5
2FE
  8
חשמל
 10
8347.5610
 20
-11037.3337
 30
0.0000
 11
8348.0418
 21
-11034.5035
 31
0.0000
  0
LINE
  5
2FF
  8
חשמל
 10
8348.0418
 20
-11034.5035
 30
0.0000
 11
8348.8366
 21
-11031.7449
 31
0.0000
  0
LINE
  5
300
  8
חשמל
 10
8348.8366
 20
-11031.7449
 30
0.0000
 11
8349.9352
 21
-11029.0926
 31
0.0000
  0
LINE
  5
301
  8
חשמל
 10
8349.9352
 20
-11029.0926
 30
0.0000
 11
8351.3239
 21
-11026.5800
 31
0.0000
  0
LINE
  5
302
  8
חשמל
 10
8351.3239
 20
-11026.5800
 30
0.0000
 11
8352.9851
 21
-11024.2387
 31
0.0000
  0
LINE
  5
303
  8
חשמל
 10
8352.9851
 20
-11024.2387
 30
0.0000
 11
8354.8981
 21
-11022.0981
 31
0.0000
  0
LINE
  5
304
  8
חשמל
 10
8354.8981
 20
-11022.0981
 30
0.0000
 11
8357.0387
 21
-11020.1851
 31
0.0000
  0
LINE
  5
305
  8
חשמל
 10
8357.0387
 20
-11020.1851
 30
0.0000
 11
8359.3800
 21
-11018.5239
 31
0.0000
  0
LINE
  5
306
  8
חשמל
 10
8359.3800
 20
-11018.5239
 30
0.0000
 11
8361.8926
 21
-11017.1352
 31
0.0000
  0
LINE
  5
307
  8
חשמל
 10
8361.8926
 20
-11017.1352
 30
0.0000
 11
8364.5449
 21
-11016.0366
 31
0.0000
  0
LINE
  5
308
  8
חשמל
 10
8364.5449
 20
-11016.0366
 30
0.0000
 11
8367.3035
 21
-11015.2418
 31
0.0000
  0
LINE
  5
309
  8
חשמל
 10
8367.3035
 20
-11015.2418
 30
0.0000
 11
8370.1337
 21
-11014.7610
 31
0.0000
  0
LINE
  5
30A
  8
חשמל
 10
8370.1337
 20
-11014.7610
 30
0.0000
 11
8373.0000
 21
-11014.6000
 31
0.0000
  0
LINE
  5
30B
  8
חשמל
 10
8373.0000
 20
-11014.6000
 30
0.0000
 11
8375.8663
 21
-11014.7610
 31
0.0000
  0
LINE
  5
30C
  8
חשמל
 10
8375.8663
 20
-11014.7610
 30
0.0000
 11
8378.6965
 21
-11015.2418
 31
0.0000
  0
LINE
  5
30D
  8
חשמל
 10
8378.6965
 20
-11015.2418
 30
0.0000
 11
8381.4551
 21
-11016.0366
 31
0.0000
  0
LINE
  5
30E
  8
חשמל
 10
8381.4551
 20
-11016.0366
 30
0.0000
 11
8384.1074
 21
-11017.1352
 31
0.0000
  0
LINE
  5
30F
  8
חשמל
 10
8384.1074
 20
-11017.1352
 30
0.0000
 11
8386.6200
 21
-11018.5239
 31
0.0000
  0
LINE
  5
310
  8
חשמל
 10
8386.6200
 20
-11018.5239
 30
0.0000
 11
8388.9613
 21
-11020.1851
 31
0.0000
  0
LINE
  5
311
  8
חשמל
 10
8388.9613
 20
-11020.1851
 30
0.0000
 11
8391.1019
 21
-11022.0981
 31
0.0000
  0
LINE
  5
312
  8
חשמל
 10
8391.1019
 20
-11022.0981
 30
0.0000
 11
8393.0149
 21
-11024.2387
 31
0.0000
  0
LINE
  5
313
  8
חשמל
 10
8393.0149
 20
-11024.2387
 30
0.0000
 11
8394.6761
 21
-11026.5800
 31
0.0000
  0
LINE
  5
314
  8
חשמל
 10
8394.6761
 20
-11026.5800
 30
0.0000
 11
8396.0648
 21
-11029.0926
 31
0.0000
  0
LINE
  5
315
  8
חשמל
 10
8396.0648
 20
-11029.0926
 30
0.0000
 11
8397.1634
 21
-11031.7449
 31
0.0000
  0
LINE
  5
316
  8
חשמל
 10
8397.1634
 20
-11031.7449
 30
0.0000
 11
8397.9582
 21
-11034.5035
 31
0.0000
  0
LINE
  5
317
  8
חשמל
 10
8397.9582
 20
-11034.5035
 30
0.0000
 11
8398.4390
 21
-11037.3337
 31
0.0000
  0
LINE
  5
318
  8
חשמל
 10
8398.4390
 20
-11037.3337
 30
0.0000
 11
8398.6000
 21
-11040.2000
 31
0.0000
  0
LINE
  5
319
  8
חשמל
 10
8347.4000
 20
-11040.2000
 30
0.0000
 11
8398.6000
 21
-11040.2000
 31
0.0000
  0
LINE
  5
31A
  8
חשמל - מידות
 10
10202.0000
 20
-12525.0000
 30
0.0000
 11
10202.0000
 21
-11342.5000
 31
0.0000
  0
LINE
  5
31B
  8
חשמל - מידות
 10
8373.0000
 20
-12525.0000
 30
0.0000
 11
8373.0000
 21
-11342.5000
 31
0.0000
  0
LINE
  5
31C
  8
חשמל - מידות
 10
10202.0000
 20
-11402.5000
 30
0.0000
 11
8373.0000
 21
-11402.5000
 31
0.0000
  0
SOLID
  5
31D
  8
חשמל - מידות
 10
10202.0000
 20
-11402.5000
 30
0.0000
 11
10317.0000
 21
-11370.5000
 31
0.0000
 12
10317.0000
 22
-11434.5000
 32
0.0000
 13
10317.0000
 23
-11434.5000
 33
0.0000
  0
SOLID
  5
31E
  8
חשמל - מידות
 10
8373.0000
 20
-11402.5000
 30
0.0000
 11
8258.0000
 21
-11370.5000
 31
0.0000
 12
8258.0000
 22
-11434.5000
 32
0.0000
 13
8258.0000
 23
-11434.5000
 33
0.0000
  0
TEXT
  5
31F
  8
חשמל - מידות
 10
9287.5000
 20
-11307.5000
 30
0.0000
 40
100.0000
  1
182.9
 50
360.0000
  7
SOLINE
 72
1
 73
2
 11
9287.5000
 21
-11307.5000
 31
0.0000
  0
LINE
  5
320
  8
חשמל - מידות
 10
8413.0000
 20
-12565.0000
 30
0.0000
 11
8660.5000
 21
-12565.0000
 31
0.0000
  0
LINE
  5
321
  8
חשמל - מידות
 10
8413.0000
 20
-11037.0000
 30
0.0000
 11
8660.5000
 21
-11037.0000
 31
0.0000
  0
LINE
  5
322
  8
חשמל - מידות
 10
8600.5000
 20
-12565.0000
 30
0.0000
 11
8600.5000
 21
-11037.0000
 31
0.0000
  0
SOLID
  5
323
  8
חשמל - מידות
 10
8600.5000
 20
-12565.0000
 30
0.0000
 11
8632.5000
 21
-12680.0000
 31
0.0000
 12
8568.5000
 22
-12680.0000
 32
0.0000
 13
8568.5000
 23
-12680.0000
 33
0.0000
  0
SOLID
  5
324
  8
חשמל - מידות
 10
8600.5000
 20
-11037.0000
 30
0.0000
 11
8632.5000
 21
-10922.0000
 31
0.0000
 12
8568.5000
 22
-10922.0000
 32
0.0000
 13
8568.5000
 23
-10922.0000
 33
0.0000
  0
TEXT
  5
325
  8
חשמל - מידות
 10
8695.5000
 20
-11801.0000
 30
0.0000
 40
100.0000
  1
152.8
 50
90.0000
  7
SOLINE
 72
1
 73
2
 11
8695.5000
 21
-11801.0000
 31
0.0000
  0
LINE
  5
326
  8
חשמל
 10
8478.0000
 20
-11076.0000
 30
0.0000
 11
8558.0000
 21
-11076.0000
 31
0.0000
  0
LINE
  5
327
  8
חשמל
 10
8558.0000
 20
-11076.0000
 30
0.0000
 11
8558.0000
 21
-10996.0000
 31
0.0000
  0
LINE
  5
328
  8
חשמל
 10
8558.0000
 20
-10996.0000
 30
0.0000
 11
8478.0000
 21
-10996.0000
 31
0.0000
  0
LINE
  5
329
  8
חשמל
 10
8478.0000
 20
-10996.0000
 30
0.0000
 11
8478.0000
 21
-11076.0000
 31
0.0000
  0
LINE
  5
32A
  8
חשמל
 10
8518.0000
 20
-11076.0000
 30
0.0000
 11
8518.0000
 21
-11039.2000
 31
0.0000
  0
LINE
  5
32B
  8
חשמל
 10
8492.4000
 20
-11039.2000
 30
0.0000
 11
8492.5610
 21
-11036.3337
 31
0.0000
  0
LINE
  5
32C
  8
חשמל
 10
8492.5610
 20
-11036.3337
 30
0.0000
 11
8493.0418
 21
-11033.5035
 31
0.0000
  0
LINE
  5
32D
  8
חשמל
 10
8493.0418
 20
-11033.5035
 30
0.0000
 11
8493.8366
 21
-11030.7449
 31
0.0000
  0
LINE
  5
32E
  8
חשמל
 10
8493.8366
 20
-11030.7449
 30
0.0000
 11
8494.9352
 21
-11028.0926
 31
0.0000
  0
LINE
  5
32F
  8
חשמל
 10
8494.9352
 20
-11028.0926
 30
0.0000
 11
8496.3239
 21
-11025.5800
 31
0.0000
  0
LINE
  5
330
  8
חשמל
 10
8496.3239
 20
-11025.5800
 30
0.0000
 11
8497.9851
 21
-11023.2387
 31
0.0000
  0
LINE
  5
331
  8
חשמל
 10
8497.9851
 20
-11023.2387
 30
0.0000
 11
8499.8981
 21
-11021.0981
 31
0.0000
  0
LINE
  5
332
  8
חשמל
 10
8499.8981
 20
-11021.0981
 30
0.0000
 11
8502.0387
 21
-11019.1851
 31
0.0000
  0
LINE
  5
333
  8
חשמל
 10
8502.0387
 20
-11019.1851
 30
0.0000
 11
8504.3800
 21
-11017.5239
 31
0.0000
  0
LINE
  5
334
  8
חשמל
 10
8504.3800
 20
-11017.5239
 30
0.0000
 11
8506.8926
 21
-11016.1352
 31
0.0000
  0
LINE
  5
335
  8
חשמל
 10
8506.8926
 20
-11016.1352
 30
0.0000
 11
8509.5449
 21
-11015.0366
 31
0.0000
  0
LINE
  5
336
  8
חשמל
 10
8509.5449
 20
-11015.0366
 30
0.0000
 11
8512.3035
 21
-11014.2418
 31
0.0000
  0
LINE
  5
337
  8
חשמל
 10
8512.3035
 20
-11014.2418
 30
0.0000
 11
8515.1337
 21
-11013.7610
 31
0.0000
  0
LINE
  5
338
  8
חשמל
 10
8515.1337
 20
-11013.7610
 30
0.0000
 11
8518.0000
 21
-11013.6000
 31
0.0000
  0
LINE
  5
339
  8
חשמל
 10
8518.0000
 20
-11013.6000
 30
0.0000
 11
8520.8663
 21
-11013.7610
 31
0.0000
  0
LINE
  5
33A
  8
חשמל
 10
8520.8663
 20
-11013.7610
 30
0.0000
 11
8523.6965
 21
-11014.2418
 31
0.0000
  0
LINE
  5
33B
  8
חשמל
 10
8523.6965
 20
-11014.2418
 30
0.0000
 11
8526.4551
 21
-11015.0366
 31
0.0000
  0
LINE
  5
33C
  8
חשמל
 10
8526.4551
 20
-11015.0366
 30
0.0000
 11
8529.1074
 21
-11016.1352
 31
0.0000
  0
LINE
  5
33D
  8
חשמל
 10
8529.1074
 20
-11016.1352
 30
0.0000
 11
8531.6200
 21
-11017.5239
 31
0.0000
  0
LINE
  5
33E
  8
חשמל
 10
8531.6200
 20
-11017.5239
 30
0.0000
 11
8533.9613
 21
-11019.1851
 31
0.0000
  0
LINE
  5
33F
  8
חשמל
 10
8533.9613
 20
-11019.1851
 30
0.0000
 11
8536.1019
 21
-11021.0981
 31
0.0000
  0
LINE
  5
340
  8
חשמל
 10
8536.1019
 20
-11021.0981
 30
0.0000
 11
8538.0149
 21
-11023.2387
 31
0.0000
  0
LINE
  5
341
  8
חשמל
 10
8538.0149
 20
-11023.2387
 30
0.0000
 11
8539.6761
 21
-11025.5800
 31
0.0000
  0
LINE
  5
342
  8
חשמל
 10
8539.6761
 20
-11025.5800
 30
0.0000
 11
8541.0648
 21
-11028.0926
 31
0.0000
  0
LINE
  5
343
  8
חשמל
 10
8541.0648
 20
-11028.0926
 30
0.0000
 11
8542.1634
 21
-11030.7449
 31
0.0000
  0
LINE
  5
344
  8
חשמל
 10
8542.1634
 20
-11030.7449
 30
0.0000
 11
8542.9582
 21
-11033.5035
 31
0.0000
  0
LINE
  5
345
  8
חשמל
 10
8542.9582
 20
-11033.5035
 30
0.0000
 11
8543.4390
 21
-11036.3337
 31
0.0000
  0
LINE
  5
346
  8
חשמל
 10
8543.4390
 20
-11036.3337
 30
0.0000
 11
8543.6000
 21
-11039.2000
 31
0.0000
  0
LINE
  5
347
  8
חשמל
 10
8492.4000
 20
-11039.2000
 30
0.0000
 11
8543.6000
 21
-11039.2000
 31
0.0000
  0
LINE
  5
348
  8
חשמל - מידות
 10
10202.0000
 20
-12525.0000
 30
0.0000
 11
10202.0000
 21
-10992.5000
 31
0.0000
  0
LINE
  5
349
  8
חשמל - מידות
 10
8518.0000
 20
-12525.0000
 30
0.0000
 11
8518.0000
 21
-10992.5000
 31
0.0000
  0
LINE
  5
34A
  8
חשמל - מידות
 10
10202.0000
 20
-11052.5000
 30
0.0000
 11
8518.0000
 21
-11052.5000
 31
0.0000
  0
SOLID
  5
34B
  8
חשמל - מידות
 10
10202.0000
 20
-11052.5000
 30
0.0000
 11
10317.0000
 21
-11020.5000
 31
0.0000
 12
10317.0000
 22
-11084.5000
 32
0.0000
 13
10317.0000
 23
-11084.5000
 33
0.0000
  0
SOLID
  5
34C
  8
חשמל - מידות
 10
8518.0000
 20
-11052.5000
 30
0.0000
 11
8403.0000
 21
-11020.5000
 31
0.0000
 12
8403.0000
 22
-11084.5000
 32
0.0000
 13
8403.0000
 23
-11084.5000
 33
0.0000
  0
TEXT
  5
34D
  8
חשמל - מידות
 10
9360.0000
 20
-10957.5000
 30
0.0000
 40
100.0000
  1
168.4
 50
360.0000
  7
SOLINE
 72
1
 73
2
 11
9360.0000
 21
-10957.5000
 31
0.0000
  0
LINE
  5
34E
  8
חשמל - מידות
 10
8478.0000
 20
-12565.0000
 30
0.0000
 11
8230.5000
 21
-12565.0000
 31
0.0000
  0
LINE
  5
34F
  8
חשמל - מידות
 10
8478.0000
 20
-11036.0000
 30
0.0000
 11
8230.5000
 21
-11036.0000
 31
0.0000
  0
LINE
  5
350
  8
חשמל - מידות
 10
8290.5000
 20
-12565.0000
 30
0.0000
 11
8290.5000
 21
-11036.0000
 31
0.0000
  0
SOLID
  5
351
  8
חשמל - מידות
 10
8290.5000
 20
-12565.0000
 30
0.0000
 11
8258.5000
 21
-12680.0000
 31
0.0000
 12
8322.5000
 22
-12680.0000
 32
0.0000
 13
8322.5000
 23
-12680.0000
 33
0.0000
  0
SOLID
  5
352
  8
חשמל - מידות
 10
8290.5000
 20
-11036.0000
 30
0.0000
 11
8258.5000
 21
-10921.0000
 31
0.0000
 12
8322.5000
 22
-10921.0000
 32
0.0000
 13
8322.5000
 23
-10921.0000
 33
0.0000
  0
TEXT
  5
353
  8
חשמל - מידות
 10
8195.5000
 20
-11800.5000
 30
0.0000
 40
100.0000
  1
152.9
 50
90.0000
  7
SOLINE
 72
1
 73
2
 11
8195.5000
 21
-11800.5000
 31
0.0000
  0
LINE
  5
354
  8
חשמל
 10
8631.0000
 20
-11078.0000
 30
0.0000
 11
8711.0000
 21
-11078.0000
 31
0.0000
  0
LINE
  5
355
  8
חשמל
 10
8711.0000
 20
-11078.0000
 30
0.0000
 11
8711.0000
 21
-10998.0000
 31
0.0000
  0
LINE
  5
356
  8
חשמל
 10
8711.0000
 20
-10998.0000
 30
0.0000
 11
8631.0000
 21
-10998.0000
 31
0.0000
  0
LINE
  5
357
  8
חשמל
 10
8631.0000
 20
-10998.0000
 30
0.0000
 11
8631.0000
 21
-11078.0000
 31
0.0000
  0
LINE
  5
358
  8
חשמל
 10
8671.0000
 20
-11078.0000
 30
0.0000
 11
8671.0000
 21
-11041.2000
 31
0.0000
  0
LINE
  5
359
  8
חשמל
 10
8645.4000
 20
-11041.2000
 30
0.0000
 11
8645.5610
 21
-11038.3337
 31
0.0000
  0
LINE
  5
35A
  8
חשמל
 10
8645.5610
 20
-11038.3337
 30
0.0000
 11
8646.0418
 21
-11035.5035
 31
0.0000
  0
LINE
  5
35B
  8
חשמל
 10
8646.0418
 20
-11035.5035
 30
0.0000
 11
8646.8366
 21
-11032.7449
 31
0.0000
  0
LINE
  5
35C
  8
חשמל
 10
8646.8366
 20
-11032.7449
 30
0.0000
 11
8647.9352
 21
-11030.0926
 31
0.0000
  0
LINE
  5
35D
  8
חשמל
 10
8647.9352
 20
-11030.0926
 30
0.0000
 11
8649.3239
 21
-11027.5800
 31
0.0000
  0
LINE
  5
35E
  8
חשמל
 10
8649.3239
 20
-11027.5800
 30
0.0000
 11
8650.9851
 21
-11025.2387
 31
0.0000
  0
LINE
  5
35F
  8
חשמל
 10
8650.9851
 20
-11025.2387
 30
0.0000
 11
8652.8981
 21
-11023.0981
 31
0.0000
  0
LINE
  5
360
  8
חשמל
 10
8652.8981
 20
-11023.0981
 30
0.0000
 11
8655.0387
 21
-11021.1851
 31
0.0000
  0
LINE
  5
361
  8
חשמל
 10
8655.0387
 20
-11021.1851
 30
0.0000
 11
8657.3800
 21
-11019.5239
 31
0.0000
  0
LINE
  5
362
  8
חשמל
 10
8657.3800
 20
-11019.5239
 30
0.0000
 11
8659.8926
 21
-11018.1352
 31
0.0000
  0
LINE
  5
363
  8
חשמל
 10
8659.8926
 20
-11018.1352
 30
0.0000
 11
8662.5449
 21
-11017.0366
 31
0.0000
  0
LINE
  5
364
  8
חשמל
 10
8662.5449
 20
-11017.0366
 30
0.0000
 11
8665.3035
 21
-11016.2418
 31
0.0000
  0
LINE
  5
365
  8
חשמל
 10
8665.3035
 20
-11016.2418
 30
0.0000
 11
8668.1337
 21
-11015.7610
 31
0.0000
  0
LINE
  5
366
  8
חשמל
 10
8668.1337
 20
-11015.7610
 30
0.0000
 11
8671.0000
 21
-11015.6000
 31
0.0000
  0
LINE
  5
367
  8
חשמל
 10
8671.0000
 20
-11015.6000
 30
0.0000
 11
8673.8663
 21
-11015.7610
 31
0.0000
  0
LINE
  5
368
  8
חשמל
 10
8673.8663
 20
-11015.7610
 30
0.0000
 11
8676.6965
 21
-11016.2418
 31
0.0000
  0
LINE
  5
369
  8
חשמל
 10
8676.6965
 20
-11016.2418
 30
0.0000
 11
8679.4551
 21
-11017.0366
 31
0.0000
  0
LINE
  5
36A
  8
חשמל
 10
8679.4551
 20
-11017.0366
 30
0.0000
 11
8682.1074
 21
-11018.1352
 31
0.0000
  0
LINE
  5
36B
  8
חשמל
 10
8682.1074
 20
-11018.1352
 30
0.0000
 11
8684.6200
 21
-11019.5239
 31
0.0000
  0
LINE
  5
36C
  8
חשמל
 10
8684.6200
 20
-11019.5239
 30
0.0000
 11
8686.9613
 21
-11021.1851
 31
0.0000
  0
LINE
  5
36D
  8
חשמל
 10
8686.9613
 20
-11021.1851
 30
0.0000
 11
8689.1019
 21
-11023.0981
 31
0.0000
  0
LINE
  5
36E
  8
חשמל
 10
8689.1019
 20
-11023.0981
 30
0.0000
 11
8691.0149
 21
-11025.2387
 31
0.0000
  0
LINE
  5
36F
  8
חשמל
 10
8691.0149
 20
-11025.2387
 30
0.0000
 11
8692.6761
 21
-11027.5800
 31
0.0000
  0
LINE
  5
370
  8
חשמל
 10
8692.6761
 20
-11027.5800
 30
0.0000
 11
8694.0648
 21
-11030.0926
 31
0.0000
  0
LINE
  5
371
  8
חשמל
 10
8694.0648
 20
-11030.0926
 30
0.0000
 11
8695.1634
 21
-11032.7449
 31
0.0000
  0
LINE
  5
372
  8
חשמל
 10
8695.1634
 20
-11032.7449
 30
0.0000
 11
8695.9582
 21
-11035.5035
 31
0.0000
  0
LINE
  5
373
  8
חשמל
 10
8695.9582
 20
-11035.5035
 30
0.0000
 11
8696.4390
 21
-11038.3337
 31
0.0000
  0
LINE
  5
374
  8
חשמל
 10
8696.4390
 20
-11038.3337
 30
0.0000
 11
8696.6000
 21
-11041.2000
 31
0.0000
  0
LINE
  5
375
  8
חשמל
 10
8645.4000
 20
-11041.2000
 30
0.0000
 11
8696.6000
 21
-11041.2000
 31
0.0000
  0
LINE
  5
376
  8
חשמל - מידות
 10
10202.0000
 20
-12525.0000
 30
0.0000
 11
10202.0000
 21
-10642.5000
 31
0.0000
  0
LINE
  5
377
  8
חשמל - מידות
 10
8671.0000
 20
-12525.0000
 30
0.0000
 11
8671.0000
 21
-10642.5000
 31
0.0000
  0
LINE
  5
378
  8
חשמל - מידות
 10
10202.0000
 20
-10702.5000
 30
0.0000
 11
8671.0000
 21
-10702.5000
 31
0.0000
  0
SOLID
  5
379
  8
חשמל - מידות
 10
10202.0000
 20
-10702.5000
 30
0.0000
 11
10317.0000
 21
-10670.5000
 31
0.0000
 12
10317.0000
 22
-10734.5000
 32
0.0000
 13
10317.0000
 23
-10734.5000
 33
0.0000
  0
SOLID
  5
37A
  8
חשמל - מידות
 10
8671.0000
 20
-10702.5000
 30
0.0000
 11
8556.0000
 21
-10670.5000
 31
0.0000
 12
8556.0000
 22
-10734.5000
 32
0.0000
 13
8556.0000
 23
-10734.5000
 33
0.0000
  0
TEXT
  5
37B
  8
חשמל - מידות
 10
9436.5000
 20
-10607.5000
 30
0.0000
 40
100.0000
  1
153.1
 50
360.0000
  7
SOLINE
 72
1
 73
2
 11
9436.5000
 21
-10607.5000
 31
0.0000
  0
LINE
  5
37C
  8
חשמל - מידות
 10
8711.0000
 20
-12565.0000
 30
0.0000
 11
8958.5000
 21
-12565.0000
 31
0.0000
  0
LINE
  5
37D
  8
חשמל - מידות
 10
8711.0000
 20
-11038.0000
 30
0.0000
 11
8958.5000
 21
-11038.0000
 31
0.0000
  0
LINE
  5
37E
  8
חשמל - מידות
 10
8898.5000
 20
-12565.0000
 30
0.0000
 11
8898.5000
 21
-11038.0000
 31
0.0000
  0
SOLID
  5
37F
  8
חשמל - מידות
 10
8898.5000
 20
-12565.0000
 30
0.0000
 11
8930.5000
 21
-12680.0000
 31
0.0000
 12
8866.5000
 22
-12680.0000
 32
0.0000
 13
8866.5000
 23
-12680.0000
 33
0.0000
  0
SOLID
  5
380
  8
חשמל - מידות
 10
8898.5000
 20
-11038.0000
 30
0.0000
 11
8930.5000
 21
-10923.0000
 31
0.0000
 12
8866.5000
 22
-10923.0000
 32
0.0000
 13
8866.5000
 23
-10923.0000
 33
0.0000
  0
TEXT
  5
381
  8
חשמל - מידות
 10
8993.5000
 20
-11801.5000
 30
0.0000
 40
100.0000
  1
152.7
 50
90.0000
  7
SOLINE
 72
1
 73
2
 11
8993.5000
 21
-11801.5000
 31
0.0000
  0
LINE
  5
382
  8
חשמל
 10
8991.0000
 20
-11497.0000
 30
0.0000
 11
9151.0000
 21
-11497.0000
 31
0.0000
  0
LINE
  5
383
  8
חשמל
 10
9151.0000
 20
-11497.0000
 30
0.0000
 11
9151.0000
 21
-11417.0000
 31
0.0000
  0
LINE
  5
384
  8
חשמל
 10
9151.0000
 20
-11417.0000
 30
0.0000
 11
8991.0000
 21
-11417.0000
 31
0.0000
  0
LINE
  5
385
  8
חשמל
 10
8991.0000
 20
-11417.0000
 30
0.0000
 11
8991.0000
 21
-11497.0000
 31
0.0000
  0
LINE
  5
386
  8
חשמל
 10
9071.0000
 20
-11497.0000
 30
0.0000
 11
9071.0000
 21
-11460.2000
 31
0.0000
  0
LINE
  5
387
  8
חשמל
 10
8991.8960
 20
-11460.2000
 30
0.0000
 11
8992.1375
 21
-11458.0503
 31
0.0000
  0
LINE
  5
388
  8
חשמל
 10
8992.1375
 20
-11458.0503
 30
0.0000
 11
8992.8588
 21
-11455.9276
 31
0.0000
  0
LINE
  5
389
  8
חשמל
 10
8992.8588
 20
-11455.9276
 30
0.0000
 11
8994.0509
 21
-11453.8586
 31
0.0000
  0
LINE
  5
38A
  8
חשמל
 10
8994.0509
 20
-11453.8586
 30
0.0000
 11
8995.6988
 21
-11451.8694
 31
0.0000
  0
LINE
  5
38B
  8
חשמל
 10
8995.6988
 20
-11451.8694
 30
0.0000
 11
8997.7818
 21
-11449.9850
 31
0.0000
  0
LINE
  5
38C
  8
חשמל
 10
8997.7818
 20
-11449.9850
 30
0.0000
 11
9000.2737
 21
-11448.2290
 31
0.0000
  0
LINE
  5
38D
  8
חשמל
 10
9000.2737
 20
-11448.2290
 30
0.0000
 11
9003.1431
 21
-11446.6235
 31
0.0000
  0
LINE
  5
38E
  8
חשמל
 10
9003.1431
 20
-11446.6235
 30
0.0000
 11
9006.3540
 21
-11445.1888
 31
0.0000
  0
LINE
  5
38F
  8
חשמל
 10
9006.3540
 20
-11445.1888
 30
0.0000
 11
9009.8660
 21
-11443.9429
 31
0.0000
  0
LINE
  5
390
  8
חשמל
 10
9009.8660
 20
-11443.9429
 30
0.0000
 11
9013.6349
 21
-11442.9014
 31
0.0000
  0
LINE
  5
391
  8
חשמל
 10
9013.6349
 20
-11442.9014
 30
0.0000
 11
9017.6133
 21
-11442.0774
 31
0.0000
  0
LINE
  5
392
  8
חשמל
 10
9017.6133
 20
-11442.0774
 30
0.0000
 11
9021.7512
 21
-11441.4814
 31
0.0000
  0
LINE
  5
393
  8
חשמל
 10
9021.7512
 20
-11441.4814
 30
0.0000
 11
9025.9966
 21
-11441.1207
 31
0.0000
  0
LINE
  5
394
  8
חשמל
 10
9025.9966
 20
-11441.1207
 30
0.0000
 11
9030.2960
 21
-11441.0000
 31
0.0000
  0
LINE
  5
395
  8
חשמל
 10
9030.2960
 20
-11441.0000
 30
0.0000
 11
9034.5954
 21
-11441.1207
 31
0.0000
  0
LINE
  5
396
  8
חשמל
 10
9034.5954
 20
-11441.1207
 30
0.0000
 11
9038.8408
 21
-11441.4814
 31
0.0000
  0
LINE
  5
397
  8
חשמל
 10
9038.8408
 20
-11441.4814
 30
0.0000
 11
9042.9787
 21
-11442.0774
 31
0.0000
  0
LINE
  5
398
  8
חשמל
 10
9042.9787
 20
-11442.0774
 30
0.0000
 11
9046.9571
 21
-11442.9014
 31
0.0000
  0
LINE
  5
399
  8
חשמל
 10
9046.9571
 20
-11442.9014
 30
0.0000
 11
9050.7260
 21
-11443.9429
 31
0.0000
  0
LINE
  5
39A
  8
חשמל
 10
9050.7260
 20
-11443.9429
 30
0.0000
 11
9054.2380
 21
-11445.1888
 31
0.0000
  0
LINE
  5
39B
  8
חשמל
 10
9054.2380
 20
-11445.1888
 30
0.0000
 11
9057.4489
 21
-11446.6235
 31
0.0000
  0
LINE
  5
39C
  8
חשמל
 10
9057.4489
 20
-11446.6235
 30
0.0000
 11
9060.3183
 21
-11448.2290
 31
0.0000
  0
LINE
  5
39D
  8
חשמל
 10
9060.3183
 20
-11448.2290
 30
0.0000
 11
9062.8102
 21
-11449.9850
 31
0.0000
  0
LINE
  5
39E
  8
חשמל
 10
9062.8102
 20
-11449.9850
 30
0.0000
 11
9064.8932
 21
-11451.8694
 31
0.0000
  0
LINE
  5
39F
  8
חשמל
 10
9064.8932
 20
-11451.8694
 30
0.0000
 11
9066.5411
 21
-11453.8586
 31
0.0000
  0
LINE
  5
3A0
  8
חשמל
 10
9066.5411
 20
-11453.8586
 30
0.0000
 11
9067.7332
 21
-11455.9276
 31
0.0000
  0
LINE
  5
3A1
  8
חשמל
 10
9067.7332
 20
-11455.9276
 30
0.0000
 11
9068.4545
 21
-11458.0503
 31
0.0000
  0
LINE
  5
3A2
  8
חשמל
 10
9068.4545
 20
-11458.0503
 30
0.0000
 11
9068.6960
 21
-11460.2000
 31
0.0000
  0
LINE
  5
3A3
  8
חשמל
 10
8991.8960
 20
-11460.2000
 30
0.0000
 11
9068.6960
 21
-11460.2000
 31
0.0000
  0
LINE
  5
3A4
  8
חשמל
 10
9073.3040
 20
-11460.2000
 30
0.0000
 11
9073.5455
 21
-11458.0503
 31
0.0000
  0
LINE
  5
3A5
  8
חשמל
 10
9073.5455
 20
-11458.0503
 30
0.0000
 11
9074.2668
 21
-11455.9276
 31
0.0000
  0
LINE
  5
3A6
  8
חשמל
 10
9074.2668
 20
-11455.9276
 30
0.0000
 11
9075.4589
 21
-11453.8586
 31
0.0000
  0
LINE
  5
3A7
  8
חשמל
 10
9075.4589
 20
-11453.8586
 30
0.0000
 11
9077.1068
 21
-11451.8694
 31
0.0000
  0
LINE
  5
3A8
  8
חשמל
 10
9077.1068
 20
-11451.8694
 30
0.0000
 11
9079.1898
 21
-11449.9850
 31
0.0000
  0
LINE
  5
3A9
  8
חשמל
 10
9079.1898
 20
-11449.9850
 30
0.0000
 11
9081.6817
 21
-11448.2290
 31
0.0000
  0
LINE
  5
3AA
  8
חשמל
 10
9081.6817
 20
-11448.2290
 30
0.0000
 11
9084.5511
 21
-11446.6235
 31
0.0000
  0
LINE
  5
3AB
  8
חשמל
 10
9084.5511
 20
-11446.6235
 30
0.0000
 11
9087.7620
 21
-11445.1888
 31
0.0000
  0
LINE
  5
3AC
  8
חשמל
 10
9087.7620
 20
-11445.1888
 30
0.0000
 11
9091.2740
 21
-11443.9429
 31
0.0000
  0
LINE
  5
3AD
  8
חשמל
 10
9091.2740
 20
-11443.9429
 30
0.0000
 11
9095.0429
 21
-11442.9014
 31
0.0000
  0
LINE
  5
3AE
  8
חשמל
 10
9095.0429
 20
-11442.9014
 30
0.0000
 11
9099.0213
 21
-11442.0774
 31
0.0000
  0
LINE
  5
3AF
  8
חשמל
 10
9099.0213
 20
-11442.0774
 30
0.0000
 11
9103.1592
 21
-11441.4814
 31
0.0000
  0
LINE
  5
3B0
  8
חשמל
 10
9103.1592
 20
-11441.4814
 30
0.0000
 11
9107.4046
 21
-11441.1207
 31
0.0000
  0
LINE
  5
3B1
  8
חשמל
 10
9107.4046
 20
-11441.1207
 30
0.0000
 11
9111.7040
 21
-11441.0000
 31
0.0000
  0
LINE
  5
3B2
  8
חשמל
 10
9111.7040
 20
-11441.0000
 30
0.0000
 11
9116.0034
 21
-11441.1207
 31
0.0000
  0
LINE
  5
3B3
  8
חשמל
 10
9116.0034
 20
-11441.1207
 30
0.0000
 11
9120.2488
 21
-11441.4814
 31
0.0000
  0
LINE
  5
3B4
  8
חשמל
 10
9120.2488
 20
-11441.4814
 30
0.0000
 11
9124.3867
 21
-11442.0774
 31
0.0000
  0
LINE
  5
3B5
  8
חשמל
 10
9124.3867
 20
-11442.0774
 30
0.0000
 11
9128.3651
 21
-11442.9014
 31
0.0000
  0
LINE
  5
3B6
  8
חשמל
 10
9128.3651
 20
-11442.9014
 30
0.0000
 11
9132.1340
 21
-11443.9429
 31
0.0000
  0
LINE
  5
3B7
  8
חשמל
 10
9132.1340
 20
-11443.9429
 30
0.0000
 11
9135.6460
 21
-11445.1888
 31
0.0000
  0
LINE
  5
3B8
  8
חשמל
 10
9135.6460
 20
-11445.1888
 30
0.0000
 11
9138.8569
 21
-11446.6235
 31
0.0000
  0
LINE
  5
3B9
  8
חשמל
 10
9138.8569
 20
-11446.6235
 30
0.0000
 11
9141.7263
 21
-11448.2290
 31
0.0000
  0
LINE
  5
3BA
  8
חשמל
 10
9141.7263
 20
-11448.2290
 30
0.0000
 11
9144.2182
 21
-11449.9850
 31
0.0000
  0
LINE
  5
3BB
  8
חשמל
 10
9144.2182
 20
-11449.9850
 30
0.0000
 11
9146.3012
 21
-11451.8694
 31
0.0000
  0
LINE
  5
3BC
  8
חשמל
 10
9146.3012
 20
-11451.8694
 30
0.0000
 11
9147.9491
 21
-11453.8586
 31
0.0000
  0
LINE
  5
3BD
  8
חשמל
 10
9147.9491
 20
-11453.8586
 30
0.0000
 11
9149.1412
 21
-11455.9276
 31
0.0000
  0
LINE
  5
3BE
  8
חשמל
 10
9149.1412
 20
-11455.9276
 30
0.0000
 11
9149.8625
 21
-11458.0503
 31
0.0000
  0
LINE
  5
3BF
  8
חשמל
 10
9149.8625
 20
-11458.0503
 30
0.0000
 11
9150.1040
 21
-11460.2000
 31
0.0000
  0
LINE
  5
3C0
  8
חשמל
 10
9073.3040
 20
-11460.2000
 30
0.0000
 11
9150.1040
 21
-11460.2000
 31
0.0000
  0
LINE
  5
3C1
  8
חשמל - מידות
 10
10202.0000
 20
-12525.0000
 30
0.0000
 11
10202.0000
 21
-10292.5000
 31
0.0000
  0
LINE
  5
3C2
  8
חשמל - מידות
 10
9071.0000
 20
-12525.0000
 30
0.0000
 11
9071.0000
 21
-10292.5000
 31
0.0000
  0
LINE
  5
3C3
  8
חשמל - מידות
 10
10202.0000
 20
-10352.5000
 30
0.0000
 11
9071.0000
 21
-10352.5000
 31
0.0000
  0
SOLID
  5
3C4
  8
חשמל - מידות
 10
10202.0000
 20
-10352.5000
 30
0.0000
 11
10317.0000
 21
-10320.5000
 31
0.0000
 12
10317.0000
 22
-10384.5000
 32
0.0000
 13
10317.0000
 23
-10384.5000
 33
0.0000
  0
SOLID
  5
3C5
  8
חשמל - מידות
 10
9071.0000
 20
-10352.5000
 30
0.0000
 11
8956.0000
 21
-10320.5000
 31
0.0000
 12
8956.0000
 22
-10384.5000
 32
0.0000
 13
8956.0000
 23
-10384.5000
 33
0.0000
  0
TEXT
  5
3C6
  8
חשמל - מידות
 10
9636.5000
 20
-10257.5000
 30
0.0000
 40
100.0000
  1
113.1
 50
360.0000
  7
SOLINE
 72
1
 73
2
 11
9636.5000
 21
-10257.5000
 31
0.0000
  0
LINE
  5
3C7
  8
חשמל - מידות
 10
9031.0000
 20
-12565.0000
 30
0.0000
 11
8743.5000
 21
-12565.0000
 31
0.0000
  0
LINE
  5
3C8
  8
חשמל - מידות
 10
9031.0000
 20
-11457.0000
 30
0.0000
 11
8743.5000
 21
-11457.0000
 31
0.0000
  0
LINE
  5
3C9
  8
חשמל - מידות
 10
8803.5000
 20
-12565.0000
 30
0.0000
 11
8803.5000
 21
-11457.0000
 31
0.0000
  0
SOLID
  5
3CA
  8
חשמל - מידות
 10
8803.5000
 20
-12565.0000
 30
0.0000
 11
8771.5000
 21
-12680.0000
 31
0.0000
 12
8835.5000
 22
-12680.0000
 32
0.0000
 13
8835.5000
 23
-12680.0000
 33
0.0000
  0
SOLID
  5
3CB
  8
חשמל - מידות
 10
8803.5000
 20
-11457.0000
 30
0.0000
 11
8771.5000
 21
-11342.0000
 31
0.0000
 12
8835.5000
 22
-11342.0000
 32
0.0000
 13
8835.5000
 23
-11342.0000
 33
0.0000
  0
TEXT
  5
3CC
  8
חשמל - מידות
 10
8708.5000
 20
-12011.0000
 30
0.0000
 40
100.0000
  1
110.8
 50
90.0000
  7
SOLINE
 72
1
 73
2
 11
8708.5000
 21
-12011.0000
 31
0.0000
  0
LINE
  5
3CD
  8
חשמל
 10
9529.0000
 20
-11490.0000
 30
0.0000
 11
9609.0000
 21
-11490.0000
 31
0.0000
  0
LINE
  5
3CE
  8
חשמל
 10
9609.0000
 20
-11490.0000
 30
0.0000
 11
9609.0000
 21
-11410.0000
 31
0.0000
  0
LINE
  5
3CF
  8
חשמל
 10
9609.0000
 20
-11410.0000
 30
0.0000
 11
9529.0000
 21
-11410.0000
 31
0.0000
  0
LINE
  5
3D0
  8
חשמל
 10
9529.0000
 20
-11410.0000
 30
0.0000
 11
9529.0000
 21
-11490.0000
 31
0.0000
  0
LINE
  5
3D1
  8
חשמל
 10
9569.0000
 20
-11490.0000
 30
0.0000
 11
9569.0000
 21
-11453.2000
 31
0.0000
  0
LINE
  5
3D2
  8
חשמל
 10
9543.4000
 20
-11453.2000
 30
0.0000
 11
9543.5610
 21
-11450.3337
 31
0.0000
  0
LINE
  5
3D3
  8
חשמל
 10
9543.5610
 20
-11450.3337
 30
0.0000
 11
9544.0418
 21
-11447.5035
 31
0.0000
  0
LINE
  5
3D4
  8
חשמל
 10
9544.0418
 20
-11447.5035
 30
0.0000
 11
9544.8366
 21
-11444.7449
 31
0.0000
  0
LINE
  5
3D5
  8
חשמל
 10
9544.8366
 20
-11444.7449
 30
0.0000
 11
9545.9352
 21
-11442.0926
 31
0.0000
  0
LINE
  5
3D6
  8
חשמל
 10
9545.9352
 20
-11442.0926
 30
0.0000
 11
9547.3239
 21
-11439.5800
 31
0.0000
  0
LINE
  5
3D7
  8
חשמל
 10
9547.3239
 20
-11439.5800
 30
0.0000
 11
9548.9851
 21
-11437.2387
 31
0.0000
  0
LINE
  5
3D8
  8
חשמל
 10
9548.9851
 20
-11437.2387
 30
0.0000
 11
9550.8981
 21
-11435.0981
 31
0.0000
  0
LINE
  5
3D9
  8
חשמל
 10
9550.8981
 20
-11435.0981
 30
0.0000
 11
9553.0387
 21
-11433.1851
 31
0.0000
  0
LINE
  5
3DA
  8
חשמל
 10
9553.0387
 20
-11433.1851
 30
0.0000
 11
9555.3800
 21
-11431.5239
 31
0.0000
  0
LINE
  5
3DB
  8
חשמל
 10
9555.3800
 20
-11431.5239
 30
0.0000
 11
9557.8926
 21
-11430.1352
 31
0.0000
  0
LINE
  5
3DC
  8
חשמל
 10
9557.8926
 20
-11430.1352
 30
0.0000
 11
9560.5449
 21
-11429.0366
 31
0.0000
  0
LINE
  5
3DD
  8
חשמל
 10
9560.5449
 20
-11429.0366
 30
0.0000
 11
9563.3035
 21
-11428.2418
 31
0.0000
  0
LINE
  5
3DE
  8
חשמל
 10
9563.3035
 20
-11428.2418
 30
0.0000
 11
9566.1337
 21
-11427.7610
 31
0.0000
  0
LINE
  5
3DF
  8
חשמל
 10
9566.1337
 20
-11427.7610
 30
0.0000
 11
9569.0000
 21
-11427.6000
 31
0.0000
  0
LINE
  5
3E0
  8
חשמל
 10
9569.0000
 20
-11427.6000
 30
0.0000
 11
9571.8663
 21
-11427.7610
 31
0.0000
  0
LINE
  5
3E1
  8
חשמל
 10
9571.8663
 20
-11427.7610
 30
0.0000
 11
9574.6965
 21
-11428.2418
 31
0.0000
  0
LINE
  5
3E2
  8
חשמל
 10
9574.6965
 20
-11428.2418
 30
0.0000
 11
9577.4551
 21
-11429.0366
 31
0.0000
  0
LINE
  5
3E3
  8
חשמל
 10
9577.4551
 20
-11429.0366
 30
0.0000
 11
9580.1074
 21
-11430.1352
 31
0.0000
  0
LINE
  5
3E4
  8
חשמל
 10
9580.1074
 20
-11430.1352
 30
0.0000
 11
9582.6200
 21
-11431.5239
 31
0.0000
  0
LINE
  5
3E5
  8
חשמל
 10
9582.6200
 20
-11431.5239
 30
0.0000
 11
9584.9613
 21
-11433.1851
 31
0.0000
  0
LINE
  5
3E6
  8
חשמל
 10
9584.9613
 20
-11433.1851
 30
0.0000
 11
9587.1019
 21
-11435.0981
 31
0.0000
  0
LINE
  5
3E7
  8
חשמל
 10
9587.1019
 20
-11435.0981
 30
0.0000
 11
9589.0149
 21
-11437.2387
 31
0.0000
  0
LINE
  5
3E8
  8
חשמל
 10
9589.0149
 20
-11437.2387
 30
0.0000
 11
9590.6761
 21
-11439.5800
 31
0.0000
  0
LINE
  5
3E9
  8
חשמל
 10
9590.6761
 20
-11439.5800
 30
0.0000
 11
9592.0648
 21
-11442.0926
 31
0.0000
  0
LINE
  5
3EA
  8
חשמל
 10
9592.0648
 20
-11442.0926
 30
0.0000
 11
9593.1634
 21
-11444.7449
 31
0.0000
  0
LINE
  5
3EB
  8
חשמל
 10
9593.1634
 20
-11444.7449
 30
0.0000
 11
9593.9582
 21
-11447.5035
 31
0.0000
  0
LINE
  5
3EC
  8
חשמל
 10
9593.9582
 20
-11447.5035
 30
0.0000
 11
9594.4390
 21
-11450.3337
 31
0.0000
  0
LINE
  5
3ED
  8
חשמל
 10
9594.4390
 20
-11450.3337
 30
0.0000
 11
9594.6000
 21
-11453.2000
 31
0.0000
  0
LINE
  5
3EE
  8
חשמל
 10
9543.4000
 20
-11453.2000
 30
0.0000
 11
9594.6000
 21
-11453.2000
 31
0.0000
  0
LINE
  5
3EF
  8
חשמל - מידות
 10
10202.0000
 20
-12525.0000
 30
0.0000
 11
10202.0000
 21
-9942.5000
 31
0.0000
  0
LINE
  5
3F0
  8
חשמל - מידות
 10
9569.0000
 20
-12525.0000
 30
0.0000
 11
9569.0000
 21
-9942.5000
 31
0.0000
  0
LINE
  5
3F1
  8
חשמל - מידות
 10
10202.0000
 20
-10002.5000
 30
0.0000
 11
9569.0000
 21
-10002.5000
 31
0.0000
  0
SOLID
  5
3F2
  8
חשמל - מידות
 10
10202.0000
 20
-10002.5000
 30
0.0000
 11
10317.0000
 21
-9970.5000
 31
0.0000
 12
10317.0000
 22
-10034.5000
 32
0.0000
 13
10317.0000
 23
-10034.5000
 33
0.0000
  0
SOLID
  5
3F3
  8
חשמל - מידות
 10
9569.0000
 20
-10002.5000
 30
0.0000
 11
9454.0000
 21
-9970.5000
 31
0.0000
 12
9454.0000
 22
-10034.5000
 32
0.0000
 13
9454.0000
 23
-10034.5000
 33
0.0000
  0
TEXT
  5
3F4
  8
חשמל - מידות
 10
9885.5000
 20
-9907.5000
 30
0.0000
 40
100.0000
  1
63.3
 50
360.0000
  7
SOLINE
 72
1
 73
2
 11
9885.5000
 21
-9907.5000
 31
0.0000
  0
LINE
  5
3F5
  8
חשמל - מידות
 10
9609.0000
 20
-12565.0000
 30
0.0000
 11
9856.5000
 21
-12565.0000
 31
0.0000
  0
LINE
  5
3F6
  8
חשמל - מידות
 10
9609.0000
 20
-11450.0000
 30
0.0000
 11
9856.5000
 21
-11450.0000
 31
0.0000
  0
LINE
  5
3F7
  8
חשמל - מידות
 10
9796.5000
 20
-12565.0000
 30
0.0000
 11
9796.5000
 21
-11450.0000
 31
0.0000
  0
SOLID
  5
3F8
  8
חשמל - מידות
 10
9796.5000
 20
-12565.0000
 30
0.0000
 11
9828.5000
 21
-12680.0000
 31
0.0000
 12
9764.5000
 22
-12680.0000
 32
0.0000
 13
9764.5000
 23
-12680.0000
 33
0.0000
  0
SOLID
  5
3F9
  8
חשמל - מידות
 10
9796.5000
 20
-11450.0000
 30
0.0000
 11
9828.5000
 21
-11335.0000
 31
0.0000
 12
9764.5000
 22
-11335.0000
 32
0.0000
 13
9764.5000
 23
-11335.0000
 33
0.0000
  0
TEXT
  5
3FA
  8
חשמל - מידות
 10
9891.5000
 20
-12007.5000
 30
0.0000
 40
100.0000
  1
111.5
 50
90.0000
  7
SOLINE
 72
1
 73
2
 11
9891.5000
 21
-12007.5000
 31
0.0000
  0
LINE
  5
3FB
  8
חשמל
 10
9232.0000
 20
-10195.0000
 30
0.0000
 11
9312.0000
 21
-10195.0000
 31
0.0000
  0
LINE
  5
3FC
  8
חשמל
 10
9312.0000
 20
-10195.0000
 30
0.0000
 11
9312.0000
 21
-10115.0000
 31
0.0000
  0
LINE
  5
3FD
  8
חשמל
 10
9312.0000
 20
-10115.0000
 30
0.0000
 11
9232.0000
 21
-10115.0000
 31
0.0000
  0
LINE
  5
3FE
  8
חשמל
 10
9232.0000
 20
-10115.0000
 30
0.0000
 11
9232.0000
 21
-10195.0000
 31
0.0000
  0
LINE
  5
3FF
  8
חשמל
 10
9272.0000
 20
-10195.0000
 30
0.0000
 11
9272.0000
 21
-10139.0000
 31
0.0000
  0
ARC
  5
400
  8
חשמל
 10
9272.0000
 20
-10155.0000
 30
0.0000
 40
14.4000
 50
0.0000
 51
360.0000
  0
ARC
  5
401
  8
חשמל
 10
9272.0000
 20
-10155.0000
 30
0.0000
 40
4.0000
 50
0.0000
 51
360.0000
  0
LINE
  5
402
  8
חשמל - מידות
 10
10202.0000
 20
-12525.0000
 30
0.0000
 11
10202.0000
 21
-9592.5000
 31
0.0000
  0
LINE
  5
403
  8
חשמל - מידות
 10
9272.0000
 20
-12525.0000
 30
0.0000
 11
9272.0000
 21
-9592.5000
 31
0.0000
  0
LINE
  5
404
  8
חשמל - מידות
 10
10202.0000
 20
-9652.5000
 30
0.0000
 11
9272.0000
 21
-9652.5000
 31
0.0000
  0
SOLID
  5
405
  8
חשמל - מידות
 10
10202.0000
 20
-9652.5000
 30
0.0000
 11
10317.0000
 21
-9620.5000
 31
0.0000
 12
10317.0000
 22
-9684.5000
 32
0.0000
 13
10317.0000
 23
-9684.5000
 33
0.0000
  0
SOLID
  5
406
  8
חשמל - מידות
 10
9272.0000
 20
-9652.5000
 30
0.0000
 11
9157.0000
 21
-9620.5000
 31
0.0000
 12
9157.0000
 22
-9684.5000
 32
0.0000
 13
9157.0000
 23
-9684.5000
 33
0.0000
  0
TEXT
  5
407
  8
חשמל - מידות
 10
9737.0000
 20
-9557.5000
 30
0.0000
 40
100.0000
  1
93
 50
360.0000
  7
SOLINE
 72
1
 73
2
 11
9737.0000
 21
-9557.5000
 31
0.0000
  0
LINE
  5
408
  8
חשמל - מידות
 10
9232.0000
 20
-12565.0000
 30
0.0000
 11
8984.5000
 21
-12565.0000
 31
0.0000
  0
LINE
  5
409
  8
חשמל - מידות
 10
9232.0000
 20
-10155.0000
 30
0.0000
 11
8984.5000
 21
-10155.0000
 31
0.0000
  0
LINE
  5
40A
  8
חשמל - מידות
 10
9044.5000
 20
-12565.0000
 30
0.0000
 11
9044.5000
 21
-10155.0000
 31
0.0000
  0
SOLID
  5
40B
  8
חשמל - מידות
 10
9044.5000
 20
-12565.0000
 30
0.0000
 11
9012.5000
 21
-12680.0000
 31
0.0000
 12
9076.5000
 22
-12680.0000
 32
0.0000
 13
9076.5000
 23
-12680.0000
 33
0.0000
  0
SOLID
  5
40C
  8
חשמל - מידות
 10
9044.5000
 20
-10155.0000
 30
0.0000
 11
9012.5000
 21
-10040.0000
 31
0.0000
 12
9076.5000
 22
-10040.0000
 32
0.0000
 13
9076.5000
 23
-10040.0000
 33
0.0000
  0
TEXT
  5
40D
  8
חשמל - מידות
 10
8949.5000
 20
-11360.0000
 30
0.0000
 40
100.0000
  1
241
 50
90.0000
  7
SOLINE
 72
1
 73
2
 11
8949.5000
 21
-11360.0000
 31
0.0000
  0
LINE
  5
40E
  8
חשמל
 10
9939.0000
 20
-10594.0000
 30
0.0000
 11
10019.0000
 21
-10594.0000
 31
0.0000
  0
LINE
  5
40F
  8
חשמל
 10
10019.0000
 20
-10594.0000
 30
0.0000
 11
10019.0000
 21
-10514.0000
 31
0.0000
  0
LINE
  5
410
  8
חשמל
 10
10019.0000
 20
-10514.0000
 30
0.0000
 11
9939.0000
 21
-10514.0000
 31
0.0000
  0
LINE
  5
411
  8
חשמל
 10
9939.0000
 20
-10514.0000
 30
0.0000
 11
9939.0000
 21
-10594.0000
 31
0.0000
  0
LINE
  5
412
  8
חשמל
 10
9979.0000
 20
-10594.0000
 30
0.0000
 11
9979.0000
 21
-10557.2000
 31
0.0000
  0
LINE
  5
413
  8
חשמל
 10
9953.4000
 20
-10557.2000
 30
0.0000
 11
9953.5610
 21
-10554.3337
 31
0.0000
  0
LINE
  5
414
  8
חשמל
 10
9953.5610
 20
-10554.3337
 30
0.0000
 11
9954.0418
 21
-10551.5035
 31
0.0000
  0
LINE
  5
415
  8
חשמל
 10
9954.0418
 20
-10551.5035
 30
0.0000
 11
9954.8366
 21
-10548.7449
 31
0.0000
  0
LINE
  5
416
  8
חשמל
 10
9954.8366
 20
-10548.7449
 30
0.0000
 11
9955.9352
 21
-10546.0926
 31
0.0000
  0
LINE
  5
417
  8
חשמל
 10
9955.9352
 20
-10546.0926
 30
0.0000
 11
9957.3239
 21
-10543.5800
 31
0.0000
  0
LINE
  5
418
  8
חשמל
 10
9957.3239
 20
-10543.5800
 30
0.0000
 11
9958.9851
 21
-10541.2387
 31
0.0000
  0
LINE
  5
419
  8
חשמל
 10
9958.9851
 20
-10541.2387
 30
0.0000
 11
9960.8981
 21
-10539.0981
 31
0.0000
  0
LINE
  5
41A
  8
חשמל
 10
9960.8981
 20
-10539.0981
 30
0.0000
 11
9963.0387
 21
-10537.1851
 31
0.0000
  0
LINE
  5
41B
  8
חשמל
 10
9963.0387
 20
-10537.1851
 30
0.0000
 11
9965.3800
 21
-10535.5239
 31
0.0000
  0
LINE
  5
41C
  8
חשמל
 10
9965.3800
 20
-10535.5239
 30
0.0000
 11
9967.8926
 21
-10534.1352
 31
0.0000
  0
LINE
  5
41D
  8
חשמל
 10
9967.8926
 20
-10534.1352
 30
0.0000
 11
9970.5449
 21
-10533.0366
 31
0.0000
  0
LINE
  5
41E
  8
חשמל
 10
9970.5449
 20
-10533.0366
 30
0.0000
 11
9973.3035
 21
-10532.2418
 31
0.0000
  0
LINE
  5
41F
  8
חשמל
 10
9973.3035
 20
-10532.2418
 30
0.0000
 11
9976.1337
 21
-10531.7610
 31
0.0000
  0
LINE
  5
420
  8
חשמל
 10
9976.1337
 20
-10531.7610
 30
0.0000
 11
9979.0000
 21
-10531.6000
 31
0.0000
  0
LINE
  5
421
  8
חשמל
 10
9979.0000
 20
-10531.6000
 30
0.0000
 11
9981.8663
 21
-10531.7610
 31
0.0000
  0
LINE
  5
422
  8
חשמל
 10
9981.8663
 20
-10531.7610
 30
0.0000
 11
9984.6965
 21
-10532.2418
 31
0.0000
  0
LINE
  5
423
  8
חשמל
 10
9984.6965
 20
-10532.2418
 30
0.0000
 11
9987.4551
 21
-10533.0366
 31
0.0000
  0
LINE
  5
424
  8
חשמל
 10
9987.4551
 20
-10533.0366
 30
0.0000
 11
9990.1074
 21
-10534.1352
 31
0.0000
  0
LINE
  5
425
  8
חשמל
 10
9990.1074
 20
-10534.1352
 30
0.0000
 11
9992.6200
 21
-10535.5239
 31
0.0000
  0
LINE
  5
426
  8
חשמל
 10
9992.6200
 20
-10535.5239
 30
0.0000
 11
9994.9613
 21
-10537.1851
 31
0.0000
  0
LINE
  5
427
  8
חשמל
 10
9994.9613
 20
-10537.1851
 30
0.0000
 11
9997.1019
 21
-10539.0981
 31
0.0000
  0
LINE
  5
428
  8
חשמל
 10
9997.1019
 20
-10539.0981
 30
0.0000
 11
9999.0149
 21
-10541.2387
 31
0.0000
  0
LINE
  5
429
  8
חשמל
 10
9999.0149
 20
-10541.2387
 30
0.0000
 11
10000.6761
 21
-10543.5800
 31
0.0000
  0
LINE
  5
42A
  8
חשמל
 10
10000.6761
 20
-10543.5800
 30
0.0000
 11
10002.0648
 21
-10546.0926
 31
0.0000
  0
LINE
  5
42B
  8
חשמל
 10
10002.0648
 20
-10546.0926
 30
0.0000
 11
10003.1634
 21
-10548.7449
 31
0.0000
  0
LINE
  5
42C
  8
חשמל
 10
10003.1634
 20
-10548.7449
 30
0.0000
 11
10003.9582
 21
-10551.5035
 31
0.0000
  0
LINE
  5
42D
  8
חשמל
 10
10003.9582
 20
-10551.5035
 30
0.0000
 11
10004.4390
 21
-10554.3337
 31
0.0000
  0
LINE
  5
42E
  8
חשמל
 10
10004.4390
 20
-10554.3337
 30
0.0000
 11
10004.6000
 21
-10557.2000
 31
0.0000
  0
LINE
  5
42F
  8
חשמל
 10
9953.4000
 20
-10557.2000
 30
0.0000
 11
10004.6000
 21
-10557.2000
 31
0.0000
  0
LINE
  5
430
  8
חשמל - מידות
 10
10202.0000
 20
-12525.0000
 30
0.0000
 11
10202.0000
 21
-9242.5000
 31
0.0000
  0
LINE
  5
431
  8
חשמל - מידות
 10
9979.0000
 20
-12525.0000
 30
0.0000
 11
9979.0000
 21
-9242.5000
 31
0.0000
  0
LINE
  5
432
  8
חשמל - מידות
 10
10202.0000
 20
-9302.5000
 30
0.0000
 11
9979.0000
 21
-9302.5000
 31
0.0000
  0
SOLID
  5
433
  8
חשמל - מידות
 10
10202.0000
 20
-9302.5000
 30
0.0000
 11
10317.0000
 21
-9270.5000
 31
0.0000
 12
10317.0000
 22
-9334.5000
 32
0.0000
 13
10317.0000
 23
-9334.5000
 33
0.0000
  0
SOLID
  5
434
  8
חשמל - מידות
 10
9979.0000
 20
-9302.5000
 30
0.0000
 11
9864.0000
 21
-9270.5000
 31
0.0000
 12
9864.0000
 22
-9334.5000
 32
0.0000
 13
9864.0000
 23
-9334.5000
 33
0.0000
  0
TEXT
  5
435
  8
חשמל - מידות
 10
10090.5000
 20
-9207.5000
 30
0.0000
 40
100.0000
  1
22.3
 50
360.0000
  7
SOLINE
 72
1
 73
2
 11
10090.5000
 21
-9207.5000
 31
0.0000
  0
LINE
  5
436
  8
חשמל - מידות
 10
10019.0000
 20
-12565.0000
 30
0.0000
 11
10266.5000
 21
-12565.0000
 31
0.0000
  0
LINE
  5
437
  8
חשמל - מידות
 10
10019.0000
 20
-10554.0000
 30
0.0000
 11
10266.5000
 21
-10554.0000
 31
0.0000
  0
LINE
  5
438
  8
חשמל - מידות
 10
10206.5000
 20
-12565.0000
 30
0.0000
 11
10206.5000
 21
-10554.0000
 31
0.0000
  0
SOLID
  5
439
  8
חשמל - מידות
 10
10206.5000
 20
-12565.0000
 30
0.0000
 11
10238.5000
 21
-12680.0000
 31
0.0000
 12
10174.5000
 22
-12680.0000
 32
0.0000
 13
10174.5000
 23
-12680.0000
 33
0.0000
  0
SOLID
  5
43A
  8
חשמל - מידות
 10
10206.5000
 20
-10554.0000
 30
0.0000
 11
10238.5000
 21
-10439.0000
 31
0.0000
 12
10174.5000
 22
-10439.0000
 32
0.0000
 13
10174.5000
 23
-10439.0000
 33
0.0000
  0
TEXT
  5
43B
  8
חשמל - מידות
 10
10301.5000
 20
-11559.5000
 30
0.0000
 40
100.0000
  1
201.1
 50
90.0000
  7
SOLINE
 72
1
 73
2
 11
10301.5000
 21
-11559.5000
 31
0.0000
  0
LINE
  5
43C
  8
חשמל
 10
10016.0000
 20
-11491.0000
 30
0.0000
 11
10176.0000
 21
-11491.0000
 31
0.0000
  0
LINE
  5
43D
  8
חשמל
 10
10176.0000
 20
-11491.0000
 30
0.0000
 11
10176.0000
 21
-11411.0000
 31
0.0000
  0
LINE
  5
43E
  8
חשמל
 10
10176.0000
 20
-11411.0000
 30
0.0000
 11
10016.0000
 21
-11411.0000
 31
0.0000
  0
LINE
  5
43F
  8
חשמל
 10
10016.0000
 20
-11411.0000
 30
0.0000
 11
10016.0000
 21
-11491.0000
 31
0.0000
  0
LINE
  5
440
  8
חשמל
 10
10096.0000
 20
-11491.0000
 30
0.0000
 11
10096.0000
 21
-11454.2000
 31
0.0000
  0
LINE
  5
441
  8
חשמל
 10
10016.8960
 20
-11454.2000
 30
0.0000
 11
10017.1375
 21
-11452.0503
 31
0.0000
  0
LINE
  5
442
  8
חשמל
 10
10017.1375
 20
-11452.0503
 30
0.0000
 11
10017.8588
 21
-11449.9276
 31
0.0000
  0
LINE
  5
443
  8
חשמל
 10
10017.8588
 20
-11449.9276
 30
0.0000
 11
10019.0509
 21
-11447.8586
 31
0.0000
  0
LINE
  5
444
  8
חשמל
 10
10019.0509
 20
-11447.8586
 30
0.0000
 11
10020.6988
 21
-11445.8694
 31
0.0000
  0
LINE
  5
445
  8
חשמל
 10
10020.6988
 20
-11445.8694
 30
0.0000
 11
10022.7818
 21
-11443.9850
 31
0.0000
  0
LINE
  5
446
  8
חשמל
 10
10022.7818
 20
-11443.9850
 30
0.0000
 11
10025.2737
 21
-11442.2290
 31
0.0000
  0
LINE
  5
447
  8
חשמל
 10
10025.2737
 20
-11442.2290
 30
0.0000
 11
10028.1431
 21
-11440.6235
 31
0.0000
  0
LINE
  5
448
  8
חשמל
 10
10028.1431
 20
-11440.6235
 30
0.0000
 11
10031.3540
 21
-11439.1888
 31
0.0000
  0
LINE
  5
449
  8
חשמל
 10
10031.3540
 20
-11439.1888
 30
0.0000
 11
10034.8660
 21
-11437.9429
 31
0.0000
  0
LINE
  5
44A
  8
חשמל
 10
10034.8660
 20
-11437.9429
 30
0.0000
 11
10038.6349
 21
-11436.9014
 31
0.0000
  0
LINE
  5
44B
  8
חשמל
 10
10038.6349
 20
-11436.9014
 30
0.0000
 11
10042.6133
 21
-11436.0774
 31
0.0000
  0
LINE
  5
44C
  8
חשמל
 10
10042.6133
 20
-11436.0774
 30
0.0000
 11
10046.7512
 21
-11435.4814
 31
0.0000
  0
LINE
  5
44D
  8
חשמל
 10
10046.7512
 20
-11435.4814
 30
0.0000
 11
10050.9966
 21
-11435.1207
 31
0.0000
  0
LINE
  5
44E
  8
חשמל
 10
10050.9966
 20
-11435.1207
 30
0.0000
 11
10055.2960
 21
-11435.0000
 31
0.0000
  0
LINE
  5
44F
  8
חשמל
 10
10055.2960
 20
-11435.0000
 30
0.0000
 11
10059.5954
 21
-11435.1207
 31
0.0000
  0
LINE
  5
450
  8
חשמל
 10
10059.5954
 20
-11435.1207
 30
0.0000
 11
10063.8408
 21
-11435.4814
 31
0.0000
  0
LINE
  5
451
  8
חשמל
 10
10063.8408
 20
-11435.4814
 30
0.0000
 11
10067.9787
 21
-11436.0774
 31
0.0000
  0
LINE
  5
452
  8
חשמל
 10
10067.9787
 20
-11436.0774
 30
0.0000
 11
10071.9571
 21
-11436.9014
 31
0.0000
  0
LINE
  5
453
  8
חשמל
 10
10071.9571
 20
-11436.9014
 30
0.0000
 11
10075.7260
 21
-11437.9429
 31
0.0000
  0
LINE
  5
454
  8
חשמל
 10
10075.7260
 20
-11437.9429
 30
0.0000
 11
10079.2380
 21
-11439.1888
 31
0.0000
  0
LINE
  5
455
  8
חשמל
 10
10079.2380
 20
-11439.1888
 30
0.0000
 11
10082.4489
 21
-11440.6235
 31
0.0000
  0
LINE
  5
456
  8
חשמל
 10
10082.4489
 20
-11440.6235
 30
0.0000
 11
10085.3183
 21
-11442.2290
 31
0.0000
  0
LINE
  5
457
  8
חשמל
 10
10085.3183
 20
-11442.2290
 30
0.0000
 11
10087.8102
 21
-11443.9850
 31
0.0000
  0
LINE
  5
458
  8
חשמל
 10
10087.8102
 20
-11443.9850
 30
0.0000
 11
10089.8932
 21
-11445.8694
 31
0.0000
  0
LINE
  5
459
  8
חשמל
 10
10089.8932
 20
-11445.8694
 30
0.0000
 11
10091.5411
 21
-11447.8586
 31
0.0000
  0
LINE
  5
45A
  8
חשמל
 10
10091.5411
 20
-11447.8586
 30
0.0000
 11
10092.7332
 21
-11449.9276
 31
0.0000
  0
LINE
  5
45B
  8
חשמל
 10
10092.7332
 20
-11449.9276
 30
0.0000
 11
10093.4545
 21
-11452.0503
 31
0.0000
  0
LINE
  5
45C
  8
חשמל
 10
10093.4545
 20
-11452.0503
 30
0.0000
 11
10093.6960
 21
-11454.2000
 31
0.0000
  0
LINE
  5
45D
  8
חשמל
 10
10016.8960
 20
-11454.2000
 30
0.0000
 11
10093.6960
 21
-11454.2000
 31
0.0000
  0
LINE
  5
45E
  8
חשמל
 10
10098.3040
 20
-11454.2000
 30
0.0000
 11
10098.5455
 21
-11452.0503
 31
0.0000
  0
LINE
  5
45F
  8
חשמל
 10
10098.5455
 20
-11452.0503
 30
0.0000
 11
10099.2668
 21
-11449.9276
 31
0.0000
  0
LINE
  5
460
  8
חשמל
 10
10099.2668
 20
-11449.9276
 30
0.0000
 11
10100.4589
 21
-11447.8586
 31
0.0000
  0
LINE
  5
461
  8
חשמל
 10
10100.4589
 20
-11447.8586
 30
0.0000
 11
10102.1068
 21
-11445.8694
 31
0.0000
  0
LINE
  5
462
  8
חשמל
 10
10102.1068
 20
-11445.8694
 30
0.0000
 11
10104.1898
 21
-11443.9850
 31
0.0000
  0
LINE
  5
463
  8
חשמל
 10
10104.1898
 20
-11443.9850
 30
0.0000
 11
10106.6817
 21
-11442.2290
 31
0.0000
  0
LINE
  5
464
  8
חשמל
 10
10106.6817
 20
-11442.2290
 30
0.0000
 11
10109.5511
 21
-11440.6235
 31
0.0000
  0
LINE
  5
465
  8
חשמל
 10
10109.5511
 20
-11440.6235
 30
0.0000
 11
10112.7620
 21
-11439.1888
 31
0.0000
  0
LINE
  5
466
  8
חשמל
 10
10112.7620
 20
-11439.1888
 30
0.0000
 11
10116.2740
 21
-11437.9429
 31
0.0000
  0
LINE
  5
467
  8
חשמל
 10
10116.2740
 20
-11437.9429
 30
0.0000
 11
10120.0429
 21
-11436.9014
 31
0.0000
  0
LINE
  5
468
  8
חשמל
 10
10120.0429
 20
-11436.9014
 30
0.0000
 11
10124.0213
 21
-11436.0774
 31
0.0000
  0
LINE
  5
469
  8
חשמל
 10
10124.0213
 20
-11436.0774
 30
0.0000
 11
10128.1592
 21
-11435.4814
 31
0.0000
  0
LINE
  5
46A
  8
חשמל
 10
10128.1592
 20
-11435.4814
 30
0.0000
 11
10132.4046
 21
-11435.1207
 31
0.0000
  0
LINE
  5
46B
  8
חשמל
 10
10132.4046
 20
-11435.1207
 30
0.0000
 11
10136.7040
 21
-11435.0000
 31
0.0000
  0
LINE
  5
46C
  8
חשמל
 10
10136.7040
 20
-11435.0000
 30
0.0000
 11
10141.0034
 21
-11435.1207
 31
0.0000
  0
LINE
  5
46D
  8
חשמל
 10
10141.0034
 20
-11435.1207
 30
0.0000
 11
10145.2488
 21
-11435.4814
 31
0.0000
  0
LINE
  5
46E
  8
חשמל
 10
10145.2488
 20
-11435.4814
 30
0.0000
 11
10149.3867
 21
-11436.0774
 31
0.0000
  0
LINE
  5
46F
  8
חשמל
 10
10149.3867
 20
-11436.0774
 30
0.0000
 11
10153.3651
 21
-11436.9014
 31
0.0000
  0
LINE
  5
470
  8
חשמל
 10
10153.3651
 20
-11436.9014
 30
0.0000
 11
10157.1340
 21
-11437.9429
 31
0.0000
  0
LINE
  5
471
  8
חשמל
 10
10157.1340
 20
-11437.9429
 30
0.0000
 11
10160.6460
 21
-11439.1888
 31
0.0000
  0
LINE
  5
472
  8
חשמל
 10
10160.6460
 20
-11439.1888
 30
0.0000
 11
10163.8569
 21
-11440.6235
 31
0.0000
  0
LINE
  5
473
  8
חשמל
 10
10163.8569
 20
-11440.6235
 30
0.0000
 11
10166.7263
 21
-11442.2290
 31
0.0000
  0
LINE
  5
474
  8
חשמל
 10
10166.7263
 20
-11442.2290
 30
0.0000
 11
10169.2182
 21
-11443.9850
 31
0.0000
  0
LINE
  5
475
  8
חשמל
 10
10169.2182
 20
-11443.9850
 30
0.0000
 11
10171.3012
 21
-11445.8694
 31
0.0000
  0
LINE
  5
476
  8
חשמל
 10
10171.3012
 20
-11445.8694
 30
0.0000
 11
10172.9491
 21
-11447.8586
 31
0.0000
  0
LINE
  5
477
  8
חשמל
 10
10172.9491
 20
-11447.8586
 30
0.0000
 11
10174.1412
 21
-11449.9276
 31
0.0000
  0
LINE
  5
478
  8
חשמל
 10
10174.1412
 20
-11449.9276
 30
0.0000
 11
10174.8625
 21
-11452.0503
 31
0.0000
  0
LINE
  5
479
  8
חשמל
 10
10174.8625
 20
-11452.0503
 30
0.0000
 11
10175.1040
 21
-11454.2000
 31
0.0000
  0
LINE
  5
47A
  8
חשמל
 10
10098.3040
 20
-11454.2000
 30
0.0000
 11
10175.1040
 21
-11454.2000
 31
0.0000
  0
LINE
  5
47B
  8
חשמל - מידות
 10
10202.0000
 20
-12525.0000
 30
0.0000
 11
10202.0000
 21
-8892.5000
 31
0.0000
  0
LINE
  5
47C
  8
חשמל - מידות
 10
10096.0000
 20
-12525.0000
 30
0.0000
 11
10096.0000
 21
-8892.5000
 31
0.0000
  0
LINE
  5
47D
  8
חשמל - מידות
 10
10202.0000
 20
-8952.5000
 30
0.0000
 11
10096.0000
 21
-8952.5000
 31
0.0000
  0
SOLID
  5
47E
  8
חשמל - מידות
 10
10202.0000
 20
-8952.5000
 30
0.0000
 11
10317.0000
 21
-8920.5000
 31
0.0000
 12
10317.0000
 22
-8984.5000
 32
0.0000
 13
10317.0000
 23
-8984.5000
 33
0.0000
  0
SOLID
  5
47F
  8
חשמל - מידות
 10
10096.0000
 20
-8952.5000
 30
0.0000
 11
9981.0000
 21
-8920.5000
 31
0.0000
 12
9981.0000
 22
-8984.5000
 32
0.0000
 13
9981.0000
 23
-8984.5000
 33
0.0000
  0
TEXT
  5
480
  8
חשמל - מידות
 10
10149.0000
 20
-8857.5000
 30
0.0000
 40
100.0000
  1
10.6
 50
360.0000
  7
SOLINE
 72
1
 73
2
 11
10149.0000
 21
-8857.5000
 31
0.0000
  0
LINE
  5
481
  8
חשמל - מידות
 10
10056.0000
 20
-12565.0000
 30
0.0000
 11
9768.5000
 21
-12565.0000
 31
0.0000
  0
LINE
  5
482
  8
חשמל - מידות
 10
10056.0000
 20
-11451.0000
 30
0.0000
 11
9768.5000
 21
-11451.0000
 31
0.0000
  0
LINE
  5
483
  8
חשמל - מידות
 10
9828.5000
 20
-12565.0000
 30
0.0000
 11
9828.5000
 21
-11451.0000
 31
0.0000
  0
SOLID
  5
484
  8
חשמל - מידות
 10
9828.5000
 20
-12565.0000
 30
0.0000
 11
9796.5000
 21
-12680.0000
 31
0.0000
 12
9860.5000
 22
-12680.0000
 32
0.0000
 13
9860.5000
 23
-12680.0000
 33
0.0000
  0
SOLID
  5
485
  8
חשמל - מידות
 10
9828.5000
 20
-11451.0000
 30
0.0000
 11
9796.5000
 21
-11336.0000
 31
0.0000
 12
9860.5000
 22
-11336.0000
 32
0.0000
 13
9860.5000
 23
-11336.0000
 33
0.0000
  0
TEXT
  5
486
  8
חשמל - מידות
 10
9733.5000
 20
-12008.0000
 30
0.0000
 40
100.0000
  1
111.4
 50
90.0000
  7
SOLINE
 72
1
 73
2
 11
9733.5000
 21
-12008.0000
 31
0.0000
  0
TEXT
  5
487
  8
קירות - טקסט
 10
8279.0000
 20
-13502.5000
 30
0.0000
 40
162.5000
  1
W2
 50
0.0000
  7
SOLINE
 72
1
 73
2
 11
8279.0000
 21
-13502.5000
 31
0.0000
  0
LINE
  5
488
  8
קירות
 10
12702.0000
 20
-12565.0000
 30
0.0000
 11
20581.0000
 21
-12565.0000
 31
0.0000
  0
LINE
  5
489
  8
קירות
 10
20581.0000
 20
-12565.0000
 30
0.0000
 11
20581.0000
 21
-9785.0000
 31
0.0000
  0
LINE
  5
48A
  8
קירות
 10
20581.0000
 20
-9785.0000
 30
0.0000
 11
12702.0000
 21
-9785.0000
 31
0.0000
  0
LINE
  5
48B
  8
קירות
 10
12702.0000
 20
-9785.0000
 30
0.0000
 11
12702.0000
 21
-12565.0000
 31
0.0000
  0
LINE
  5
48C
  8
מידות - חוץ
 10
12702.0000
 20
-12615.0000
 30
0.0000
 11
12702.0000
 21
-13015.0000
 31
0.0000
  0
LINE
  5
48D
  8
מידות - חוץ
 10
20581.0000
 20
-12615.0000
 30
0.0000
 11
20581.0000
 21
-13015.0000
 31
0.0000
  0
LINE
  5
48E
  8
מידות - חוץ
 10
12702.0000
 20
-12940.0000
 30
0.0000
 11
20581.0000
 21
-12940.0000
 31
0.0000
  0
SOLID
  5
48F
  8
מידות - חוץ
 10
12702.0000
 20
-12940.0000
 30
0.0000
 11
12558.2500
 21
-12980.0000
 31
0.0000
 12
12558.2500
 22
-12900.0000
 32
0.0000
 13
12558.2500
 23
-12900.0000
 33
0.0000
  0
SOLID
  5
490
  8
מידות - חוץ
 10
20581.0000
 20
-12940.0000
 30
0.0000
 11
20724.7500
 21
-12980.0000
 31
0.0000
 12
20724.7500
 22
-12900.0000
 32
0.0000
 13
20724.7500
 23
-12900.0000
 33
0.0000
  0
TEXT
  5
491
  8
מידות - חוץ
 10
16641.5000
 20
-13058.7500
 30
0.0000
 40
125.0000
  1
787.9
 50
0.0000
  7
SOLINE
 72
1
 73
2
 11
16641.5000
 21
-13058.7500
 31
0.0000
  0
LINE
  5
492
  8
מידות - חוץ
 10
12652.0000
 20
-12565.0000
 30
0.0000
 11
12252.0000
 21
-12565.0000
 31
0.0000
  0
LINE
  5
493
  8
מידות - חוץ
 10
12652.0000
 20
-9785.0000
 30
0.0000
 11
12252.0000
 21
-9785.0000
 31
0.0000
  0
LINE
  5
494
  8
מידות - חוץ
 10
12327.0000
 20
-12565.0000
 30
0.0000
 11
12327.0000
 21
-9785.0000
 31
0.0000
  0
SOLID
  5
495
  8
מידות - חוץ
 10
12327.0000
 20
-12565.0000
 30
0.0000
 11
12287.0000
 21
-12708.7500
 31
0.0000
 12
12367.0000
 22
-12708.7500
 32
0.0000
 13
12367.0000
 23
-12708.7500
 33
0.0000
  0
SOLID
  5
496
  8
מידות - חוץ
 10
12327.0000
 20
-9785.0000
 30
0.0000
 11
12287.0000
 21
-9641.2500
 31
0.0000
 12
12367.0000
 22
-9641.2500
 32
0.0000
 13
12367.0000
 23
-9641.2500
 33
0.0000
  0
TEXT
  5
497
  8
מידות - חוץ
 10
12208.2500
 20
-11175.0000
 30
0.0000
 40
125.0000
  1
278
 50
90.0000
  7
SOLINE
 72
1
 73
2
 11
12208.2500
 21
-11175.0000
 31
0.0000
  0
LINE
  5
498
  8
חשמל
 10
13142.0000
 20
-11491.0000
 30
0.0000
 11
13222.0000
 21
-11491.0000
 31
0.0000
  0
LINE
  5
499
  8
חשמל
 10
13222.0000
 20
-11491.0000
 30
0.0000
 11
13222.0000
 21
-11411.0000
 31
0.0000
  0
LINE
  5
49A
  8
חשמל
 10
13222.0000
 20
-11411.0000
 30
0.0000
 11
13142.0000
 21
-11411.0000
 31
0.0000
  0
LINE
  5
49B
  8
חשמל
 10
13142.0000
 20
-11411.0000
 30
0.0000
 11
13142.0000
 21
-11491.0000
 31
0.0000
  0
LINE
  5
49C
  8
חשמל
 10
13182.0000
 20
-11491.0000
 30
0.0000
 11
13182.0000
 21
-11454.2000
 31
0.0000
  0
LINE
  5
49D
  8
חשמל
 10
13156.4000
 20
-11454.2000
 30
0.0000
 11
13156.5610
 21
-11451.3337
 31
0.0000
  0
LINE
  5
49E
  8
חשמל
 10
13156.5610
 20
-11451.3337
 30
0.0000
 11
13157.0418
 21
-11448.5035
 31
0.0000
  0
LINE
  5
49F
  8
חשמל
 10
13157.0418
 20
-11448.5035
 30
0.0000
 11
13157.8366
 21
-11445.7449
 31
0.0000
  0
LINE
  5
4A0
  8
חשמל
 10
13157.8366
 20
-11445.7449
 30
0.0000
 11
13158.9352
 21
-11443.0926
 31
0.0000
  0
LINE
  5
4A1
  8
חשמל
 10
13158.9352
 20
-11443.0926
 30
0.0000
 11
13160.3239
 21
-11440.5800
 31
0.0000
  0
LINE
  5
4A2
  8
חשמל
 10
13160.3239
 20
-11440.5800
 30
0.0000
 11
13161.9851
 21
-11438.2387
 31
0.0000
  0
LINE
  5
4A3
  8
חשמל
 10
13161.9851
 20
-11438.2387
 30
0.0000
 11
13163.8981
 21
-11436.0981
 31
0.0000
  0
LINE
  5
4A4
  8
חשמל
 10
13163.8981
 20
-11436.0981
 30
0.0000
 11
13166.0387
 21
-11434.1851
 31
0.0000
  0
LINE
  5
4A5
  8
חשמל
 10
13166.0387
 20
-11434.1851
 30
0.0000
 11
13168.3800
 21
-11432.5239
 31
0.0000
  0
LINE
  5
4A6
  8
חשמל
 10
13168.3800
 20
-11432.5239
 30
0.0000
 11
13170.8926
 21
-11431.1352
 31
0.0000
  0
LINE
  5
4A7
  8
חשמל
 10
13170.8926
 20
-11431.1352
 30
0.0000
 11
13173.5449
 21
-11430.0366
 31
0.0000
  0
LINE
  5
4A8
  8
חשמל
 10
13173.5449
 20
-11430.0366
 30
0.0000
 11
13176.3035
 21
-11429.2418
 31
0.0000
  0
LINE
  5
4A9
  8
חשמל
 10
13176.3035
 20
-11429.2418
 30
0.0000
 11
13179.1337
 21
-11428.7610
 31
0.0000
  0
LINE
  5
4AA
  8
חשמל
 10
13179.1337
 20
-11428.7610
 30
0.0000
 11
13182.0000
 21
-11428.6000
 31
0.0000
  0
LINE
  5
4AB
  8
חשמל
 10
13182.0000
 20
-11428.6000
 30
0.0000
 11
13184.8663
 21
-11428.7610
 31
0.0000
  0
LINE
  5
4AC
  8
חשמל
 10
13184.8663
 20
-11428.7610
 30
0.0000
 11
13187.6965
 21
-11429.2418
 31
0.0000
  0
LINE
  5
4AD
  8
חשמל
 10
13187.6965
 20
-11429.2418
 30
0.0000
 11
13190.4551
 21
-11430.0366
 31
0.0000
  0
LINE
  5
4AE
  8
חשמל
 10
13190.4551
 20
-11430.0366
 30
0.0000
 11
13193.1074
 21
-11431.1352
 31
0.0000
  0
LINE
  5
4AF
  8
חשמל
 10
13193.1074
 20
-11431.1352
 30
0.0000
 11
13195.6200
 21
-11432.5239
 31
0.0000
  0
LINE
  5
4B0
  8
חשמל
 10
13195.6200
 20
-11432.5239
 30
0.0000
 11
13197.9613
 21
-11434.1851
 31
0.0000
  0
LINE
  5
4B1
  8
חשמל
 10
13197.9613
 20
-11434.1851
 30
0.0000
 11
13200.1019
 21
-11436.0981
 31
0.0000
  0
LINE
  5
4B2
  8
חשמל
 10
13200.1019
 20
-11436.0981
 30
0.0000
 11
13202.0149
 21
-11438.2387
 31
0.0000
  0
LINE
  5
4B3
  8
חשמל
 10
13202.0149
 20
-11438.2387
 30
0.0000
 11
13203.6761
 21
-11440.5800
 31
0.0000
  0
LINE
  5
4B4
  8
חשמל
 10
13203.6761
 20
-11440.5800
 30
0.0000
 11
13205.0648
 21
-11443.0926
 31
0.0000
  0
LINE
  5
4B5
  8
חשמל
 10
13205.0648
 20
-11443.0926
 30
0.0000
 11
13206.1634
 21
-11445.7449
 31
0.0000
  0
LINE
  5
4B6
  8
חשמל
 10
13206.1634
 20
-11445.7449
 30
0.0000
 11
13206.9582
 21
-11448.5035
 31
0.0000
  0
LINE
  5
4B7
  8
חשמל
 10
13206.9582
 20
-11448.5035
 30
0.0000
 11
13207.4390
 21
-11451.3337
 31
0.0000
  0
LINE
  5
4B8
  8
חשמל
 10
13207.4390
 20
-11451.3337
 30
0.0000
 11
13207.6000
 21
-11454.2000
 31
0.0000
  0
LINE
  5
4B9
  8
חשמל
 10
13156.4000
 20
-11454.2000
 30
0.0000
 11
13207.6000
 21
-11454.2000
 31
0.0000
  0
LINE
  5
4BA
  8
חשמל - מידות
 10
12702.0000
 20
-12605.0000
 30
0.0000
 11
12702.0000
 21
-13437.5000
 31
0.0000
  0
LINE
  5
4BB
  8
חשמל - מידות
 10
13182.0000
 20
-12605.0000
 30
0.0000
 11
13182.0000
 21
-13437.5000
 31
0.0000
  0
LINE
  5
4BC
  8
חשמל - מידות
 10
12702.0000
 20
-13377.5000
 30
0.0000
 11
13182.0000
 21
-13377.5000
 31
0.0000
  0
SOLID
  5
4BD
  8
חשמל - מידות
 10
12702.0000
 20
-13377.5000
 30
0.0000
 11
12587.0000
 21
-13409.5000
 31
0.0000
 12
12587.0000
 22
-13345.5000
 32
0.0000
 13
12587.0000
 23
-13345.5000
 33
0.0000
  0
SOLID
  5
4BE
  8
חשמל - מידות
 10
13182.0000
 20
-13377.5000
 30
0.0000
 11
13297.0000
 21
-13409.5000
 31
0.0000
 12
13297.0000
 22
-13345.5000
 32
0.0000
 13
13297.0000
 23
-13345.5000
 33
0.0000
  0
TEXT
  5
4BF
  8
חשמל - מידות
 10
12942.0000
 20
-13472.5000
 30
0.0000
 40
100.0000
  1
48
 50
0.0000
  7
SOLINE
 72
1
 73
2
 11
12942.0000
 21
-13472.5000
 31
0.0000
  0
LINE
  5
4C0
  8
חשמל - מידות
 10
13222.0000
 20
-12565.0000
 30
0.0000
 11
13469.5000
 21
-12565.0000
 31
0.0000
  0
LINE
  5
4C1
  8
חשמל - מידות
 10
13222.0000
 20
-11451.0000
 30
0.0000
 11
13469.5000
 21
-11451.0000
 31
0.0000
  0
LINE
  5
4C2
  8
חשמל - מידות
 10
13409.5000
 20
-12565.0000
 30
0.0000
 11
13409.5000
 21
-11451.0000
 31
0.0000
  0
SOLID
  5
4C3
  8
חשמל - מידות
 10
13409.5000
 20
-12565.0000
 30
0.0000
 11
13441.5000
 21
-12680.0000
 31
0.0000
 12
13377.5000
 22
-12680.0000
 32
0.0000
 13
13377.5000
 23
-12680.0000
 33
0.0000
  0
SOLID
  5
4C4
  8
חשמל - מידות
 10
13409.5000
 20
-11451.0000
 30
0.0000
 11
13441.5000
 21
-11336.0000
 31
0.0000
 12
13377.5000
 22
-11336.0000
 32
0.0000
 13
13377.5000
 23
-11336.0000
 33
0.0000
  0
TEXT
  5
4C5
  8
חשמל - מידות
 10
13504.5000
 20
-12008.0000
 30
0.0000
 40
100.0000
  1
111.4
 50
90.0000
  7
SOLINE
 72
1
 73
2
 11
13504.5000
 21
-12008.0000
 31
0.0000
  0
LINE
  5
4C6
  8
מבנה
 10
15000.0000
 20
-12565.0000
 30
0.0000
 11
15080.0000
 21
-12565.0000
 31
0.0000
  0
LINE
  5
4C7
  8
מבנה
 10
15080.0000
 20
-12565.0000
 30
0.0000
 11
15080.0000
 21
-12515.0000
 31
0.0000
  0
LINE
  5
4C8
  8
מבנה
 10
15080.0000
 20
-12515.0000
 30
0.0000
 11
15000.0000
 21
-12515.0000
 31
0.0000
  0
LINE
  5
4C9
  8
מבנה
 10
15000.0000
 20
-12515.0000
 30
0.0000
 11
15000.0000
 21
-12565.0000
 31
0.0000
  0
LINE
  5
4CA
  8
מבנה
 10
15000.0000
 20
-12534.0000
 30
0.0000
 11
15080.0000
 21
-12534.0000
 31
0.0000
  0
LINE
  5
4CB
  8
מבנה
 10
15080.0000
 20
-12534.0000
 30
0.0000
 11
15080.0000
 21
-12546.0000
 31
0.0000
  0
LINE
  5
4CC
  8
מבנה
 10
15080.0000
 20
-12546.0000
 30
0.0000
 11
15000.0000
 21
-12546.0000
 31
0.0000
  0
LINE
  5
4CD
  8
מבנה
 10
15000.0000
 20
-12546.0000
 30
0.0000
 11
15000.0000
 21
-12534.0000
 31
0.0000
  0
LINE
  5
4CE
  8
מבנה - מידות
 10
12702.0000
 20
-12605.0000
 30
0.0000
 11
12702.0000
 21
-13787.5000
 31
0.0000
  0
LINE
  5
4CF
  8
מבנה - מידות
 10
15000.0000
 20
-12605.0000
 30
0.0000
 11
15000.0000
 21
-13787.5000
 31
0.0000
  0
LINE
  5
4D0
  8
מבנה - מידות
 10
12702.0000
 20
-13727.5000
 30
0.0000
 11
15000.0000
 21
-13727.5000
 31
0.0000
  0
SOLID
  5
4D1
  8
מבנה - מידות
 10
12702.0000
 20
-13727.5000
 30
0.0000
 11
12587.0000
 21
-13759.5000
 31
0.0000
 12
12587.0000
 22
-13695.5000
 32
0.0000
 13
12587.0000
 23
-13695.5000
 33
0.0000
  0
SOLID
  5
4D2
  8
מבנה - מידות
 10
15000.0000
 20
-13727.5000
 30
0.0000
 11
15115.0000
 21
-13759.5000
 31
0.0000
 12
15115.0000
 22
-13695.5000
 32
0.0000
 13
15115.0000
 23
-13695.5000
 33
0.0000
  0
TEXT
  5
4D3
  8
מבנה - מידות
 10
13851.0000
 20
-13822.5000
 30
0.0000
 40
100.0000
  1
229.8
 50
0.0000
  7
SOLINE
 72
1
 73
2
 11
13851.0000
 21
-13822.5000
 31
0.0000
  0
LINE
  5
4D4
  8
מבנה - מידות
 10
15000.0000
 20
-12475.0000
 30
0.0000
 11
15000.0000
 21
-12231.5000
 31
0.0000
  0
LINE
  5
4D5
  8
מבנה - מידות
 10
15080.0000
 20
-12475.0000
 30
0.0000
 11
15080.0000
 21
-12231.5000
 31
0.0000
  0
LINE
  5
4D6
  8
מבנה - מידות
 10
15000.0000
 20
-12290.0000
 30
0.0000
 11
15080.0000
 21
-12290.0000
 31
0.0000
  0
SOLID
  5
4D7
  8
מבנה - מידות
 10
15000.0000
 20
-12290.0000
 30
0.0000
 11
14887.8750
 21
-12258.8000
 31
0.0000
 12
14887.8750
 22
-12321.2000
 32
0.0000
 13
14887.8750
 23
-12321.2000
 33
0.0000
  0
SOLID
  5
4D8
  8
מבנה - מידות
 10
15080.0000
 20
-12290.0000
 30
0.0000
 11
15192.1250
 21
-12258.8000
 31
0.0000
 12
15192.1250
 22
-12321.2000
 32
0.0000
 13
15192.1250
 23
-12321.2000
 33
0.0000
  0
TEXT
  5
4D9
  8
מבנה - מידות
 10
15040.0000
 20
-12197.3750
 30
0.0000
 40
97.5000
  1
8
 50
0.0000
  7
SOLINE
 72
1
 73
2
 11
15040.0000
 21
-12197.3750
 31
0.0000
  0
LINE
  5
4DA
  8
מבנה - מידות
 10
14960.0000
 20
-12565.0000
 30
0.0000
 11
14416.5000
 21
-12565.0000
 31
0.0000
  0
LINE
  5
4DB
  8
מבנה - מידות
 10
14960.0000
 20
-12515.0000
 30
0.0000
 11
14416.5000
 21
-12515.0000
 31
0.0000
  0
LINE
  5
4DC
  8
מבנה - מידות
 10
14475.0000
 20
-12565.0000
 30
0.0000
 11
14475.0000
 21
-12515.0000
 31
0.0000
  0
SOLID
  5
4DD
  8
מבנה - מידות
 10
14475.0000
 20
-12565.0000
 30
0.0000
 11
14443.8000
 21
-12677.1250
 31
0.0000
 12
14506.2000
 22
-12677.1250
 32
0.0000
 13
14506.2000
 23
-12677.1250
 33
0.0000
  0
SOLID
  5
4DE
  8
מבנה - מידות
 10
14475.0000
 20
-12515.0000
 30
0.0000
 11
14443.8000
 21
-12402.8750
 31
0.0000
 12
14506.2000
 22
-12402.8750
 32
0.0000
 13
14506.2000
 23
-12402.8750
 33
0.0000
  0
TEXT
  5
4DF
  8
מבנה - מידות
 10
14382.3750
 20
-12540.0000
 30
0.0000
 40
97.5000
  1
5
 50
90.0000
  7
SOLINE
 72
1
 73
2
 11
14382.3750
 21
-12540.0000
 31
0.0000
  0
LINE
  5
4E0
  8
חשמל
 10
14524.0000
 20
-12122.0000
 30
0.0000
 11
14604.0000
 21
-12122.0000
 31
0.0000
  0
LINE
  5
4E1
  8
חשמל
 10
14604.0000
 20
-12122.0000
 30
0.0000
 11
14604.0000
 21
-12042.0000
 31
0.0000
  0
LINE
  5
4E2
  8
חשמל
 10
14604.0000
 20
-12042.0000
 30
0.0000
 11
14524.0000
 21
-12042.0000
 31
0.0000
  0
LINE
  5
4E3
  8
חשמל
 10
14524.0000
 20
-12042.0000
 30
0.0000
 11
14524.0000
 21
-12122.0000
 31
0.0000
  0
LINE
  5
4E4
  8
חשמל
 10
14564.0000
 20
-12122.0000
 30
0.0000
 11
14564.0000
 21
-12085.2000
 31
0.0000
  0
LINE
  5
4E5
  8
חשמל
 10
14538.4000
 20
-12085.2000
 30
0.0000
 11
14538.5610
 21
-12082.3337
 31
0.0000
  0
LINE
  5
4E6
  8
חשמל
 10
14538.5610
 20
-12082.3337
 30
0.0000
 11
14539.0418
 21
-12079.5035
 31
0.0000
  0
LINE
  5
4E7
  8
חשמל
 10
14539.0418
 20
-12079.5035
 30
0.0000
 11
14539.8366
 21
-12076.7449
 31
0.0000
  0
LINE
  5
4E8
  8
חשמל
 10
14539.8366
 20
-12076.7449
 30
0.0000
 11
14540.9352
 21
-12074.0926
 31
0.0000
  0
LINE
  5
4E9
  8
חשמל
 10
14540.9352
 20
-12074.0926
 30
0.0000
 11
14542.3239
 21
-12071.5800
 31
0.0000
  0
LINE
  5
4EA
  8
חשמל
 10
14542.3239
 20
-12071.5800
 30
0.0000
 11
14543.9851
 21
-12069.2387
 31
0.0000
  0
LINE
  5
4EB
  8
חשמל
 10
14543.9851
 20
-12069.2387
 30
0.0000
 11
14545.8981
 21
-12067.0981
 31
0.0000
  0
LINE
  5
4EC
  8
חשמל
 10
14545.8981
 20
-12067.0981
 30
0.0000
 11
14548.0387
 21
-12065.1851
 31
0.0000
  0
LINE
  5
4ED
  8
חשמל
 10
14548.0387
 20
-12065.1851
 30
0.0000
 11
14550.3800
 21
-12063.5239
 31
0.0000
  0
LINE
  5
4EE
  8
חשמל
 10
14550.3800
 20
-12063.5239
 30
0.0000
 11
14552.8926
 21
-12062.1352
 31
0.0000
  0
LINE
  5
4EF
  8
חשמל
 10
14552.8926
 20
-12062.1352
 30
0.0000
 11
14555.5449
 21
-12061.0366
 31
0.0000
  0
LINE
  5
4F0
  8
חשמל
 10
14555.5449
 20
-12061.0366
 30
0.0000
 11
14558.3035
 21
-12060.2418
 31
0.0000
  0
LINE
  5
4F1
  8
חשמל
 10
14558.3035
 20
-12060.2418
 30
0.0000
 11
14561.1337
 21
-12059.7610
 31
0.0000
  0
LINE
  5
4F2
  8
חשמל
 10
14561.1337
 20
-12059.7610
 30
0.0000
 11
14564.0000
 21
-12059.6000
 31
0.0000
  0
LINE
  5
4F3
  8
חשמל
 10
14564.0000
 20
-12059.6000
 30
0.0000
 11
14566.8663
 21
-12059.7610
 31
0.0000
  0
LINE
  5
4F4
  8
חשמל
 10
14566.8663
 20
-12059.7610
 30
0.0000
 11
14569.6965
 21
-12060.2418
 31
0.0000
  0
LINE
  5
4F5
  8
חשמל
 10
14569.6965
 20
-12060.2418
 30
0.0000
 11
14572.4551
 21
-12061.0366
 31
0.0000
  0
LINE
  5
4F6
  8
חשמל
 10
14572.4551
 20
-12061.0366
 30
0.0000
 11
14575.1074
 21
-12062.1352
 31
0.0000
  0
LINE
  5
4F7
  8
חשמל
 10
14575.1074
 20
-12062.1352
 30
0.0000
 11
14577.6200
 21
-12063.5239
 31
0.0000
  0
LINE
  5
4F8
  8
חשמל
 10
14577.6200
 20
-12063.5239
 30
0.0000
 11
14579.9613
 21
-12065.1851
 31
0.0000
  0
LINE
  5
4F9
  8
חשמל
 10
14579.9613
 20
-12065.1851
 30
0.0000
 11
14582.1019
 21
-12067.0981
 31
0.0000
  0
LINE
  5
4FA
  8
חשמל
 10
14582.1019
 20
-12067.0981
 30
0.0000
 11
14584.0149
 21
-12069.2387
 31
0.0000
  0
LINE
  5
4FB
  8
חשמל
 10
14584.0149
 20
-12069.2387
 30
0.0000
 11
14585.6761
 21
-12071.5800
 31
0.0000
  0
LINE
  5
4FC
  8
חשמל
 10
14585.6761
 20
-12071.5800
 30
0.0000
 11
14587.0648
 21
-12074.0926
 31
0.0000
  0
LINE
  5
4FD
  8
חשמל
 10
14587.0648
 20
-12074.0926
 30
0.0000
 11
14588.1634
 21
-12076.7449
 31
0.0000
  0
LINE
  5
4FE
  8
חשמל
 10
14588.1634
 20
-12076.7449
 30
0.0000
 11
14588.9582
 21
-12079.5035
 31
0.0000
  0
LINE
  5
4FF
  8
חשמל
 10
14588.9582
 20
-12079.5035
 30
0.0000
 11
14589.4390
 21
-12082.3337
 31
0.0000
  0
LINE
  5
500
  8
חשמל
 10
14589.4390
 20
-12082.3337
 30
0.0000
 11
14589.6000
 21
-12085.2000
 31
0.0000
  0
LINE
  5
501
  8
חשמל
 10
14538.4000
 20
-12085.2000
 30
0.0000
 11
14589.6000
 21
-12085.2000
 31
0.0000
  0
LINE
  5
502
  8
חשמל - מידות
 10
12702.0000
 20
-12605.0000
 30
0.0000
 11
12702.0000
 21
-14137.5000
 31
0.0000
  0
LINE
  5
503
  8
חשמל - מידות
 10
14564.0000
 20
-12605.0000
 30
0.0000
 11
14564.0000
 21
-14137.5000
 31
0.0000
  0
LINE
  5
504
  8
חשמל - מידות
 10
12702.0000
 20
-14077.5000
 30
0.0000
 11
14564.0000
 21
-14077.5000
 31
0.0000
  0
SOLID
  5
505
  8
חשמל - מידות
 10
12702.0000
 20
-14077.5000
 30
0.0000
 11
12587.0000
 21
-14109.5000
 31
0.0000
 12
12587.0000
 22
-14045.5000
 32
0.0000
 13
12587.0000
 23
-14045.5000
 33
0.0000
  0
SOLID
  5
506
  8
חשמל - מידות
 10
14564.0000
 20
-14077.5000
 30
0.0000
 11
14679.0000
 21
-14109.5000
 31
0.0000
 12
14679.0000
 22
-14045.5000
 32
0.0000
 13
14679.0000
 23
-14045.5000
 33
0.0000
  0
TEXT
  5
507
  8
חשמל - מידות
 10
13633.0000
 20
-14172.5000
 30
0.0000
 40
100.0000
  1
186.2
 50
0.0000
  7
SOLINE
 72
1
 73
2
 11
13633.0000
 21
-14172.5000
 31
0.0000
  0
LINE
  5
508
  8
חשמל - מידות
 10
14604.0000
 20
-12565.0000
 30
0.0000
 11
14851.5000
 21
-12565.0000
 31
0.0000
  0
LINE
  5
509
  8
חשמל - מידות
 10
14604.0000
 20
-12082.0000
 30
0.0000
 11
14851.5000
 21
-12082.0000
 31
0.0000
  0
LINE
  5
50A
  8
חשמל - מידות
 10
14791.5000
 20
-12565.0000
 30
0.0000
 11
14791.5000
 21
-12082.0000
 31
0.0000
  0
SOLID
  5
50B
  8
חשמל - מידות
 10
14791.5000
 20
-12565.0000
 30
0.0000
 11
14823.5000
 21
-12680.0000
 31
0.0000
 12
14759.5000
 22
-12680.0000
 32
0.0000
 13
14759.5000
 23
-12680.0000
 33
0.0000
  0
SOLID
  5
50C
  8
חשמל - מידות
 10
14791.5000
 20
-12082.0000
 30
0.0000
 11
14823.5000
 21
-11967.0000
 31
0.0000
 12
14759.5000
 22
-11967.0000
 32
0.0000
 13
14759.5000
 23
-11967.0000
 33
0.0000
  0
TEXT
  5
50D
  8
חשמל - מידות
 10
14886.5000
 20
-12323.5000
 30
0.0000
 40
100.0000
  1
48.3
 50
90.0000
  7
SOLINE
 72
1
 73
2
 11
14886.5000
 21
-12323.5000
 31
0.0000
  0
LINE
  5
50E
  8
מים
 10
14687.0000
 20
-12043.0000
 30
0.0000
 11
14707.0000
 21
-12043.0000
 31
0.0000
  0
LINE
  5
50F
  8
מים
 10
14707.0000
 20
-12043.0000
 30
0.0000
 11
14707.0000
 21
-12023.0000
 31
0.0000
  0
LINE
  5
510
  8
מים
 10
14707.0000
 20
-12023.0000
 30
0.0000
 11
14687.0000
 21
-12023.0000
 31
0.0000
  0
LINE
  5
511
  8
מים
 10
14687.0000
 20
-12023.0000
 30
0.0000
 11
14687.0000
 21
-12043.0000
 31
0.0000
  0
LINE
  5
512
  8
מים
 10
14697.0000
 20
-12043.0000
 30
0.0000
 11
14697.0000
 21
-12037.4000
 31
0.0000
  0
LINE
  5
513
  8
מים
 10
14692.6000
 20
-12028.6000
 30
0.0000
 11
14701.4000
 21
-12028.6000
 31
0.0000
  0
LINE
  5
514
  8
מים
 10
14701.4000
 20
-12028.6000
 30
0.0000
 11
14697.0000
 21
-12033.0000
 31
0.0000
  0
LINE
  5
515
  8
מים
 10
14697.0000
 20
-12033.0000
 30
0.0000
 11
14692.6000
 21
-12028.6000
 31
0.0000
  0
LINE
  5
516
  8
מים
 10
14692.6000
 20
-12037.4000
 30
0.0000
 11
14701.4000
 21
-12037.4000
 31
0.0000
  0
LINE
  5
517
  8
מים
 10
14701.4000
 20
-12037.4000
 30
0.0000
 11
14697.0000
 21
-12033.0000
 31
0.0000
  0
LINE
  5
518
  8
מים
 10
14697.0000
 20
-12033.0000
 30
0.0000
 11
14692.6000
 21
-12037.4000
 31
0.0000
  0
ARC
  5
519
  8
מים
 10
14697.0000
 20
-12033.0000
 30
0.0000
 40
0.9000
 50
0.0000
 51
360.0000
  0
LINE
  5
51A
  8
מים - מידות
 10
12702.0000
 20
-12605.0000
 30
0.0000
 11
12702.0000
 21
-14487.5000
 31
0.0000
  0
LINE
  5
51B
  8
מים - מידות
 10
14697.0000
 20
-12605.0000
 30
0.0000
 11
14697.0000
 21
-14487.5000
 31
0.0000
  0
LINE
  5
51C
  8
מים - מידות
 10
12702.0000
 20
-14427.5000
 30
0.0000
 11
14697.0000
 21
-14427.5000
 31
0.0000
  0
SOLID
  5
51D
  8
מים - מידות
 10
12702.0000
 20
-14427.5000
 30
0.0000
 11
12587.0000
 21
-14459.5000
 31
0.0000
 12
12587.0000
 22
-14395.5000
 32
0.0000
 13
12587.0000
 23
-14395.5000
 33
0.0000
  0
SOLID
  5
51E
  8
מים - מידות
 10
14697.0000
 20
-14427.5000
 30
0.0000
 11
14812.0000
 21
-14459.5000
 31
0.0000
 12
14812.0000
 22
-14395.5000
 32
0.0000
 13
14812.0000
 23
-14395.5000
 33
0.0000
  0
TEXT
  5
51F
  8
מים - מידות
 10
13699.5000
 20
-14522.5000
 30
0.0000
 40
100.0000
  1
199.5
 50
0.0000
  7
SOLINE
 72
1
 73
2
 11
13699.5000
 21
-14522.5000
 31
0.0000
  0
LINE
  5
520
  8
מים - מידות
 10
14657.0000
 20
-12565.0000
 30
0.0000
 11
14439.5000
 21
-12565.0000
 31
0.0000
  0
LINE
  5
521
  8
מים - מידות
 10
14657.0000
 20
-12033.0000
 30
0.0000
 11
14439.5000
 21
-12033.0000
 31
0.0000
  0
LINE
  5
522
  8
מים - מידות
 10
14499.5000
 20
-12565.0000
 30
0.0000
 11
14499.5000
 21
-12033.0000
 31
0.0000
  0
SOLID
  5
523
  8
מים - מידות
 10
14499.5000
 20
-12565.0000
 30
0.0000
 11
14467.5000
 21
-12680.0000
 31
0.0000
 12
14531.5000
 22
-12680.0000
 32
0.0000
 13
14531.5000
 23
-12680.0000
 33
0.0000
  0
SOLID
  5
524
  8
מים - מידות
 10
14499.5000
 20
-12033.0000
 30
0.0000
 11
14467.5000
 21
-11918.0000
 31
0.0000
 12
14531.5000
 22
-11918.0000
 32
0.0000
 13
14531.5000
 23
-11918.0000
 33
0.0000
  0
TEXT
  5
525
  8
מים - מידות
 10
14404.5000
 20
-12299.0000
 30
0.0000
 40
100.0000
  1
53.2
 50
90.0000
  7
SOLINE
 72
1
 73
2
 11
14404.5000
 21
-12299.0000
 31
0.0000
  0
LINE
  5
526
  8
מים
 10
14840.0000
 20
-12044.0000
 30
0.0000
 11
14860.0000
 21
-12044.0000
 31
0.0000
  0
LINE
  5
527
  8
מים
 10
14860.0000
 20
-12044.0000
 30
0.0000
 11
14860.0000
 21
-12024.0000
 31
0.0000
  0
LINE
  5
528
  8
מים
 10
14860.0000
 20
-12024.0000
 30
0.0000
 11
14840.0000
 21
-12024.0000
 31
0.0000
  0
LINE
  5
529
  8
מים
 10
14840.0000
 20
-12024.0000
 30
0.0000
 11
14840.0000
 21
-12044.0000
 31
0.0000
  0
LINE
  5
52A
  8
מים
 10
14850.0000
 20
-12044.0000
 30
0.0000
 11
14850.0000
 21
-12038.4000
 31
0.0000
  0
LINE
  5
52B
  8
מים
 10
14845.6000
 20
-12029.6000
 30
0.0000
 11
14854.4000
 21
-12029.6000
 31
0.0000
  0
LINE
  5
52C
  8
מים
 10
14854.4000
 20
-12029.6000
 30
0.0000
 11
14850.0000
 21
-12034.0000
 31
0.0000
  0
LINE
  5
52D
  8
מים
 10
14850.0000
 20
-12034.0000
 30
0.0000
 11
14845.6000
 21
-12029.6000
 31
0.0000
  0
LINE
  5
52E
  8
מים
 10
14845.6000
 20
-12038.4000
 30
0.0000
 11
14854.4000
 21
-12038.4000
 31
0.0000
  0
LINE
  5
52F
  8
מים
 10
14854.4000
 20
-12038.4000
 30
0.0000
 11
14850.0000
 21
-12034.0000
 31
0.0000
  0
LINE
  5
530
  8
מים
 10
14850.0000
 20
-12034.0000
 30
0.0000
 11
14845.6000
 21
-12038.4000
 31
0.0000
  0
ARC
  5
531
  8
מים
 10
14850.0000
 20
-12034.0000
 30
0.0000
 40
0.9000
 50
0.0000
 51
360.0000
  0
LINE
  5
532
  8
מים - מידות
 10
12702.0000
 20
-12605.0000
 30
0.0000
 11
12702.0000
 21
-14837.5000
 31
0.0000
  0
LINE
  5
533
  8
מים - מידות
 10
14850.0000
 20
-12605.0000
 30
0.0000
 11
14850.0000
 21
-14837.5000
 31
0.0000
  0
LINE
  5
534
  8
מים - מידות
 10
12702.0000
 20
-14777.5000
 30
0.0000
 11
14850.0000
 21
-14777.5000
 31
0.0000
  0
SOLID
  5
535
  8
מים - מידות
 10
12702.0000
 20
-14777.5000
 30
0.0000
 11
12587.0000
 21
-14809.5000
 31
0.0000
 12
12587.0000
 22
-14745.5000
 32
0.0000
 13
12587.0000
 23
-14745.5000
 33
0.0000
  0
SOLID
  5
536
  8
מים - מידות
 10
14850.0000
 20
-14777.5000
 30
0.0000
 11
14965.0000
 21
-14809.5000
 31
0.0000
 12
14965.0000
 22
-14745.5000
 32
0.0000
 13
14965.0000
 23
-14745.5000
 33
0.0000
  0
TEXT
  5
537
  8
מים - מידות
 10
13776.0000
 20
-14872.5000
 30
0.0000
 40
100.0000
  1
214.8
 50
0.0000
  7
SOLINE
 72
1
 73
2
 11
13776.0000
 21
-14872.5000
 31
0.0000
  0
LINE
  5
538
  8
מים - מידות
 10
14890.0000
 20
-12565.0000
 30
0.0000
 11
15107.5000
 21
-12565.0000
 31
0.0000
  0
LINE
  5
539
  8
מים - מידות
 10
14890.0000
 20
-12034.0000
 30
0.0000
 11
15107.5000
 21
-12034.0000
 31
0.0000
  0
LINE
  5
53A
  8
מים - מידות
 10
15047.5000
 20
-12565.0000
 30
0.0000
 11
15047.5000
 21
-12034.0000
 31
0.0000
  0
SOLID
  5
53B
  8
מים - מידות
 10
15047.5000
 20
-12565.0000
 30
0.0000
 11
15079.5000
 21
-12680.0000
 31
0.0000
 12
15015.5000
 22
-12680.0000
 32
0.0000
 13
15015.5000
 23
-12680.0000
 33
0.0000
  0
SOLID
  5
53C
  8
מים - מידות
 10
15047.5000
 20
-12034.0000
 30
0.0000
 11
15079.5000
 21
-11919.0000
 31
0.0000
 12
15015.5000
 22
-11919.0000
 32
0.0000
 13
15015.5000
 23
-11919.0000
 33
0.0000
  0
TEXT
  5
53D
  8
מים - מידות
 10
15142.5000
 20
-12299.5000
 30
0.0000
 40
100.0000
  1
53.1
 50
90.0000
  7
SOLINE
 72
1
 73
2
 11
15142.5000
 21
-12299.5000
 31
0.0000
  0
LINE
  5
53E
  8
חשמל
 10
15014.0000
 20
-12132.0000
 30
0.0000
 11
15094.0000
 21
-12132.0000
 31
0.0000
  0
LINE
  5
53F
  8
חשמל
 10
15094.0000
 20
-12132.0000
 30
0.0000
 11
15094.0000
 21
-12052.0000
 31
0.0000
  0
LINE
  5
540
  8
חשמל
 10
15094.0000
 20
-12052.0000
 30
0.0000
 11
15014.0000
 21
-12052.0000
 31
0.0000
  0
LINE
  5
541
  8
חשמל
 10
15014.0000
 20
-12052.0000
 30
0.0000
 11
15014.0000
 21
-12132.0000
 31
0.0000
  0
LINE
  5
542
  8
חשמל
 10
15054.0000
 20
-12132.0000
 30
0.0000
 11
15054.0000
 21
-12095.2000
 31
0.0000
  0
LINE
  5
543
  8
חשמל
 10
15028.4000
 20
-12095.2000
 30
0.0000
 11
15028.5610
 21
-12092.3337
 31
0.0000
  0
LINE
  5
544
  8
חשמל
 10
15028.5610
 20
-12092.3337
 30
0.0000
 11
15029.0418
 21
-12089.5035
 31
0.0000
  0
LINE
  5
545
  8
חשמל
 10
15029.0418
 20
-12089.5035
 30
0.0000
 11
15029.8366
 21
-12086.7449
 31
0.0000
  0
LINE
  5
546
  8
חשמל
 10
15029.8366
 20
-12086.7449
 30
0.0000
 11
15030.9352
 21
-12084.0926
 31
0.0000
  0
LINE
  5
547
  8
חשמל
 10
15030.9352
 20
-12084.0926
 30
0.0000
 11
15032.3239
 21
-12081.5800
 31
0.0000
  0
LINE
  5
548
  8
חשמל
 10
15032.3239
 20
-12081.5800
 30
0.0000
 11
15033.9851
 21
-12079.2387
 31
0.0000
  0
LINE
  5
549
  8
חשמל
 10
15033.9851
 20
-12079.2387
 30
0.0000
 11
15035.8981
 21
-12077.0981
 31
0.0000
  0
LINE
  5
54A
  8
חשמל
 10
15035.8981
 20
-12077.0981
 30
0.0000
 11
15038.0387
 21
-12075.1851
 31
0.0000
  0
LINE
  5
54B
  8
חשמל
 10
15038.0387
 20
-12075.1851
 30
0.0000
 11
15040.3800
 21
-12073.5239
 31
0.0000
  0
LINE
  5
54C
  8
חשמל
 10
15040.3800
 20
-12073.5239
 30
0.0000
 11
15042.8926
 21
-12072.1352
 31
0.0000
  0
LINE
  5
54D
  8
חשמל
 10
15042.8926
 20
-12072.1352
 30
0.0000
 11
15045.5449
 21
-12071.0366
 31
0.0000
  0
LINE
  5
54E
  8
חשמל
 10
15045.5449
 20
-12071.0366
 30
0.0000
 11
15048.3035
 21
-12070.2418
 31
0.0000
  0
LINE
  5
54F
  8
חשמל
 10
15048.3035
 20
-12070.2418
 30
0.0000
 11
15051.1337
 21
-12069.7610
 31
0.0000
  0
LINE
  5
550
  8
חשמל
 10
15051.1337
 20
-12069.7610
 30
0.0000
 11
15054.0000
 21
-12069.6000
 31
0.0000
  0
LINE
  5
551
  8
חשמל
 10
15054.0000
 20
-12069.6000
 30
0.0000
 11
15056.8663
 21
-12069.7610
 31
0.0000
  0
LINE
  5
552
  8
חשמל
 10
15056.8663
 20
-12069.7610
 30
0.0000
 11
15059.6965
 21
-12070.2418
 31
0.0000
  0
LINE
  5
553
  8
חשמל
 10
15059.6965
 20
-12070.2418
 30
0.0000
 11
15062.4551
 21
-12071.0366
 31
0.0000
  0
LINE
  5
554
  8
חשמל
 10
15062.4551
 20
-12071.0366
 30
0.0000
 11
15065.1074
 21
-12072.1352
 31
0.0000
  0
LINE
  5
555
  8
חשמל
 10
15065.1074
 20
-12072.1352
 30
0.0000
 11
15067.6200
 21
-12073.5239
 31
0.0000
  0
LINE
  5
556
  8
חשמל
 10
15067.6200
 20
-12073.5239
 30
0.0000
 11
15069.9613
 21
-12075.1851
 31
0.0000
  0
LINE
  5
557
  8
חשמל
 10
15069.9613
 20
-12075.1851
 30
0.0000
 11
15072.1019
 21
-12077.0981
 31
0.0000
  0
LINE
  5
558
  8
חשמל
 10
15072.1019
 20
-12077.0981
 30
0.0000
 11
15074.0149
 21
-12079.2387
 31
0.0000
  0
LINE
  5
559
  8
חשמל
 10
15074.0149
 20
-12079.2387
 30
0.0000
 11
15075.6761
 21
-12081.5800
 31
0.0000
  0
LINE
  5
55A
  8
חשמל
 10
15075.6761
 20
-12081.5800
 30
0.0000
 11
15077.0648
 21
-12084.0926
 31
0.0000
  0
LINE
  5
55B
  8
חשמל
 10
15077.0648
 20
-12084.0926
 30
0.0000
 11
15078.1634
 21
-12086.7449
 31
0.0000
  0
LINE
  5
55C
  8
חשמל
 10
15078.1634
 20
-12086.7449
 30
0.0000
 11
15078.9582
 21
-12089.5035
 31
0.0000
  0
LINE
  5
55D
  8
חשמל
 10
15078.9582
 20
-12089.5035
 30
0.0000
 11
15079.4390
 21
-12092.3337
 31
0.0000
  0
LINE
  5
55E
  8
חשמל
 10
15079.4390
 20
-12092.3337
 30
0.0000
 11
15079.6000
 21
-12095.2000
 31
0.0000
  0
LINE
  5
55F
  8
חשמל
 10
15028.4000
 20
-12095.2000
 30
0.0000
 11
15079.6000
 21
-12095.2000
 31
0.0000
  0
LINE
  5
560
  8
חשמל - מידות
 10
12702.0000
 20
-12605.0000
 30
0.0000
 11
12702.0000
 21
-15187.5000
 31
0.0000
  0
LINE
  5
561
  8
חשמל - מידות
 10
15054.0000
 20
-12605.0000
 30
0.0000
 11
15054.0000
 21
-15187.5000
 31
0.0000
  0
LINE
  5
562
  8
חשמל - מידות
 10
12702.0000
 20
-15127.5000
 30
0.0000
 11
15054.0000
 21
-15127.5000
 31
0.0000
  0
SOLID
  5
563
  8
חשמל - מידות
 10
12702.0000
 20
-15127.5000
 30
0.0000
 11
12587.0000
 21
-15159.5000
 31
0.0000
 12
12587.0000
 22
-15095.5000
 32
0.0000
 13
12587.0000
 23
-15095.5000
 33
0.0000
  0
SOLID
  5
564
  8
חשמל - מידות
 10
15054.0000
 20
-15127.5000
 30
0.0000
 11
15169.0000
 21
-15159.5000
 31
0.0000
 12
15169.0000
 22
-15095.5000
 32
0.0000
 13
15169.0000
 23
-15095.5000
 33
0.0000
  0
TEXT
  5
565
  8
חשמל - מידות
 10
13878.0000
 20
-15222.5000
 30
0.0000
 40
100.0000
  1
235.2
 50
0.0000
  7
SOLINE
 72
1
 73
2
 11
13878.0000
 21
-15222.5000
 31
0.0000
  0
LINE
  5
566
  8
חשמל - מידות
 10
15014.0000
 20
-12565.0000
 30
0.0000
 11
14766.5000
 21
-12565.0000
 31
0.0000
  0
LINE
  5
567
  8
חשמל - מידות
 10
15014.0000
 20
-12092.0000
 30
0.0000
 11
14766.5000
 21
-12092.0000
 31
0.0000
  0
LINE
  5
568
  8
חשמל - מידות
 10
14826.5000
 20
-12565.0000
 30
0.0000
 11
14826.5000
 21
-12092.0000
 31
0.0000
  0
SOLID
  5
569
  8
חשמל - מידות
 10
14826.5000
 20
-12565.0000
 30
0.0000
 11
14794.5000
 21
-12680.0000
 31
0.0000
 12
14858.5000
 22
-12680.0000
 32
0.0000
 13
14858.5000
 23
-12680.0000
 33
0.0000
  0
SOLID
  5
56A
  8
חשמל - מידות
 10
14826.5000
 20
-12092.0000
 30
0.0000
 11
14794.5000
 21
-11977.0000
 31
0.0000
 12
14858.5000
 22
-11977.0000
 32
0.0000
 13
14858.5000
 23
-11977.0000
 33
0.0000
  0
TEXT
  5
56B
  8
חשמל - מידות
 10
14731.5000
 20
-12328.5000
 30
0.0000
 40
100.0000
  1
47.3
 50
90.0000
  7
SOLINE
 72
1
 73
2
 11
14731.5000
 21
-12328.5000
 31
0.0000
  0
LINE
  5
56C
  8
ניקוז
 10
14828.0000
 20
-12565.0000
 30
0.0000
 11
14878.0000
 21
-12565.0000
 31
0.0000
  0
LINE
  5
56D
  8
ניקוז
 10
14878.0000
 20
-12565.0000
 30
0.0000
 11
14878.0000
 21
-12515.0000
 31
0.0000
  0
LINE
  5
56E
  8
ניקוז
 10
14878.0000
 20
-12515.0000
 30
0.0000
 11
14828.0000
 21
-12515.0000
 31
0.0000
  0
LINE
  5
56F
  8
ניקוז
 10
14828.0000
 20
-12515.0000
 30
0.0000
 11
14828.0000
 21
-12565.0000
 31
0.0000
  0
LINE
  5
570
  8
ניקוז
 10
14853.0000
 20
-12565.0000
 30
0.0000
 11
14853.0000
 21
-12526.0000
 31
0.0000
  0
ARC
  5
571
  8
ניקוז
 10
14853.0000
 20
-12540.0000
 30
0.0000
 40
15.0000
 50
0.0000
 51
360.0000
  0
LINE
  5
572
  8
ניקוז
 10
14844.0000
 20
-12543.0000
 30
0.0000
 11
14849.0000
 21
-12537.0000
 31
0.0000
  0
LINE
  5
573
  8
ניקוז
 10
14849.0000
 20
-12537.0000
 30
0.0000
 11
14853.0000
 21
-12543.0000
 31
0.0000
  0
LINE
  5
574
  8
ניקוז
 10
14853.0000
 20
-12543.0000
 30
0.0000
 11
14857.0000
 21
-12537.0000
 31
0.0000
  0
LINE
  5
575
  8
ניקוז
 10
14857.0000
 20
-12537.0000
 30
0.0000
 11
14862.0000
 21
-12543.0000
 31
0.0000
  0
LINE
  5
576
  8
ניקוז - מידות
 10
12702.0000
 20
-12605.0000
 30
0.0000
 11
12702.0000
 21
-15537.5000
 31
0.0000
  0
LINE
  5
577
  8
ניקוז - מידות
 10
14853.0000
 20
-12605.0000
 30
0.0000
 11
14853.0000
 21
-15537.5000
 31
0.0000
  0
LINE
  5
578
  8
ניקוז - מידות
 10
12702.0000
 20
-15477.5000
 30
0.0000
 11
14853.0000
 21
-15477.5000
 31
0.0000
  0
SOLID
  5
579
  8
ניקוז - מידות
 10
12702.0000
 20
-15477.5000
 30
0.0000
 11
12587.0000
 21
-15509.5000
 31
0.0000
 12
12587.0000
 22
-15445.5000
 32
0.0000
 13
12587.0000
 23
-15445.5000
 33
0.0000
  0
SOLID
  5
57A
  8
ניקוז - מידות
 10
14853.0000
 20
-15477.5000
 30
0.0000
 11
14968.0000
 21
-15509.5000
 31
0.0000
 12
14968.0000
 22
-15445.5000
 32
0.0000
 13
14968.0000
 23
-15445.5000
 33
0.0000
  0
TEXT
  5
57B
  8
ניקוז - מידות
 10
13777.5000
 20
-15572.5000
 30
0.0000
 40
100.0000
  1
215.1
 50
0.0000
  7
SOLINE
 72
1
 73
2
 11
13777.5000
 21
-15572.5000
 31
0.0000
  0
LINE
  5
57C
  8
ניקוז - מידות
 10
14853.0000
 20
-12565.0000
 30
0.0000
 11
14853.0000
 21
-12565.0000
 31
0.0000
  0
LINE
  5
57D
  8
ניקוז - מידות
 10
14853.0000
 20
-12565.0000
 30
0.0000
 11
14853.0000
 21
-12565.0000
 31
0.0000
  0
LINE
  5
57E
  8
ניקוז - מידות
 10
14853.0000
 20
-12565.0000
 30
0.0000
 11
14853.0000
 21
-12565.0000
 31
0.0000
  0
SOLID
  5
57F
  8
ניקוז - מידות
 10
14853.0000
 20
-12565.0000
 30
0.0000
 11
14853.0000
 21
-12565.0000
 31
0.0000
 12
14853.0000
 22
-12565.0000
 32
0.0000
 13
14853.0000
 23
-12565.0000
 33
0.0000
  0
SOLID
  5
580
  8
ניקוז - מידות
 10
14853.0000
 20
-12565.0000
 30
0.0000
 11
14853.0000
 21
-12565.0000
 31
0.0000
 12
14853.0000
 22
-12565.0000
 32
0.0000
 13
14853.0000
 23
-12565.0000
 33
0.0000
  0
TEXT
  5
581
  8
ניקוז - מידות
 10
14853.0000
 20
-12565.0000
 30
0.0000
 40
100.0000
  1
0.1
 50
0.0000
  7
SOLINE
 72
1
 73
2
 11
14853.0000
 21
-12565.0000
 31
0.0000
  0
LINE
  5
582
  8
חשמל
 10
15085.0000
 20
-10470.0000
 30
0.0000
 11
15165.0000
 21
-10470.0000
 31
0.0000
  0
LINE
  5
583
  8
חשמל
 10
15165.0000
 20
-10470.0000
 30
0.0000
 11
15165.0000
 21
-10390.0000
 31
0.0000
  0
LINE
  5
584
  8
חשמל
 10
15165.0000
 20
-10390.0000
 30
0.0000
 11
15085.0000
 21
-10390.0000
 31
0.0000
  0
LINE
  5
585
  8
חשמל
 10
15085.0000
 20
-10390.0000
 30
0.0000
 11
15085.0000
 21
-10470.0000
 31
0.0000
  0
LINE
  5
586
  8
חשמל
 10
15125.0000
 20
-10470.0000
 30
0.0000
 11
15125.0000
 21
-10414.0000
 31
0.0000
  0
ARC
  5
587
  8
חשמל
 10
15125.0000
 20
-10430.0000
 30
0.0000
 40
14.4000
 50
0.0000
 51
360.0000
  0
ARC
  5
588
  8
חשמל
 10
15125.0000
 20
-10430.0000
 30
0.0000
 40
4.0000
 50
0.0000
 51
360.0000
  0
LINE
  5
589
  8
חשמל - מידות
 10
12702.0000
 20
-12605.0000
 30
0.0000
 11
12702.0000
 21
-15887.5000
 31
0.0000
  0
LINE
  5
58A
  8
חשמל - מידות
 10
15125.0000
 20
-12605.0000
 30
0.0000
 11
15125.0000
 21
-15887.5000
 31
0.0000
  0
LINE
  5
58B
  8
חשמל - מידות
 10
12702.0000
 20
-15827.5000
 30
0.0000
 11
15125.0000
 21
-15827.5000
 31
0.0000
  0
SOLID
  5
58C
  8
חשמל - מידות
 10
12702.0000
 20
-15827.5000
 30
0.0000
 11
12587.0000
 21
-15859.5000
 31
0.0000
 12
12587.0000
 22
-15795.5000
 32
0.0000
 13
12587.0000
 23
-15795.5000
 33
0.0000
  0
SOLID
  5
58D
  8
חשמל - מידות
 10
15125.0000
 20
-15827.5000
 30
0.0000
 11
15240.0000
 21
-15859.5000
 31
0.0000
 12
15240.0000
 22
-15795.5000
 32
0.0000
 13
15240.0000
 23
-15795.5000
 33
0.0000
  0
TEXT
  5
58E
  8
חשמל - מידות
 10
13913.5000
 20
-15922.5000
 30
0.0000
 40
100.0000
  1
242.3
 50
0.0000
  7
SOLINE
 72
1
 73
2
 11
13913.5000
 21
-15922.5000
 31
0.0000
  0
LINE
  5
58F
  8
חשמל - מידות
 10
15085.0000
 20
-12565.0000
 30
0.0000
 11
14837.5000
 21
-12565.0000
 31
0.0000
  0
LINE
  5
590
  8
חשמל - מידות
 10
15085.0000
 20
-10430.0000
 30
0.0000
 11
14837.5000
 21
-10430.0000
 31
0.0000
  0
LINE
  5
591
  8
חשמל - מידות
 10
14897.5000
 20
-12565.0000
 30
0.0000
 11
14897.5000
 21
-10430.0000
 31
0.0000
  0
SOLID
  5
592
  8
חשמל - מידות
 10
14897.5000
 20
-12565.0000
 30
0.0000
 11
14865.5000
 21
-12680.0000
 31
0.0000
 12
14929.5000
 22
-12680.0000
 32
0.0000
 13
14929.5000
 23
-12680.0000
 33
0.0000
  0
SOLID
  5
593
  8
חשמל - מידות
 10
14897.5000
 20
-10430.0000
 30
0.0000
 11
14865.5000
 21
-10315.0000
 31
0.0000
 12
14929.5000
 22
-10315.0000
 32
0.0000
 13
14929.5000
 23
-10315.0000
 33
0.0000
  0
TEXT
  5
594
  8
חשמל - מידות
 10
14802.5000
 20
-11497.5000
 30
0.0000
 40
100.0000
  1
213.5
 50
90.0000
  7
SOLINE
 72
1
 73
2
 11
14802.5000
 21
-11497.5000
 31
0.0000
  0
LINE
  5
595
  8
חשמל
 10
15635.0000
 20
-11477.5000
 30
0.0000
 11
15821.0000
 21
-11477.5000
 31
0.0000
  0
LINE
  5
596
  8
חשמל
 10
15821.0000
 20
-11477.5000
 30
0.0000
 11
15821.0000
 21
-11402.5000
 31
0.0000
  0
LINE
  5
597
  8
חשמל
 10
15821.0000
 20
-11402.5000
 30
0.0000
 11
15635.0000
 21
-11402.5000
 31
0.0000
  0
LINE
  5
598
  8
חשמל
 10
15635.0000
 20
-11402.5000
 30
0.0000
 11
15635.0000
 21
-11477.5000
 31
0.0000
  0
LINE
  5
599
  8
חשמל
 10
15728.0000
 20
-11477.5000
 30
0.0000
 11
15728.0000
 21
-11443.0000
 31
0.0000
  0
LINE
  5
59A
  8
חשמל
 10
15668.4800
 20
-11443.0000
 30
0.0000
 11
15668.8542
 21
-11440.3129
 31
0.0000
  0
LINE
  5
59B
  8
חשמל
 10
15668.8542
 20
-11440.3129
 30
0.0000
 11
15669.9723
 21
-11437.6595
 31
0.0000
  0
LINE
  5
59C
  8
חשמל
 10
15669.9723
 20
-11437.6595
 30
0.0000
 11
15671.8201
 21
-11435.0733
 31
0.0000
  0
LINE
  5
59D
  8
חשמל
 10
15671.8201
 20
-11435.0733
 30
0.0000
 11
15674.3743
 21
-11432.5868
 31
0.0000
  0
LINE
  5
59E
  8
חשמל
 10
15674.3743
 20
-11432.5868
 30
0.0000
 11
15677.6030
 21
-11430.2312
 31
0.0000
  0
LINE
  5
59F
  8
חשמל
 10
15677.6030
 20
-11430.2312
 30
0.0000
 11
15681.4654
 21
-11428.0362
 31
0.0000
  0
LINE
  5
5A0
  8
חשמל
 10
15681.4654
 20
-11428.0362
 30
0.0000
 11
15685.9130
 21
-11426.0294
 31
0.0000
  0
LINE
  5
5A1
  8
חשמל
 10
15685.9130
 20
-11426.0294
 30
0.0000
 11
15690.8899
 21
-11424.2360
 31
0.0000
  0
LINE
  5
5A2
  8
חשמל
 10
15690.8899
 20
-11424.2360
 30
0.0000
 11
15696.3335
 21
-11422.6786
 31
0.0000
  0
LINE
  5
5A3
  8
חשמל
 10
15696.3335
 20
-11422.6786
 30
0.0000
 11
15702.1752
 21
-11421.3767
 31
0.0000
  0
LINE
  5
5A4
  8
חשמל
 10
15702.1752
 20
-11421.3767
 30
0.0000
 11
15708.3418
 21
-11420.3468
 31
0.0000
  0
LINE
  5
5A5
  8
חשמל
 10
15708.3418
 20
-11420.3468
 30
0.0000
 11
15714.7556
 21
-11419.6017
 31
0.0000
  0
LINE
  5
5A6
  8
חשמל
 10
15714.7556
 20
-11419.6017
 30
0.0000
 11
15721.3359
 21
-11419.1509
 31
0.0000
  0
LINE
  5
5A7
  8
חשמל
 10
15721.3359
 20
-11419.1509
 30
0.0000
 11
15728.0000
 21
-11419.0000
 31
0.0000
  0
LINE
  5
5A8
  8
חשמל
 10
15728.0000
 20
-11419.0000
 30
0.0000
 11
15734.6641
 21
-11419.1509
 31
0.0000
  0
LINE
  5
5A9
  8
חשמל
 10
15734.6641
 20
-11419.1509
 30
0.0000
 11
15741.2444
 21
-11419.6017
 31
0.0000
  0
LINE
  5
5AA
  8
חשמל
 10
15741.2444
 20
-11419.6017
 30
0.0000
 11
15747.6582
 21
-11420.3468
 31
0.0000
  0
LINE
  5
5AB
  8
חשמל
 10
15747.6582
 20
-11420.3468
 30
0.0000
 11
15753.8248
 21
-11421.3767
 31
0.0000
  0
LINE
  5
5AC
  8
חשמל
 10
15753.8248
 20
-11421.3767
 30
0.0000
 11
15759.6665
 21
-11422.6786
 31
0.0000
  0
LINE
  5
5AD
  8
חשמל
 10
15759.6665
 20
-11422.6786
 30
0.0000
 11
15765.1101
 21
-11424.2360
 31
0.0000
  0
LINE
  5
5AE
  8
חשמל
 10
15765.1101
 20
-11424.2360
 30
0.0000
 11
15770.0870
 21
-11426.0294
 31
0.0000
  0
LINE
  5
5AF
  8
חשמל
 10
15770.0870
 20
-11426.0294
 30
0.0000
 11
15774.5346
 21
-11428.0362
 31
0.0000
  0
LINE
  5
5B0
  8
חשמל
 10
15774.5346
 20
-11428.0362
 30
0.0000
 11
15778.3970
 21
-11430.2312
 31
0.0000
  0
LINE
  5
5B1
  8
חשמל
 10
15778.3970
 20
-11430.2312
 30
0.0000
 11
15781.6257
 21
-11432.5868
 31
0.0000
  0
LINE
  5
5B2
  8
חשמל
 10
15781.6257
 20
-11432.5868
 30
0.0000
 11
15784.1799
 21
-11435.0733
 31
0.0000
  0
LINE
  5
5B3
  8
חשמל
 10
15784.1799
 20
-11435.0733
 30
0.0000
 11
15786.0277
 21
-11437.6595
 31
0.0000
  0
LINE
  5
5B4
  8
חשמל
 10
15786.0277
 20
-11437.6595
 30
0.0000
 11
15787.1458
 21
-11440.3129
 31
0.0000
  0
LINE
  5
5B5
  8
חשמל
 10
15787.1458
 20
-11440.3129
 30
0.0000
 11
15787.5200
 21
-11443.0000
 31
0.0000
  0
LINE
  5
5B6
  8
חשמל
 10
15668.4800
 20
-11443.0000
 30
0.0000
 11
15787.5200
 21
-11443.0000
 31
0.0000
  0
LINE
  5
5B7
  8
חשמל - מידות
 10
12702.0000
 20
-12605.0000
 30
0.0000
 11
12702.0000
 21
-16237.5000
 31
0.0000
  0
LINE
  5
5B8
  8
חשמל - מידות
 10
15728.0000
 20
-12605.0000
 30
0.0000
 11
15728.0000
 21
-16237.5000
 31
0.0000
  0
LINE
  5
5B9
  8
חשמל - מידות
 10
12702.0000
 20
-16177.5000
 30
0.0000
 11
15728.0000
 21
-16177.5000
 31
0.0000
  0
SOLID
  5
5BA
  8
חשמל - מידות
 10
12702.0000
 20
-16177.5000
 30
0.0000
 11
12587.0000
 21
-16209.5000
 31
0.0000
 12
12587.0000
 22
-16145.5000
 32
0.0000
 13
12587.0000
 23
-16145.5000
 33
0.0000
  0
SOLID
  5
5BB
  8
חשמל - מידות
 10
15728.0000
 20
-16177.5000
 30
0.0000
 11
15843.0000
 21
-16209.5000
 31
0.0000
 12
15843.0000
 22
-16145.5000
 32
0.0000
 13
15843.0000
 23
-16145.5000
 33
0.0000
  0
TEXT
  5
5BC
  8
חשמל - מידות
 10
14215.0000
 20
-16272.5000
 30
0.0000
 40
100.0000
  1
302.6
 50
0.0000
  7
SOLINE
 72
1
 73
2
 11
14215.0000
 21
-16272.5000
 31
0.0000
  0
LINE
  5
5BD
  8
חשמל - מידות
 10
15768.0000
 20
-12565.0000
 30
0.0000
 11
16068.5000
 21
-12565.0000
 31
0.0000
  0
LINE
  5
5BE
  8
חשמל - מידות
 10
15768.0000
 20
-11440.0000
 30
0.0000
 11
16068.5000
 21
-11440.0000
 31
0.0000
  0
LINE
  5
5BF
  8
חשמל - מידות
 10
16008.5000
 20
-12565.0000
 30
0.0000
 11
16008.5000
 21
-11440.0000
 31
0.0000
  0
SOLID
  5
5C0
  8
חשמל - מידות
 10
16008.5000
 20
-12565.0000
 30
0.0000
 11
16040.5000
 21
-12680.0000
 31
0.0000
 12
15976.5000
 22
-12680.0000
 32
0.0000
 13
15976.5000
 23
-12680.0000
 33
0.0000
  0
SOLID
  5
5C1
  8
חשמל - מידות
 10
16008.5000
 20
-11440.0000
 30
0.0000
 11
16040.5000
 21
-11325.0000
 31
0.0000
 12
15976.5000
 22
-11325.0000
 32
0.0000
 13
15976.5000
 23
-11325.0000
 33
0.0000
  0
TEXT
  5
5C2
  8
חשמל - מידות
 10
16103.5000
 20
-12002.5000
 30
0.0000
 40
100.0000
  1
112.5
 50
90.0000
  7
SOLINE
 72
1
 73
2
 11
16103.5000
 21
-12002.5000
 31
0.0000
  0
LINE
  5
5C3
  8
חשמל
 10
17492.0000
 20
-11400.0000
 30
0.0000
 11
17572.0000
 21
-11400.0000
 31
0.0000
  0
LINE
  5
5C4
  8
חשמל
 10
17572.0000
 20
-11400.0000
 30
0.0000
 11
17572.0000
 21
-11320.0000
 31
0.0000
  0
LINE
  5
5C5
  8
חשמל
 10
17572.0000
 20
-11320.0000
 30
0.0000
 11
17492.0000
 21
-11320.0000
 31
0.0000
  0
LINE
  5
5C6
  8
חשמל
 10
17492.0000
 20
-11320.0000
 30
0.0000
 11
17492.0000
 21
-11400.0000
 31
0.0000
  0
LINE
  5
5C7
  8
חשמל
 10
17532.0000
 20
-11400.0000
 30
0.0000
 11
17532.0000
 21
-11363.2000
 31
0.0000
  0
LINE
  5
5C8
  8
חשמל
 10
17506.4000
 20
-11363.2000
 30
0.0000
 11
17506.5610
 21
-11360.3337
 31
0.0000
  0
LINE
  5
5C9
  8
חשמל
 10
17506.5610
 20
-11360.3337
 30
0.0000
 11
17507.0418
 21
-11357.5035
 31
0.0000
  0
LINE
  5
5CA
  8
חשמל
 10
17507.0418
 20
-11357.5035
 30
0.0000
 11
17507.8366
 21
-11354.7449
 31
0.0000
  0
LINE
  5
5CB
  8
חשמל
 10
17507.8366
 20
-11354.7449
 30
0.0000
 11
17508.9352
 21
-11352.0926
 31
0.0000
  0
LINE
  5
5CC
  8
חשמל
 10
17508.9352
 20
-11352.0926
 30
0.0000
 11
17510.3239
 21
-11349.5800
 31
0.0000
  0
LINE
  5
5CD
  8
חשמל
 10
17510.3239
 20
-11349.5800
 30
0.0000
 11
17511.9851
 21
-11347.2387
 31
0.0000
  0
LINE
  5
5CE
  8
חשמל
 10
17511.9851
 20
-11347.2387
 30
0.0000
 11
17513.8981
 21
-11345.0981
 31
0.0000
  0
LINE
  5
5CF
  8
חשמל
 10
17513.8981
 20
-11345.0981
 30
0.0000
 11
17516.0387
 21
-11343.1851
 31
0.0000
  0
LINE
  5
5D0
  8
חשמל
 10
17516.0387
 20
-11343.1851
 30
0.0000
 11
17518.3800
 21
-11341.5239
 31
0.0000
  0
LINE
  5
5D1
  8
חשמל
 10
17518.3800
 20
-11341.5239
 30
0.0000
 11
17520.8926
 21
-11340.1352
 31
0.0000
  0
LINE
  5
5D2
  8
חשמל
 10
17520.8926
 20
-11340.1352
 30
0.0000
 11
17523.5449
 21
-11339.0366
 31
0.0000
  0
LINE
  5
5D3
  8
חשמל
 10
17523.5449
 20
-11339.0366
 30
0.0000
 11
17526.3035
 21
-11338.2418
 31
0.0000
  0
LINE
  5
5D4
  8
חשמל
 10
17526.3035
 20
-11338.2418
 30
0.0000
 11
17529.1337
 21
-11337.7610
 31
0.0000
  0
LINE
  5
5D5
  8
חשמל
 10
17529.1337
 20
-11337.7610
 30
0.0000
 11
17532.0000
 21
-11337.6000
 31
0.0000
  0
LINE
  5
5D6
  8
חשמל
 10
17532.0000
 20
-11337.6000
 30
0.0000
 11
17534.8663
 21
-11337.7610
 31
0.0000
  0
LINE
  5
5D7
  8
חשמל
 10
17534.8663
 20
-11337.7610
 30
0.0000
 11
17537.6965
 21
-11338.2418
 31
0.0000
  0
LINE
  5
5D8
  8
חשמל
 10
17537.6965
 20
-11338.2418
 30
0.0000
 11
17540.4551
 21
-11339.0366
 31
0.0000
  0
LINE
  5
5D9
  8
חשמל
 10
17540.4551
 20
-11339.0366
 30
0.0000
 11
17543.1074
 21
-11340.1352
 31
0.0000
  0
LINE
  5
5DA
  8
חשמל
 10
17543.1074
 20
-11340.1352
 30
0.0000
 11
17545.6200
 21
-11341.5239
 31
0.0000
  0
LINE
  5
5DB
  8
חשמל
 10
17545.6200
 20
-11341.5239
 30
0.0000
 11
17547.9613
 21
-11343.1851
 31
0.0000
  0
LINE
  5
5DC
  8
חשמל
 10
17547.9613
 20
-11343.1851
 30
0.0000
 11
17550.1019
 21
-11345.0981
 31
0.0000
  0
LINE
  5
5DD
  8
חשמל
 10
17550.1019
 20
-11345.0981
 30
0.0000
 11
17552.0149
 21
-11347.2387
 31
0.0000
  0
LINE
  5
5DE
  8
חשמל
 10
17552.0149
 20
-11347.2387
 30
0.0000
 11
17553.6761
 21
-11349.5800
 31
0.0000
  0
LINE
  5
5DF
  8
חשמל
 10
17553.6761
 20
-11349.5800
 30
0.0000
 11
17555.0648
 21
-11352.0926
 31
0.0000
  0
LINE
  5
5E0
  8
חשמל
 10
17555.0648
 20
-11352.0926
 30
0.0000
 11
17556.1634
 21
-11354.7449
 31
0.0000
  0
LINE
  5
5E1
  8
חשמל
 10
17556.1634
 20
-11354.7449
 30
0.0000
 11
17556.9582
 21
-11357.5035
 31
0.0000
  0
LINE
  5
5E2
  8
חשמל
 10
17556.9582
 20
-11357.5035
 30
0.0000
 11
17557.4390
 21
-11360.3337
 31
0.0000
  0
LINE
  5
5E3
  8
חשמל
 10
17557.4390
 20
-11360.3337
 30
0.0000
 11
17557.6000
 21
-11363.2000
 31
0.0000
  0
LINE
  5
5E4
  8
חשמל
 10
17506.4000
 20
-11363.2000
 30
0.0000
 11
17557.6000
 21
-11363.2000
 31
0.0000
  0
LINE
  5
5E5
  8
חשמל - מידות
 10
20581.0000
 20
-12525.0000
 30
0.0000
 11
20581.0000
 21
-8542.5000
 31
0.0000
  0
LINE
  5
5E6
  8
חשמל - מידות
 10
17532.0000
 20
-12525.0000
 30
0.0000
 11
17532.0000
 21
-8542.5000
 31
0.0000
  0
LINE
  5
5E7
  8
חשמל - מידות
 10
20581.0000
 20
-8602.5000
 30
0.0000
 11
17532.0000
 21
-8602.5000
 31
0.0000
  0
SOLID
  5
5E8
  8
חשמל - מידות
 10
20581.0000
 20
-8602.5000
 30
0.0000
 11
20696.0000
 21
-8570.5000
 31
0.0000
 12
20696.0000
 22
-8634.5000
 32
0.0000
 13
20696.0000
 23
-8634.5000
 33
0.0000
  0
SOLID
  5
5E9
  8
חשמל - מידות
 10
17532.0000
 20
-8602.5000
 30
0.0000
 11
17417.0000
 21
-8570.5000
 31
0.0000
 12
17417.0000
 22
-8634.5000
 32
0.0000
 13
17417.0000
 23
-8634.5000
 33
0.0000
  0
TEXT
  5
5EA
  8
חשמל - מידות
 10
19056.5000
 20
-8507.5000
 30
0.0000
 40
100.0000
  1
304.9
 50
360.0000
  7
SOLINE
 72
1
 73
2
 11
19056.5000
 21
-8507.5000
 31
0.0000
  0
LINE
  5
5EB
  8
חשמל - מידות
 10
17492.0000
 20
-12565.0000
 30
0.0000
 11
17244.5000
 21
-12565.0000
 31
0.0000
  0
LINE
  5
5EC
  8
חשמל - מידות
 10
17492.0000
 20
-11360.0000
 30
0.0000
 11
17244.5000
 21
-11360.0000
 31
0.0000
  0
LINE
  5
5ED
  8
חשמל - מידות
 10
17304.5000
 20
-12565.0000
 30
0.0000
 11
17304.5000
 21
-11360.0000
 31
0.0000
  0
SOLID
  5
5EE
  8
חשמל - מידות
 10
17304.5000
 20
-12565.0000
 30
0.0000
 11
17272.5000
 21
-12680.0000
 31
0.0000
 12
17336.5000
 22
-12680.0000
 32
0.0000
 13
17336.5000
 23
-12680.0000
 33
0.0000
  0
SOLID
  5
5EF
  8
חשמל - מידות
 10
17304.5000
 20
-11360.0000
 30
0.0000
 11
17272.5000
 21
-11245.0000
 31
0.0000
 12
17336.5000
 22
-11245.0000
 32
0.0000
 13
17336.5000
 23
-11245.0000
 33
0.0000
  0
TEXT
  5
5F0
  8
חשמל - מידות
 10
17209.5000
 20
-11962.5000
 30
0.0000
 40
100.0000
  1
120.5
 50
90.0000
  7
SOLINE
 72
1
 73
2
 11
17209.5000
 21
-11962.5000
 31
0.0000
  0
LINE
  5
5F1
  8
חשמל
 10
17390.0000
 20
-12111.0000
 30
0.0000
 11
17470.0000
 21
-12111.0000
 31
0.0000
  0
LINE
  5
5F2
  8
חשמל
 10
17470.0000
 20
-12111.0000
 30
0.0000
 11
17470.0000
 21
-12031.0000
 31
0.0000
  0
LINE
  5
5F3
  8
חשמל
 10
17470.0000
 20
-12031.0000
 30
0.0000
 11
17390.0000
 21
-12031.0000
 31
0.0000
  0
LINE
  5
5F4
  8
חשמל
 10
17390.0000
 20
-12031.0000
 30
0.0000
 11
17390.0000
 21
-12111.0000
 31
0.0000
  0
LINE
  5
5F5
  8
חשמל
 10
17430.0000
 20
-12111.0000
 30
0.0000
 11
17430.0000
 21
-12074.2000
 31
0.0000
  0
LINE
  5
5F6
  8
חשמל
 10
17404.4000
 20
-12074.2000
 30
0.0000
 11
17404.5610
 21
-12071.3337
 31
0.0000
  0
LINE
  5
5F7
  8
חשמל
 10
17404.5610
 20
-12071.3337
 30
0.0000
 11
17405.0418
 21
-12068.5035
 31
0.0000
  0
LINE
  5
5F8
  8
חשמל
 10
17405.0418
 20
-12068.5035
 30
0.0000
 11
17405.8366
 21
-12065.7449
 31
0.0000
  0
LINE
  5
5F9
  8
חשמל
 10
17405.8366
 20
-12065.7449
 30
0.0000
 11
17406.9352
 21
-12063.0926
 31
0.0000
  0
LINE
  5
5FA
  8
חשמל
 10
17406.9352
 20
-12063.0926
 30
0.0000
 11
17408.3239
 21
-12060.5800
 31
0.0000
  0
LINE
  5
5FB
  8
חשמל
 10
17408.3239
 20
-12060.5800
 30
0.0000
 11
17409.9851
 21
-12058.2387
 31
0.0000
  0
LINE
  5
5FC
  8
חשמל
 10
17409.9851
 20
-12058.2387
 30
0.0000
 11
17411.8981
 21
-12056.0981
 31
0.0000
  0
LINE
  5
5FD
  8
חשמל
 10
17411.8981
 20
-12056.0981
 30
0.0000
 11
17414.0387
 21
-12054.1851
 31
0.0000
  0
LINE
  5
5FE
  8
חשמל
 10
17414.0387
 20
-12054.1851
 30
0.0000
 11
17416.3800
 21
-12052.5239
 31
0.0000
  0
LINE
  5
5FF
  8
חשמל
 10
17416.3800
 20
-12052.5239
 30
0.0000
 11
17418.8926
 21
-12051.1352
 31
0.0000
  0
LINE
  5
600
  8
חשמל
 10
17418.8926
 20
-12051.1352
 30
0.0000
 11
17421.5449
 21
-12050.0366
 31
0.0000
  0
LINE
  5
601
  8
חשמל
 10
17421.5449
 20
-12050.0366
 30
0.0000
 11
17424.3035
 21
-12049.2418
 31
0.0000
  0
LINE
  5
602
  8
חשמל
 10
17424.3035
 20
-12049.2418
 30
0.0000
 11
17427.1337
 21
-12048.7610
 31
0.0000
  0
LINE
  5
603
  8
חשמל
 10
17427.1337
 20
-12048.7610
 30
0.0000
 11
17430.0000
 21
-12048.6000
 31
0.0000
  0
LINE
  5
604
  8
חשמל
 10
17430.0000
 20
-12048.6000
 30
0.0000
 11
17432.8663
 21
-12048.7610
 31
0.0000
  0
LINE
  5
605
  8
חשמל
 10
17432.8663
 20
-12048.7610
 30
0.0000
 11
17435.6965
 21
-12049.2418
 31
0.0000
  0
LINE
  5
606
  8
חשמל
 10
17435.6965
 20
-12049.2418
 30
0.0000
 11
17438.4551
 21
-12050.0366
 31
0.0000
  0
LINE
  5
607
  8
חשמל
 10
17438.4551
 20
-12050.0366
 30
0.0000
 11
17441.1074
 21
-12051.1352
 31
0.0000
  0
LINE
  5
608
  8
חשמל
 10
17441.1074
 20
-12051.1352
 30
0.0000
 11
17443.6200
 21
-12052.5239
 31
0.0000
  0
LINE
  5
609
  8
חשמל
 10
17443.6200
 20
-12052.5239
 30
0.0000
 11
17445.9613
 21
-12054.1851
 31
0.0000
  0
LINE
  5
60A
  8
חשמל
 10
17445.9613
 20
-12054.1851
 30
0.0000
 11
17448.1019
 21
-12056.0981
 31
0.0000
  0
LINE
  5
60B
  8
חשמל
 10
17448.1019
 20
-12056.0981
 30
0.0000
 11
17450.0149
 21
-12058.2387
 31
0.0000
  0
LINE
  5
60C
  8
חשמל
 10
17450.0149
 20
-12058.2387
 30
0.0000
 11
17451.6761
 21
-12060.5800
 31
0.0000
  0
LINE
  5
60D
  8
חשמל
 10
17451.6761
 20
-12060.5800
 30
0.0000
 11
17453.0648
 21
-12063.0926
 31
0.0000
  0
LINE
  5
60E
  8
חשמל
 10
17453.0648
 20
-12063.0926
 30
0.0000
 11
17454.1634
 21
-12065.7449
 31
0.0000
  0
LINE
  5
60F
  8
חשמל
 10
17454.1634
 20
-12065.7449
 30
0.0000
 11
17454.9582
 21
-12068.5035
 31
0.0000
  0
LINE
  5
610
  8
חשמל
 10
17454.9582
 20
-12068.5035
 30
0.0000
 11
17455.4390
 21
-12071.3337
 31
0.0000
  0
LINE
  5
611
  8
חשמל
 10
17455.4390
 20
-12071.3337
 30
0.0000
 11
17455.6000
 21
-12074.2000
 31
0.0000
  0
LINE
  5
612
  8
חשמל
 10
17404.4000
 20
-12074.2000
 30
0.0000
 11
17455.6000
 21
-12074.2000
 31
0.0000
  0
LINE
  5
613
  8
חשמל - מידות
 10
20581.0000
 20
-12525.0000
 30
0.0000
 11
20581.0000
 21
-8192.5000
 31
0.0000
  0
LINE
  5
614
  8
חשמל - מידות
 10
17430.0000
 20
-12525.0000
 30
0.0000
 11
17430.0000
 21
-8192.5000
 31
0.0000
  0
LINE
  5
615
  8
חשמל - מידות
 10
20581.0000
 20
-8252.5000
 30
0.0000
 11
17430.0000
 21
-8252.5000
 31
0.0000
  0
SOLID
  5
616
  8
חשמל - מידות
 10
20581.0000
 20
-8252.5000
 30
0.0000
 11
20696.0000
 21
-8220.5000
 31
0.0000
 12
20696.0000
 22
-8284.5000
 32
0.0000
 13
20696.0000
 23
-8284.5000
 33
0.0000
  0
SOLID
  5
617
  8
חשמל - מידות
 10
17430.0000
 20
-8252.5000
 30
0.0000
 11
17315.0000
 21
-8220.5000
 31
0.0000
 12
17315.0000
 22
-8284.5000
 32
0.0000
 13
17315.0000
 23
-8284.5000
 33
0.0000
  0
TEXT
  5
618
  8
חשמל - מידות
 10
19005.5000
 20
-8157.5000
 30
0.0000
 40
100.0000
  1
315.1
 50
360.0000
  7
SOLINE
 72
1
 73
2
 11
19005.5000
 21
-8157.5000
 31
0.0000
  0
LINE
  5
619
  8
חשמל - מידות
 10
17470.0000
 20
-12565.0000
 30
0.0000
 11
17717.5000
 21
-12565.0000
 31
0.0000
  0
LINE
  5
61A
  8
חשמל - מידות
 10
17470.0000
 20
-12071.0000
 30
0.0000
 11
17717.5000
 21
-12071.0000
 31
0.0000
  0
LINE
  5
61B
  8
חשמל - מידות
 10
17657.5000
 20
-12565.0000
 30
0.0000
 11
17657.5000
 21
-12071.0000
 31
0.0000
  0
SOLID
  5
61C
  8
חשמל - מידות
 10
17657.5000
 20
-12565.0000
 30
0.0000
 11
17689.5000
 21
-12680.0000
 31
0.0000
 12
17625.5000
 22
-12680.0000
 32
0.0000
 13
17625.5000
 23
-12680.0000
 33
0.0000
  0
SOLID
  5
61D
  8
חשמל - מידות
 10
17657.5000
 20
-12071.0000
 30
0.0000
 11
17689.5000
 21
-11956.0000
 31
0.0000
 12
17625.5000
 22
-11956.0000
 32
0.0000
 13
17625.5000
 23
-11956.0000
 33
0.0000
  0
TEXT
  5
61E
  8
חשמל - מידות
 10
17752.5000
 20
-12318.0000
 30
0.0000
 40
100.0000
  1
49.4
 50
90.0000
  7
SOLINE
 72
1
 73
2
 11
17752.5000
 21
-12318.0000
 31
0.0000
  0
LINE
  5
61F
  8
חשמל
 10
19921.0000
 20
-10530.0000
 30
0.0000
 11
19941.0000
 21
-10530.0000
 31
0.0000
  0
LINE
  5
620
  8
חשמל
 10
19941.0000
 20
-10530.0000
 30
0.0000
 11
19941.0000
 21
-10510.0000
 31
0.0000
  0
LINE
  5
621
  8
חשמל
 10
19941.0000
 20
-10510.0000
 30
0.0000
 11
19921.0000
 21
-10510.0000
 31
0.0000
  0
LINE
  5
622
  8
חשמל
 10
19921.0000
 20
-10510.0000
 30
0.0000
 11
19921.0000
 21
-10530.0000
 31
0.0000
  0
LINE
  5
623
  8
חשמל
 10
19931.0000
 20
-10530.0000
 30
0.0000
 11
19931.0000
 21
-10514.4000
 31
0.0000
  0
ARC
  5
624
  8
חשמל
 10
19931.0000
 20
-10520.4000
 30
0.0000
 40
6.4000
 50
0.0000
 51
360.0000
  0
LINE
  5
625
  8
חשמל
 10
19931.0000
 20
-10520.4000
 30
0.0000
 11
19926.6000
 21
-10516.0000
 31
0.0000
  0
LINE
  5
626
  8
חשמל
 10
19931.0000
 20
-10520.4000
 30
0.0000
 11
19935.4000
 21
-10516.0000
 31
0.0000
  0
LINE
  5
627
  8
חשמל
 10
19931.0000
 20
-10520.4000
 30
0.0000
 11
19926.6000
 21
-10524.8000
 31
0.0000
  0
LINE
  5
628
  8
חשמל
 10
19931.0000
 20
-10520.4000
 30
0.0000
 11
19935.4000
 21
-10524.8000
 31
0.0000
  0
LINE
  5
629
  8
חשמל - מידות
 10
20581.0000
 20
-12525.0000
 30
0.0000
 11
20581.0000
 21
-7842.5000
 31
0.0000
  0
LINE
  5
62A
  8
חשמל - מידות
 10
19931.0000
 20
-12525.0000
 30
0.0000
 11
19931.0000
 21
-7842.5000
 31
0.0000
  0
LINE
  5
62B
  8
חשמל - מידות
 10
20581.0000
 20
-7902.5000
 30
0.0000
 11
19931.0000
 21
-7902.5000
 31
0.0000
  0
SOLID
  5
62C
  8
חשמל - מידות
 10
20581.0000
 20
-7902.5000
 30
0.0000
 11
20696.0000
 21
-7870.5000
 31
0.0000
 12
20696.0000
 22
-7934.5000
 32
0.0000
 13
20696.0000
 23
-7934.5000
 33
0.0000
  0
SOLID
  5
62D
  8
חשמל - מידות
 10
19931.0000
 20
-7902.5000
 30
0.0000
 11
19816.0000
 21
-7870.5000
 31
0.0000
 12
19816.0000
 22
-7934.5000
 32
0.0000
 13
19816.0000
 23
-7934.5000
 33
0.0000
  0
TEXT
  5
62E
  8
חשמל - מידות
 10
20256.0000
 20
-7807.5000
 30
0.0000
 40
100.0000
  1
65
 50
360.0000
  7
SOLINE
 72
1
 73
2
 11
20256.0000
 21
-7807.5000
 31
0.0000
  0
LINE
  5
62F
  8
חשמל - מידות
 10
19891.0000
 20
-12565.0000
 30
0.0000
 11
19673.5000
 21
-12565.0000
 31
0.0000
  0
LINE
  5
630
  8
חשמל - מידות
 10
19891.0000
 20
-10520.0000
 30
0.0000
 11
19673.5000
 21
-10520.0000
 31
0.0000
  0
LINE
  5
631
  8
חשמל - מידות
 10
19733.5000
 20
-12565.0000
 30
0.0000
 11
19733.5000
 21
-10520.0000
 31
0.0000
  0
SOLID
  5
632
  8
חשמל - מידות
 10
19733.5000
 20
-12565.0000
 30
0.0000
 11
19701.5000
 21
-12680.0000
 31
0.0000
 12
19765.5000
 22
-12680.0000
 32
0.0000
 13
19765.5000
 23
-12680.0000
 33
0.0000
  0
SOLID
  5
633
  8
חשמל - מידות
 10
19733.5000
 20
-10520.0000
 30
0.0000
 11
19701.5000
 21
-10405.0000
 31
0.0000
 12
19765.5000
 22
-10405.0000
 32
0.0000
 13
19765.5000
 23
-10405.0000
 33
0.0000
  0
TEXT
  5
634
  8
חשמל - מידות
 10
19638.5000
 20
-11542.5000
 30
0.0000
 40
100.0000
  1
204.5
 50
90.0000
  7
SOLINE
 72
1
 73
2
 11
19638.5000
 21
-11542.5000
 31
0.0000
  0
LINE
  5
635
  8
תאורה
 10
14725.0000
 20
-9825.0000
 30
0.0000
 11
14825.0000
 21
-9825.0000
 31
0.0000
  0
LINE
  5
636
  8
תאורה
 10
14825.0000
 20
-9825.0000
 30
0.0000
 11
14825.0000
 21
-9795.0000
 31
0.0000
  0
LINE
  5
637
  8
תאורה
 10
14825.0000
 20
-9795.0000
 30
0.0000
 11
14725.0000
 21
-9795.0000
 31
0.0000
  0
LINE
  5
638
  8
תאורה
 10
14725.0000
 20
-9795.0000
 30
0.0000
 11
14725.0000
 21
-9825.0000
 31
0.0000
  0
LINE
  5
639
  8
תאורה
 10
14805.0000
 20
-9810.0000
 30
0.0000
 11
14804.4236
 21
-9811.7558
 31
0.0000
  0
LINE
  5
63A
  8
תאורה
 10
14804.4236
 20
-9811.7558
 30
0.0000
 11
14802.7164
 21
-9813.4442
 31
0.0000
  0
LINE
  5
63B
  8
תאורה
 10
14802.7164
 20
-9813.4442
 30
0.0000
 11
14799.9441
 21
-9815.0001
 31
0.0000
  0
LINE
  5
63C
  8
תאורה
 10
14799.9441
 20
-9815.0001
 30
0.0000
 11
14796.2132
 21
-9816.3640
 31
0.0000
  0
LINE
  5
63D
  8
תאורה
 10
14796.2132
 20
-9816.3640
 30
0.0000
 11
14791.6671
 21
-9817.4832
 31
0.0000
  0
LINE
  5
63E
  8
תאורה
 10
14791.6671
 20
-9817.4832
 30
0.0000
 11
14786.4805
 21
-9818.3149
 31
0.0000
  0
LINE
  5
63F
  8
תאורה
 10
14786.4805
 20
-9818.3149
 30
0.0000
 11
14780.8527
 21
-9818.8271
 31
0.0000
  0
LINE
  5
640
  8
תאורה
 10
14780.8527
 20
-9818.8271
 30
0.0000
 11
14775.0000
 21
-9819.0000
 31
0.0000
  0
LINE
  5
641
  8
תאורה
 10
14775.0000
 20
-9819.0000
 30
0.0000
 11
14769.1473
 21
-9818.8271
 31
0.0000
  0
LINE
  5
642
  8
תאורה
 10
14769.1473
 20
-9818.8271
 30
0.0000
 11
14763.5195
 21
-9818.3149
 31
0.0000
  0
LINE
  5
643
  8
תאורה
 10
14763.5195
 20
-9818.3149
 30
0.0000
 11
14758.3329
 21
-9817.4832
 31
0.0000
  0
LINE
  5
644
  8
תאורה
 10
14758.3329
 20
-9817.4832
 30
0.0000
 11
14753.7868
 21
-9816.3640
 31
0.0000
  0
LINE
  5
645
  8
תאורה
 10
14753.7868
 20
-9816.3640
 30
0.0000
 11
14750.0559
 21
-9815.0001
 31
0.0000
  0
LINE
  5
646
  8
תאורה
 10
14750.0559
 20
-9815.0001
 30
0.0000
 11
14747.2836
 21
-9813.4442
 31
0.0000
  0
LINE
  5
647
  8
תאורה
 10
14747.2836
 20
-9813.4442
 30
0.0000
 11
14745.5764
 21
-9811.7558
 31
0.0000
  0
LINE
  5
648
  8
תאורה
 10
14745.5764
 20
-9811.7558
 30
0.0000
 11
14745.0000
 21
-9810.0000
 31
0.0000
  0
LINE
  5
649
  8
תאורה
 10
14745.0000
 20
-9810.0000
 30
0.0000
 11
14745.5764
 21
-9808.2442
 31
0.0000
  0
LINE
  5
64A
  8
תאורה
 10
14745.5764
 20
-9808.2442
 30
0.0000
 11
14747.2836
 21
-9806.5558
 31
0.0000
  0
LINE
  5
64B
  8
תאורה
 10
14747.2836
 20
-9806.5558
 30
0.0000
 11
14750.0559
 21
-9804.9999
 31
0.0000
  0
LINE
  5
64C
  8
תאורה
 10
14750.0559
 20
-9804.9999
 30
0.0000
 11
14753.7868
 21
-9803.6360
 31
0.0000
  0
LINE
  5
64D
  8
תאורה
 10
14753.7868
 20
-9803.6360
 30
0.0000
 11
14758.3329
 21
-9802.5168
 31
0.0000
  0
LINE
  5
64E
  8
תאורה
 10
14758.3329
 20
-9802.5168
 30
0.0000
 11
14763.5195
 21
-9801.6851
 31
0.0000
  0
LINE
  5
64F
  8
תאורה
 10
14763.5195
 20
-9801.6851
 30
0.0000
 11
14769.1473
 21
-9801.1729
 31
0.0000
  0
LINE
  5
650
  8
תאורה
 10
14769.1473
 20
-9801.1729
 30
0.0000
 11
14775.0000
 21
-9801.0000
 31
0.0000
  0
LINE
  5
651
  8
תאורה
 10
14775.0000
 20
-9801.0000
 30
0.0000
 11
14780.8527
 21
-9801.1729
 31
0.0000
  0
LINE
  5
652
  8
תאורה
 10
14780.8527
 20
-9801.1729
 30
0.0000
 11
14786.4805
 21
-9801.6851
 31
0.0000
  0
LINE
  5
653
  8
תאורה
 10
14786.4805
 20
-9801.6851
 30
0.0000
 11
14791.6671
 21
-9802.5168
 31
0.0000
  0
LINE
  5
654
  8
תאורה
 10
14791.6671
 20
-9802.5168
 30
0.0000
 11
14796.2132
 21
-9803.6360
 31
0.0000
  0
LINE
  5
655
  8
תאורה
 10
14796.2132
 20
-9803.6360
 30
0.0000
 11
14799.9441
 21
-9804.9999
 31
0.0000
  0
LINE
  5
656
  8
תאורה
 10
14799.9441
 20
-9804.9999
 30
0.0000
 11
14802.7164
 21
-9806.5558
 31
0.0000
  0
LINE
  5
657
  8
תאורה
 10
14802.7164
 20
-9806.5558
 30
0.0000
 11
14804.4236
 21
-9808.2442
 31
0.0000
  0
LINE
  5
658
  8
תאורה
 10
14804.4236
 20
-9808.2442
 30
0.0000
 11
14805.0000
 21
-9810.0000
 31
0.0000
  0
LINE
  5
659
  8
תאורה
 10
14754.0000
 20
-9803.7000
 30
0.0000
 11
14796.0000
 21
-9816.3000
 31
0.0000
  0
LINE
  5
65A
  8
תאורה
 10
14796.0000
 20
-9803.7000
 30
0.0000
 11
14754.0000
 21
-9816.3000
 31
0.0000
  0
LINE
  5
65B
  8
תאורה - מידות
 10
12702.0000
 20
-12605.0000
 30
0.0000
 11
12702.0000
 21
-17637.5000
 31
0.0000
  0
LINE
  5
65C
  8
תאורה - מידות
 10
14775.0000
 20
-12605.0000
 30
0.0000
 11
14775.0000
 21
-17637.5000
 31
0.0000
  0
LINE
  5
65D
  8
תאורה - מידות
 10
12702.0000
 20
-17577.5000
 30
0.0000
 11
14775.0000
 21
-17577.5000
 31
0.0000
  0
SOLID
  5
65E
  8
תאורה - מידות
 10
12702.0000
 20
-17577.5000
 30
0.0000
 11
12587.0000
 21
-17609.5000
 31
0.0000
 12
12587.0000
 22
-17545.5000
 32
0.0000
 13
12587.0000
 23
-17545.5000
 33
0.0000
  0
SOLID
  5
65F
  8
תאורה - מידות
 10
14775.0000
 20
-17577.5000
 30
0.0000
 11
14890.0000
 21
-17609.5000
 31
0.0000
 12
14890.0000
 22
-17545.5000
 32
0.0000
 13
14890.0000
 23
-17545.5000
 33
0.0000
  0
TEXT
  5
660
  8
תאורה - מידות
 10
13738.5000
 20
-17672.5000
 30
0.0000
 40
100.0000
  1
207.3
 50
0.0000
  7
SOLINE
 72
1
 73
2
 11
13738.5000
 21
-17672.5000
 31
0.0000
  0
LINE
  5
661
  8
תאורה - מידות
 10
14815.0000
 20
-12565.0000
 30
0.0000
 11
15072.5000
 21
-12565.0000
 31
0.0000
  0
LINE
  5
662
  8
תאורה - מידות
 10
14815.0000
 20
-9810.0000
 30
0.0000
 11
15072.5000
 21
-9810.0000
 31
0.0000
  0
LINE
  5
663
  8
תאורה - מידות
 10
15012.5000
 20
-12565.0000
 30
0.0000
 11
15012.5000
 21
-9810.0000
 31
0.0000
  0
SOLID
  5
664
  8
תאורה - מידות
 10
15012.5000
 20
-12565.0000
 30
0.0000
 11
15044.5000
 21
-12680.0000
 31
0.0000
 12
14980.5000
 22
-12680.0000
 32
0.0000
 13
14980.5000
 23
-12680.0000
 33
0.0000
  0
SOLID
  5
665
  8
תאורה - מידות
 10
15012.5000
 20
-9810.0000
 30
0.0000
 11
15044.5000
 21
-9695.0000
 31
0.0000
 12
14980.5000
 22
-9695.0000
 32
0.0000
 13
14980.5000
 23
-9695.0000
 33
0.0000
  0
TEXT
  5
666
  8
תאורה - מידות
 10
15107.5000
 20
-11187.5000
 30
0.0000
 40
100.0000
  1
275.5
 50
90.0000
  7
SOLINE
 72
1
 73
2
 11
15107.5000
 21
-11187.5000
 31
0.0000
  0
LINE
  5
667
  8
תאורה
 10
14789.0000
 20
-9825.0000
 30
0.0000
 11
14889.0000
 21
-9825.0000
 31
0.0000
  0
LINE
  5
668
  8
תאורה
 10
14889.0000
 20
-9825.0000
 30
0.0000
 11
14889.0000
 21
-9795.0000
 31
0.0000
  0
LINE
  5
669
  8
תאורה
 10
14889.0000
 20
-9795.0000
 30
0.0000
 11
14789.0000
 21
-9795.0000
 31
0.0000
  0
LINE
  5
66A
  8
תאורה
 10
14789.0000
 20
-9795.0000
 30
0.0000
 11
14789.0000
 21
-9825.0000
 31
0.0000
  0
LINE
  5
66B
  8
תאורה
 10
14869.0000
 20
-9810.0000
 30
0.0000
 11
14868.4236
 21
-9811.7558
 31
0.0000
  0
LINE
  5
66C
  8
תאורה
 10
14868.4236
 20
-9811.7558
 30
0.0000
 11
14866.7164
 21
-9813.4442
 31
0.0000
  0
LINE
  5
66D
  8
תאורה
 10
14866.7164
 20
-9813.4442
 30
0.0000
 11
14863.9441
 21
-9815.0001
 31
0.0000
  0
LINE
  5
66E
  8
תאורה
 10
14863.9441
 20
-9815.0001
 30
0.0000
 11
14860.2132
 21
-9816.3640
 31
0.0000
  0
LINE
  5
66F
  8
תאורה
 10
14860.2132
 20
-9816.3640
 30
0.0000
 11
14855.6671
 21
-9817.4832
 31
0.0000
  0
LINE
  5
670
  8
תאורה
 10
14855.6671
 20
-9817.4832
 30
0.0000
 11
14850.4805
 21
-9818.3149
 31
0.0000
  0
LINE
  5
671
  8
תאורה
 10
14850.4805
 20
-9818.3149
 30
0.0000
 11
14844.8527
 21
-9818.8271
 31
0.0000
  0
LINE
  5
672
  8
תאורה
 10
14844.8527
 20
-9818.8271
 30
0.0000
 11
14839.0000
 21
-9819.0000
 31
0.0000
  0
LINE
  5
673
  8
תאורה
 10
14839.0000
 20
-9819.0000
 30
0.0000
 11
14833.1473
 21
-9818.8271
 31
0.0000
  0
LINE
  5
674
  8
תאורה
 10
14833.1473
 20
-9818.8271
 30
0.0000
 11
14827.5195
 21
-9818.3149
 31
0.0000
  0
LINE
  5
675
  8
תאורה
 10
14827.5195
 20
-9818.3149
 30
0.0000
 11
14822.3329
 21
-9817.4832
 31
0.0000
  0
LINE
  5
676
  8
תאורה
 10
14822.3329
 20
-9817.4832
 30
0.0000
 11
14817.7868
 21
-9816.3640
 31
0.0000
  0
LINE
  5
677
  8
תאורה
 10
14817.7868
 20
-9816.3640
 30
0.0000
 11
14814.0559
 21
-9815.0001
 31
0.0000
  0
LINE
  5
678
  8
תאורה
 10
14814.0559
 20
-9815.0001
 30
0.0000
 11
14811.2836
 21
-9813.4442
 31
0.0000
  0
LINE
  5
679
  8
תאורה
 10
14811.2836
 20
-9813.4442
 30
0.0000
 11
14809.5764
 21
-9811.7558
 31
0.0000
  0
LINE
  5
67A
  8
תאורה
 10
14809.5764
 20
-9811.7558
 30
0.0000
 11
14809.0000
 21
-9810.0000
 31
0.0000
  0
LINE
  5
67B
  8
תאורה
 10
14809.0000
 20
-9810.0000
 30
0.0000
 11
14809.5764
 21
-9808.2442
 31
0.0000
  0
LINE
  5
67C
  8
תאורה
 10
14809.5764
 20
-9808.2442
 30
0.0000
 11
14811.2836
 21
-9806.5558
 31
0.0000
  0
LINE
  5
67D
  8
תאורה
 10
14811.2836
 20
-9806.5558
 30
0.0000
 11
14814.0559
 21
-9804.9999
 31
0.0000
  0
LINE
  5
67E
  8
תאורה
 10
14814.0559
 20
-9804.9999
 30
0.0000
 11
14817.7868
 21
-9803.6360
 31
0.0000
  0
LINE
  5
67F
  8
תאורה
 10
14817.7868
 20
-9803.6360
 30
0.0000
 11
14822.3329
 21
-9802.5168
 31
0.0000
  0
LINE
  5
680
  8
תאורה
 10
14822.3329
 20
-9802.5168
 30
0.0000
 11
14827.5195
 21
-9801.6851
 31
0.0000
  0
LINE
  5
681
  8
תאורה
 10
14827.5195
 20
-9801.6851
 30
0.0000
 11
14833.1473
 21
-9801.1729
 31
0.0000
  0
LINE
  5
682
  8
תאורה
 10
14833.1473
 20
-9801.1729
 30
0.0000
 11
14839.0000
 21
-9801.0000
 31
0.0000
  0
LINE
  5
683
  8
תאורה
 10
14839.0000
 20
-9801.0000
 30
0.0000
 11
14844.8527
 21
-9801.1729
 31
0.0000
  0
LINE
  5
684
  8
תאורה
 10
14844.8527
 20
-9801.1729
 30
0.0000
 11
14850.4805
 21
-9801.6851
 31
0.0000
  0
LINE
  5
685
  8
תאורה
 10
14850.4805
 20
-9801.6851
 30
0.0000
 11
14855.6671
 21
-9802.5168
 31
0.0000
  0
LINE
  5
686
  8
תאורה
 10
14855.6671
 20
-9802.5168
 30
0.0000
 11
14860.2132
 21
-9803.6360
 31
0.0000
  0
LINE
  5
687
  8
תאורה
 10
14860.2132
 20
-9803.6360
 30
0.0000
 11
14863.9441
 21
-9804.9999
 31
0.0000
  0
LINE
  5
688
  8
תאורה
 10
14863.9441
 20
-9804.9999
 30
0.0000
 11
14866.7164
 21
-9806.5558
 31
0.0000
  0
LINE
  5
689
  8
תאורה
 10
14866.7164
 20
-9806.5558
 30
0.0000
 11
14868.4236
 21
-9808.2442
 31
0.0000
  0
LINE
  5
68A
  8
תאורה
 10
14868.4236
 20
-9808.2442
 30
0.0000
 11
14869.0000
 21
-9810.0000
 31
0.0000
  0
LINE
  5
68B
  8
תאורה
 10
14818.0000
 20
-9803.7000
 30
0.0000
 11
14860.0000
 21
-9816.3000
 31
0.0000
  0
LINE
  5
68C
  8
תאורה
 10
14860.0000
 20
-9803.7000
 30
0.0000
 11
14818.0000
 21
-9816.3000
 31
0.0000
  0
LINE
  5
68D
  8
תאורה - מידות
 10
12702.0000
 20
-12605.0000
 30
0.0000
 11
12702.0000
 21
-17987.5000
 31
0.0000
  0
LINE
  5
68E
  8
תאורה - מידות
 10
14839.0000
 20
-12605.0000
 30
0.0000
 11
14839.0000
 21
-17987.5000
 31
0.0000
  0
LINE
  5
68F
  8
תאורה - מידות
 10
12702.0000
 20
-17927.5000
 30
0.0000
 11
14839.0000
 21
-17927.5000
 31
0.0000
  0
SOLID
  5
690
  8
תאורה - מידות
 10
12702.0000
 20
-17927.5000
 30
0.0000
 11
12587.0000
 21
-17959.5000
 31
0.0000
 12
12587.0000
 22
-17895.5000
 32
0.0000
 13
12587.0000
 23
-17895.5000
 33
0.0000
  0
SOLID
  5
691
  8
תאורה - מידות
 10
14839.0000
 20
-17927.5000
 30
0.0000
 11
14954.0000
 21
-17959.5000
 31
0.0000
 12
14954.0000
 22
-17895.5000
 32
0.0000
 13
14954.0000
 23
-17895.5000
 33
0.0000
  0
TEXT
  5
692
  8
תאורה - מידות
 10
13770.5000
 20
-18022.5000
 30
0.0000
 40
100.0000
  1
213.7
 50
0.0000
  7
SOLINE
 72
1
 73
2
 11
13770.5000
 21
-18022.5000
 31
0.0000
  0
LINE
  5
693
  8
תאורה - מידות
 10
14799.0000
 20
-12565.0000
 30
0.0000
 11
14541.5000
 21
-12565.0000
 31
0.0000
  0
LINE
  5
694
  8
תאורה - מידות
 10
14799.0000
 20
-9810.0000
 30
0.0000
 11
14541.5000
 21
-9810.0000
 31
0.0000
  0
LINE
  5
695
  8
תאורה - מידות
 10
14601.5000
 20
-12565.0000
 30
0.0000
 11
14601.5000
 21
-9810.0000
 31
0.0000
  0
SOLID
  5
696
  8
תאורה - מידות
 10
14601.5000
 20
-12565.0000
 30
0.0000
 11
14569.5000
 21
-12680.0000
 31
0.0000
 12
14633.5000
 22
-12680.0000
 32
0.0000
 13
14633.5000
 23
-12680.0000
 33
0.0000
  0
SOLID
  5
697
  8
תאורה - מידות
 10
14601.5000
 20
-9810.0000
 30
0.0000
 11
14569.5000
 21
-9695.0000
 31
0.0000
 12
14633.5000
 22
-9695.0000
 32
0.0000
 13
14633.5000
 23
-9695.0000
 33
0.0000
  0
TEXT
  5
698
  8
תאורה - מידות
 10
14506.5000
 20
-11187.5000
 30
0.0000
 40
100.0000
  1
275.5
 50
90.0000
  7
SOLINE
 72
1
 73
2
 11
14506.5000
 21
-11187.5000
 31
0.0000
  0
LINE
  5
699
  8
תאורה
 10
18403.0000
 20
-9825.0000
 30
0.0000
 11
18503.0000
 21
-9825.0000
 31
0.0000
  0
LINE
  5
69A
  8
תאורה
 10
18503.0000
 20
-9825.0000
 30
0.0000
 11
18503.0000
 21
-9795.0000
 31
0.0000
  0
LINE
  5
69B
  8
תאורה
 10
18503.0000
 20
-9795.0000
 30
0.0000
 11
18403.0000
 21
-9795.0000
 31
0.0000
  0
LINE
  5
69C
  8
תאורה
 10
18403.0000
 20
-9795.0000
 30
0.0000
 11
18403.0000
 21
-9825.0000
 31
0.0000
  0
LINE
  5
69D
  8
תאורה
 10
18483.0000
 20
-9810.0000
 30
0.0000
 11
18482.4236
 21
-9811.7558
 31
0.0000
  0
LINE
  5
69E
  8
תאורה
 10
18482.4236
 20
-9811.7558
 30
0.0000
 11
18480.7164
 21
-9813.4442
 31
0.0000
  0
LINE
  5
69F
  8
תאורה
 10
18480.7164
 20
-9813.4442
 30
0.0000
 11
18477.9441
 21
-9815.0001
 31
0.0000
  0
LINE
  5
6A0
  8
תאורה
 10
18477.9441
 20
-9815.0001
 30
0.0000
 11
18474.2132
 21
-9816.3640
 31
0.0000
  0
LINE
  5
6A1
  8
תאורה
 10
18474.2132
 20
-9816.3640
 30
0.0000
 11
18469.6671
 21
-9817.4832
 31
0.0000
  0
LINE
  5
6A2
  8
תאורה
 10
18469.6671
 20
-9817.4832
 30
0.0000
 11
18464.4805
 21
-9818.3149
 31
0.0000
  0
LINE
  5
6A3
  8
תאורה
 10
18464.4805
 20
-9818.3149
 30
0.0000
 11
18458.8527
 21
-9818.8271
 31
0.0000
  0
LINE
  5
6A4
  8
תאורה
 10
18458.8527
 20
-9818.8271
 30
0.0000
 11
18453.0000
 21
-9819.0000
 31
0.0000
  0
LINE
  5
6A5
  8
תאורה
 10
18453.0000
 20
-9819.0000
 30
0.0000
 11
18447.1473
 21
-9818.8271
 31
0.0000
  0
LINE
  5
6A6
  8
תאורה
 10
18447.1473
 20
-9818.8271
 30
0.0000
 11
18441.5195
 21
-9818.3149
 31
0.0000
  0
LINE
  5
6A7
  8
תאורה
 10
18441.5195
 20
-9818.3149
 30
0.0000
 11
18436.3329
 21
-9817.4832
 31
0.0000
  0
LINE
  5
6A8
  8
תאורה
 10
18436.3329
 20
-9817.4832
 30
0.0000
 11
18431.7868
 21
-9816.3640
 31
0.0000
  0
LINE
  5
6A9
  8
תאורה
 10
18431.7868
 20
-9816.3640
 30
0.0000
 11
18428.0559
 21
-9815.0001
 31
0.0000
  0
LINE
  5
6AA
  8
תאורה
 10
18428.0559
 20
-9815.0001
 30
0.0000
 11
18425.2836
 21
-9813.4442
 31
0.0000
  0
LINE
  5
6AB
  8
תאורה
 10
18425.2836
 20
-9813.4442
 30
0.0000
 11
18423.5764
 21
-9811.7558
 31
0.0000
  0
LINE
  5
6AC
  8
תאורה
 10
18423.5764
 20
-9811.7558
 30
0.0000
 11
18423.0000
 21
-9810.0000
 31
0.0000
  0
LINE
  5
6AD
  8
תאורה
 10
18423.0000
 20
-9810.0000
 30
0.0000
 11
18423.5764
 21
-9808.2442
 31
0.0000
  0
LINE
  5
6AE
  8
תאורה
 10
18423.5764
 20
-9808.2442
 30
0.0000
 11
18425.2836
 21
-9806.5558
 31
0.0000
  0
LINE
  5
6AF
  8
תאורה
 10
18425.2836
 20
-9806.5558
 30
0.0000
 11
18428.0559
 21
-9804.9999
 31
0.0000
  0
LINE
  5
6B0
  8
תאורה
 10
18428.0559
 20
-9804.9999
 30
0.0000
 11
18431.7868
 21
-9803.6360
 31
0.0000
  0
LINE
  5
6B1
  8
תאורה
 10
18431.7868
 20
-9803.6360
 30
0.0000
 11
18436.3329
 21
-9802.5168
 31
0.0000
  0
LINE
  5
6B2
  8
תאורה
 10
18436.3329
 20
-9802.5168
 30
0.0000
 11
18441.5195
 21
-9801.6851
 31
0.0000
  0
LINE
  5
6B3
  8
תאורה
 10
18441.5195
 20
-9801.6851
 30
0.0000
 11
18447.1473
 21
-9801.1729
 31
0.0000
  0
LINE
  5
6B4
  8
תאורה
 10
18447.1473
 20
-9801.1729
 30
0.0000
 11
18453.0000
 21
-9801.0000
 31
0.0000
  0
LINE
  5
6B5
  8
תאורה
 10
18453.0000
 20
-9801.0000
 30
0.0000
 11
18458.8527
 21
-9801.1729
 31
0.0000
  0
LINE
  5
6B6
  8
תאורה
 10
18458.8527
 20
-9801.1729
 30
0.0000
 11
18464.4805
 21
-9801.6851
 31
0.0000
  0
LINE
  5
6B7
  8
תאורה
 10
18464.4805
 20
-9801.6851
 30
0.0000
 11
18469.6671
 21
-9802.5168
 31
0.0000
  0
LINE
  5
6B8
  8
תאורה
 10
18469.6671
 20
-9802.5168
 30
0.0000
 11
18474.2132
 21
-9803.6360
 31
0.0000
  0
LINE
  5
6B9
  8
תאורה
 10
18474.2132
 20
-9803.6360
 30
0.0000
 11
18477.9441
 21
-9804.9999
 31
0.0000
  0
LINE
  5
6BA
  8
תאורה
 10
18477.9441
 20
-9804.9999
 30
0.0000
 11
18480.7164
 21
-9806.5558
 31
0.0000
  0
LINE
  5
6BB
  8
תאורה
 10
18480.7164
 20
-9806.5558
 30
0.0000
 11
18482.4236
 21
-9808.2442
 31
0.0000
  0
LINE
  5
6BC
  8
תאורה
 10
18482.4236
 20
-9808.2442
 30
0.0000
 11
18483.0000
 21
-9810.0000
 31
0.0000
  0
LINE
  5
6BD
  8
תאורה
 10
18432.0000
 20
-9803.7000
 30
0.0000
 11
18474.0000
 21
-9816.3000
 31
0.0000
  0
LINE
  5
6BE
  8
תאורה
 10
18474.0000
 20
-9803.7000
 30
0.0000
 11
18432.0000
 21
-9816.3000
 31
0.0000
  0
LINE
  5
6BF
  8
תאורה - מידות
 10
20581.0000
 20
-12525.0000
 30
0.0000
 11
20581.0000
 21
-6792.5000
 31
0.0000
  0
LINE
  5
6C0
  8
תאורה - מידות
 10
18453.0000
 20
-12525.0000
 30
0.0000
 11
18453.0000
 21
-6792.5000
 31
0.0000
  0
LINE
  5
6C1
  8
תאורה - מידות
 10
20581.0000
 20
-6852.5000
 30
0.0000
 11
18453.0000
 21
-6852.5000
 31
0.0000
  0
SOLID
  5
6C2
  8
תאורה - מידות
 10
20581.0000
 20
-6852.5000
 30
0.0000
 11
20696.0000
 21
-6820.5000
 31
0.0000
 12
20696.0000
 22
-6884.5000
 32
0.0000
 13
20696.0000
 23
-6884.5000
 33
0.0000
  0
SOLID
  5
6C3
  8
תאורה - מידות
 10
18453.0000
 20
-6852.5000
 30
0.0000
 11
18338.0000
 21
-6820.5000
 31
0.0000
 12
18338.0000
 22
-6884.5000
 32
0.0000
 13
18338.0000
 23
-6884.5000
 33
0.0000
  0
TEXT
  5
6C4
  8
תאורה - מידות
 10
19517.0000
 20
-6757.5000
 30
0.0000
 40
100.0000
  1
212.8
 50
360.0000
  7
SOLINE
 72
1
 73
2
 11
19517.0000
 21
-6757.5000
 31
0.0000
  0
LINE
  5
6C5
  8
תאורה - מידות
 10
18493.0000
 20
-12565.0000
 30
0.0000
 11
18750.5000
 21
-12565.0000
 31
0.0000
  0
LINE
  5
6C6
  8
תאורה - מידות
 10
18493.0000
 20
-9810.0000
 30
0.0000
 11
18750.5000
 21
-9810.0000
 31
0.0000
  0
LINE
  5
6C7
  8
תאורה - מידות
 10
18690.5000
 20
-12565.0000
 30
0.0000
 11
18690.5000
 21
-9810.0000
 31
0.0000
  0
SOLID
  5
6C8
  8
תאורה - מידות
 10
18690.5000
 20
-12565.0000
 30
0.0000
 11
18722.5000
 21
-12680.0000
 31
0.0000
 12
18658.5000
 22
-12680.0000
 32
0.0000
 13
18658.5000
 23
-12680.0000
 33
0.0000
  0
SOLID
  5
6C9
  8
תאורה - מידות
 10
18690.5000
 20
-9810.0000
 30
0.0000
 11
18722.5000
 21
-9695.0000
 31
0.0000
 12
18658.5000
 22
-9695.0000
 32
0.0000
 13
18658.5000
 23
-9695.0000
 33
0.0000
  0
TEXT
  5
6CA
  8
תאורה - מידות
 10
18785.5000
 20
-11187.5000
 30
0.0000
 40
100.0000
  1
275.5
 50
90.0000
  7
SOLINE
 72
1
 73
2
 11
18785.5000
 21
-11187.5000
 31
0.0000
  0
LINE
  5
6CB
  8
חלונות
 10
12804.0000
 20
-11494.0000
 30
0.0000
 11
14072.0000
 21
-11494.0000
 31
0.0000
  0
LINE
  5
6CC
  8
חלונות
 10
14072.0000
 20
-11494.0000
 30
0.0000
 11
14072.0000
 21
-10174.0000
 31
0.0000
  0
LINE
  5
6CD
  8
חלונות
 10
14072.0000
 20
-10174.0000
 30
0.0000
 11
12804.0000
 21
-10174.0000
 31
0.0000
  0
LINE
  5
6CE
  8
חלונות
 10
12804.0000
 20
-10174.0000
 30
0.0000
 11
12804.0000
 21
-11494.0000
 31
0.0000
  0
LINE
  5
6CF
  8
חלונות
 10
12804.0000
 20
-10649.2000
 30
0.0000
 11
14072.0000
 21
-10649.2000
 31
0.0000
  0
LINE
  5
6D0
  8
חלונות
 10
14072.0000
 20
-10649.2000
 30
0.0000
 11
14072.0000
 21
-11018.8000
 31
0.0000
  0
LINE
  5
6D1
  8
חלונות
 10
14072.0000
 20
-11018.8000
 30
0.0000
 11
12804.0000
 21
-11018.8000
 31
0.0000
  0
LINE
  5
6D2
  8
חלונות
 10
12804.0000
 20
-11018.8000
 30
0.0000
 11
12804.0000
 21
-10649.2000
 31
0.0000
  0
LINE
  5
6D3
  8
חלונות
 10
12804.0000
 20
-10774.8640
 30
0.0000
 11
14072.0000
 21
-10774.8640
 31
0.0000
  0
LINE
  5
6D4
  8
חלונות
 10
12804.0000
 20
-10893.1360
 30
0.0000
 11
14072.0000
 21
-10893.1360
 31
0.0000
  0
LINE
  5
6D5
  8
חלונות - מידות
 10
12702.0000
 20
-12605.0000
 30
0.0000
 11
12702.0000
 21
-18687.5000
 31
0.0000
  0
LINE
  5
6D6
  8
חלונות - מידות
 10
12804.0000
 20
-12605.0000
 30
0.0000
 11
12804.0000
 21
-18687.5000
 31
0.0000
  0
LINE
  5
6D7
  8
חלונות - מידות
 10
12702.0000
 20
-18627.5000
 30
0.0000
 11
12804.0000
 21
-18627.5000
 31
0.0000
  0
SOLID
  5
6D8
  8
חלונות - מידות
 10
12702.0000
 20
-18627.5000
 30
0.0000
 11
12587.0000
 21
-18659.5000
 31
0.0000
 12
12587.0000
 22
-18595.5000
 32
0.0000
 13
12587.0000
 23
-18595.5000
 33
0.0000
  0
SOLID
  5
6D9
  8
חלונות - מידות
 10
12804.0000
 20
-18627.5000
 30
0.0000
 11
12919.0000
 21
-18659.5000
 31
0.0000
 12
12919.0000
 22
-18595.5000
 32
0.0000
 13
12919.0000
 23
-18595.5000
 33
0.0000
  0
TEXT
  5
6DA
  8
חלונות - מידות
 10
12753.0000
 20
-18722.5000
 30
0.0000
 40
100.0000
  1
10.2
 50
0.0000
  7
SOLINE
 72
1
 73
2
 11
12753.0000
 21
-18722.5000
 31
0.0000
  0
LINE
  5
6DB
  8
חלונות - מידות
 10
12804.0000
 20
-10134.0000
 30
0.0000
 11
12804.0000
 21
-9890.5000
 31
0.0000
  0
LINE
  5
6DC
  8
חלונות - מידות
 10
14072.0000
 20
-10134.0000
 30
0.0000
 11
14072.0000
 21
-9890.5000
 31
0.0000
  0
LINE
  5
6DD
  8
חלונות - מידות
 10
12804.0000
 20
-9949.0000
 30
0.0000
 11
14072.0000
 21
-9949.0000
 31
0.0000
  0
SOLID
  5
6DE
  8
חלונות - מידות
 10
12804.0000
 20
-9949.0000
 30
0.0000
 11
12691.8750
 21
-9917.8000
 31
0.0000
 12
12691.8750
 22
-9980.2000
 32
0.0000
 13
12691.8750
 23
-9980.2000
 33
0.0000
  0
SOLID
  5
6DF
  8
חלונות - מידות
 10
14072.0000
 20
-9949.0000
 30
0.0000
 11
14184.1250
 21
-9917.8000
 31
0.0000
 12
14184.1250
 22
-9980.2000
 32
0.0000
 13
14184.1250
 23
-9980.2000
 33
0.0000
  0
TEXT
  5
6E0
  8
חלונות - מידות
 10
13438.0000
 20
-9856.3750
 30
0.0000
 40
97.5000
  1
126.8
 50
0.0000
  7
SOLINE
 72
1
 73
2
 11
13438.0000
 21
-9856.3750
 31
0.0000
  0
LINE
  5
6E1
  8
חלונות - מידות
 10
12764.0000
 20
-12565.0000
 30
0.0000
 11
12558.0000
 21
-12565.0000
 31
0.0000
  0
LINE
  5
6E2
  8
חלונות - מידות
 10
12764.0000
 20
-11494.0000
 30
0.0000
 11
12558.0000
 21
-11494.0000
 31
0.0000
  0
LINE
  5
6E3
  8
חלונות - מידות
 10
12616.5000
 20
-12565.0000
 30
0.0000
 11
12616.5000
 21
-11494.0000
 31
0.0000
  0
SOLID
  5
6E4
  8
חלונות - מידות
 10
12616.5000
 20
-12565.0000
 30
0.0000
 11
12585.3000
 21
-12677.1250
 31
0.0000
 12
12647.7000
 22
-12677.1250
 32
0.0000
 13
12647.7000
 23
-12677.1250
 33
0.0000
  0
SOLID
  5
6E5
  8
חלונות - מידות
 10
12616.5000
 20
-11494.0000
 30
0.0000
 11
12585.3000
 21
-11381.8750
 31
0.0000
 12
12647.7000
 22
-11381.8750
 32
0.0000
 13
12647.7000
 23
-11381.8750
 33
0.0000
  0
TEXT
  5
6E6
  8
חלונות - מידות
 10
12523.8750
 20
-12029.5000
 30
0.0000
 40
97.5000
  1
107.1
 50
90.0000
  7
SOLINE
 72
1
 73
2
 11
12523.8750
 21
-12029.5000
 31
0.0000
  0
LINE
  5
6E7
  8
חלונות - מידות
 10
12764.0000
 20
-11494.0000
 30
0.0000
 11
12220.5000
 21
-11494.0000
 31
0.0000
  0
LINE
  5
6E8
  8
חלונות - מידות
 10
12764.0000
 20
-10174.0000
 30
0.0000
 11
12220.5000
 21
-10174.0000
 31
0.0000
  0
LINE
  5
6E9
  8
חלונות - מידות
 10
12279.0000
 20
-11494.0000
 30
0.0000
 11
12279.0000
 21
-10174.0000
 31
0.0000
  0
SOLID
  5
6EA
  8
חלונות - מידות
 10
12279.0000
 20
-11494.0000
 30
0.0000
 11
12247.8000
 21
-11606.1250
 31
0.0000
 12
12310.2000
 22
-11606.1250
 32
0.0000
 13
12310.2000
 23
-11606.1250
 33
0.0000
  0
SOLID
  5
6EB
  8
חלונות - מידות
 10
12279.0000
 20
-10174.0000
 30
0.0000
 11
12247.8000
 21
-10061.8750
 31
0.0000
 12
12310.2000
 22
-10061.8750
 32
0.0000
 13
12310.2000
 23
-10061.8750
 33
0.0000
  0
TEXT
  5
6EC
  8
חלונות - מידות
 10
12186.3750
 20
-10834.0000
 30
0.0000
 40
97.5000
  1
132
 50
90.0000
  7
SOLINE
 72
1
 73
2
 11
12186.3750
 21
-10834.0000
 31
0.0000
  0
LINE
  5
6ED
  8
חלונות - מידות
 10
14112.0000
 20
-12565.0000
 30
0.0000
 11
14318.0000
 21
-12565.0000
 31
0.0000
  0
LINE
  5
6EE
  8
חלונות - מידות
 10
14112.0000
 20
-10174.0000
 30
0.0000
 11
14318.0000
 21
-10174.0000
 31
0.0000
  0
LINE
  5
6EF
  8
חלונות - מידות
 10
14259.5000
 20
-12565.0000
 30
0.0000
 11
14259.5000
 21
-10174.0000
 31
0.0000
  0
SOLID
  5
6F0
  8
חלונות - מידות
 10
14259.5000
 20
-12565.0000
 30
0.0000
 11
14290.7000
 21
-12677.1250
 31
0.0000
 12
14228.3000
 22
-12677.1250
 32
0.0000
 13
14228.3000
 23
-12677.1250
 33
0.0000
  0
SOLID
  5
6F1
  8
חלונות - מידות
 10
14259.5000
 20
-10174.0000
 30
0.0000
 11
14290.7000
 21
-10061.8750
 31
0.0000
 12
14228.3000
 22
-10061.8750
 32
0.0000
 13
14228.3000
 23
-10061.8750
 33
0.0000
  0
TEXT
  5
6F2
  8
חלונות - מידות
 10
14352.1250
 20
-11369.5000
 30
0.0000
 40
97.5000
  1
239.1
 50
90.0000
  7
SOLINE
 72
1
 73
2
 11
14352.1250
 21
-11369.5000
 31
0.0000
  0
LINE
  5
6F3
  8
חלונות - מידות
 10
14112.0000
 20
-10174.0000
 30
0.0000
 11
14655.5000
 21
-10174.0000
 31
0.0000
  0
LINE
  5
6F4
  8
חלונות - מידות
 10
14112.0000
 20
-9785.0000
 30
0.0000
 11
14655.5000
 21
-9785.0000
 31
0.0000
  0
LINE
  5
6F5
  8
חלונות - מידות
 10
14597.0000
 20
-10174.0000
 30
0.0000
 11
14597.0000
 21
-9785.0000
 31
0.0000
  0
SOLID
  5
6F6
  8
חלונות - מידות
 10
14597.0000
 20
-10174.0000
 30
0.0000
 11
14628.2000
 21
-10286.1250
 31
0.0000
 12
14565.8000
 22
-10286.1250
 32
0.0000
 13
14565.8000
 23
-10286.1250
 33
0.0000
  0
SOLID
  5
6F7
  8
חלונות - מידות
 10
14597.0000
 20
-9785.0000
 30
0.0000
 11
14628.2000
 21
-9672.8750
 31
0.0000
 12
14565.8000
 22
-9672.8750
 32
0.0000
 13
14565.8000
 23
-9672.8750
 33
0.0000
  0
TEXT
  5
6F8
  8
חלונות - מידות
 10
14689.6250
 20
-9979.5000
 30
0.0000
 40
97.5000
  1
38.9
 50
90.0000
  7
SOLINE
 72
1
 73
2
 11
14689.6250
 21
-9979.5000
 31
0.0000
  0
LINE
  5
6F9
  8
חלונות
 10
15212.0000
 20
-12138.0000
 30
0.0000
 11
16580.0000
 21
-12138.0000
 31
0.0000
  0
LINE
  5
6FA
  8
חלונות
 10
16580.0000
 20
-12138.0000
 30
0.0000
 11
16580.0000
 21
-10168.0000
 31
0.0000
  0
LINE
  5
6FB
  8
חלונות
 10
16580.0000
 20
-10168.0000
 30
0.0000
 11
15212.0000
 21
-10168.0000
 31
0.0000
  0
LINE
  5
6FC
  8
חלונות
 10
15212.0000
 20
-10168.0000
 30
0.0000
 11
15212.0000
 21
-12138.0000
 31
0.0000
  0
LINE
  5
6FD
  8
חלונות
 10
15212.0000
 20
-10877.2000
 30
0.0000
 11
16580.0000
 21
-10877.2000
 31
0.0000
  0
LINE
  5
6FE
  8
חלונות
 10
16580.0000
 20
-10877.2000
 30
0.0000
 11
16580.0000
 21
-11428.8000
 31
0.0000
  0
LINE
  5
6FF
  8
חלונות
 10
16580.0000
 20
-11428.8000
 30
0.0000
 11
15212.0000
 21
-11428.8000
 31
0.0000
  0
LINE
  5
700
  8
חלונות
 10
15212.0000
 20
-11428.8000
 30
0.0000
 11
15212.0000
 21
-10877.2000
 31
0.0000
  0
LINE
  5
701
  8
חלונות
 10
15212.0000
 20
-11064.7440
 30
0.0000
 11
16580.0000
 21
-11064.7440
 31
0.0000
  0
LINE
  5
702
  8
חלונות
 10
15212.0000
 20
-11241.2560
 30
0.0000
 11
16580.0000
 21
-11241.2560
 31
0.0000
  0
LINE
  5
703
  8
חלונות - מידות
 10
12702.0000
 20
-12605.0000
 30
0.0000
 11
12702.0000
 21
-19037.5000
 31
0.0000
  0
LINE
  5
704
  8
חלונות - מידות
 10
15212.0000
 20
-12605.0000
 30
0.0000
 11
15212.0000
 21
-19037.5000
 31
0.0000
  0
LINE
  5
705
  8
חלונות - מידות
 10
12702.0000
 20
-18977.5000
 30
0.0000
 11
15212.0000
 21
-18977.5000
 31
0.0000
  0
SOLID
  5
706
  8
חלונות - מידות
 10
12702.0000
 20
-18977.5000
 30
0.0000
 11
12587.0000
 21
-19009.5000
 31
0.0000
 12
12587.0000
 22
-18945.5000
 32
0.0000
 13
12587.0000
 23
-18945.5000
 33
0.0000
  0
SOLID
  5
707
  8
חלונות - מידות
 10
15212.0000
 20
-18977.5000
 30
0.0000
 11
15327.0000
 21
-19009.5000
 31
0.0000
 12
15327.0000
 22
-18945.5000
 32
0.0000
 13
15327.0000
 23
-18945.5000
 33
0.0000
  0
TEXT
  5
708
  8
חלונות - מידות
 10
13957.0000
 20
-19072.5000
 30
0.0000
 40
100.0000
  1
251
 50
0.0000
  7
SOLINE
 72
1
 73
2
 11
13957.0000
 21
-19072.5000
 31
0.0000
  0
LINE
  5
709
  8
חלונות - מידות
 10
15212.0000
 20
-10128.0000
 30
0.0000
 11
15212.0000
 21
-9884.5000
 31
0.0000
  0
LINE
  5
70A
  8
חלונות - מידות
 10
16580.0000
 20
-10128.0000
 30
0.0000
 11
16580.0000
 21
-9884.5000
 31
0.0000
  0
LINE
  5
70B
  8
חלונות - מידות
 10
15212.0000
 20
-9943.0000
 30
0.0000
 11
16580.0000
 21
-9943.0000
 31
0.0000
  0
SOLID
  5
70C
  8
חלונות - מידות
 10
15212.0000
 20
-9943.0000
 30
0.0000
 11
15099.8750
 21
-9911.8000
 31
0.0000
 12
15099.8750
 22
-9974.2000
 32
0.0000
 13
15099.8750
 23
-9974.2000
 33
0.0000
  0
SOLID
  5
70D
  8
חלונות - מידות
 10
16580.0000
 20
-9943.0000
 30
0.0000
 11
16692.1250
 21
-9911.8000
 31
0.0000
 12
16692.1250
 22
-9974.2000
 32
0.0000
 13
16692.1250
 23
-9974.2000
 33
0.0000
  0
TEXT
  5
70E
  8
חלונות - מידות
 10
15896.0000
 20
-9850.3750
 30
0.0000
 40
97.5000
  1
136.8
 50
0.0000
  7
SOLINE
 72
1
 73
2
 11
15896.0000
 21
-9850.3750
 31
0.0000
  0
LINE
  5
70F
  8
חלונות - מידות
 10
15172.0000
 20
-12565.0000
 30
0.0000
 11
14966.0000
 21
-12565.0000
 31
0.0000
  0
LINE
  5
710
  8
חלונות - מידות
 10
15172.0000
 20
-12138.0000
 30
0.0000
 11
14966.0000
 21
-12138.0000
 31
0.0000
  0
LINE
  5
711
  8
חלונות - מידות
 10
15024.5000
 20
-12565.0000
 30
0.0000
 11
15024.5000
 21
-12138.0000
 31
0.0000
  0
SOLID
  5
712
  8
חלונות - מידות
 10
15024.5000
 20
-12565.0000
 30
0.0000
 11
14993.3000
 21
-12677.1250
 31
0.0000
 12
15055.7000
 22
-12677.1250
 32
0.0000
 13
15055.7000
 23
-12677.1250
 33
0.0000
  0
SOLID
  5
713
  8
חלונות - מידות
 10
15024.5000
 20
-12138.0000
 30
0.0000
 11
14993.3000
 21
-12025.8750
 31
0.0000
 12
15055.7000
 22
-12025.8750
 32
0.0000
 13
15055.7000
 23
-12025.8750
 33
0.0000
  0
TEXT
  5
714
  8
חלונות - מידות
 10
14931.8750
 20
-12351.5000
 30
0.0000
 40
97.5000
  1
42.7
 50
90.0000
  7
SOLINE
 72
1
 73
2
 11
14931.8750
 21
-12351.5000
 31
0.0000
  0
LINE
  5
715
  8
חלונות - מידות
 10
15172.0000
 20
-12138.0000
 30
0.0000
 11
14628.5000
 21
-12138.0000
 31
0.0000
  0
LINE
  5
716
  8
חלונות - מידות
 10
15172.0000
 20
-10168.0000
 30
0.0000
 11
14628.5000
 21
-10168.0000
 31
0.0000
  0
LINE
  5
717
  8
חלונות - מידות
 10
14687.0000
 20
-12138.0000
 30
0.0000
 11
14687.0000
 21
-10168.0000
 31
0.0000
  0
SOLID
  5
718
  8
חלונות - מידות
 10
14687.0000
 20
-12138.0000
 30
0.0000
 11
14655.8000
 21
-12250.1250
 31
0.0000
 12
14718.2000
 22
-12250.1250
 32
0.0000
 13
14718.2000
 23
-12250.1250
 33
0.0000
  0
SOLID
  5
719
  8
חלונות - מידות
 10
14687.0000
 20
-10168.0000
 30
0.0000
 11
14655.8000
 21
-10055.8750
 31
0.0000
 12
14718.2000
 22
-10055.8750
 32
0.0000
 13
14718.2000
 23
-10055.8750
 33
0.0000
  0
TEXT
  5
71A
  8
חלונות - מידות
 10
14594.3750
 20
-11153.0000
 30
0.0000
 40
97.5000
  1
197
 50
90.0000
  7
SOLINE
 72
1
 73
2
 11
14594.3750
 21
-11153.0000
 31
0.0000
  0
LINE
  5
71B
  8
חלונות - מידות
 10
16620.0000
 20
-12565.0000
 30
0.0000
 11
16826.0000
 21
-12565.0000
 31
0.0000
  0
LINE
  5
71C
  8
חלונות - מידות
 10
16620.0000
 20
-10168.0000
 30
0.0000
 11
16826.0000
 21
-10168.0000
 31
0.0000
  0
LINE
  5
71D
  8
חלונות - מידות
 10
16767.5000
 20
-12565.0000
 30
0.0000
 11
16767.5000
 21
-10168.0000
 31
0.0000
  0
SOLID
  5
71E
  8
חלונות - מידות
 10
16767.5000
 20
-12565.0000
 30
0.0000
 11
16798.7000
 21
-12677.1250
 31
0.0000
 12
16736.3000
 22
-12677.1250
 32
0.0000
 13
16736.3000
 23
-12677.1250
 33
0.0000
  0
SOLID
  5
71F
  8
חלונות - מידות
 10
16767.5000
 20
-10168.0000
 30
0.0000
 11
16798.7000
 21
-10055.8750
 31
0.0000
 12
16736.3000
 22
-10055.8750
 32
0.0000
 13
16736.3000
 23
-10055.8750
 33
0.0000
  0
TEXT
  5
720
  8
חלונות - מידות
 10
16860.1250
 20
-11366.5000
 30
0.0000
 40
97.5000
  1
239.7
 50
90.0000
  7
SOLINE
 72
1
 73
2
 11
16860.1250
 21
-11366.5000
 31
0.0000
  0
LINE
  5
721
  8
חלונות - מידות
 10
16620.0000
 20
-10168.0000
 30
0.0000
 11
17163.5000
 21
-10168.0000
 31
0.0000
  0
LINE
  5
722
  8
חלונות - מידות
 10
16620.0000
 20
-9785.0000
 30
0.0000
 11
17163.5000
 21
-9785.0000
 31
0.0000
  0
LINE
  5
723
  8
חלונות - מידות
 10
17105.0000
 20
-10168.0000
 30
0.0000
 11
17105.0000
 21
-9785.0000
 31
0.0000
  0
SOLID
  5
724
  8
חלונות - מידות
 10
17105.0000
 20
-10168.0000
 30
0.0000
 11
17136.2000
 21
-10280.1250
 31
0.0000
 12
17073.8000
 22
-10280.1250
 32
0.0000
 13
17073.8000
 23
-10280.1250
 33
0.0000
  0
SOLID
  5
725
  8
חלונות - מידות
 10
17105.0000
 20
-9785.0000
 30
0.0000
 11
17136.2000
 21
-9672.8750
 31
0.0000
 12
17073.8000
 22
-9672.8750
 32
0.0000
 13
17073.8000
 23
-9672.8750
 33
0.0000
  0
TEXT
  5
726
  8
חלונות - מידות
 10
17197.6250
 20
-9976.5000
 30
0.0000
 40
97.5000
  1
38.3
 50
90.0000
  7
SOLINE
 72
1
 73
2
 11
17197.6250
 21
-9976.5000
 31
0.0000
  0
LINE
  5
727
  8
חלונות
 10
17917.5000
 20
-12131.0000
 30
0.0000
 11
18888.5000
 21
-12131.0000
 31
0.0000
  0
LINE
  5
728
  8
חלונות
 10
18888.5000
 20
-12131.0000
 30
0.0000
 11
18888.5000
 21
-10158.0000
 31
0.0000
  0
LINE
  5
729
  8
חלונות
 10
18888.5000
 20
-10158.0000
 30
0.0000
 11
17917.5000
 21
-10158.0000
 31
0.0000
  0
LINE
  5
72A
  8
חלונות
 10
17917.5000
 20
-10158.0000
 30
0.0000
 11
17917.5000
 21
-12131.0000
 31
0.0000
  0
LINE
  5
72B
  8
חלונות
 10
17917.5000
 20
-10868.2800
 30
0.0000
 11
18888.5000
 21
-10868.2800
 31
0.0000
  0
LINE
  5
72C
  8
חלונות
 10
18888.5000
 20
-10868.2800
 30
0.0000
 11
18888.5000
 21
-11420.7200
 31
0.0000
  0
LINE
  5
72D
  8
חלונות
 10
18888.5000
 20
-11420.7200
 30
0.0000
 11
17917.5000
 21
-11420.7200
 31
0.0000
  0
LINE
  5
72E
  8
חלונות
 10
17917.5000
 20
-11420.7200
 30
0.0000
 11
17917.5000
 21
-10868.2800
 31
0.0000
  0
LINE
  5
72F
  8
חלונות
 10
17917.5000
 20
-11056.1096
 30
0.0000
 11
18888.5000
 21
-11056.1096
 31
0.0000
  0
LINE
  5
730
  8
חלונות
 10
17917.5000
 20
-11232.8904
 30
0.0000
 11
18888.5000
 21
-11232.8904
 31
0.0000
  0
LINE
  5
731
  8
חלונות - מידות
 10
20581.0000
 20
-12525.0000
 30
0.0000
 11
20581.0000
 21
-5742.5000
 31
0.0000
  0
LINE
  5
732
  8
חלונות - מידות
 10
18888.5000
 20
-12525.0000
 30
0.0000
 11
18888.5000
 21
-5742.5000
 31
0.0000
  0
LINE
  5
733
  8
חלונות - מידות
 10
20581.0000
 20
-5802.5000
 30
0.0000
 11
18888.5000
 21
-5802.5000
 31
0.0000
  0
SOLID
  5
734
  8
חלונות - מידות
 10
20581.0000
 20
-5802.5000
 30
0.0000
 11
20696.0000
 21
-5770.5000
 31
0.0000
 12
20696.0000
 22
-5834.5000
 32
0.0000
 13
20696.0000
 23
-5834.5000
 33
0.0000
  0
SOLID
  5
735
  8
חלונות - מידות
 10
18888.5000
 20
-5802.5000
 30
0.0000
 11
18773.5000
 21
-5770.5000
 31
0.0000
 12
18773.5000
 22
-5834.5000
 32
0.0000
 13
18773.5000
 23
-5834.5000
 33
0.0000
  0
TEXT
  5
736
  8
חלונות - מידות
 10
19734.7500
 20
-5707.5000
 30
0.0000
 40
100.0000
  1
169.3
 50
360.0000
  7
SOLINE
 72
1
 73
2
 11
19734.7500
 21
-5707.5000
 31
0.0000
  0
LINE
  5
737
  8
חלונות - מידות
 10
17917.5000
 20
-10118.0000
 30
0.0000
 11
17917.5000
 21
-9874.5000
 31
0.0000
  0
LINE
  5
738
  8
חלונות - מידות
 10
18888.5000
 20
-10118.0000
 30
0.0000
 11
18888.5000
 21
-9874.5000
 31
0.0000
  0
LINE
  5
739
  8
חלונות - מידות
 10
17917.5000
 20
-9933.0000
 30
0.0000
 11
18888.5000
 21
-9933.0000
 31
0.0000
  0
SOLID
  5
73A
  8
חלונות - מידות
 10
17917.5000
 20
-9933.0000
 30
0.0000
 11
17805.3750
 21
-9901.8000
 31
0.0000
 12
17805.3750
 22
-9964.2000
 32
0.0000
 13
17805.3750
 23
-9964.2000
 33
0.0000
  0
SOLID
  5
73B
  8
חלונות - מידות
 10
18888.5000
 20
-9933.0000
 30
0.0000
 11
19000.6250
 21
-9901.8000
 31
0.0000
 12
19000.6250
 22
-9964.2000
 32
0.0000
 13
19000.6250
 23
-9964.2000
 33
0.0000
  0
TEXT
  5
73C
  8
חלונות - מידות
 10
18403.0000
 20
-9840.3750
 30
0.0000
 40
97.5000
  1
97.1
 50
0.0000
  7
SOLINE
 72
1
 73
2
 11
18403.0000
 21
-9840.3750
 31
0.0000
  0
LINE
  5
73D
  8
חלונות - מידות
 10
17877.5000
 20
-12565.0000
 30
0.0000
 11
17671.5000
 21
-12565.0000
 31
0.0000
  0
LINE
  5
73E
  8
חלונות - מידות
 10
17877.5000
 20
-12131.0000
 30
0.0000
 11
17671.5000
 21
-12131.0000
 31
0.0000
  0
LINE
  5
73F
  8
חלונות - מידות
 10
17730.0000
 20
-12565.0000
 30
0.0000
 11
17730.0000
 21
-12131.0000
 31
0.0000
  0
SOLID
  5
740
  8
חלונות - מידות
 10
17730.0000
 20
-12565.0000
 30
0.0000
 11
17698.8000
 21
-12677.1250
 31
0.0000
 12
17761.2000
 22
-12677.1250
 32
0.0000
 13
17761.2000
 23
-12677.1250
 33
0.0000
  0
SOLID
  5
741
  8
חלונות - מידות
 10
17730.0000
 20
-12131.0000
 30
0.0000
 11
17698.8000
 21
-12018.8750
 31
0.0000
 12
17761.2000
 22
-12018.8750
 32
0.0000
 13
17761.2000
 23
-12018.8750
 33
0.0000
  0
TEXT
  5
742
  8
חלונות - מידות
 10
17637.3750
 20
-12348.0000
 30
0.0000
 40
97.5000
  1
43.4
 50
90.0000
  7
SOLINE
 72
1
 73
2
 11
17637.3750
 21
-12348.0000
 31
0.0000
  0
LINE
  5
743
  8
חלונות - מידות
 10
17877.5000
 20
-12131.0000
 30
0.0000
 11
17334.0000
 21
-12131.0000
 31
0.0000
  0
LINE
  5
744
  8
חלונות - מידות
 10
17877.5000
 20
-10158.0000
 30
0.0000
 11
17334.0000
 21
-10158.0000
 31
0.0000
  0
LINE
  5
745
  8
חלונות - מידות
 10
17392.5000
 20
-12131.0000
 30
0.0000
 11
17392.5000
 21
-10158.0000
 31
0.0000
  0
SOLID
  5
746
  8
חלונות - מידות
 10
17392.5000
 20
-12131.0000
 30
0.0000
 11
17361.3000
 21
-12243.1250
 31
0.0000
 12
17423.7000
 22
-12243.1250
 32
0.0000
 13
17423.7000
 23
-12243.1250
 33
0.0000
  0
SOLID
  5
747
  8
חלונות - מידות
 10
17392.5000
 20
-10158.0000
 30
0.0000
 11
17361.3000
 21
-10045.8750
 31
0.0000
 12
17423.7000
 22
-10045.8750
 32
0.0000
 13
17423.7000
 23
-10045.8750
 33
0.0000
  0
TEXT
  5
748
  8
חלונות - מידות
 10
17299.8750
 20
-11144.5000
 30
0.0000
 40
97.5000
  1
197.3
 50
90.0000
  7
SOLINE
 72
1
 73
2
 11
17299.8750
 21
-11144.5000
 31
0.0000
  0
LINE
  5
749
  8
חלונות - מידות
 10
18928.5000
 20
-12565.0000
 30
0.0000
 11
19134.5000
 21
-12565.0000
 31
0.0000
  0
LINE
  5
74A
  8
חלונות - מידות
 10
18928.5000
 20
-10158.0000
 30
0.0000
 11
19134.5000
 21
-10158.0000
 31
0.0000
  0
LINE
  5
74B
  8
חלונות - מידות
 10
19076.0000
 20
-12565.0000
 30
0.0000
 11
19076.0000
 21
-10158.0000
 31
0.0000
  0
SOLID
  5
74C
  8
חלונות - מידות
 10
19076.0000
 20
-12565.0000
 30
0.0000
 11
19107.2000
 21
-12677.1250
 31
0.0000
 12
19044.8000
 22
-12677.1250
 32
0.0000
 13
19044.8000
 23
-12677.1250
 33
0.0000
  0
SOLID
  5
74D
  8
חלונות - מידות
 10
19076.0000
 20
-10158.0000
 30
0.0000
 11
19107.2000
 21
-10045.8750
 31
0.0000
 12
19044.8000
 22
-10045.8750
 32
0.0000
 13
19044.8000
 23
-10045.8750
 33
0.0000
  0
TEXT
  5
74E
  8
חלונות - מידות
 10
19168.6250
 20
-11361.5000
 30
0.0000
 40
97.5000
  1
240.7
 50
90.0000
  7
SOLINE
 72
1
 73
2
 11
19168.6250
 21
-11361.5000
 31
0.0000
  0
LINE
  5
74F
  8
חלונות - מידות
 10
18928.5000
 20
-10158.0000
 30
0.0000
 11
19472.0000
 21
-10158.0000
 31
0.0000
  0
LINE
  5
750
  8
חלונות - מידות
 10
18928.5000
 20
-9785.0000
 30
0.0000
 11
19472.0000
 21
-9785.0000
 31
0.0000
  0
LINE
  5
751
  8
חלונות - מידות
 10
19413.5000
 20
-10158.0000
 30
0.0000
 11
19413.5000
 21
-9785.0000
 31
0.0000
  0
SOLID
  5
752
  8
חלונות - מידות
 10
19413.5000
 20
-10158.0000
 30
0.0000
 11
19444.7000
 21
-10270.1250
 31
0.0000
 12
19382.3000
 22
-10270.1250
 32
0.0000
 13
19382.3000
 23
-10270.1250
 33
0.0000
  0
SOLID
  5
753
  8
חלונות - מידות
 10
19413.5000
 20
-9785.0000
 30
0.0000
 11
19444.7000
 21
-9672.8750
 31
0.0000
 12
19382.3000
 22
-9672.8750
 32
0.0000
 13
19382.3000
 23
-9672.8750
 33
0.0000
  0
TEXT
  5
754
  8
חלונות - מידות
 10
19506.1250
 20
-9971.5000
 30
0.0000
 40
97.5000
  1
37.3
 50
90.0000
  7
SOLINE
 72
1
 73
2
 11
19506.1250
 21
-9971.5000
 31
0.0000
  0
TEXT
  5
755
  8
קירות - טקסט
 10
16641.5000
 20
-13502.5000
 30
0.0000
 40
162.5000
  1
W3
 50
0.0000
  7
SOLINE
 72
1
 73
2
 11
16641.5000
 21
-13502.5000
 31
0.0000
  0
LINE
  5
756
  8
קירות
 10
23081.0000
 20
-12565.0000
 30
0.0000
 11
27222.0000
 21
-12565.0000
 31
0.0000
  0
LINE
  5
757
  8
קירות
 10
27222.0000
 20
-12565.0000
 30
0.0000
 11
27222.0000
 21
-9785.0000
 31
0.0000
  0
LINE
  5
758
  8
קירות
 10
27222.0000
 20
-9785.0000
 30
0.0000
 11
23081.0000
 21
-9785.0000
 31
0.0000
  0
LINE
  5
759
  8
קירות
 10
23081.0000
 20
-9785.0000
 30
0.0000
 11
23081.0000
 21
-12565.0000
 31
0.0000
  0
LINE
  5
75A
  8
מידות - חוץ
 10
23081.0000
 20
-12615.0000
 30
0.0000
 11
23081.0000
 21
-13015.0000
 31
0.0000
  0
LINE
  5
75B
  8
מידות - חוץ
 10
27222.0000
 20
-12615.0000
 30
0.0000
 11
27222.0000
 21
-13015.0000
 31
0.0000
  0
LINE
  5
75C
  8
מידות - חוץ
 10
23081.0000
 20
-12940.0000
 30
0.0000
 11
27222.0000
 21
-12940.0000
 31
0.0000
  0
SOLID
  5
75D
  8
מידות - חוץ
 10
23081.0000
 20
-12940.0000
 30
0.0000
 11
22937.2500
 21
-12980.0000
 31
0.0000
 12
22937.2500
 22
-12900.0000
 32
0.0000
 13
22937.2500
 23
-12900.0000
 33
0.0000
  0
SOLID
  5
75E
  8
מידות - חוץ
 10
27222.0000
 20
-12940.0000
 30
0.0000
 11
27365.7500
 21
-12980.0000
 31
0.0000
 12
27365.7500
 22
-12900.0000
 32
0.0000
 13
27365.7500
 23
-12900.0000
 33
0.0000
  0
TEXT
  5
75F
  8
מידות - חוץ
 10
25151.5000
 20
-13058.7500
 30
0.0000
 40
125.0000
  1
414.1
 50
0.0000
  7
SOLINE
 72
1
 73
2
 11
25151.5000
 21
-13058.7500
 31
0.0000
  0
LINE
  5
760
  8
מידות - חוץ
 10
23031.0000
 20
-12565.0000
 30
0.0000
 11
22631.0000
 21
-12565.0000
 31
0.0000
  0
LINE
  5
761
  8
מידות - חוץ
 10
23031.0000
 20
-9785.0000
 30
0.0000
 11
22631.0000
 21
-9785.0000
 31
0.0000
  0
LINE
  5
762
  8
מידות - חוץ
 10
22706.0000
 20
-12565.0000
 30
0.0000
 11
22706.0000
 21
-9785.0000
 31
0.0000
  0
SOLID
  5
763
  8
מידות - חוץ
 10
22706.0000
 20
-12565.0000
 30
0.0000
 11
22666.0000
 21
-12708.7500
 31
0.0000
 12
22746.0000
 22
-12708.7500
 32
0.0000
 13
22746.0000
 23
-12708.7500
 33
0.0000
  0
SOLID
  5
764
  8
מידות - חוץ
 10
22706.0000
 20
-9785.0000
 30
0.0000
 11
22666.0000
 21
-9641.2500
 31
0.0000
 12
22746.0000
 22
-9641.2500
 32
0.0000
 13
22746.0000
 23
-9641.2500
 33
0.0000
  0
TEXT
  5
765
  8
מידות - חוץ
 10
22587.2500
 20
-11175.0000
 30
0.0000
 40
125.0000
  1
278
 50
90.0000
  7
SOLINE
 72
1
 73
2
 11
22587.2500
 21
-11175.0000
 31
0.0000
  0
LINE
  5
766
  8
חלונות
 10
23079.5000
 20
-12565.0000
 30
0.0000
 11
25554.5000
 21
-12565.0000
 31
0.0000
  0
LINE
  5
767
  8
חלונות
 10
25554.5000
 20
-12565.0000
 30
0.0000
 11
25554.5000
 21
-10165.0000
 31
0.0000
  0
LINE
  5
768
  8
חלונות
 10
25554.5000
 20
-10165.0000
 30
0.0000
 11
23079.5000
 21
-10165.0000
 31
0.0000
  0
LINE
  5
769
  8
חלונות
 10
23079.5000
 20
-10165.0000
 30
0.0000
 11
23079.5000
 21
-12565.0000
 31
0.0000
  0
LINE
  5
76A
  8
חלונות
 10
23079.5000
 20
-11029.0000
 30
0.0000
 11
25554.5000
 21
-11029.0000
 31
0.0000
  0
LINE
  5
76B
  8
חלונות
 10
25554.5000
 20
-11029.0000
 30
0.0000
 11
25554.5000
 21
-11701.0000
 31
0.0000
  0
LINE
  5
76C
  8
חלונות
 10
25554.5000
 20
-11701.0000
 30
0.0000
 11
23079.5000
 21
-11701.0000
 31
0.0000
  0
LINE
  5
76D
  8
חלונות
 10
23079.5000
 20
-11701.0000
 30
0.0000
 11
23079.5000
 21
-11029.0000
 31
0.0000
  0
LINE
  5
76E
  8
חלונות
 10
23079.5000
 20
-11257.4800
 30
0.0000
 11
25554.5000
 21
-11257.4800
 31
0.0000
  0
LINE
  5
76F
  8
חלונות
 10
23079.5000
 20
-11472.5200
 30
0.0000
 11
25554.5000
 21
-11472.5200
 31
0.0000
  0
LINE
  5
770
  8
חלונות - מידות
 10
23081.0000
 20
-12525.0000
 30
0.0000
 11
23081.0000
 21
-11692.5000
 31
0.0000
  0
LINE
  5
771
  8
חלונות - מידות
 10
23079.5000
 20
-12525.0000
 30
0.0000
 11
23079.5000
 21
-11692.5000
 31
0.0000
  0
LINE
  5
772
  8
חלונות - מידות
 10
23081.0000
 20
-11752.5000
 30
0.0000
 11
23079.5000
 21
-11752.5000
 31
0.0000
  0
SOLID
  5
773
  8
חלונות - מידות
 10
23081.0000
 20
-11752.5000
 30
0.0000
 11
23196.0000
 21
-11720.5000
 31
0.0000
 12
23196.0000
 22
-11784.5000
 32
0.0000
 13
23196.0000
 23
-11784.5000
 33
0.0000
  0
SOLID
  5
774
  8
חלונות - מידות
 10
23079.5000
 20
-11752.5000
 30
0.0000
 11
22964.5000
 21
-11720.5000
 31
0.0000
 12
22964.5000
 22
-11784.5000
 32
0.0000
 13
22964.5000
 23
-11784.5000
 33
0.0000
  0
TEXT
  5
775
  8
חלונות - מידות
 10
23080.2500
 20
-11657.5000
 30
0.0000
 40
100.0000
  1
0.2
 50
360.0000
  7
SOLINE
 72
1
 73
2
 11
23080.2500
 21
-11657.5000
 31
0.0000
  0
LINE
  5
776
  8
חלונות - מידות
 10
23079.5000
 20
-10125.0000
 30
0.0000
 11
23079.5000
 21
-9881.5000
 31
0.0000
  0
LINE
  5
777
  8
חלונות - מידות
 10
25554.5000
 20
-10125.0000
 30
0.0000
 11
25554.5000
 21
-9881.5000
 31
0.0000
  0
LINE
  5
778
  8
חלונות - מידות
 10
23079.5000
 20
-9940.0000
 30
0.0000
 11
25554.5000
 21
-9940.0000
 31
0.0000
  0
SOLID
  5
779
  8
חלונות - מידות
 10
23079.5000
 20
-9940.0000
 30
0.0000
 11
22967.3750
 21
-9908.8000
 31
0.0000
 12
22967.3750
 22
-9971.2000
 32
0.0000
 13
22967.3750
 23
-9971.2000
 33
0.0000
  0
SOLID
  5
77A
  8
חלונות - מידות
 10
25554.5000
 20
-9940.0000
 30
0.0000
 11
25666.6250
 21
-9908.8000
 31
0.0000
 12
25666.6250
 22
-9971.2000
 32
0.0000
 13
25666.6250
 23
-9971.2000
 33
0.0000
  0
TEXT
  5
77B
  8
חלונות - מידות
 10
24317.0000
 20
-9847.3750
 30
0.0000
 40
97.5000
  1
247.5
 50
0.0000
  7
SOLINE
 72
1
 73
2
 11
24317.0000
 21
-9847.3750
 31
0.0000
  0
LINE
  5
77C
  8
חלונות - מידות
 10
23039.5000
 20
-12565.0000
 30
0.0000
 11
22496.0000
 21
-12565.0000
 31
0.0000
  0
LINE
  5
77D
  8
חלונות - מידות
 10
23039.5000
 20
-10165.0000
 30
0.0000
 11
22496.0000
 21
-10165.0000
 31
0.0000
  0
LINE
  5
77E
  8
חלונות - מידות
 10
22554.5000
 20
-12565.0000
 30
0.0000
 11
22554.5000
 21
-10165.0000
 31
0.0000
  0
SOLID
  5
77F
  8
חלונות - מידות
 10
22554.5000
 20
-12565.0000
 30
0.0000
 11
22523.3000
 21
-12677.1250
 31
0.0000
 12
22585.7000
 22
-12677.1250
 32
0.0000
 13
22585.7000
 23
-12677.1250
 33
0.0000
  0
SOLID
  5
780
  8
חלונות - מידות
 10
22554.5000
 20
-10165.0000
 30
0.0000
 11
22523.3000
 21
-10052.8750
 31
0.0000
 12
22585.7000
 22
-10052.8750
 32
0.0000
 13
22585.7000
 23
-10052.8750
 33
0.0000
  0
TEXT
  5
781
  8
חלונות - מידות
 10
22461.8750
 20
-11365.0000
 30
0.0000
 40
97.5000
  1
240
 50
90.0000
  7
SOLINE
 72
1
 73
2
 11
22461.8750
 21
-11365.0000
 31
0.0000
  0
LINE
  5
782
  8
חלונות - מידות
 10
25594.5000
 20
-12565.0000
 30
0.0000
 11
25800.5000
 21
-12565.0000
 31
0.0000
  0
LINE
  5
783
  8
חלונות - מידות
 10
25594.5000
 20
-10165.0000
 30
0.0000
 11
25800.5000
 21
-10165.0000
 31
0.0000
  0
LINE
  5
784
  8
חלונות - מידות
 10
25742.0000
 20
-12565.0000
 30
0.0000
 11
25742.0000
 21
-10165.0000
 31
0.0000
  0
SOLID
  5
785
  8
חלונות - מידות
 10
25742.0000
 20
-12565.0000
 30
0.0000
 11
25773.2000
 21
-12677.1250
 31
0.0000
 12
25710.8000
 22
-12677.1250
 32
0.0000
 13
25710.8000
 23
-12677.1250
 33
0.0000
  0
SOLID
  5
786
  8
חלונות - מידות
 10
25742.0000
 20
-10165.0000
 30
0.0000
 11
25773.2000
 21
-10052.8750
 31
0.0000
 12
25710.8000
 22
-10052.8750
 32
0.0000
 13
25710.8000
 23
-10052.8750
 33
0.0000
  0
TEXT
  5
787
  8
חלונות - מידות
 10
25834.6250
 20
-11365.0000
 30
0.0000
 40
97.5000
  1
240
 50
90.0000
  7
SOLINE
 72
1
 73
2
 11
25834.6250
 21
-11365.0000
 31
0.0000
  0
LINE
  5
788
  8
חלונות - מידות
 10
25594.5000
 20
-10165.0000
 30
0.0000
 11
26138.0000
 21
-10165.0000
 31
0.0000
  0
LINE
  5
789
  8
חלונות - מידות
 10
25594.5000
 20
-9785.0000
 30
0.0000
 11
26138.0000
 21
-9785.0000
 31
0.0000
  0
LINE
  5
78A
  8
חלונות - מידות
 10
26079.5000
 20
-10165.0000
 30
0.0000
 11
26079.5000
 21
-9785.0000
 31
0.0000
  0
SOLID
  5
78B
  8
חלונות - מידות
 10
26079.5000
 20
-10165.0000
 30
0.0000
 11
26110.7000
 21
-10277.1250
 31
0.0000
 12
26048.3000
 22
-10277.1250
 32
0.0000
 13
26048.3000
 23
-10277.1250
 33
0.0000
  0
SOLID
  5
78C
  8
חלונות - מידות
 10
26079.5000
 20
-9785.0000
 30
0.0000
 11
26110.7000
 21
-9672.8750
 31
0.0000
 12
26048.3000
 22
-9672.8750
 32
0.0000
 13
26048.3000
 23
-9672.8750
 33
0.0000
  0
TEXT
  5
78D
  8
חלונות - מידות
 10
26172.1250
 20
-9975.0000
 30
0.0000
 40
97.5000
  1
38
 50
90.0000
  7
SOLINE
 72
1
 73
2
 11
26172.1250
 21
-9975.0000
 31
0.0000
  0
TEXT
  5
78E
  8
קירות - טקסט
 10
25151.5000
 20
-13502.5000
 30
0.0000
 40
162.5000
  1
W4
 50
0.0000
  7
SOLINE
 72
1
 73
2
 11
25151.5000
 21
-13502.5000
 31
0.0000
  0
LINE
  5
78F
  8
קירות
 10
29722.0000
 20
-12565.0000
 30
0.0000
 11
33273.0000
 21
-12565.0000
 31
0.0000
  0
LINE
  5
790
  8
קירות
 10
33273.0000
 20
-12565.0000
 30
0.0000
 11
33273.0000
 21
-9785.0000
 31
0.0000
  0
LINE
  5
791
  8
קירות
 10
33273.0000
 20
-9785.0000
 30
0.0000
 11
29722.0000
 21
-9785.0000
 31
0.0000
  0
LINE
  5
792
  8
קירות
 10
29722.0000
 20
-9785.0000
 30
0.0000
 11
29722.0000
 21
-12565.0000
 31
0.0000
  0
LINE
  5
793
  8
מידות - חוץ
 10
29722.0000
 20
-12615.0000
 30
0.0000
 11
29722.0000
 21
-13015.0000
 31
0.0000
  0
LINE
  5
794
  8
מידות - חוץ
 10
33273.0000
 20
-12615.0000
 30
0.0000
 11
33273.0000
 21
-13015.0000
 31
0.0000
  0
LINE
  5
795
  8
מידות - חוץ
 10
29722.0000
 20
-12940.0000
 30
0.0000
 11
33273.0000
 21
-12940.0000
 31
0.0000
  0
SOLID
  5
796
  8
מידות - חוץ
 10
29722.0000
 20
-12940.0000
 30
0.0000
 11
29578.2500
 21
-12980.0000
 31
0.0000
 12
29578.2500
 22
-12900.0000
 32
0.0000
 13
29578.2500
 23
-12900.0000
 33
0.0000
  0
SOLID
  5
797
  8
מידות - חוץ
 10
33273.0000
 20
-12940.0000
 30
0.0000
 11
33416.7500
 21
-12980.0000
 31
0.0000
 12
33416.7500
 22
-12900.0000
 32
0.0000
 13
33416.7500
 23
-12900.0000
 33
0.0000
  0
TEXT
  5
798
  8
מידות - חוץ
 10
31497.5000
 20
-13058.7500
 30
0.0000
 40
125.0000
  1
355.1
 50
0.0000
  7
SOLINE
 72
1
 73
2
 11
31497.5000
 21
-13058.7500
 31
0.0000
  0
LINE
  5
799
  8
מידות - חוץ
 10
29672.0000
 20
-12565.0000
 30
0.0000
 11
29272.0000
 21
-12565.0000
 31
0.0000
  0
LINE
  5
79A
  8
מידות - חוץ
 10
29672.0000
 20
-9785.0000
 30
0.0000
 11
29272.0000
 21
-9785.0000
 31
0.0000
  0
LINE
  5
79B
  8
מידות - חוץ
 10
29347.0000
 20
-12565.0000
 30
0.0000
 11
29347.0000
 21
-9785.0000
 31
0.0000
  0
SOLID
  5
79C
  8
מידות - חוץ
 10
29347.0000
 20
-12565.0000
 30
0.0000
 11
29307.0000
 21
-12708.7500
 31
0.0000
 12
29387.0000
 22
-12708.7500
 32
0.0000
 13
29387.0000
 23
-12708.7500
 33
0.0000
  0
SOLID
  5
79D
  8
מידות - חוץ
 10
29347.0000
 20
-9785.0000
 30
0.0000
 11
29307.0000
 21
-9641.2500
 31
0.0000
 12
29387.0000
 22
-9641.2500
 32
0.0000
 13
29387.0000
 23
-9641.2500
 33
0.0000
  0
TEXT
  5
79E
  8
מידות - חוץ
 10
29228.2500
 20
-11175.0000
 30
0.0000
 40
125.0000
  1
278
 50
90.0000
  7
SOLINE
 72
1
 73
2
 11
29228.2500
 21
-11175.0000
 31
0.0000
  0
TEXT
  5
79F
  8
קירות - טקסט
 10
31497.5000
 20
-13502.5000
 30
0.0000
 40
162.5000
  1
W5
 50
0.0000
  7
SOLINE
 72
1
 73
2
 11
31497.5000
 21
-13502.5000
 31
0.0000
  0
LINE
  5
7A0
  8
גבול גיליון
 10
1358.0000
 20
-15129.1250
 30
0.0000
 11
33673.0000
 21
-15129.1250
 31
0.0000
  0
LINE
  5
7A1
  8
גבול גיליון
 10
33673.0000
 20
-15129.1250
 30
0.0000
 11
33673.0000
 21
-376.0000
 31
0.0000
  0
LINE
  5
7A2
  8
גבול גיליון
 10
33673.0000
 20
-376.0000
 30
0.0000
 11
1358.0000
 21
-376.0000
 31
0.0000
  0
LINE
  5
7A3
  8
גבול גיליון
 10
1358.0000
 20
-376.0000
 30
0.0000
 11
1358.0000
 21
-15129.1250
 31
0.0000
  0
ENDSEC
  0
EOF
