  0
SECTION
  2
HEADER
  9
$ACADVER
  1
AC1009
  9
$INSBASE
 10
0.0000
 20
0.0000
 30
0.0000
  9
$EXTMIN
 10
309.0000
 20
-14325.5000
 30
0.0000
  9
$EXTMAX
 10
28808.0000
 20
682.0000
 30
0.0000
  9
$DWGCODEPAGE
  3
ansi_1255
  9
$CLAYER
  8
0
  9
$LTSCALE
 40
10.0000
  9
$LIMMIN
 10
0.0000
 20
0.0000
  9
$LIMMAX
 10
2000.0000
 20
200.0000
  0
ENDSEC
  0
SECTION
  2
TABLES
  0
TABLE
  2
VPORT
 70
1
  0
VPORT
  2
*ACTIVE
 70
0
 10
0.0000
 20
0.0000
 11
1.0000
 21
1.0000
 12
14558.5000
 22
-6821.7500
 13
0.0000
 23
0.0000
 14
10.0000
 24
10.0000
 15
10.0000
 25
10.0000
 16
0.0000
 26
0.0000
 36
1.0000
 17
0.0000
 27
0.0000
 37
0.0000
 40
17258.6250
 41
1.6000
 42
50.0000
 43
0.0000
 44
0.0000
 50
0.0000
 51
0.0000
 71
0
 72
100
 73
1
 74
1
 75
0
 76
0
 77
0
 78
0
  0
ENDTAB
  0
TABLE
  2
LTYPE
 70
3
  0
LTYPE
  2
CONTINUOUS
 70
0
  3
Solid line
 72
65
 73
0
 40
0.0000
  0
LTYPE
  2
HIDDEN
 70
0
  3
Hidden __ __ __ __ __ __
 72
65
 73
2
 40
9.5250
 49
6.3500
 49
-3.1750
  0
LTYPE
  2
CENTER
 70
0
  3
Center ____ _ ____ _ ____
 72
65
 73
4
 40
50.8000
 49
31.7500
 49
-6.3500
 49
6.3500
 49
-6.3500
  0
ENDTAB
  0
TABLE
  2
LAYER
 70
71
  0
LAYER
  2
0
 70
0
 62
7
  6
CONTINUOUS
  0
LAYER
  2
קירות
 70
0
 62
7
  6
CONTINUOUS
  0
LAYER
  2
קירות - מילוי
 70
0
 62
8
  6
CONTINUOUS
  0
LAYER
  2
קירות - מידות
 70
0
 62
7
  6
CONTINUOUS
  0
LAYER
  2
קירות - טקסט
 70
0
 62
7
  6
CONTINUOUS
  0
LAYER
  2
קירות - נסתר
 70
0
 62
7
  6
HIDDEN
  0
LAYER
  2
קירות - ציר
 70
0
 62
7
  6
CENTER
  0
LAYER
  2
מבנה
 70
0
 62
9
  6
CONTINUOUS
  0
LAYER
  2
מבנה - מילוי
 70
0
 62
9
  6
CONTINUOUS
  0
LAYER
  2
מבנה - מידות
 70
0
 62
9
  6
CONTINUOUS
  0
LAYER
  2
מבנה - טקסט
 70
0
 62
9
  6
CONTINUOUS
  0
LAYER
  2
מבנה - נסתר
 70
0
 62
9
  6
HIDDEN
  0
LAYER
  2
מבנה - ציר
 70
0
 62
9
  6
CENTER
  0
LAYER
  2
חשמל
 70
0
 62
6
  6
CONTINUOUS
  0
LAYER
  2
חשמל - מידות
 70
0
 62
6
  6
CONTINUOUS
  0
LAYER
  2
חשמל - טקסט
 70
0
 62
6
  6
CONTINUOUS
  0
LAYER
  2
חשמל - נסתר
 70
0
 62
6
  6
HIDDEN
  0
LAYER
  2
תאורה
 70
0
 62
30
  6
CONTINUOUS
  0
LAYER
  2
תאורה - מידות
 70
0
 62
30
  6
CONTINUOUS
  0
LAYER
  2
תאורה - טקסט
 70
0
 62
30
  6
CONTINUOUS
  0
LAYER
  2
תאורה - נסתר
 70
0
 62
30
  6
HIDDEN
  0
LAYER
  2
מים
 70
0
 62
4
  6
CONTINUOUS
  0
LAYER
  2
מים - מידות
 70
0
 62
4
  6
CONTINUOUS
  0
LAYER
  2
מים - טקסט
 70
0
 62
4
  6
CONTINUOUS
  0
LAYER
  2
מים - נסתר
 70
0
 62
4
  6
HIDDEN
  0
LAYER
  2
מים - ציר
 70
0
 62
4
  6
CENTER
  0
LAYER
  2
ניקוז
 70
0
 62
140
  6
CONTINUOUS
  0
LAYER
  2
ניקוז - מידות
 70
0
 62
140
  6
CONTINUOUS
  0
LAYER
  2
ניקוז - טקסט
 70
0
 62
140
  6
CONTINUOUS
  0
LAYER
  2
ניקוז - נסתר
 70
0
 62
140
  6
HIDDEN
  0
LAYER
  2
ניקוז - ציר
 70
0
 62
140
  6
CENTER
  0
LAYER
  2
גז
 70
0
 62
2
  6
CONTINUOUS
  0
LAYER
  2
גז - מידות
 70
0
 62
2
  6
CONTINUOUS
  0
LAYER
  2
גז - טקסט
 70
0
 62
2
  6
CONTINUOUS
  0
LAYER
  2
גז - נסתר
 70
0
 62
2
  6
HIDDEN
  0
LAYER
  2
גז - ציר
 70
0
 62
2
  6
CENTER
  0
LAYER
  2
מיזוג
 70
0
 62
141
  6
CONTINUOUS
  0
LAYER
  2
מיזוג - מידות
 70
0
 62
141
  6
CONTINUOUS
  0
LAYER
  2
מיזוג - טקסט
 70
0
 62
141
  6
CONTINUOUS
  0
LAYER
  2
מיזוג - נסתר
 70
0
 62
141
  6
HIDDEN
  0
LAYER
  2
אוורור
 70
0
 62
131
  6
CONTINUOUS
  0
LAYER
  2
אוורור - מידות
 70
0
 62
131
  6
CONTINUOUS
  0
LAYER
  2
אוורור - טקסט
 70
0
 62
131
  6
CONTINUOUS
  0
LAYER
  2
אוורור - נסתר
 70
0
 62
131
  6
HIDDEN
  0
LAYER
  2
דלתות
 70
0
 62
5
  6
CONTINUOUS
  0
LAYER
  2
דלתות - מידות
 70
0
 62
5
  6
CONTINUOUS
  0
LAYER
  2
דלתות - טקסט
 70
0
 62
5
  6
CONTINUOUS
  0
LAYER
  2
דלתות - נסתר
 70
0
 62
5
  6
HIDDEN
  0
LAYER
  2
דלתות - מילוי
 70
0
 62
5
  6
CONTINUOUS
  0
LAYER
  2
חלונות
 70
0
 62
151
  6
CONTINUOUS
  0
LAYER
  2
חלונות - מידות
 70
0
 62
151
  6
CONTINUOUS
  0
LAYER
  2
חלונות - טקסט
 70
0
 62
151
  6
CONTINUOUS
  0
LAYER
  2
חלונות - נסתר
 70
0
 62
151
  6
HIDDEN
  0
LAYER
  2
ריהוט
 70
0
 62
42
  6
CONTINUOUS
  0
LAYER
  2
ריהוט - מידות
 70
0
 62
42
  6
CONTINUOUS
  0
LAYER
  2
ריהוט - טקסט
 70
0
 62
42
  6
CONTINUOUS
  0
LAYER
  2
ריהוט - נסתר
 70
0
 62
42
  6
HIDDEN
  0
LAYER
  2
מטבח
 70
0
 62
52
  6
CONTINUOUS
  0
LAYER
  2
מטבח - מידות
 70
0
 62
52
  6
CONTINUOUS
  0
LAYER
  2
מטבח - טקסט
 70
0
 62
52
  6
CONTINUOUS
  0
LAYER
  2
מטבח - נסתר
 70
0
 62
52
  6
HIDDEN
  0
LAYER
  2
ריצוף
 70
0
 62
251
  6
CONTINUOUS
  0
LAYER
  2
ריצוף - מילוי
 70
0
 62
8
  6
CONTINUOUS
  0
LAYER
  2
מידות - פנים
 70
0
 62
3
  6
CONTINUOUS
  0
LAYER
  2
מידות - חוץ
 70
0
 62
1
  6
CONTINUOUS
  0
LAYER
  2
מסגרת
 70
0
 62
250
  6
CONTINUOUS
  0
LAYER
  2
גבול גיליון
 70
0
 62
255
  6
CONTINUOUS
  0
LAYER
  2
מקרא
 70
0
 62
150
  6
CONTINUOUS
  0
LAYER
  2
רשת צירים
 70
0
 62
8
  6
CENTER
  0
LAYER
  2
הערות
 70
0
 62
150
  6
CONTINUOUS
  0
LAYER
  2
מהדורות
 70
0
 62
1
  6
CONTINUOUS
  0
ENDTAB
  0
TABLE
  2
STYLE
 70
2
  0
STYLE
  2
SOLINE
 70
0
 40
0.0000
 41
1.0000
 50
0.0000
 71
0
 42
2.5000
  3
arial.ttf
  4

  0
STYLE
  2
Standard
 70
0
 40
0.0000
 41
1.0000
 50
0.0000
 71
0
 42
2.5000
  3
txt
  4

  0
ENDTAB
  0
ENDSEC
  0
SECTION
  2
BLOCKS
  0
BLOCK
  8
0
  2
SS_socket_single_80x80
 70
0
 10
0.0000
 20
0.0000
 30
0.0000
  3
SS_socket_single_80x80
  1

  0
LINE
  5
88A
  8
0
 10
0.0000
 20
0.0000
 30
0.0000
 11
0.0000
 21
36.8000
 31
0.0000
  0
LINE
  5
88B
  8
0
 10
-25.6000
 20
36.8000
 30
0.0000
 11
-25.4390
 21
39.6663
 31
0.0000
  0
LINE
  5
88C
  8
0
 10
-25.4390
 20
39.6663
 30
0.0000
 11
-24.9582
 21
42.4965
 31
0.0000
  0
LINE
  5
88D
  8
0
 10
-24.9582
 20
42.4965
 30
0.0000
 11
-24.1634
 21
45.2551
 31
0.0000
  0
LINE
  5
88E
  8
0
 10
-24.1634
 20
45.2551
 30
0.0000
 11
-23.0648
 21
47.9074
 31
0.0000
  0
LINE
  5
88F
  8
0
 10
-23.0648
 20
47.9074
 30
0.0000
 11
-21.6761
 21
50.4200
 31
0.0000
  0
LINE
  5
890
  8
0
 10
-21.6761
 20
50.4200
 30
0.0000
 11
-20.0149
 21
52.7613
 31
0.0000
  0
LINE
  5
891
  8
0
 10
-20.0149
 20
52.7613
 30
0.0000
 11
-18.1019
 21
54.9019
 31
0.0000
  0
LINE
  5
892
  8
0
 10
-18.1019
 20
54.9019
 30
0.0000
 11
-15.9613
 21
56.8149
 31
0.0000
  0
LINE
  5
893
  8
0
 10
-15.9613
 20
56.8149
 30
0.0000
 11
-13.6200
 21
58.4761
 31
0.0000
  0
LINE
  5
894
  8
0
 10
-13.6200
 20
58.4761
 30
0.0000
 11
-11.1074
 21
59.8648
 31
0.0000
  0
LINE
  5
895
  8
0
 10
-11.1074
 20
59.8648
 30
0.0000
 11
-8.4551
 21
60.9634
 31
0.0000
  0
LINE
  5
896
  8
0
 10
-8.4551
 20
60.9634
 30
0.0000
 11
-5.6965
 21
61.7582
 31
0.0000
  0
LINE
  5
897
  8
0
 10
-5.6965
 20
61.7582
 30
0.0000
 11
-2.8663
 21
62.2390
 31
0.0000
  0
LINE
  5
898
  8
0
 10
-2.8663
 20
62.2390
 30
0.0000
 11
0.0000
 21
62.4000
 31
0.0000
  0
LINE
  5
899
  8
0
 10
0.0000
 20
62.4000
 30
0.0000
 11
2.8663
 21
62.2390
 31
0.0000
  0
LINE
  5
89A
  8
0
 10
2.8663
 20
62.2390
 30
0.0000
 11
5.6965
 21
61.7582
 31
0.0000
  0
LINE
  5
89B
  8
0
 10
5.6965
 20
61.7582
 30
0.0000
 11
8.4551
 21
60.9634
 31
0.0000
  0
LINE
  5
89C
  8
0
 10
8.4551
 20
60.9634
 30
0.0000
 11
11.1074
 21
59.8648
 31
0.0000
  0
LINE
  5
89D
  8
0
 10
11.1074
 20
59.8648
 30
0.0000
 11
13.6200
 21
58.4761
 31
0.0000
  0
LINE
  5
89E
  8
0
 10
13.6200
 20
58.4761
 30
0.0000
 11
15.9613
 21
56.8149
 31
0.0000
  0
LINE
  5
89F
  8
0
 10
15.9613
 20
56.8149
 30
0.0000
 11
18.1019
 21
54.9019
 31
0.0000
  0
LINE
  5
8A0
  8
0
 10
18.1019
 20
54.9019
 30
0.0000
 11
20.0149
 21
52.7613
 31
0.0000
  0
LINE
  5
8A1
  8
0
 10
20.0149
 20
52.7613
 30
0.0000
 11
21.6761
 21
50.4200
 31
0.0000
  0
LINE
  5
8A2
  8
0
 10
21.6761
 20
50.4200
 30
0.0000
 11
23.0648
 21
47.9074
 31
0.0000
  0
LINE
  5
8A3
  8
0
 10
23.0648
 20
47.9074
 30
0.0000
 11
24.1634
 21
45.2551
 31
0.0000
  0
LINE
  5
8A4
  8
0
 10
24.1634
 20
45.2551
 30
0.0000
 11
24.9582
 21
42.4965
 31
0.0000
  0
LINE
  5
8A5
  8
0
 10
24.9582
 20
42.4965
 30
0.0000
 11
25.4390
 21
39.6663
 31
0.0000
  0
LINE
  5
8A6
  8
0
 10
25.4390
 20
39.6663
 30
0.0000
 11
25.6000
 21
36.8000
 31
0.0000
  0
LINE
  5
8A7
  8
0
 10
-25.6000
 20
36.8000
 30
0.0000
 11
25.6000
 21
36.8000
 31
0.0000
  0
ENDBLK
  8
0
  0
BLOCK
  8
0
  2
SS_socket_single_175x70
 70
0
 10
0.0000
 20
0.0000
 30
0.0000
  3
SS_socket_single_175x70
  1

  0
LINE
  5
8A8
  8
0
 10
0.0000
 20
0.0000
 30
0.0000
 11
0.0000
 21
32.2000
 31
0.0000
  0
LINE
  5
8A9
  8
0
 10
-56.0000
 20
32.2000
 30
0.0000
 11
-55.6479
 21
34.7080
 31
0.0000
  0
LINE
  5
8AA
  8
0
 10
-55.6479
 20
34.7080
 30
0.0000
 11
-54.5960
 21
37.1845
 31
0.0000
  0
LINE
  5
8AB
  8
0
 10
-54.5960
 20
37.1845
 30
0.0000
 11
-52.8575
 21
39.5983
 31
0.0000
  0
LINE
  5
8AC
  8
0
 10
-52.8575
 20
39.5983
 30
0.0000
 11
-50.4543
 21
41.9190
 31
0.0000
  0
LINE
  5
8AD
  8
0
 10
-50.4543
 20
41.9190
 30
0.0000
 11
-47.4166
 21
44.1175
 31
0.0000
  0
LINE
  5
8AE
  8
0
 10
-47.4166
 20
44.1175
 30
0.0000
 11
-43.7826
 21
46.1662
 31
0.0000
  0
LINE
  5
8AF
  8
0
 10
-43.7826
 20
46.1662
 30
0.0000
 11
-39.5980
 21
48.0392
 31
0.0000
  0
LINE
  5
8B0
  8
0
 10
-39.5980
 20
48.0392
 30
0.0000
 11
-34.9154
 21
49.7130
 31
0.0000
  0
LINE
  5
8B1
  8
0
 10
-34.9154
 20
49.7130
 30
0.0000
 11
-29.7938
 21
51.1666
 31
0.0000
  0
LINE
  5
8B2
  8
0
 10
-29.7938
 20
51.1666
 30
0.0000
 11
-24.2975
 21
52.3817
 31
0.0000
  0
LINE
  5
8B3
  8
0
 10
-24.2975
 20
52.3817
 30
0.0000
 11
-18.4956
 21
53.3430
 31
0.0000
  0
LINE
  5
8B4
  8
0
 10
-18.4956
 20
53.3430
 30
0.0000
 11
-12.4612
 21
54.0384
 31
0.0000
  0
LINE
  5
8B5
  8
0
 10
-12.4612
 20
54.0384
 30
0.0000
 11
-6.2700
 21
54.4592
 31
0.0000
  0
LINE
  5
8B6
  8
0
 10
-6.2700
 20
54.4592
 30
0.0000
 11
0.0000
 21
54.6000
 31
0.0000
  0
LINE
  5
8B7
  8
0
 10
0.0000
 20
54.6000
 30
0.0000
 11
6.2700
 21
54.4592
 31
0.0000
  0
LINE
  5
8B8
  8
0
 10
6.2700
 20
54.4592
 30
0.0000
 11
12.4612
 21
54.0384
 31
0.0000
  0
LINE
  5
8B9
  8
0
 10
12.4612
 20
54.0384
 30
0.0000
 11
18.4956
 21
53.3430
 31
0.0000
  0
LINE
  5
8BA
  8
0
 10
18.4956
 20
53.3430
 30
0.0000
 11
24.2975
 21
52.3817
 31
0.0000
  0
LINE
  5
8BB
  8
0
 10
24.2975
 20
52.3817
 30
0.0000
 11
29.7938
 21
51.1666
 31
0.0000
  0
LINE
  5
8BC
  8
0
 10
29.7938
 20
51.1666
 30
0.0000
 11
34.9154
 21
49.7130
 31
0.0000
  0
LINE
  5
8BD
  8
0
 10
34.9154
 20
49.7130
 30
0.0000
 11
39.5980
 21
48.0392
 31
0.0000
  0
LINE
  5
8BE
  8
0
 10
39.5980
 20
48.0392
 30
0.0000
 11
43.7826
 21
46.1662
 31
0.0000
  0
LINE
  5
8BF
  8
0
 10
43.7826
 20
46.1662
 30
0.0000
 11
47.4166
 21
44.1175
 31
0.0000
  0
LINE
  5
8C0
  8
0
 10
47.4166
 20
44.1175
 30
0.0000
 11
50.4543
 21
41.9190
 31
0.0000
  0
LINE
  5
8C1
  8
0
 10
50.4543
 20
41.9190
 30
0.0000
 11
52.8575
 21
39.5983
 31
0.0000
  0
LINE
  5
8C2
  8
0
 10
52.8575
 20
39.5983
 30
0.0000
 11
54.5960
 21
37.1845
 31
0.0000
  0
LINE
  5
8C3
  8
0
 10
54.5960
 20
37.1845
 30
0.0000
 11
55.6479
 21
34.7080
 31
0.0000
  0
LINE
  5
8C4
  8
0
 10
55.6479
 20
34.7080
 30
0.0000
 11
56.0000
 21
32.2000
 31
0.0000
  0
LINE
  5
8C5
  8
0
 10
-56.0000
 20
32.2000
 30
0.0000
 11
56.0000
 21
32.2000
 31
0.0000
  0
ENDBLK
  8
0
  0
BLOCK
  8
0
  2
SS_water_faucet_20x20
 70
0
 10
0.0000
 20
0.0000
 30
0.0000
  3
SS_water_faucet_20x20
  1

  0
LINE
  5
8C6
  8
0
 10
0.0000
 20
0.0000
 30
0.0000
 11
0.0000
 21
5.6000
 31
0.0000
  0
LINE
  5
8C7
  8
0
 10
-4.4000
 20
14.4000
 30
0.0000
 11
4.4000
 21
14.4000
 31
0.0000
  0
LINE
  5
8C8
  8
0
 10
4.4000
 20
14.4000
 30
0.0000
 11
0.0000
 21
10.0000
 31
0.0000
  0
LINE
  5
8C9
  8
0
 10
0.0000
 20
10.0000
 30
0.0000
 11
-4.4000
 21
14.4000
 31
0.0000
  0
LINE
  5
8CA
  8
0
 10
-4.4000
 20
5.6000
 30
0.0000
 11
4.4000
 21
5.6000
 31
0.0000
  0
LINE
  5
8CB
  8
0
 10
4.4000
 20
5.6000
 30
0.0000
 11
0.0000
 21
10.0000
 31
0.0000
  0
LINE
  5
8CC
  8
0
 10
0.0000
 20
10.0000
 30
0.0000
 11
-4.4000
 21
5.6000
 31
0.0000
  0
ARC
  5
8CD
  8
0
 10
0.0000
 20
10.0000
 30
0.0000
 40
0.9000
 50
0.0000
 51
360.0000
  0
ENDBLK
  8
0
  0
BLOCK
  8
0
  2
SS_socket_duplex_160x80
 70
0
 10
0.0000
 20
0.0000
 30
0.0000
  3
SS_socket_duplex_160x80
  1

  0
LINE
  5
8CE
  8
0
 10
0.0000
 20
0.0000
 30
0.0000
 11
0.0000
 21
36.8000
 31
0.0000
  0
LINE
  5
8CF
  8
0
 10
-79.1040
 20
36.8000
 30
0.0000
 11
-78.8625
 21
38.9497
 31
0.0000
  0
LINE
  5
8D0
  8
0
 10
-78.8625
 20
38.9497
 30
0.0000
 11
-78.1412
 21
41.0724
 31
0.0000
  0
LINE
  5
8D1
  8
0
 10
-78.1412
 20
41.0724
 30
0.0000
 11
-76.9491
 21
43.1414
 31
0.0000
  0
LINE
  5
8D2
  8
0
 10
-76.9491
 20
43.1414
 30
0.0000
 11
-75.3012
 21
45.1306
 31
0.0000
  0
LINE
  5
8D3
  8
0
 10
-75.3012
 20
45.1306
 30
0.0000
 11
-73.2182
 21
47.0150
 31
0.0000
  0
LINE
  5
8D4
  8
0
 10
-73.2182
 20
47.0150
 30
0.0000
 11
-70.7263
 21
48.7710
 31
0.0000
  0
LINE
  5
8D5
  8
0
 10
-70.7263
 20
48.7710
 30
0.0000
 11
-67.8569
 21
50.3765
 31
0.0000
  0
LINE
  5
8D6
  8
0
 10
-67.8569
 20
50.3765
 30
0.0000
 11
-64.6460
 21
51.8112
 31
0.0000
  0
LINE
  5
8D7
  8
0
 10
-64.6460
 20
51.8112
 30
0.0000
 11
-61.1340
 21
53.0571
 31
0.0000
  0
LINE
  5
8D8
  8
0
 10
-61.1340
 20
53.0571
 30
0.0000
 11
-57.3651
 21
54.0986
 31
0.0000
  0
LINE
  5
8D9
  8
0
 10
-57.3651
 20
54.0986
 30
0.0000
 11
-53.3867
 21
54.9226
 31
0.0000
  0
LINE
  5
8DA
  8
0
 10
-53.3867
 20
54.9226
 30
0.0000
 11
-49.2488
 21
55.5186
 31
0.0000
  0
LINE
  5
8DB
  8
0
 10
-49.2488
 20
55.5186
 30
0.0000
 11
-45.0034
 21
55.8793
 31
0.0000
  0
LINE
  5
8DC
  8
0
 10
-45.0034
 20
55.8793
 30
0.0000
 11
-40.7040
 21
56.0000
 31
0.0000
  0
LINE
  5
8DD
  8
0
 10
-40.7040
 20
56.0000
 30
0.0000
 11
-36.4046
 21
55.8793
 31
0.0000
  0
LINE
  5
8DE
  8
0
 10
-36.4046
 20
55.8793
 30
0.0000
 11
-32.1592
 21
55.5186
 31
0.0000
  0
LINE
  5
8DF
  8
0
 10
-32.1592
 20
55.5186
 30
0.0000
 11
-28.0213
 21
54.9226
 31
0.0000
  0
LINE
  5
8E0
  8
0
 10
-28.0213
 20
54.9226
 30
0.0000
 11
-24.0429
 21
54.0986
 31
0.0000
  0
LINE
  5
8E1
  8
0
 10
-24.0429
 20
54.0986
 30
0.0000
 11
-20.2740
 21
53.0571
 31
0.0000
  0
LINE
  5
8E2
  8
0
 10
-20.2740
 20
53.0571
 30
0.0000
 11
-16.7620
 21
51.8112
 31
0.0000
  0
LINE
  5
8E3
  8
0
 10
-16.7620
 20
51.8112
 30
0.0000
 11
-13.5511
 21
50.3765
 31
0.0000
  0
LINE
  5
8E4
  8
0
 10
-13.5511
 20
50.3765
 30
0.0000
 11
-10.6817
 21
48.7710
 31
0.0000
  0
LINE
  5
8E5
  8
0
 10
-10.6817
 20
48.7710
 30
0.0000
 11
-8.1898
 21
47.0150
 31
0.0000
  0
LINE
  5
8E6
  8
0
 10
-8.1898
 20
47.0150
 30
0.0000
 11
-6.1068
 21
45.1306
 31
0.0000
  0
LINE
  5
8E7
  8
0
 10
-6.1068
 20
45.1306
 30
0.0000
 11
-4.4589
 21
43.1414
 31
0.0000
  0
LINE
  5
8E8
  8
0
 10
-4.4589
 20
43.1414
 30
0.0000
 11
-3.2668
 21
41.0724
 31
0.0000
  0
LINE
  5
8E9
  8
0
 10
-3.2668
 20
41.0724
 30
0.0000
 11
-2.5455
 21
38.9497
 31
0.0000
  0
LINE
  5
8EA
  8
0
 10
-2.5455
 20
38.9497
 30
0.0000
 11
-2.3040
 21
36.8000
 31
0.0000
  0
LINE
  5
8EB
  8
0
 10
-79.1040
 20
36.8000
 30
0.0000
 11
-2.3040
 21
36.8000
 31
0.0000
  0
LINE
  5
8EC
  8
0
 10
2.3040
 20
36.8000
 30
0.0000
 11
2.5455
 21
38.9497
 31
0.0000
  0
LINE
  5
8ED
  8
0
 10
2.5455
 20
38.9497
 30
0.0000
 11
3.2668
 21
41.0724
 31
0.0000
  0
LINE
  5
8EE
  8
0
 10
3.2668
 20
41.0724
 30
0.0000
 11
4.4589
 21
43.1414
 31
0.0000
  0
LINE
  5
8EF
  8
0
 10
4.4589
 20
43.1414
 30
0.0000
 11
6.1068
 21
45.1306
 31
0.0000
  0
LINE
  5
8F0
  8
0
 10
6.1068
 20
45.1306
 30
0.0000
 11
8.1898
 21
47.0150
 31
0.0000
  0
LINE
  5
8F1
  8
0
 10
8.1898
 20
47.0150
 30
0.0000
 11
10.6817
 21
48.7710
 31
0.0000
  0
LINE
  5
8F2
  8
0
 10
10.6817
 20
48.7710
 30
0.0000
 11
13.5511
 21
50.3765
 31
0.0000
  0
LINE
  5
8F3
  8
0
 10
13.5511
 20
50.3765
 30
0.0000
 11
16.7620
 21
51.8112
 31
0.0000
  0
LINE
  5
8F4
  8
0
 10
16.7620
 20
51.8112
 30
0.0000
 11
20.2740
 21
53.0571
 31
0.0000
  0
LINE
  5
8F5
  8
0
 10
20.2740
 20
53.0571
 30
0.0000
 11
24.0429
 21
54.0986
 31
0.0000
  0
LINE
  5
8F6
  8
0
 10
24.0429
 20
54.0986
 30
0.0000
 11
28.0213
 21
54.9226
 31
0.0000
  0
LINE
  5
8F7
  8
0
 10
28.0213
 20
54.9226
 30
0.0000
 11
32.1592
 21
55.5186
 31
0.0000
  0
LINE
  5
8F8
  8
0
 10
32.1592
 20
55.5186
 30
0.0000
 11
36.4046
 21
55.8793
 31
0.0000
  0
LINE
  5
8F9
  8
0
 10
36.4046
 20
55.8793
 30
0.0000
 11
40.7040
 21
56.0000
 31
0.0000
  0
LINE
  5
8FA
  8
0
 10
40.7040
 20
56.0000
 30
0.0000
 11
45.0034
 21
55.8793
 31
0.0000
  0
LINE
  5
8FB
  8
0
 10
45.0034
 20
55.8793
 30
0.0000
 11
49.2488
 21
55.5186
 31
0.0000
  0
LINE
  5
8FC
  8
0
 10
49.2488
 20
55.5186
 30
0.0000
 11
53.3867
 21
54.9226
 31
0.0000
  0
LINE
  5
8FD
  8
0
 10
53.3867
 20
54.9226
 30
0.0000
 11
57.3651
 21
54.0986
 31
0.0000
  0
LINE
  5
8FE
  8
0
 10
57.3651
 20
54.0986
 30
0.0000
 11
61.1340
 21
53.0571
 31
0.0000
  0
LINE
  5
8FF
  8
0
 10
61.1340
 20
53.0571
 30
0.0000
 11
64.6460
 21
51.8112
 31
0.0000
  0
LINE
  5
900
  8
0
 10
64.6460
 20
51.8112
 30
0.0000
 11
67.8569
 21
50.3765
 31
0.0000
  0
LINE
  5
901
  8
0
 10
67.8569
 20
50.3765
 30
0.0000
 11
70.7263
 21
48.7710
 31
0.0000
  0
LINE
  5
902
  8
0
 10
70.7263
 20
48.7710
 30
0.0000
 11
73.2182
 21
47.0150
 31
0.0000
  0
LINE
  5
903
  8
0
 10
73.2182
 20
47.0150
 30
0.0000
 11
75.3012
 21
45.1306
 31
0.0000
  0
LINE
  5
904
  8
0
 10
75.3012
 20
45.1306
 30
0.0000
 11
76.9491
 21
43.1414
 31
0.0000
  0
LINE
  5
905
  8
0
 10
76.9491
 20
43.1414
 30
0.0000
 11
78.1412
 21
41.0724
 31
0.0000
  0
LINE
  5
906
  8
0
 10
78.1412
 20
41.0724
 30
0.0000
 11
78.8625
 21
38.9497
 31
0.0000
  0
LINE
  5
907
  8
0
 10
78.8625
 20
38.9497
 30
0.0000
 11
79.1040
 21
36.8000
 31
0.0000
  0
LINE
  5
908
  8
0
 10
2.3040
 20
36.8000
 30
0.0000
 11
79.1040
 21
36.8000
 31
0.0000
  0
ENDBLK
  8
0
  0
BLOCK
  8
0
  2
SS_shutter_box_2316x245
 70
0
 10
0.0000
 20
0.0000
 30
0.0000
  3
SS_shutter_box_2316x245
  1

  0
LINE
  5
909
  8
0
 10
-1158.0000
 20
161.7000
 30
0.0000
 11
1158.0000
 21
161.7000
 31
0.0000
  0
LINE
  5
90A
  8
0
 10
1158.0000
 20
161.7000
 30
0.0000
 11
1158.0000
 21
83.3000
 31
0.0000
  0
LINE
  5
90B
  8
0
 10
1158.0000
 20
83.3000
 30
0.0000
 11
-1158.0000
 21
83.3000
 31
0.0000
  0
LINE
  5
90C
  8
0
 10
-1158.0000
 20
83.3000
 30
0.0000
 11
-1158.0000
 21
161.7000
 31
0.0000
  0
ENDBLK
  8
0
  0
BLOCK
  8
0
  2
SS_floor_drain_120x120
 70
0
 10
0.0000
 20
0.0000
 30
0.0000
  3
SS_floor_drain_120x120
  1

  0
LINE
  5
90D
  8
0
 10
-38.4000
 20
98.4000
 30
0.0000
 11
38.4000
 21
98.4000
 31
0.0000
  0
LINE
  5
90E
  8
0
 10
38.4000
 20
98.4000
 30
0.0000
 11
38.4000
 21
21.6000
 31
0.0000
  0
LINE
  5
90F
  8
0
 10
38.4000
 20
21.6000
 30
0.0000
 11
-38.4000
 21
21.6000
 31
0.0000
  0
LINE
  5
910
  8
0
 10
-38.4000
 20
21.6000
 30
0.0000
 11
-38.4000
 21
98.4000
 31
0.0000
  0
LINE
  5
911
  8
0
 10
-38.4000
 20
98.4000
 30
0.0000
 11
38.4000
 21
21.6000
 31
0.0000
  0
LINE
  5
912
  8
0
 10
38.4000
 20
98.4000
 30
0.0000
 11
-38.4000
 21
21.6000
 31
0.0000
  0
ARC
  5
913
  8
0
 10
0.0000
 20
60.0000
 30
0.0000
 40
12.0000
 50
0.0000
 51
360.0000
  0
ENDBLK
  8
0
  0
BLOCK
  8
0
  2
SS_socket_single_182x78
 70
0
 10
0.0000
 20
0.0000
 30
0.0000
  3
SS_socket_single_182x78
  1

  0
LINE
  5
914
  8
0
 10
0.0000
 20
0.0000
 30
0.0000
 11
0.0000
 21
35.8800
 31
0.0000
  0
LINE
  5
915
  8
0
 10
-58.2400
 20
35.8800
 30
0.0000
 11
-57.8738
 21
38.6746
 31
0.0000
  0
LINE
  5
916
  8
0
 10
-57.8738
 20
38.6746
 30
0.0000
 11
-56.7798
 21
41.4341
 31
0.0000
  0
LINE
  5
917
  8
0
 10
-56.7798
 20
41.4341
 30
0.0000
 11
-54.9718
 21
44.1238
 31
0.0000
  0
LINE
  5
918
  8
0
 10
-54.9718
 20
44.1238
 30
0.0000
 11
-52.4724
 21
46.7097
 31
0.0000
  0
LINE
  5
919
  8
0
 10
-52.4724
 20
46.7097
 30
0.0000
 11
-49.3132
 21
49.1595
 31
0.0000
  0
LINE
  5
91A
  8
0
 10
-49.3132
 20
49.1595
 30
0.0000
 11
-45.5339
 21
51.4423
 31
0.0000
  0
LINE
  5
91B
  8
0
 10
-45.5339
 20
51.4423
 30
0.0000
 11
-41.1819
 21
53.5294
 31
0.0000
  0
LINE
  5
91C
  8
0
 10
-41.1819
 20
53.5294
 30
0.0000
 11
-36.3120
 21
55.3945
 31
0.0000
  0
LINE
  5
91D
  8
0
 10
-36.3120
 20
55.3945
 30
0.0000
 11
-30.9855
 21
57.0142
 31
0.0000
  0
LINE
  5
91E
  8
0
 10
-30.9855
 20
57.0142
 30
0.0000
 11
-25.2694
 21
58.3682
 31
0.0000
  0
LINE
  5
91F
  8
0
 10
-25.2694
 20
58.3682
 30
0.0000
 11
-19.2355
 21
59.4393
 31
0.0000
  0
LINE
  5
920
  8
0
 10
-19.2355
 20
59.4393
 30
0.0000
 11
-12.9596
 21
60.2142
 31
0.0000
  0
LINE
  5
921
  8
0
 10
-12.9596
 20
60.2142
 30
0.0000
 11
-6.5208
 21
60.6831
 31
0.0000
  0
LINE
  5
922
  8
0
 10
-6.5208
 20
60.6831
 30
0.0000
 11
0.0000
 21
60.8400
 31
0.0000
  0
LINE
  5
923
  8
0
 10
0.0000
 20
60.8400
 30
0.0000
 11
6.5208
 21
60.6831
 31
0.0000
  0
LINE
  5
924
  8
0
 10
6.5208
 20
60.6831
 30
0.0000
 11
12.9596
 21
60.2142
 31
0.0000
  0
LINE
  5
925
  8
0
 10
12.9596
 20
60.2142
 30
0.0000
 11
19.2355
 21
59.4393
 31
0.0000
  0
LINE
  5
926
  8
0
 10
19.2355
 20
59.4393
 30
0.0000
 11
25.2694
 21
58.3682
 31
0.0000
  0
LINE
  5
927
  8
0
 10
25.2694
 20
58.3682
 30
0.0000
 11
30.9855
 21
57.0142
 31
0.0000
  0
LINE
  5
928
  8
0
 10
30.9855
 20
57.0142
 30
0.0000
 11
36.3120
 21
55.3945
 31
0.0000
  0
LINE
  5
929
  8
0
 10
36.3120
 20
55.3945
 30
0.0000
 11
41.1819
 21
53.5294
 31
0.0000
  0
LINE
  5
92A
  8
0
 10
41.1819
 20
53.5294
 30
0.0000
 11
45.5339
 21
51.4423
 31
0.0000
  0
LINE
  5
92B
  8
0
 10
45.5339
 20
51.4423
 30
0.0000
 11
49.3132
 21
49.1595
 31
0.0000
  0
LINE
  5
92C
  8
0
 10
49.3132
 20
49.1595
 30
0.0000
 11
52.4724
 21
46.7097
 31
0.0000
  0
LINE
  5
92D
  8
0
 10
52.4724
 20
46.7097
 30
0.0000
 11
54.9718
 21
44.1238
 31
0.0000
  0
LINE
  5
92E
  8
0
 10
54.9718
 20
44.1238
 30
0.0000
 11
56.7798
 21
41.4341
 31
0.0000
  0
LINE
  5
92F
  8
0
 10
56.7798
 20
41.4341
 30
0.0000
 11
57.8738
 21
38.6746
 31
0.0000
  0
LINE
  5
930
  8
0
 10
57.8738
 20
38.6746
 30
0.0000
 11
58.2400
 21
35.8800
 31
0.0000
  0
LINE
  5
931
  8
0
 10
-58.2400
 20
35.8800
 30
0.0000
 11
58.2400
 21
35.8800
 31
0.0000
  0
ENDBLK
  8
0
  0
BLOCK
  8
0
  2
SS_gas_point_20x20
 70
0
 10
0.0000
 20
0.0000
 30
0.0000
  3
SS_gas_point_20x20
  1

  0
LINE
  5
932
  8
0
 10
0.0000
 20
0.0000
 30
0.0000
 11
0.0000
 21
4.0000
 31
0.0000
  0
LINE
  5
933
  8
0
 10
0.0000
 20
16.0000
 30
0.0000
 11
5.2000
 21
13.0000
 31
0.0000
  0
LINE
  5
934
  8
0
 10
5.2000
 20
13.0000
 30
0.0000
 11
5.2000
 21
7.0000
 31
0.0000
  0
LINE
  5
935
  8
0
 10
5.2000
 20
7.0000
 30
0.0000
 11
0.0000
 21
4.0000
 31
0.0000
  0
LINE
  5
936
  8
0
 10
0.0000
 20
4.0000
 30
0.0000
 11
-5.2000
 21
7.0000
 31
0.0000
  0
LINE
  5
937
  8
0
 10
-5.2000
 20
7.0000
 30
0.0000
 11
-5.2000
 21
13.0000
 31
0.0000
  0
LINE
  5
938
  8
0
 10
-5.2000
 20
13.0000
 30
0.0000
 11
0.0000
 21
16.0000
 31
0.0000
  0
TEXT
  5
939
  8
0
 10
0.0000
 20
10.0000
 30
0.0000
 40
24.0000
  1
G
 50
0.0000
  7
SOLINE
 72
1
 73
2
 11
0.0000
 21
10.0000
 31
0.0000
  0
ENDBLK
  8
0
  0
BLOCK
  8
0
  2
SS_light_downlight_100x30
 70
0
 10
0.0000
 20
0.0000
 30
0.0000
  3
SS_light_downlight_100x30
  1

  0
LINE
  5
93A
  8
0
 10
30.0000
 20
15.0000
 30
0.0000
 11
29.4236
 21
13.2442
 31
0.0000
  0
LINE
  5
93B
  8
0
 10
29.4236
 20
13.2442
 30
0.0000
 11
27.7164
 21
11.5558
 31
0.0000
  0
LINE
  5
93C
  8
0
 10
27.7164
 20
11.5558
 30
0.0000
 11
24.9441
 21
9.9999
 31
0.0000
  0
LINE
  5
93D
  8
0
 10
24.9441
 20
9.9999
 30
0.0000
 11
21.2132
 21
8.6360
 31
0.0000
  0
LINE
  5
93E
  8
0
 10
21.2132
 20
8.6360
 30
0.0000
 11
16.6671
 21
7.5168
 31
0.0000
  0
LINE
  5
93F
  8
0
 10
16.6671
 20
7.5168
 30
0.0000
 11
11.4805
 21
6.6851
 31
0.0000
  0
LINE
  5
940
  8
0
 10
11.4805
 20
6.6851
 30
0.0000
 11
5.8527
 21
6.1729
 31
0.0000
  0
LINE
  5
941
  8
0
 10
5.8527
 20
6.1729
 30
0.0000
 11
0.0000
 21
6.0000
 31
0.0000
  0
LINE
  5
942
  8
0
 10
0.0000
 20
6.0000
 30
0.0000
 11
-5.8527
 21
6.1729
 31
0.0000
  0
LINE
  5
943
  8
0
 10
-5.8527
 20
6.1729
 30
0.0000
 11
-11.4805
 21
6.6851
 31
0.0000
  0
LINE
  5
944
  8
0
 10
-11.4805
 20
6.6851
 30
0.0000
 11
-16.6671
 21
7.5168
 31
0.0000
  0
LINE
  5
945
  8
0
 10
-16.6671
 20
7.5168
 30
0.0000
 11
-21.2132
 21
8.6360
 31
0.0000
  0
LINE
  5
946
  8
0
 10
-21.2132
 20
8.6360
 30
0.0000
 11
-24.9441
 21
9.9999
 31
0.0000
  0
LINE
  5
947
  8
0
 10
-24.9441
 20
9.9999
 30
0.0000
 11
-27.7164
 21
11.5558
 31
0.0000
  0
LINE
  5
948
  8
0
 10
-27.7164
 20
11.5558
 30
0.0000
 11
-29.4236
 21
13.2442
 31
0.0000
  0
LINE
  5
949
  8
0
 10
-29.4236
 20
13.2442
 30
0.0000
 11
-30.0000
 21
15.0000
 31
0.0000
  0
LINE
  5
94A
  8
0
 10
-30.0000
 20
15.0000
 30
0.0000
 11
-29.4236
 21
16.7558
 31
0.0000
  0
LINE
  5
94B
  8
0
 10
-29.4236
 20
16.7558
 30
0.0000
 11
-27.7164
 21
18.4442
 31
0.0000
  0
LINE
  5
94C
  8
0
 10
-27.7164
 20
18.4442
 30
0.0000
 11
-24.9441
 21
20.0001
 31
0.0000
  0
LINE
  5
94D
  8
0
 10
-24.9441
 20
20.0001
 30
0.0000
 11
-21.2132
 21
21.3640
 31
0.0000
  0
LINE
  5
94E
  8
0
 10
-21.2132
 20
21.3640
 30
0.0000
 11
-16.6671
 21
22.4832
 31
0.0000
  0
LINE
  5
94F
  8
0
 10
-16.6671
 20
22.4832
 30
0.0000
 11
-11.4805
 21
23.3149
 31
0.0000
  0
LINE
  5
950
  8
0
 10
-11.4805
 20
23.3149
 30
0.0000
 11
-5.8527
 21
23.8271
 31
0.0000
  0
LINE
  5
951
  8
0
 10
-5.8527
 20
23.8271
 30
0.0000
 11
0.0000
 21
24.0000
 31
0.0000
  0
LINE
  5
952
  8
0
 10
0.0000
 20
24.0000
 30
0.0000
 11
5.8527
 21
23.8271
 31
0.0000
  0
LINE
  5
953
  8
0
 10
5.8527
 20
23.8271
 30
0.0000
 11
11.4805
 21
23.3149
 31
0.0000
  0
LINE
  5
954
  8
0
 10
11.4805
 20
23.3149
 30
0.0000
 11
16.6671
 21
22.4832
 31
0.0000
  0
LINE
  5
955
  8
0
 10
16.6671
 20
22.4832
 30
0.0000
 11
21.2132
 21
21.3640
 31
0.0000
  0
LINE
  5
956
  8
0
 10
21.2132
 20
21.3640
 30
0.0000
 11
24.9441
 21
20.0001
 31
0.0000
  0
LINE
  5
957
  8
0
 10
24.9441
 20
20.0001
 30
0.0000
 11
27.7164
 21
18.4442
 31
0.0000
  0
LINE
  5
958
  8
0
 10
27.7164
 20
18.4442
 30
0.0000
 11
29.4236
 21
16.7558
 31
0.0000
  0
LINE
  5
959
  8
0
 10
29.4236
 20
16.7558
 30
0.0000
 11
30.0000
 21
15.0000
 31
0.0000
  0
LINE
  5
95A
  8
0
 10
-21.0000
 20
21.3000
 30
0.0000
 11
21.0000
 21
8.7000
 31
0.0000
  0
LINE
  5
95B
  8
0
 10
21.0000
 20
21.3000
 30
0.0000
 11
-21.0000
 21
8.7000
 31
0.0000
  0
ENDBLK
  8
0
  0
BLOCK
  8
0
  2
SS_shutter_box_1321x245
 70
0
 10
0.0000
 20
0.0000
 30
0.0000
  3
SS_shutter_box_1321x245
  1

  0
LINE
  5
95C
  8
0
 10
-660.5000
 20
161.7000
 30
0.0000
 11
660.5000
 21
161.7000
 31
0.0000
  0
LINE
  5
95D
  8
0
 10
660.5000
 20
161.7000
 30
0.0000
 11
660.5000
 21
83.3000
 31
0.0000
  0
LINE
  5
95E
  8
0
 10
660.5000
 20
83.3000
 30
0.0000
 11
-660.5000
 21
83.3000
 31
0.0000
  0
LINE
  5
95F
  8
0
 10
-660.5000
 20
83.3000
 30
0.0000
 11
-660.5000
 21
161.7000
 31
0.0000
  0
ENDBLK
  8
0
  0
BLOCK
  8
0
  2
SS_socket_single_173x67
 70
0
 10
0.0000
 20
0.0000
 30
0.0000
  3
SS_socket_single_173x67
  1

  0
LINE
  5
960
  8
0
 10
0.0000
 20
0.0000
 30
0.0000
 11
0.0000
 21
30.8200
 31
0.0000
  0
LINE
  5
961
  8
0
 10
-55.3600
 20
30.8200
 30
0.0000
 11
-55.0119
 21
33.2205
 31
0.0000
  0
LINE
  5
962
  8
0
 10
-55.0119
 20
33.2205
 30
0.0000
 11
-53.9720
 21
35.5908
 31
0.0000
  0
LINE
  5
963
  8
0
 10
-53.9720
 20
35.5908
 30
0.0000
 11
-52.2534
 21
37.9012
 31
0.0000
  0
LINE
  5
964
  8
0
 10
-52.2534
 20
37.9012
 30
0.0000
 11
-49.8776
 21
40.1225
 31
0.0000
  0
LINE
  5
965
  8
0
 10
-49.8776
 20
40.1225
 30
0.0000
 11
-46.8747
 21
42.2268
 31
0.0000
  0
LINE
  5
966
  8
0
 10
-46.8747
 20
42.2268
 30
0.0000
 11
-43.2822
 21
44.1876
 31
0.0000
  0
LINE
  5
967
  8
0
 10
-43.2822
 20
44.1876
 30
0.0000
 11
-39.1454
 21
45.9804
 31
0.0000
  0
LINE
  5
968
  8
0
 10
-39.1454
 20
45.9804
 30
0.0000
 11
-34.5164
 21
47.5825
 31
0.0000
  0
LINE
  5
969
  8
0
 10
-34.5164
 20
47.5825
 30
0.0000
 11
-29.4533
 21
48.9738
 31
0.0000
  0
LINE
  5
96A
  8
0
 10
-29.4533
 20
48.9738
 30
0.0000
 11
-24.0198
 21
50.1368
 31
0.0000
  0
LINE
  5
96B
  8
0
 10
-24.0198
 20
50.1368
 30
0.0000
 11
-18.2842
 21
51.0569
 31
0.0000
  0
LINE
  5
96C
  8
0
 10
-18.2842
 20
51.0569
 30
0.0000
 11
-12.3188
 21
51.7225
 31
0.0000
  0
LINE
  5
96D
  8
0
 10
-12.3188
 20
51.7225
 30
0.0000
 11
-6.1984
 21
52.1252
 31
0.0000
  0
LINE
  5
96E
  8
0
 10
-6.1984
 20
52.1252
 30
0.0000
 11
0.0000
 21
52.2600
 31
0.0000
  0
LINE
  5
96F
  8
0
 10
0.0000
 20
52.2600
 30
0.0000
 11
6.1984
 21
52.1252
 31
0.0000
  0
LINE
  5
970
  8
0
 10
6.1984
 20
52.1252
 30
0.0000
 11
12.3188
 21
51.7225
 31
0.0000
  0
LINE
  5
971
  8
0
 10
12.3188
 20
51.7225
 30
0.0000
 11
18.2842
 21
51.0569
 31
0.0000
  0
LINE
  5
972
  8
0
 10
18.2842
 20
51.0569
 30
0.0000
 11
24.0198
 21
50.1368
 31
0.0000
  0
LINE
  5
973
  8
0
 10
24.0198
 20
50.1368
 30
0.0000
 11
29.4533
 21
48.9738
 31
0.0000
  0
LINE
  5
974
  8
0
 10
29.4533
 20
48.9738
 30
0.0000
 11
34.5164
 21
47.5825
 31
0.0000
  0
LINE
  5
975
  8
0
 10
34.5164
 20
47.5825
 30
0.0000
 11
39.1454
 21
45.9804
 31
0.0000
  0
LINE
  5
976
  8
0
 10
39.1454
 20
45.9804
 30
0.0000
 11
43.2822
 21
44.1876
 31
0.0000
  0
LINE
  5
977
  8
0
 10
43.2822
 20
44.1876
 30
0.0000
 11
46.8747
 21
42.2268
 31
0.0000
  0
LINE
  5
978
  8
0
 10
46.8747
 20
42.2268
 30
0.0000
 11
49.8776
 21
40.1225
 31
0.0000
  0
LINE
  5
979
  8
0
 10
49.8776
 20
40.1225
 30
0.0000
 11
52.2534
 21
37.9012
 31
0.0000
  0
LINE
  5
97A
  8
0
 10
52.2534
 20
37.9012
 30
0.0000
 11
53.9720
 21
35.5908
 31
0.0000
  0
LINE
  5
97B
  8
0
 10
53.9720
 20
35.5908
 30
0.0000
 11
55.0119
 21
33.2205
 31
0.0000
  0
LINE
  5
97C
  8
0
 10
55.0119
 20
33.2205
 30
0.0000
 11
55.3600
 21
30.8200
 31
0.0000
  0
LINE
  5
97D
  8
0
 10
-55.3600
 20
30.8200
 30
0.0000
 11
55.3600
 21
30.8200
 31
0.0000
  0
ENDBLK
  8
0
  0
ENDSEC
  0
SECTION
  2
ENTITIES
  0
SOLID
  5
100
  8
קירות - מילוי
 10
4370.0000
 20
-5920.0000
 30
0.0000
 11
4370.0000
 21
-5780.0000
 31
0.0000
 12
4470.0000
 22
-5920.0000
 32
0.0000
 13
4470.0000
 23
-5680.0000
 33
0.0000
  0
LINE
  5
101
  8
קירות
 10
4370.0000
 20
-5920.0000
 30
0.0000
 11
4370.0000
 21
-5780.0000
 31
0.0000
  0
LINE
  5
102
  8
קירות
 10
4470.0000
 20
-5920.0000
 30
0.0000
 11
4470.0000
 21
-5680.0000
 31
0.0000
  0
LINE
  5
103
  8
קירות
 10
4370.0000
 20
-5920.0000
 30
0.0000
 11
4470.0000
 21
-5920.0000
 31
0.0000
  0
SOLID
  5
104
  8
קירות - מילוי
 10
4370.0000
 20
-5780.0000
 30
0.0000
 11
3586.0000
 21
-5780.0000
 31
0.0000
 12
4470.0000
 22
-5680.0000
 32
0.0000
 13
3686.0000
 23
-5680.0000
 33
0.0000
  0
LINE
  5
105
  8
קירות
 10
4370.0000
 20
-5780.0000
 30
0.0000
 11
3586.0000
 21
-5780.0000
 31
0.0000
  0
LINE
  5
106
  8
קירות
 10
4470.0000
 20
-5680.0000
 30
0.0000
 11
3686.0000
 21
-5680.0000
 31
0.0000
  0
SOLID
  5
107
  8
קירות - מילוי
 10
3586.0000
 20
-5780.0000
 30
0.0000
 11
3586.0000
 21
-2730.6503
 31
0.0000
 12
3686.0000
 22
-5680.0000
 32
0.0000
 13
3686.0000
 23
-2831.0000
 33
0.0000
  0
LINE
  5
108
  8
קירות
 10
3586.0000
 20
-5780.0000
 30
0.0000
 11
3586.0000
 21
-2730.6503
 31
0.0000
  0
LINE
  5
109
  8
קירות
 10
3686.0000
 20
-5680.0000
 30
0.0000
 11
3686.0000
 21
-2831.0000
 31
0.0000
  0
SOLID
  5
10A
  8
קירות - מילוי
 10
5779.8441
 20
-2738.3083
 30
0.0000
 11
8106.9737
 21
-2746.4316
 31
0.0000
 12
5779.4950
 22
-2838.3077
 32
0.0000
 13
8006.9737
 23
-2846.0831
 33
0.0000
  0
LINE
  5
10B
  8
קירות
 10
5779.8441
 20
-2738.3083
 30
0.0000
 11
8106.9737
 21
-2746.4316
 31
0.0000
  0
LINE
  5
10C
  8
קירות
 10
5779.4950
 20
-2838.3077
 30
0.0000
 11
8006.9737
 21
-2846.0831
 31
0.0000
  0
LINE
  5
10D
  8
קירות
 10
3686.0000
 20
-2831.0000
 30
0.0000
 11
3686.3491
 21
-2731.0006
 31
0.0000
  0
LINE
  5
10E
  8
קירות
 10
5779.4950
 20
-2838.3077
 30
0.0000
 11
5779.8441
 21
-2738.3083
 31
0.0000
  0
SOLID
  5
10F
  8
קירות - מילוי
 10
8106.9737
 20
-2746.4316
 30
0.0000
 11
8106.9737
 21
-2923.5000
 31
0.0000
 12
8006.9737
 22
-2846.0831
 32
0.0000
 13
8006.9737
 23
-2923.5000
 33
0.0000
  0
LINE
  5
110
  8
קירות
 10
8106.9737
 20
-2746.4316
 30
0.0000
 11
8106.9737
 21
-2923.5000
 31
0.0000
  0
LINE
  5
111
  8
קירות
 10
8006.9737
 20
-2846.0831
 30
0.0000
 11
8006.9737
 21
-2923.5000
 31
0.0000
  0
SOLID
  5
112
  8
קירות - מילוי
 10
8106.9737
 20
-4080.5000
 30
0.0000
 11
8106.9737
 21
-6133.0831
 31
0.0000
 12
8006.9737
 22
-4080.5000
 32
0.0000
 13
8006.9737
 23
-6033.0831
 33
0.0000
  0
LINE
  5
113
  8
קירות
 10
8106.9737
 20
-4080.5000
 30
0.0000
 11
8106.9737
 21
-6133.0831
 31
0.0000
  0
LINE
  5
114
  8
קירות
 10
8006.9737
 20
-4080.5000
 30
0.0000
 11
8006.9737
 21
-6033.0831
 31
0.0000
  0
LINE
  5
115
  8
קירות
 10
8006.9737
 20
-2923.5000
 30
0.0000
 11
8106.9737
 21
-2923.5000
 31
0.0000
  0
LINE
  5
116
  8
קירות
 10
8006.9737
 20
-4080.5000
 30
0.0000
 11
8106.9737
 21
-4080.5000
 31
0.0000
  0
SOLID
  5
117
  8
קירות - מילוי
 10
8106.9737
 20
-6133.0831
 30
0.0000
 11
9824.9737
 21
-6133.0831
 31
0.0000
 12
8006.9737
 22
-6033.0831
 32
0.0000
 13
9824.9737
 23
-6033.0831
 33
0.0000
  0
LINE
  5
118
  8
קירות
 10
8106.9737
 20
-6133.0831
 30
0.0000
 11
9824.9737
 21
-6133.0831
 31
0.0000
  0
LINE
  5
119
  8
קירות
 10
8006.9737
 20
-6033.0831
 30
0.0000
 11
9824.9737
 21
-6033.0831
 31
0.0000
  0
LINE
  5
11A
  8
קירות
 10
9824.9737
 20
-6133.0831
 30
0.0000
 11
9824.9737
 21
-6033.0831
 31
0.0000
  0
LINE
  5
11B
  8
חלונות
 10
3630.3320
 20
-2881.2490
 30
0.0000
 11
5779.3189
 21
-2888.7504
 31
0.0000
  0
LINE
  5
11C
  8
חלונות
 10
5779.3189
 20
-2888.7504
 30
0.0000
 11
5779.6680
 21
-2788.7510
 31
0.0000
  0
LINE
  5
11D
  8
חלונות
 10
5779.6680
 20
-2788.7510
 30
0.0000
 11
3630.6811
 21
-2781.2496
 31
0.0000
  0
LINE
  5
11E
  8
חלונות
 10
3630.6811
 20
-2781.2496
 30
0.0000
 11
3630.3320
 21
-2881.2490
 31
0.0000
  0
LINE
  5
11F
  8
חלונות
 10
3680.3317
 20
-2881.4235
 30
0.0000
 11
3680.6808
 21
-2781.4241
 31
0.0000
  0
LINE
  5
120
  8
חלונות
 10
5729.3192
 20
-2888.5759
 30
0.0000
 11
5729.6683
 21
-2788.5765
 31
0.0000
  0
LINE
  5
121
  8
חלונות
 10
3680.5062
 20
-2831.4238
 30
0.0000
 11
5729.4938
 21
-2838.5762
 31
0.0000
  0
LINE
  5
122
  8
חלונות
 10
3680.5062
 20
-2831.4238
 30
0.0000
 11
5729.4938
 21
-2838.5762
 31
0.0000
  0
LINE
  5
123
  8
חלונות
 10
3680.5062
 20
-2831.4238
 30
0.0000
 11
5729.4938
 21
-2838.5762
 31
0.0000
  0
TEXT
  5
124
  8
חלונות - טקסט
 10
4705.7854
 20
-2610.0014
 30
0.0000
 40
125.0000
  1
W1
 50
0.0000
  7
SOLINE
 72
1
 73
2
 11
4705.7854
 21
-2610.0014
 31
0.0000
  0
LINE
  5
125
  8
חלונות
 10
7957.0000
 20
-2923.5000
 30
0.0000
 11
7957.0000
 21
-4080.5000
 31
0.0000
  0
LINE
  5
126
  8
חלונות
 10
7957.0000
 20
-4080.5000
 30
0.0000
 11
8057.0000
 21
-4080.5000
 31
0.0000
  0
LINE
  5
127
  8
חלונות
 10
8057.0000
 20
-4080.5000
 30
0.0000
 11
8057.0000
 21
-2923.5000
 31
0.0000
  0
LINE
  5
128
  8
חלונות
 10
8057.0000
 20
-2923.5000
 30
0.0000
 11
7957.0000
 21
-2923.5000
 31
0.0000
  0
LINE
  5
129
  8
חלונות
 10
7957.0000
 20
-2973.5000
 30
0.0000
 11
8057.0000
 21
-2973.5000
 31
0.0000
  0
LINE
  5
12A
  8
חלונות
 10
7957.0000
 20
-4030.5000
 30
0.0000
 11
8057.0000
 21
-4030.5000
 31
0.0000
  0
LINE
  5
12B
  8
חלונות
 10
8007.0000
 20
-2973.5000
 30
0.0000
 11
8007.0000
 21
-4030.5000
 31
0.0000
  0
LINE
  5
12C
  8
חלונות
 10
8007.0000
 20
-2973.5000
 30
0.0000
 11
8007.0000
 21
-4030.5000
 31
0.0000
  0
LINE
  5
12D
  8
חלונות
 10
8007.0000
 20
-2973.5000
 30
0.0000
 11
8007.0000
 21
-4030.5000
 31
0.0000
  0
TEXT
  5
12E
  8
חלונות - טקסט
 10
8232.0000
 20
-3502.0000
 30
0.0000
 40
125.0000
  1
W2
 50
0.0000
  7
SOLINE
 72
1
 73
2
 11
8232.0000
 21
-3502.0000
 31
0.0000
  0
INSERT
  5
12F
  8
חשמל
  2
SS_socket_single_80x80
 10
4470.0000
 20
-5795.0000
 30
0.0000
 41
1.0000
 42
1.0000
 43
1.0000
 50
90.0000
  0
INSERT
  5
130
  8
חשמל
  2
SS_socket_single_80x80
 10
3686.0000
 20
-4610.0000
 30
0.0000
 41
1.0000
 42
1.0000
 43
1.0000
 50
90.0000
  0
INSERT
  5
131
  8
חשמל
  2
SS_socket_single_80x80
 10
3686.0000
 20
-3905.0000
 30
0.0000
 41
1.0000
 42
1.0000
 43
1.0000
 50
90.0000
  0
INSERT
  5
132
  8
חשמל
  2
SS_socket_single_80x80
 10
3686.0000
 20
-3766.0000
 30
0.0000
 41
1.0000
 42
1.0000
 43
1.0000
 50
90.0000
  0
INSERT
  5
133
  8
חשמל
  2
SS_socket_single_175x70
 10
3686.0000
 20
-3105.0000
 30
0.0000
 41
1.0000
 42
1.0000
 43
1.0000
 50
90.0000
  0
INSERT
  5
134
  8
מים
  2
SS_water_faucet_20x20
 10
3686.0000
 20
-3279.0000
 30
0.0000
 41
1.0000
 42
1.0000
 43
1.0000
 50
90.0000
  0
INSERT
  5
135
  8
חשמל
  2
SS_socket_single_80x80
 10
4477.0000
 20
-2834.0000
 30
0.0000
 41
1.0000
 42
1.0000
 43
1.0000
 50
359.8000
  0
INSERT
  5
136
  8
חשמל
  2
SS_socket_single_80x80
 10
4840.0000
 20
-2835.0000
 30
0.0000
 41
1.0000
 42
1.0000
 43
1.0000
 50
359.8000
  0
INSERT
  5
137
  8
חשמל
  2
SS_socket_duplex_160x80
 10
4991.0000
 20
-2836.0000
 30
0.0000
 41
1.0000
 42
1.0000
 43
1.0000
 50
359.8000
  0
INSERT
  5
138
  8
חלונות
  2
SS_shutter_box_2316x245
 10
4625.0000
 20
-2834.0000
 30
0.0000
 41
1.0000
 42
1.0000
 43
1.0000
 50
359.8000
  0
INSERT
  5
139
  8
חשמל
  2
SS_socket_single_80x80
 10
5443.0000
 20
-2837.0000
 30
0.0000
 41
1.0000
 42
1.0000
 43
1.0000
 50
359.8000
  0
INSERT
  5
13A
  8
מים
  2
SS_water_faucet_20x20
 10
5619.0000
 20
-2838.0000
 30
0.0000
 41
1.0000
 42
1.0000
 43
1.0000
 50
359.8000
  0
INSERT
  5
13B
  8
מים
  2
SS_water_faucet_20x20
 10
5770.0000
 20
-2838.0000
 30
0.0000
 41
1.0000
 42
1.0000
 43
1.0000
 50
359.8000
  0
INSERT
  5
13C
  8
מים
  2
SS_water_faucet_20x20
 10
5881.0000
 20
-2839.0000
 30
0.0000
 41
1.0000
 42
1.0000
 43
1.0000
 50
359.8000
  0
INSERT
  5
13D
  8
ניקוז
  2
SS_floor_drain_120x120
 10
5774.0000
 20
-2838.0000
 30
0.0000
 41
1.0000
 42
1.0000
 43
1.0000
 50
359.8000
  0
INSERT
  5
13E
  8
חשמל
  2
SS_socket_single_80x80
 10
7027.0000
 20
-2843.0000
 30
0.0000
 41
1.0000
 42
1.0000
 43
1.0000
 50
359.8000
  0
INSERT
  5
13F
  8
חשמל
  2
SS_socket_single_80x80
 10
7180.0000
 20
-2843.0000
 30
0.0000
 41
1.0000
 42
1.0000
 43
1.0000
 50
359.8000
  0
INSERT
  5
140
  8
חשמל
  2
SS_socket_single_182x78
 10
7821.0000
 20
-2845.0000
 30
0.0000
 41
1.0000
 42
1.0000
 43
1.0000
 50
359.8000
  0
INSERT
  5
141
  8
גז
  2
SS_gas_point_20x20
 10
7836.0000
 20
-2845.0000
 30
0.0000
 41
1.0000
 42
1.0000
 43
1.0000
 50
359.8000
  0
INSERT
  5
142
  8
תאורה
  2
SS_light_downlight_100x30
 10
4857.0000
 20
-2835.0000
 30
0.0000
 41
1.0000
 42
1.0000
 43
1.0000
 50
359.8000
  0
INSERT
  5
143
  8
חשמל
  2
SS_socket_single_80x80
 10
6013.0000
 20
-2839.0000
 30
0.0000
 41
1.0000
 42
1.0000
 43
1.0000
 50
359.8000
  0
INSERT
  5
144
  8
חשמל
  2
SS_socket_duplex_160x80
 10
8007.0000
 20
-3164.0000
 30
0.0000
 41
1.0000
 42
1.0000
 43
1.0000
 50
270.0000
  0
INSERT
  5
145
  8
חלונות
  2
SS_shutter_box_1321x245
 10
8007.0000
 20
-3427.0000
 30
0.0000
 41
1.0000
 42
1.0000
 43
1.0000
 50
270.0000
  0
INSERT
  5
146
  8
חשמל
  2
SS_socket_single_173x67
 10
8007.0000
 20
-4930.0000
 30
0.0000
 41
1.0000
 42
1.0000
 43
1.0000
 50
270.0000
  0
INSERT
  5
147
  8
חשמל
  2
SS_socket_duplex_160x80
 10
8007.0000
 20
-5549.0000
 30
0.0000
 41
1.0000
 42
1.0000
 43
1.0000
 50
270.0000
  0
INSERT
  5
148
  8
תאורה
  2
SS_light_downlight_100x30
 10
8007.0000
 20
-5063.0000
 30
0.0000
 41
1.0000
 42
1.0000
 43
1.0000
 50
270.0000
  0
INSERT
  5
149
  8
תאורה
  2
SS_light_downlight_100x30
 10
8007.0000
 20
-5061.0000
 30
0.0000
 41
1.0000
 42
1.0000
 43
1.0000
 50
270.0000
  0
INSERT
  5
14A
  8
תאורה
  2
SS_light_downlight_100x30
 10
8007.0000
 20
-5061.0000
 30
0.0000
 41
1.0000
 42
1.0000
 43
1.0000
 50
270.0000
  0
INSERT
  5
14B
  8
חשמל
  2
SS_socket_single_80x80
 10
8218.0000
 20
-6033.0000
 30
0.0000
 41
1.0000
 42
1.0000
 43
1.0000
 50
0.0000
  0
INSERT
  5
14C
  8
חשמל
  2
SS_socket_single_80x80
 10
9623.0000
 20
-6033.0000
 30
0.0000
 41
1.0000
 42
1.0000
 43
1.0000
 50
0.0000
  0
LINE
  5
14D
  8
מידות - פנים
 10
3686.1396
 20
-2791.0002
 30
0.0000
 11
3687.1921
 21
-2489.5021
 31
0.0000
  0
LINE
  5
14E
  8
מידות - פנים
 10
5779.6346
 20
-2798.3079
 30
0.0000
 11
5780.6871
 21
-2496.8098
 31
0.0000
  0
LINE
  5
14F
  8
מידות - פנים
 10
3687.0036
 20
-2543.5018
 30
0.0000
 11
5780.4986
 21
-2550.8095
 31
0.0000
  0
SOLID
  5
150
  8
מידות - פנים
 10
3687.0036
 20
-2543.5018
 30
0.0000
 11
3583.6047
 21
-2514.3406
 31
0.0000
 12
3583.4037
 22
-2571.9403
 32
0.0000
 13
3583.4037
 23
-2571.9403
 33
0.0000
  0
SOLID
  5
151
  8
מידות - פנים
 10
5780.4986
 20
-2550.8095
 30
0.0000
 11
5884.0985
 21
-2522.3709
 31
0.0000
 12
5883.8974
 22
-2579.9706
 32
0.0000
 13
5883.8974
 23
-2579.9706
 33
0.0000
  0
TEXT
  5
152
  8
מידות - פנים
 10
4734.0495
 20
-2461.6561
 30
0.0000
 40
90.0000
  1
209.4
 50
-0.2000
  7
SOLINE
 72
1
 73
2
 11
4734.0495
 21
-2461.6561
 31
0.0000
  0
LINE
  5
153
  8
מידות - פנים
 10
5779.6346
 20
-2798.3079
 30
0.0000
 11
5780.6871
 21
-2496.8098
 31
0.0000
  0
LINE
  5
154
  8
מידות - פנים
 10
8007.1133
 20
-2806.0833
 30
0.0000
 11
8008.1657
 21
-2504.5852
 31
0.0000
  0
LINE
  5
155
  8
מידות - פנים
 10
5780.4986
 20
-2550.8095
 30
0.0000
 11
8007.9772
 21
-2558.5849
 31
0.0000
  0
SOLID
  5
156
  8
מידות - פנים
 10
5780.4986
 20
-2550.8095
 30
0.0000
 11
5677.0997
 21
-2521.6484
 31
0.0000
 12
5676.8987
 22
-2579.2480
 32
0.0000
 13
5676.8987
 23
-2579.2480
 33
0.0000
  0
SOLID
  5
157
  8
מידות - פנים
 10
8007.9772
 20
-2558.5849
 30
0.0000
 11
8111.5771
 21
-2530.1463
 31
0.0000
 12
8111.3761
 22
-2587.7460
 32
0.0000
 13
8111.3761
 23
-2587.7460
 33
0.0000
  0
TEXT
  5
158
  8
מידות - פנים
 10
6894.5364
 20
-2469.1977
 30
0.0000
 40
90.0000
  1
222.7
 50
-0.2000
  7
SOLINE
 72
1
 73
2
 11
6894.5364
 21
-2469.1977
 31
0.0000
  0
LINE
  5
159
  8
מידות - פנים
 10
8046.9737
 20
-2846.0831
 30
0.0000
 11
8348.4737
 21
-2846.0831
 31
0.0000
  0
LINE
  5
15A
  8
מידות - פנים
 10
8046.9737
 20
-2923.5000
 30
0.0000
 11
8348.4737
 21
-2923.5000
 31
0.0000
  0
LINE
  5
15B
  8
מידות - פנים
 10
8294.4737
 20
-2846.0831
 30
0.0000
 11
8294.4737
 21
-2923.5000
 31
0.0000
  0
SOLID
  5
15C
  8
מידות - פנים
 10
8294.4737
 20
-2846.0831
 30
0.0000
 11
8323.2737
 21
-2742.5831
 31
0.0000
 12
8265.6737
 22
-2742.5831
 32
0.0000
 13
8265.6737
 23
-2742.5831
 33
0.0000
  0
SOLID
  5
15D
  8
מידות - פנים
 10
8294.4737
 20
-2923.5000
 30
0.0000
 11
8323.2737
 21
-3027.0000
 31
0.0000
 12
8265.6737
 22
-3027.0000
 32
0.0000
 13
8265.6737
 23
-3027.0000
 33
0.0000
  0
TEXT
  5
15E
  8
מידות - פנים
 10
8379.9737
 20
-2884.7916
 30
0.0000
 40
90.0000
  1
7.7
 50
90.0000
  7
SOLINE
 72
1
 73
2
 11
8379.9737
 21
-2884.7916
 31
0.0000
  0
LINE
  5
15F
  8
מידות - פנים
 10
8046.9737
 20
-2923.5000
 30
0.0000
 11
8348.4737
 21
-2923.5000
 31
0.0000
  0
LINE
  5
160
  8
מידות - פנים
 10
8046.9737
 20
-4080.5000
 30
0.0000
 11
8348.4737
 21
-4080.5000
 31
0.0000
  0
LINE
  5
161
  8
מידות - פנים
 10
8294.4737
 20
-2923.5000
 30
0.0000
 11
8294.4737
 21
-4080.5000
 31
0.0000
  0
SOLID
  5
162
  8
מידות - פנים
 10
8294.4737
 20
-2923.5000
 30
0.0000
 11
8323.2737
 21
-2820.0000
 31
0.0000
 12
8265.6737
 22
-2820.0000
 32
0.0000
 13
8265.6737
 23
-2820.0000
 33
0.0000
  0
SOLID
  5
163
  8
מידות - פנים
 10
8294.4737
 20
-4080.5000
 30
0.0000
 11
8323.2737
 21
-4184.0000
 31
0.0000
 12
8265.6737
 22
-4184.0000
 32
0.0000
 13
8265.6737
 23
-4184.0000
 33
0.0000
  0
TEXT
  5
164
  8
מידות - פנים
 10
8379.9737
 20
-3502.0000
 30
0.0000
 40
90.0000
  1
115.7
 50
90.0000
  7
SOLINE
 72
1
 73
2
 11
8379.9737
 21
-3502.0000
 31
0.0000
  0
LINE
  5
165
  8
מידות - פנים
 10
8046.9737
 20
-4080.5000
 30
0.0000
 11
8348.4737
 21
-4080.5000
 31
0.0000
  0
LINE
  5
166
  8
מידות - פנים
 10
8046.9737
 20
-6033.0831
 30
0.0000
 11
8348.4737
 21
-6033.0831
 31
0.0000
  0
LINE
  5
167
  8
מידות - פנים
 10
8294.4737
 20
-4080.5000
 30
0.0000
 11
8294.4737
 21
-6033.0831
 31
0.0000
  0
SOLID
  5
168
  8
מידות - פנים
 10
8294.4737
 20
-4080.5000
 30
0.0000
 11
8323.2737
 21
-3977.0000
 31
0.0000
 12
8265.6737
 22
-3977.0000
 32
0.0000
 13
8265.6737
 23
-3977.0000
 33
0.0000
  0
SOLID
  5
169
  8
מידות - פנים
 10
8294.4737
 20
-6033.0831
 30
0.0000
 11
8323.2737
 21
-6136.5831
 31
0.0000
 12
8265.6737
 22
-6136.5831
 32
0.0000
 13
8265.6737
 23
-6136.5831
 33
0.0000
  0
TEXT
  5
16A
  8
מידות - פנים
 10
8379.9737
 20
-5056.7916
 30
0.0000
 40
90.0000
  1
195.3
 50
90.0000
  7
SOLINE
 72
1
 73
2
 11
8379.9737
 21
-5056.7916
 31
0.0000
  0
LINE
  5
16B
  8
מידות - פנים
 10
4420.0000
 20
-5920.0000
 30
0.0000
 11
3970.0000
 21
-5920.0000
 31
0.0000
  0
LINE
  5
16C
  8
מידות - פנים
 10
4420.0000
 20
-5680.0000
 30
0.0000
 11
3970.0000
 21
-5680.0000
 31
0.0000
  0
LINE
  5
16D
  8
מידות - פנים
 10
4045.0000
 20
-5920.0000
 30
0.0000
 11
4045.0000
 21
-5680.0000
 31
0.0000
  0
SOLID
  5
16E
  8
מידות - פנים
 10
4045.0000
 20
-5920.0000
 30
0.0000
 11
4005.0000
 21
-6063.7500
 31
0.0000
 12
4085.0000
 22
-6063.7500
 32
0.0000
 13
4085.0000
 23
-6063.7500
 33
0.0000
  0
SOLID
  5
16F
  8
מידות - פנים
 10
4045.0000
 20
-5680.0000
 30
0.0000
 11
4005.0000
 21
-5536.2500
 31
0.0000
 12
4085.0000
 22
-5536.2500
 32
0.0000
 13
4085.0000
 23
-5536.2500
 33
0.0000
  0
TEXT
  5
170
  8
מידות - פנים
 10
3926.2500
 20
-5800.0000
 30
0.0000
 40
125.0000
  1
24
 50
90.0000
  7
SOLINE
 72
1
 73
2
 11
3926.2500
 21
-5800.0000
 31
0.0000
  0
LINE
  5
171
  8
מידות - פנים
 10
4470.0000
 20
-5730.0000
 30
0.0000
 11
4470.0000
 21
-6180.0000
 31
0.0000
  0
LINE
  5
172
  8
מידות - פנים
 10
3686.0000
 20
-5730.0000
 30
0.0000
 11
3686.0000
 21
-6180.0000
 31
0.0000
  0
LINE
  5
173
  8
מידות - פנים
 10
4470.0000
 20
-6105.0000
 30
0.0000
 11
3686.0000
 21
-6105.0000
 31
0.0000
  0
SOLID
  5
174
  8
מידות - פנים
 10
4470.0000
 20
-6105.0000
 30
0.0000
 11
4613.7500
 21
-6145.0000
 31
0.0000
 12
4613.7500
 22
-6065.0000
 32
0.0000
 13
4613.7500
 23
-6065.0000
 33
0.0000
  0
SOLID
  5
175
  8
מידות - פנים
 10
3686.0000
 20
-6105.0000
 30
0.0000
 11
3542.2500
 21
-6145.0000
 31
0.0000
 12
3542.2500
 22
-6065.0000
 32
0.0000
 13
3542.2500
 23
-6065.0000
 33
0.0000
  0
TEXT
  5
176
  8
מידות - פנים
 10
4078.0000
 20
-6223.7500
 30
0.0000
 40
125.0000
  1
78.4
 50
360.0000
  7
SOLINE
 72
1
 73
2
 11
4078.0000
 21
-6223.7500
 31
0.0000
  0
LINE
  5
177
  8
מידות - פנים
 10
3636.0000
 20
-5680.0000
 30
0.0000
 11
3186.0000
 21
-5680.0000
 31
0.0000
  0
LINE
  5
178
  8
מידות - פנים
 10
3636.0000
 20
-2831.0000
 30
0.0000
 11
3186.0000
 21
-2831.0000
 31
0.0000
  0
LINE
  5
179
  8
מידות - פנים
 10
3261.0000
 20
-5680.0000
 30
0.0000
 11
3261.0000
 21
-2831.0000
 31
0.0000
  0
SOLID
  5
17A
  8
מידות - פנים
 10
3261.0000
 20
-5680.0000
 30
0.0000
 11
3221.0000
 21
-5823.7500
 31
0.0000
 12
3301.0000
 22
-5823.7500
 32
0.0000
 13
3301.0000
 23
-5823.7500
 33
0.0000
  0
SOLID
  5
17B
  8
מידות - פנים
 10
3261.0000
 20
-2831.0000
 30
0.0000
 11
3221.0000
 21
-2687.2500
 31
0.0000
 12
3301.0000
 22
-2687.2500
 32
0.0000
 13
3301.0000
 23
-2687.2500
 33
0.0000
  0
TEXT
  5
17C
  8
מידות - פנים
 10
3142.2500
 20
-4255.5000
 30
0.0000
 40
125.0000
  1
284.9
 50
90.0000
  7
SOLINE
 72
1
 73
2
 11
3142.2500
 21
-4255.5000
 31
0.0000
  0
LINE
  5
17D
  8
מידות - פנים
 10
3686.1745
 20
-2781.0003
 30
0.0000
 11
3687.7453
 21
-2331.0030
 31
0.0000
  0
LINE
  5
17E
  8
מידות - פנים
 10
8007.1482
 20
-2796.0834
 30
0.0000
 11
8008.7190
 21
-2346.0862
 31
0.0000
  0
LINE
  5
17F
  8
מידות - פנים
 10
3687.4835
 20
-2406.0026
 30
0.0000
 11
8008.4572
 21
-2421.0857
 31
0.0000
  0
SOLID
  5
180
  8
מידות - פנים
 10
3687.4835
 20
-2406.0026
 30
0.0000
 11
3543.8740
 21
-2365.5011
 31
0.0000
 12
3543.5948
 22
-2445.5006
 32
0.0000
 13
3543.5948
 23
-2445.5006
 33
0.0000
  0
SOLID
  5
181
  8
מידות - פנים
 10
8008.4572
 20
-2421.0857
 30
0.0000
 11
8152.3460
 21
-2381.5877
 31
0.0000
 12
8152.0667
 22
-2461.5872
 32
0.0000
 13
8152.0667
 23
-2461.5872
 33
0.0000
  0
TEXT
  5
182
  8
מידות - פנים
 10
5848.3849
 20
-2294.7949
 30
0.0000
 40
125.0000
  1
432.1
 50
-0.2000
  7
SOLINE
 72
1
 73
2
 11
5848.3849
 21
-2294.7949
 31
0.0000
  0
LINE
  5
183
  8
מידות - פנים
 10
8056.9737
 20
-2846.0831
 30
0.0000
 11
8506.9737
 21
-2846.0831
 31
0.0000
  0
LINE
  5
184
  8
מידות - פנים
 10
8056.9737
 20
-6033.0831
 30
0.0000
 11
8506.9737
 21
-6033.0831
 31
0.0000
  0
LINE
  5
185
  8
מידות - פנים
 10
8431.9737
 20
-2846.0831
 30
0.0000
 11
8431.9737
 21
-6033.0831
 31
0.0000
  0
SOLID
  5
186
  8
מידות - פנים
 10
8431.9737
 20
-2846.0831
 30
0.0000
 11
8471.9737
 21
-2702.3331
 31
0.0000
 12
8391.9737
 22
-2702.3331
 32
0.0000
 13
8391.9737
 23
-2702.3331
 33
0.0000
  0
SOLID
  5
187
  8
מידות - פנים
 10
8431.9737
 20
-6033.0831
 30
0.0000
 11
8471.9737
 21
-6176.8331
 31
0.0000
 12
8391.9737
 22
-6176.8331
 32
0.0000
 13
8391.9737
 23
-6176.8331
 33
0.0000
  0
TEXT
  5
188
  8
מידות - פנים
 10
8550.7237
 20
-4439.5831
 30
0.0000
 40
125.0000
  1
318.7
 50
90.0000
  7
SOLINE
 72
1
 73
2
 11
8550.7237
 21
-4439.5831
 31
0.0000
  0
LINE
  5
189
  8
מידות - פנים
 10
8006.9737
 20
-5983.0831
 30
0.0000
 11
8006.9737
 21
-5533.0831
 31
0.0000
  0
LINE
  5
18A
  8
מידות - פנים
 10
9824.9737
 20
-5983.0831
 30
0.0000
 11
9824.9737
 21
-5533.0831
 31
0.0000
  0
LINE
  5
18B
  8
מידות - פנים
 10
8006.9737
 20
-5608.0831
 30
0.0000
 11
9824.9737
 21
-5608.0831
 31
0.0000
  0
SOLID
  5
18C
  8
מידות - פנים
 10
8006.9737
 20
-5608.0831
 30
0.0000
 11
7863.2237
 21
-5568.0831
 31
0.0000
 12
7863.2237
 22
-5648.0831
 32
0.0000
 13
7863.2237
 23
-5648.0831
 33
0.0000
  0
SOLID
  5
18D
  8
מידות - פנים
 10
9824.9737
 20
-5608.0831
 30
0.0000
 11
9968.7237
 21
-5568.0831
 31
0.0000
 12
9968.7237
 22
-5648.0831
 32
0.0000
 13
9968.7237
 23
-5648.0831
 33
0.0000
  0
TEXT
  5
18E
  8
מידות - פנים
 10
8915.9737
 20
-5489.3331
 30
0.0000
 40
125.0000
  1
181.8
 50
0.0000
  7
SOLINE
 72
1
 73
2
 11
8915.9737
 21
-5489.3331
 31
0.0000
  0
LINE
  5
18F
  8
מידות - פנים
 10
3686.0000
 20
-6083.0831
 30
0.0000
 11
3686.0000
 21
-6958.0831
 31
0.0000
  0
LINE
  5
190
  8
מידות - פנים
 10
9824.9737
 20
-6083.0831
 30
0.0000
 11
9824.9737
 21
-6958.0831
 31
0.0000
  0
LINE
  5
191
  8
מידות - פנים
 10
3686.0000
 20
-6883.0831
 30
0.0000
 11
9824.9737
 21
-6883.0831
 31
0.0000
  0
SOLID
  5
192
  8
מידות - פנים
 10
3686.0000
 20
-6883.0831
 30
0.0000
 11
3542.2500
 21
-6923.0831
 31
0.0000
 12
3542.2500
 22
-6843.0831
 32
0.0000
 13
3542.2500
 23
-6843.0831
 33
0.0000
  0
SOLID
  5
193
  8
מידות - פנים
 10
9824.9737
 20
-6883.0831
 30
0.0000
 11
9968.7237
 21
-6923.0831
 31
0.0000
 12
9968.7237
 22
-6843.0831
 32
0.0000
 13
9968.7237
 23
-6843.0831
 33
0.0000
  0
TEXT
  5
194
  8
מידות - פנים
 10
6755.4868
 20
-7001.8331
 30
0.0000
 40
125.0000
  1
613.9
 50
0.0000
  7
SOLINE
 72
1
 73
2
 11
6755.4868
 21
-7001.8331
 31
0.0000
  0
LINE
  5
195
  8
מידות - פנים
 10
3636.0000
 20
-6033.0831
 30
0.0000
 11
2761.0000
 21
-6033.0831
 31
0.0000
  0
LINE
  5
196
  8
מידות - פנים
 10
3636.0000
 20
-2831.0000
 30
0.0000
 11
2761.0000
 21
-2831.0000
 31
0.0000
  0
LINE
  5
197
  8
מידות - פנים
 10
2836.0000
 20
-6033.0831
 30
0.0000
 11
2836.0000
 21
-2831.0000
 31
0.0000
  0
SOLID
  5
198
  8
מידות - פנים
 10
2836.0000
 20
-6033.0831
 30
0.0000
 11
2796.0000
 21
-6176.8331
 31
0.0000
 12
2876.0000
 22
-6176.8331
 32
0.0000
 13
2876.0000
 23
-6176.8331
 33
0.0000
  0
SOLID
  5
199
  8
מידות - פנים
 10
2836.0000
 20
-2831.0000
 30
0.0000
 11
2796.0000
 21
-2687.2500
 31
0.0000
 12
2876.0000
 22
-2687.2500
 32
0.0000
 13
2876.0000
 23
-2687.2500
 33
0.0000
  0
TEXT
  5
19A
  8
מידות - פנים
 10
2717.2500
 20
-4432.0416
 30
0.0000
 40
125.0000
  1
320.2
 50
90.0000
  7
SOLINE
 72
1
 73
2
 11
2717.2500
 21
-4432.0416
 31
0.0000
  0
LINE
  5
19B
  8
מידות - חוץ
 10
3586.0000
 20
-6183.0831
 30
0.0000
 11
3586.0000
 21
-7808.0831
 31
0.0000
  0
LINE
  5
19C
  8
מידות - חוץ
 10
9824.9737
 20
-6183.0831
 30
0.0000
 11
9824.9737
 21
-7808.0831
 31
0.0000
  0
LINE
  5
19D
  8
מידות - חוץ
 10
3586.0000
 20
-7733.0831
 30
0.0000
 11
9824.9737
 21
-7733.0831
 31
0.0000
  0
SOLID
  5
19E
  8
מידות - חוץ
 10
3586.0000
 20
-7733.0831
 30
0.0000
 11
3442.2500
 21
-7773.0831
 31
0.0000
 12
3442.2500
 22
-7693.0831
 32
0.0000
 13
3442.2500
 23
-7693.0831
 33
0.0000
  0
SOLID
  5
19F
  8
מידות - חוץ
 10
9824.9737
 20
-7733.0831
 30
0.0000
 11
9968.7237
 21
-7773.0831
 31
0.0000
 12
9968.7237
 22
-7693.0831
 32
0.0000
 13
9968.7237
 23
-7693.0831
 33
0.0000
  0
TEXT
  5
1A0
  8
מידות - חוץ
 10
6705.4868
 20
-7851.8331
 30
0.0000
 40
125.0000
  1
623.9
 50
0.0000
  7
SOLINE
 72
1
 73
2
 11
6705.4868
 21
-7851.8331
 31
0.0000
  0
LINE
  5
1A1
  8
מידות - חוץ
 10
3536.0000
 20
-6133.0831
 30
0.0000
 11
1911.0000
 21
-6133.0831
 31
0.0000
  0
LINE
  5
1A2
  8
מידות - חוץ
 10
3536.0000
 20
-2730.6503
 30
0.0000
 11
1911.0000
 21
-2730.6503
 31
0.0000
  0
LINE
  5
1A3
  8
מידות - חוץ
 10
1986.0000
 20
-6133.0831
 30
0.0000
 11
1986.0000
 21
-2730.6503
 31
0.0000
  0
SOLID
  5
1A4
  8
מידות - חוץ
 10
1986.0000
 20
-6133.0831
 30
0.0000
 11
1946.0000
 21
-6276.8331
 31
0.0000
 12
2026.0000
 22
-6276.8331
 32
0.0000
 13
2026.0000
 23
-6276.8331
 33
0.0000
  0
SOLID
  5
1A5
  8
מידות - חוץ
 10
1986.0000
 20
-2730.6503
 30
0.0000
 11
1946.0000
 21
-2586.9003
 31
0.0000
 12
2026.0000
 22
-2586.9003
 32
0.0000
 13
2026.0000
 23
-2586.9003
 33
0.0000
  0
TEXT
  5
1A6
  8
מידות - חוץ
 10
1867.2500
 20
-4431.8667
 30
0.0000
 40
125.0000
  1
340.2
 50
90.0000
  7
SOLINE
 72
1
 73
2
 11
1867.2500
 21
-4431.8667
 31
0.0000
  0
LINE
  5
1A7
  8
מסגרת
 10
11324.9737
 20
-518.0000
 30
0.0000
 11
14074.9737
 21
-518.0000
 31
0.0000
  0
LINE
  5
1A8
  8
מסגרת
 10
14074.9737
 20
-518.0000
 30
0.0000
 11
14074.9737
 21
-3906.1250
 31
0.0000
  0
LINE
  5
1A9
  8
מסגרת
 10
14074.9737
 20
-3906.1250
 30
0.0000
 11
11324.9737
 21
-3906.1250
 31
0.0000
  0
LINE
  5
1AA
  8
מסגרת
 10
11324.9737
 20
-3906.1250
 30
0.0000
 11
11324.9737
 21
-518.0000
 31
0.0000
  0
LINE
  5
1AB
  8
מסגרת
 10
11324.9737
 20
-1078.6250
 30
0.0000
 11
14074.9737
 21
-1078.6250
 31
0.0000
  0
LINE
  5
1AC
  8
מסגרת
 10
11399.9737
 20
-1016.1250
 30
0.0000
 11
11974.9737
 21
-1016.1250
 31
0.0000
  0
LINE
  5
1AD
  8
מסגרת
 10
11974.9737
 20
-1016.1250
 30
0.0000
 11
11974.9737
 21
-580.5000
 31
0.0000
  0
LINE
  5
1AE
  8
מסגרת
 10
11974.9737
 20
-580.5000
 30
0.0000
 11
11399.9737
 21
-580.5000
 31
0.0000
  0
LINE
  5
1AF
  8
מסגרת
 10
11399.9737
 20
-580.5000
 30
0.0000
 11
11399.9737
 21
-1016.1250
 31
0.0000
  0
TEXT
  5
1B0
  8
מסגרת
 10
12049.9737
 20
-764.6750
 30
0.0000
 40
250.0000
  1
SOLINE
 50
0.0000
  7
SOLINE
 73
2
 11
12049.9737
 21
-764.6750
 31
0.0000
  0
TEXT
  5
1B1
  8
מקרא
 10
11687.4737
 20
-977.7125
 30
0.0000
 40
68.7500
  1
brand/soline-logo.png
 50
0.0000
  7
SOLINE
 72
1
 73
2
 11
11687.4737
 21
-977.7125
 31
0.0000
  0
TEXT
  5
1B2
  8
מסגרת
 10
11399.9737
 20
-1249.2500
 30
0.0000
 40
102.5000
  1
Project:
 50
0.0000
  7
SOLINE
 73
2
 11
11399.9737
 21
-1249.2500
 31
0.0000
  0
TEXT
  5
1B3
  8
מסגרת
 10
13999.9737
 20
-1249.2500
 30
0.0000
 40
110.0000
  1
2916_Ktchn_TRIO_Nir_DR1
 50
0.0000
  7
SOLINE
 72
2
 73
2
 11
13999.9737
 21
-1249.2500
 31
0.0000
  0
TEXT
  5
1B4
  8
מסגרת
 10
11399.9737
 20
-1493.0000
 30
0.0000
 40
102.5000
  1
Client:
 50
0.0000
  7
SOLINE
 73
2
 11
11399.9737
 21
-1493.0000
 31
0.0000
  0
TEXT
  5
1B5
  8
מסגרת
 10
13999.9737
 20
-1493.0000
 30
0.0000
 40
110.0000
  1
-
 50
0.0000
  7
SOLINE
 72
2
 73
2
 11
13999.9737
 21
-1493.0000
 31
0.0000
  0
TEXT
  5
1B6
  8
מסגרת
 10
11399.9737
 20
-1736.7500
 30
0.0000
 40
102.5000
  1
Address:
 50
0.0000
  7
SOLINE
 73
2
 11
11399.9737
 21
-1736.7500
 31
0.0000
  0
TEXT
  5
1B7
  8
מסגרת
 10
13999.9737
 20
-1736.7500
 30
0.0000
 40
110.0000
  1
-
 50
0.0000
  7
SOLINE
 72
2
 73
2
 11
13999.9737
 21
-1736.7500
 31
0.0000
  0
TEXT
  5
1B8
  8
מסגרת
 10
11399.9737
 20
-1980.5000
 30
0.0000
 40
102.5000
  1
Drawing:
 50
0.0000
  7
SOLINE
 73
2
 11
11399.9737
 21
-1980.5000
 31
0.0000
  0
TEXT
  5
1B9
  8
מסגרת
 10
13999.9737
 20
-1980.5000
 30
0.0000
 40
110.0000
  1
Measurement Plan
 50
0.0000
  7
SOLINE
 72
2
 73
2
 11
13999.9737
 21
-1980.5000
 31
0.0000
  0
TEXT
  5
1BA
  8
מסגרת
 10
11399.9737
 20
-2224.2500
 30
0.0000
 40
102.5000
  1
Scale:
 50
0.0000
  7
SOLINE
 73
2
 11
11399.9737
 21
-2224.2500
 31
0.0000
  0
TEXT
  5
1BB
  8
מסגרת
 10
13999.9737
 20
-2224.2500
 30
0.0000
 40
110.0000
  1
1:50  (mm)
 50
0.0000
  7
SOLINE
 72
2
 73
2
 11
13999.9737
 21
-2224.2500
 31
0.0000
  0
TEXT
  5
1BC
  8
מסגרת
 10
11399.9737
 20
-2468.0000
 30
0.0000
 40
102.5000
  1
Date:
 50
0.0000
  7
SOLINE
 73
2
 11
11399.9737
 21
-2468.0000
 31
0.0000
  0
TEXT
  5
1BD
  8
מסגרת
 10
13999.9737
 20
-2468.0000
 30
0.0000
 40
110.0000
  1
2026-08-24
 50
0.0000
  7
SOLINE
 72
2
 73
2
 11
13999.9737
 21
-2468.0000
 31
0.0000
  0
TEXT
  5
1BE
  8
מסגרת
 10
11399.9737
 20
-2711.7500
 30
0.0000
 40
102.5000
  1
Surveyor:
 50
0.0000
  7
SOLINE
 73
2
 11
11399.9737
 21
-2711.7500
 31
0.0000
  0
TEXT
  5
1BF
  8
מסגרת
 10
13999.9737
 20
-2711.7500
 30
0.0000
 40
110.0000
  1
-
 50
0.0000
  7
SOLINE
 72
2
 73
2
 11
13999.9737
 21
-2711.7500
 31
0.0000
  0
TEXT
  5
1C0
  8
מסגרת
 10
11399.9737
 20
-2955.5000
 30
0.0000
 40
102.5000
  1
Checked:
 50
0.0000
  7
SOLINE
 73
2
 11
11399.9737
 21
-2955.5000
 31
0.0000
  0
TEXT
  5
1C1
  8
מסגרת
 10
13999.9737
 20
-2955.5000
 30
0.0000
 40
110.0000
  1
-
 50
0.0000
  7
SOLINE
 72
2
 73
2
 11
13999.9737
 21
-2955.5000
 31
0.0000
  0
TEXT
  5
1C2
  8
מסגרת
 10
11399.9737
 20
-3199.2500
 30
0.0000
 40
102.5000
  1
Drawing No:
 50
0.0000
  7
SOLINE
 73
2
 11
11399.9737
 21
-3199.2500
 31
0.0000
  0
TEXT
  5
1C3
  8
מסגרת
 10
13999.9737
 20
-3199.2500
 30
0.0000
 40
110.0000
  1
M-01
 50
0.0000
  7
SOLINE
 72
2
 73
2
 11
13999.9737
 21
-3199.2500
 31
0.0000
  0
TEXT
  5
1C4
  8
מסגרת
 10
11399.9737
 20
-3443.0000
 30
0.0000
 40
102.5000
  1
Sheet:
 50
0.0000
  7
SOLINE
 73
2
 11
11399.9737
 21
-3443.0000
 31
0.0000
  0
TEXT
  5
1C5
  8
מסגרת
 10
13999.9737
 20
-3443.0000
 30
0.0000
 40
110.0000
  1
1/1
 50
0.0000
  7
SOLINE
 72
2
 73
2
 11
13999.9737
 21
-3443.0000
 31
0.0000
  0
TEXT
  5
1C6
  8
מסגרת
 10
11399.9737
 20
-3686.7500
 30
0.0000
 40
102.5000
  1
Revision:
 50
0.0000
  7
SOLINE
 73
2
 11
11399.9737
 21
-3686.7500
 31
0.0000
  0
TEXT
  5
1C7
  8
מסגרת
 10
13999.9737
 20
-3686.7500
 30
0.0000
 40
110.0000
  1
0
 50
0.0000
  7
SOLINE
 72
2
 73
2
 11
13999.9737
 21
-3686.7500
 31
0.0000
  0
LINE
  5
1C8
  8
מסגרת
 10
11324.9737
 20
-4181.1250
 30
0.0000
 11
14074.9737
 21
-4181.1250
 31
0.0000
  0
LINE
  5
1C9
  8
מסגרת
 10
14074.9737
 20
-4181.1250
 30
0.0000
 11
14074.9737
 21
-5561.1250
 31
0.0000
  0
LINE
  5
1CA
  8
מסגרת
 10
14074.9737
 20
-5561.1250
 30
0.0000
 11
11324.9737
 21
-5561.1250
 31
0.0000
  0
LINE
  5
1CB
  8
מסגרת
 10
11324.9737
 20
-5561.1250
 30
0.0000
 11
11324.9737
 21
-4181.1250
 31
0.0000
  0
LINE
  5
1CC
  8
מסגרת
 10
11324.9737
 20
-4541.1250
 30
0.0000
 11
14074.9737
 21
-4541.1250
 31
0.0000
  0
TEXT
  5
1CD
  8
מקרא
 10
13999.9737
 20
-4397.1250
 30
0.0000
 40
175.0000
  1
טבלת מפרט פתחים
 50
0.0000
  7
SOLINE
 72
2
 73
2
 11
13999.9737
 21
-4397.1250
 31
0.0000
  0
TEXT
  5
1CE
  8
מקרא
 10
13992.4737
 20
-4721.1250
 30
0.0000
 40
112.5000
  1
מס'
 50
0.0000
  7
SOLINE
 72
2
 73
2
 11
13992.4737
 21
-4721.1250
 31
0.0000
  0
TEXT
  5
1CF
  8
מקרא
 10
13524.9737
 20
-4721.1250
 30
0.0000
 40
112.5000
  1
סוג
 50
0.0000
  7
SOLINE
 72
2
 73
2
 11
13524.9737
 21
-4721.1250
 31
0.0000
  0
TEXT
  5
1D0
  8
מקרא
 10
12837.4737
 20
-4721.1250
 30
0.0000
 40
112.5000
  1
רוחבxגובה
 50
0.0000
  7
SOLINE
 72
2
 73
2
 11
12837.4737
 21
-4721.1250
 31
0.0000
  0
TEXT
  5
1D1
  8
מקרא
 10
12204.9737
 20
-4721.1250
 30
0.0000
 40
112.5000
  1
כיוון
 50
0.0000
  7
SOLINE
 72
2
 73
2
 11
12204.9737
 21
-4721.1250
 31
0.0000
  0
TEXT
  5
1D2
  8
מקרא
 10
11682.4737
 20
-4721.1250
 30
0.0000
 40
112.5000
  1
כמות
 50
0.0000
  7
SOLINE
 72
2
 73
2
 11
11682.4737
 21
-4721.1250
 31
0.0000
  0
LINE
  5
1D3
  8
מקרא
 10
11374.9737
 20
-4886.1250
 30
0.0000
 11
14024.9737
 21
-4886.1250
 31
0.0000
  0
TEXT
  5
1D4
  8
מסגרת
 10
13992.4737
 20
-5021.1250
 30
0.0000
 40
112.5000
  1
W1
 50
0.0000
  7
SOLINE
 72
2
 73
2
 11
13992.4737
 21
-5021.1250
 31
0.0000
  0
TEXT
  5
1D5
  8
מקרא
 10
13524.9737
 20
-5021.1250
 30
0.0000
 40
112.5000
  1
חלון
 50
0.0000
  7
SOLINE
 72
2
 73
2
 11
13524.9737
 21
-5021.1250
 31
0.0000
  0
TEXT
  5
1D6
  8
מסגרת
 10
12837.4737
 20
-5021.1250
 30
0.0000
 40
112.5000
  1
2149x1081
 50
0.0000
  7
SOLINE
 72
2
 73
2
 11
12837.4737
 21
-5021.1250
 31
0.0000
  0
TEXT
  5
1D7
  8
מקרא
 10
12204.9737
 20
-5021.1250
 30
0.0000
 40
112.5000
  1
-
 50
0.0000
  7
SOLINE
 72
2
 73
2
 11
12204.9737
 21
-5021.1250
 31
0.0000
  0
TEXT
  5
1D8
  8
מסגרת
 10
11682.4737
 20
-5021.1250
 30
0.0000
 40
112.5000
  1
x1
 50
0.0000
  7
SOLINE
 72
2
 73
2
 11
11682.4737
 21
-5021.1250
 31
0.0000
  0
TEXT
  5
1D9
  8
מסגרת
 10
13992.4737
 20
-5321.1250
 30
0.0000
 40
112.5000
  1
W2
 50
0.0000
  7
SOLINE
 72
2
 73
2
 11
13992.4737
 21
-5321.1250
 31
0.0000
  0
TEXT
  5
1DA
  8
מקרא
 10
13524.9737
 20
-5321.1250
 30
0.0000
 40
112.5000
  1
חלון
 50
0.0000
  7
SOLINE
 72
2
 73
2
 11
13524.9737
 21
-5321.1250
 31
0.0000
  0
TEXT
  5
1DB
  8
מסגרת
 10
12837.4737
 20
-5321.1250
 30
0.0000
 40
112.5000
  1
1157x1083
 50
0.0000
  7
SOLINE
 72
2
 73
2
 11
12837.4737
 21
-5321.1250
 31
0.0000
  0
TEXT
  5
1DC
  8
מקרא
 10
12204.9737
 20
-5321.1250
 30
0.0000
 40
112.5000
  1
-
 50
0.0000
  7
SOLINE
 72
2
 73
2
 11
12204.9737
 21
-5321.1250
 31
0.0000
  0
TEXT
  5
1DD
  8
מסגרת
 10
11682.4737
 20
-5321.1250
 30
0.0000
 40
112.5000
  1
x1
 50
0.0000
  7
SOLINE
 72
2
 73
2
 11
11682.4737
 21
-5321.1250
 31
0.0000
  0
LINE
  5
1DE
  8
מסגרת
 10
11324.9737
 20
-5836.1250
 30
0.0000
 11
14074.9737
 21
-5836.1250
 31
0.0000
  0
LINE
  5
1DF
  8
מסגרת
 10
14074.9737
 20
-5836.1250
 30
0.0000
 11
14074.9737
 21
-10971.1250
 31
0.0000
  0
LINE
  5
1E0
  8
מסגרת
 10
14074.9737
 20
-10971.1250
 30
0.0000
 11
11324.9737
 21
-10971.1250
 31
0.0000
  0
LINE
  5
1E1
  8
מסגרת
 10
11324.9737
 20
-10971.1250
 30
0.0000
 11
11324.9737
 21
-5836.1250
 31
0.0000
  0
LINE
  5
1E2
  8
מסגרת
 10
11324.9737
 20
-6226.1250
 30
0.0000
 11
14074.9737
 21
-6226.1250
 31
0.0000
  0
TEXT
  5
1E3
  8
מקרא
 10
13999.9737
 20
-6070.1250
 30
0.0000
 40
175.0000
  1
מקרא וספירת אלמנטים
 50
0.0000
  7
SOLINE
 72
2
 73
2
 11
13999.9737
 21
-6070.1250
 31
0.0000
  0
TEXT
  5
1E4
  8
מקרא
 10
13999.9737
 20
-6404.8750
 30
0.0000
 40
131.2500
  1
ניקוז  (1)
 50
0.0000
  7
SOLINE
 72
2
 73
2
 11
13999.9737
 21
-6404.8750
 31
0.0000
  0
LINE
  5
1E5
  8
ניקוז
 10
11531.9737
 20
-6644.8750
 30
0.0000
 11
11667.9737
 21
-6644.8750
 31
0.0000
  0
LINE
  5
1E6
  8
ניקוז
 10
11667.9737
 20
-6644.8750
 30
0.0000
 11
11667.9737
 21
-6780.8750
 31
0.0000
  0
LINE
  5
1E7
  8
ניקוז
 10
11667.9737
 20
-6780.8750
 30
0.0000
 11
11531.9737
 21
-6780.8750
 31
0.0000
  0
LINE
  5
1E8
  8
ניקוז
 10
11531.9737
 20
-6780.8750
 30
0.0000
 11
11531.9737
 21
-6644.8750
 31
0.0000
  0
LINE
  5
1E9
  8
ניקוז
 10
11531.9737
 20
-6644.8750
 30
0.0000
 11
11667.9737
 21
-6780.8750
 31
0.0000
  0
LINE
  5
1EA
  8
ניקוז
 10
11667.9737
 20
-6644.8750
 30
0.0000
 11
11531.9737
 21
-6780.8750
 31
0.0000
  0
ARC
  5
1EB
  8
ניקוז
 10
11599.9737
 20
-6712.8750
 30
0.0000
 40
21.2500
 50
0.0000
 51
360.0000
  0
TEXT
  5
1EC
  8
מקרא
 10
11899.9737
 20
-6729.8750
 30
0.0000
 40
112.5000
  1
x1
 50
0.0000
  7
SOLINE
 73
2
 11
11899.9737
 21
-6729.8750
 31
0.0000
  0
TEXT
  5
1ED
  8
מקרא
 10
13999.9737
 20
-6729.8750
 30
0.0000
 40
125.0000
  1
Sewer drainage
 50
0.0000
  7
SOLINE
 72
2
 73
2
 11
13999.9737
 21
-6729.8750
 31
0.0000
  0
TEXT
  5
1EE
  8
מקרא
 10
13999.9737
 20
-7054.8750
 30
0.0000
 40
131.2500
  1
חשמל  (18)
 50
0.0000
  7
SOLINE
 72
2
 73
2
 11
13999.9737
 21
-7054.8750
 31
0.0000
  0
LINE
  5
1EF
  8
חשמל
 10
11599.9737
 20
-7469.1250
 30
0.0000
 11
11599.9737
 21
-7371.3750
 31
0.0000
  0
LINE
  5
1F0
  8
חשמל
 10
11531.9737
 20
-7371.3750
 30
0.0000
 11
11532.4012
 21
-7363.7614
 31
0.0000
  0
LINE
  5
1F1
  8
חשמל
 10
11532.4012
 20
-7363.7614
 30
0.0000
 11
11533.6786
 21
-7356.2436
 31
0.0000
  0
LINE
  5
1F2
  8
חשמל
 10
11533.6786
 20
-7356.2436
 30
0.0000
 11
11535.7896
 21
-7348.9160
 31
0.0000
  0
LINE
  5
1F3
  8
חשמל
 10
11535.7896
 20
-7348.9160
 30
0.0000
 11
11538.7078
 21
-7341.8709
 31
0.0000
  0
LINE
  5
1F4
  8
חשמל
 10
11538.7078
 20
-7341.8709
 30
0.0000
 11
11542.3964
 21
-7335.1968
 31
0.0000
  0
LINE
  5
1F5
  8
חשמל
 10
11542.3964
 20
-7335.1968
 30
0.0000
 11
11546.8091
 21
-7328.9777
 31
0.0000
  0
LINE
  5
1F6
  8
חשמל
 10
11546.8091
 20
-7328.9777
 30
0.0000
 11
11551.8904
 21
-7323.2917
 31
0.0000
  0
LINE
  5
1F7
  8
חשמל
 10
11551.8904
 20
-7323.2917
 30
0.0000
 11
11557.5764
 21
-7318.2105
 31
0.0000
  0
LINE
  5
1F8
  8
חשמל
 10
11557.5764
 20
-7318.2105
 30
0.0000
 11
11563.7955
 21
-7313.7978
 31
0.0000
  0
LINE
  5
1F9
  8
חשמל
 10
11563.7955
 20
-7313.7978
 30
0.0000
 11
11570.4696
 21
-7310.1091
 31
0.0000
  0
LINE
  5
1FA
  8
חשמל
 10
11570.4696
 20
-7310.1091
 30
0.0000
 11
11577.5147
 21
-7307.1909
 31
0.0000
  0
LINE
  5
1FB
  8
חשמל
 10
11577.5147
 20
-7307.1909
 30
0.0000
 11
11584.8423
 21
-7305.0799
 31
0.0000
  0
LINE
  5
1FC
  8
חשמל
 10
11584.8423
 20
-7305.0799
 30
0.0000
 11
11592.3601
 21
-7303.8026
 31
0.0000
  0
LINE
  5
1FD
  8
חשמל
 10
11592.3601
 20
-7303.8026
 30
0.0000
 11
11599.9737
 21
-7303.3750
 31
0.0000
  0
LINE
  5
1FE
  8
חשמל
 10
11599.9737
 20
-7303.3750
 30
0.0000
 11
11607.5873
 21
-7303.8026
 31
0.0000
  0
LINE
  5
1FF
  8
חשמל
 10
11607.5873
 20
-7303.8026
 30
0.0000
 11
11615.1051
 21
-7305.0799
 31
0.0000
  0
LINE
  5
200
  8
חשמל
 10
11615.1051
 20
-7305.0799
 30
0.0000
 11
11622.4327
 21
-7307.1909
 31
0.0000
  0
LINE
  5
201
  8
חשמל
 10
11622.4327
 20
-7307.1909
 30
0.0000
 11
11629.4778
 21
-7310.1091
 31
0.0000
  0
LINE
  5
202
  8
חשמל
 10
11629.4778
 20
-7310.1091
 30
0.0000
 11
11636.1519
 21
-7313.7978
 31
0.0000
  0
LINE
  5
203
  8
חשמל
 10
11636.1519
 20
-7313.7978
 30
0.0000
 11
11642.3710
 21
-7318.2105
 31
0.0000
  0
LINE
  5
204
  8
חשמל
 10
11642.3710
 20
-7318.2105
 30
0.0000
 11
11648.0569
 21
-7323.2917
 31
0.0000
  0
LINE
  5
205
  8
חשמל
 10
11648.0569
 20
-7323.2917
 30
0.0000
 11
11653.1382
 21
-7328.9777
 31
0.0000
  0
LINE
  5
206
  8
חשמל
 10
11653.1382
 20
-7328.9777
 30
0.0000
 11
11657.5509
 21
-7335.1968
 31
0.0000
  0
LINE
  5
207
  8
חשמל
 10
11657.5509
 20
-7335.1968
 30
0.0000
 11
11661.2396
 21
-7341.8709
 31
0.0000
  0
LINE
  5
208
  8
חשמל
 10
11661.2396
 20
-7341.8709
 30
0.0000
 11
11664.1577
 21
-7348.9160
 31
0.0000
  0
LINE
  5
209
  8
חשמל
 10
11664.1577
 20
-7348.9160
 30
0.0000
 11
11666.2688
 21
-7356.2436
 31
0.0000
  0
LINE
  5
20A
  8
חשמל
 10
11666.2688
 20
-7356.2436
 30
0.0000
 11
11667.5461
 21
-7363.7614
 31
0.0000
  0
LINE
  5
20B
  8
חשמל
 10
11667.5461
 20
-7363.7614
 30
0.0000
 11
11667.9737
 21
-7371.3750
 31
0.0000
  0
LINE
  5
20C
  8
חשמל
 10
11531.9737
 20
-7371.3750
 30
0.0000
 11
11667.9737
 21
-7371.3750
 31
0.0000
  0
TEXT
  5
20D
  8
מקרא
 10
11899.9737
 20
-7379.8750
 30
0.0000
 40
112.5000
  1
x15
 50
0.0000
  7
SOLINE
 73
2
 11
11899.9737
 21
-7379.8750
 31
0.0000
  0
TEXT
  5
20E
  8
מקרא
 10
13999.9737
 20
-7379.8750
 30
0.0000
 40
125.0000
  1
Socket
 50
0.0000
  7
SOLINE
 72
2
 73
2
 11
13999.9737
 21
-7379.8750
 31
0.0000
  0
LINE
  5
20F
  8
חשמל
 10
11599.9737
 20
-7794.1250
 30
0.0000
 11
11599.9737
 21
-7696.3750
 31
0.0000
  0
LINE
  5
210
  8
חשמל
 10
11494.9137
 20
-7696.3750
 30
0.0000
 11
11495.2344
 21
-7690.6648
 31
0.0000
  0
LINE
  5
211
  8
חשמל
 10
11495.2344
 20
-7690.6648
 30
0.0000
 11
11496.1924
 21
-7685.0264
 31
0.0000
  0
LINE
  5
212
  8
חשמל
 10
11496.1924
 20
-7685.0264
 30
0.0000
 11
11497.7756
 21
-7679.5308
 31
0.0000
  0
LINE
  5
213
  8
חשמל
 10
11497.7756
 20
-7679.5308
 30
0.0000
 11
11499.9643
 21
-7674.2469
 31
0.0000
  0
LINE
  5
214
  8
חשמל
 10
11499.9643
 20
-7674.2469
 30
0.0000
 11
11502.7307
 21
-7669.2414
 31
0.0000
  0
LINE
  5
215
  8
חשמל
 10
11502.7307
 20
-7669.2414
 30
0.0000
 11
11506.0403
 21
-7664.5770
 31
0.0000
  0
LINE
  5
216
  8
חשמל
 10
11506.0403
 20
-7664.5770
 30
0.0000
 11
11509.8512
 21
-7660.3126
 31
0.0000
  0
LINE
  5
217
  8
חשמל
 10
11509.8512
 20
-7660.3126
 30
0.0000
 11
11514.1157
 21
-7656.5016
 31
0.0000
  0
LINE
  5
218
  8
חשמל
 10
11514.1157
 20
-7656.5016
 30
0.0000
 11
11518.7800
 21
-7653.1921
 31
0.0000
  0
LINE
  5
219
  8
חשמל
 10
11518.7800
 20
-7653.1921
 30
0.0000
 11
11523.7856
 21
-7650.4256
 31
0.0000
  0
LINE
  5
21A
  8
חשמל
 10
11523.7856
 20
-7650.4256
 30
0.0000
 11
11529.0694
 21
-7648.2370
 31
0.0000
  0
LINE
  5
21B
  8
חשמל
 10
11529.0694
 20
-7648.2370
 30
0.0000
 11
11534.5651
 21
-7646.6537
 31
0.0000
  0
LINE
  5
21C
  8
חשמל
 10
11534.5651
 20
-7646.6537
 30
0.0000
 11
11540.2035
 21
-7645.6957
 31
0.0000
  0
LINE
  5
21D
  8
חשמל
 10
11540.2035
 20
-7645.6957
 30
0.0000
 11
11545.9137
 21
-7645.3750
 31
0.0000
  0
LINE
  5
21E
  8
חשמל
 10
11545.9137
 20
-7645.3750
 30
0.0000
 11
11551.6239
 21
-7645.6957
 31
0.0000
  0
LINE
  5
21F
  8
חשמל
 10
11551.6239
 20
-7645.6957
 30
0.0000
 11
11557.2622
 21
-7646.6537
 31
0.0000
  0
LINE
  5
220
  8
חשמל
 10
11557.2622
 20
-7646.6537
 30
0.0000
 11
11562.7579
 21
-7648.2370
 31
0.0000
  0
LINE
  5
221
  8
חשמל
 10
11562.7579
 20
-7648.2370
 30
0.0000
 11
11568.0417
 21
-7650.4256
 31
0.0000
  0
LINE
  5
222
  8
חשמל
 10
11568.0417
 20
-7650.4256
 30
0.0000
 11
11573.0473
 21
-7653.1921
 31
0.0000
  0
LINE
  5
223
  8
חשמל
 10
11573.0473
 20
-7653.1921
 30
0.0000
 11
11577.7117
 21
-7656.5016
 31
0.0000
  0
LINE
  5
224
  8
חשמל
 10
11577.7117
 20
-7656.5016
 30
0.0000
 11
11581.9761
 21
-7660.3126
 31
0.0000
  0
LINE
  5
225
  8
חשמל
 10
11581.9761
 20
-7660.3126
 30
0.0000
 11
11585.7871
 21
-7664.5770
 31
0.0000
  0
LINE
  5
226
  8
חשמל
 10
11585.7871
 20
-7664.5770
 30
0.0000
 11
11589.0966
 21
-7669.2414
 31
0.0000
  0
LINE
  5
227
  8
חשמל
 10
11589.0966
 20
-7669.2414
 30
0.0000
 11
11591.8631
 21
-7674.2469
 31
0.0000
  0
LINE
  5
228
  8
חשמל
 10
11591.8631
 20
-7674.2469
 30
0.0000
 11
11594.0517
 21
-7679.5308
 31
0.0000
  0
LINE
  5
229
  8
חשמל
 10
11594.0517
 20
-7679.5308
 30
0.0000
 11
11595.6350
 21
-7685.0264
 31
0.0000
  0
LINE
  5
22A
  8
חשמל
 10
11595.6350
 20
-7685.0264
 30
0.0000
 11
11596.5930
 21
-7690.6648
 31
0.0000
  0
LINE
  5
22B
  8
חשמל
 10
11596.5930
 20
-7690.6648
 30
0.0000
 11
11596.9137
 21
-7696.3750
 31
0.0000
  0
LINE
  5
22C
  8
חשמל
 10
11494.9137
 20
-7696.3750
 30
0.0000
 11
11596.9137
 21
-7696.3750
 31
0.0000
  0
LINE
  5
22D
  8
חשמל
 10
11603.0337
 20
-7696.3750
 30
0.0000
 11
11603.3544
 21
-7690.6648
 31
0.0000
  0
LINE
  5
22E
  8
חשמל
 10
11603.3544
 20
-7690.6648
 30
0.0000
 11
11604.3124
 21
-7685.0264
 31
0.0000
  0
LINE
  5
22F
  8
חשמל
 10
11604.3124
 20
-7685.0264
 30
0.0000
 11
11605.8956
 21
-7679.5308
 31
0.0000
  0
LINE
  5
230
  8
חשמל
 10
11605.8956
 20
-7679.5308
 30
0.0000
 11
11608.0843
 21
-7674.2469
 31
0.0000
  0
LINE
  5
231
  8
חשמל
 10
11608.0843
 20
-7674.2469
 30
0.0000
 11
11610.8507
 21
-7669.2414
 31
0.0000
  0
LINE
  5
232
  8
חשמל
 10
11610.8507
 20
-7669.2414
 30
0.0000
 11
11614.1603
 21
-7664.5770
 31
0.0000
  0
LINE
  5
233
  8
חשמל
 10
11614.1603
 20
-7664.5770
 30
0.0000
 11
11617.9712
 21
-7660.3126
 31
0.0000
  0
LINE
  5
234
  8
חשמל
 10
11617.9712
 20
-7660.3126
 30
0.0000
 11
11622.2357
 21
-7656.5016
 31
0.0000
  0
LINE
  5
235
  8
חשמל
 10
11622.2357
 20
-7656.5016
 30
0.0000
 11
11626.9000
 21
-7653.1921
 31
0.0000
  0
LINE
  5
236
  8
חשמל
 10
11626.9000
 20
-7653.1921
 30
0.0000
 11
11631.9056
 21
-7650.4256
 31
0.0000
  0
LINE
  5
237
  8
חשמל
 10
11631.9056
 20
-7650.4256
 30
0.0000
 11
11637.1894
 21
-7648.2370
 31
0.0000
  0
LINE
  5
238
  8
חשמל
 10
11637.1894
 20
-7648.2370
 30
0.0000
 11
11642.6851
 21
-7646.6537
 31
0.0000
  0
LINE
  5
239
  8
חשמל
 10
11642.6851
 20
-7646.6537
 30
0.0000
 11
11648.3235
 21
-7645.6957
 31
0.0000
  0
LINE
  5
23A
  8
חשמל
 10
11648.3235
 20
-7645.6957
 30
0.0000
 11
11654.0337
 21
-7645.3750
 31
0.0000
  0
LINE
  5
23B
  8
חשמל
 10
11654.0337
 20
-7645.3750
 30
0.0000
 11
11659.7439
 21
-7645.6957
 31
0.0000
  0
LINE
  5
23C
  8
חשמל
 10
11659.7439
 20
-7645.6957
 30
0.0000
 11
11665.3822
 21
-7646.6537
 31
0.0000
  0
LINE
  5
23D
  8
חשמל
 10
11665.3822
 20
-7646.6537
 30
0.0000
 11
11670.8779
 21
-7648.2370
 31
0.0000
  0
LINE
  5
23E
  8
חשמל
 10
11670.8779
 20
-7648.2370
 30
0.0000
 11
11676.1617
 21
-7650.4256
 31
0.0000
  0
LINE
  5
23F
  8
חשמל
 10
11676.1617
 20
-7650.4256
 30
0.0000
 11
11681.1673
 21
-7653.1921
 31
0.0000
  0
LINE
  5
240
  8
חשמל
 10
11681.1673
 20
-7653.1921
 30
0.0000
 11
11685.8317
 21
-7656.5016
 31
0.0000
  0
LINE
  5
241
  8
חשמל
 10
11685.8317
 20
-7656.5016
 30
0.0000
 11
11690.0961
 21
-7660.3126
 31
0.0000
  0
LINE
  5
242
  8
חשמל
 10
11690.0961
 20
-7660.3126
 30
0.0000
 11
11693.9071
 21
-7664.5770
 31
0.0000
  0
LINE
  5
243
  8
חשמל
 10
11693.9071
 20
-7664.5770
 30
0.0000
 11
11697.2166
 21
-7669.2414
 31
0.0000
  0
LINE
  5
244
  8
חשמל
 10
11697.2166
 20
-7669.2414
 30
0.0000
 11
11699.9831
 21
-7674.2469
 31
0.0000
  0
LINE
  5
245
  8
חשמל
 10
11699.9831
 20
-7674.2469
 30
0.0000
 11
11702.1717
 21
-7679.5308
 31
0.0000
  0
LINE
  5
246
  8
חשמל
 10
11702.1717
 20
-7679.5308
 30
0.0000
 11
11703.7550
 21
-7685.0264
 31
0.0000
  0
LINE
  5
247
  8
חשמל
 10
11703.7550
 20
-7685.0264
 30
0.0000
 11
11704.7130
 21
-7690.6648
 31
0.0000
  0
LINE
  5
248
  8
חשמל
 10
11704.7130
 20
-7690.6648
 30
0.0000
 11
11705.0337
 21
-7696.3750
 31
0.0000
  0
LINE
  5
249
  8
חשמל
 10
11603.0337
 20
-7696.3750
 30
0.0000
 11
11705.0337
 21
-7696.3750
 31
0.0000
  0
TEXT
  5
24A
  8
מקרא
 10
11899.9737
 20
-7704.8750
 30
0.0000
 40
112.5000
  1
x3
 50
0.0000
  7
SOLINE
 73
2
 11
11899.9737
 21
-7704.8750
 31
0.0000
  0
TEXT
  5
24B
  8
מקרא
 10
13999.9737
 20
-7704.8750
 30
0.0000
 40
125.0000
  1
שקע כפול
 50
0.0000
  7
SOLINE
 72
2
 73
2
 11
13999.9737
 21
-7704.8750
 31
0.0000
  0
TEXT
  5
24C
  8
מקרא
 10
13999.9737
 20
-8029.8750
 30
0.0000
 40
131.2500
  1
גז  (1)
 50
0.0000
  7
SOLINE
 72
2
 73
2
 11
13999.9737
 21
-8029.8750
 31
0.0000
  0
LINE
  5
24D
  8
גז
 10
11599.9737
 20
-8444.1250
 30
0.0000
 11
11599.9737
 21
-8401.6250
 31
0.0000
  0
LINE
  5
24E
  8
גז
 10
11599.9737
 20
-8274.1250
 30
0.0000
 11
11655.2237
 21
-8306.0000
 31
0.0000
  0
LINE
  5
24F
  8
גז
 10
11655.2237
 20
-8306.0000
 30
0.0000
 11
11655.2237
 21
-8369.7500
 31
0.0000
  0
LINE
  5
250
  8
גז
 10
11655.2237
 20
-8369.7500
 30
0.0000
 11
11599.9737
 21
-8401.6250
 31
0.0000
  0
LINE
  5
251
  8
גז
 10
11599.9737
 20
-8401.6250
 30
0.0000
 11
11544.7237
 21
-8369.7500
 31
0.0000
  0
LINE
  5
252
  8
גז
 10
11544.7237
 20
-8369.7500
 30
0.0000
 11
11544.7237
 21
-8306.0000
 31
0.0000
  0
LINE
  5
253
  8
גז
 10
11544.7237
 20
-8306.0000
 30
0.0000
 11
11599.9737
 21
-8274.1250
 31
0.0000
  0
TEXT
  5
254
  8
גז
 10
11599.9737
 20
-8337.8750
 30
0.0000
 40
59.5000
  1
G
 50
0.0000
  7
SOLINE
 72
1
 73
2
 11
11599.9737
 21
-8337.8750
 31
0.0000
  0
TEXT
  5
255
  8
מקרא
 10
11899.9737
 20
-8354.8750
 30
0.0000
 40
112.5000
  1
x1
 50
0.0000
  7
SOLINE
 73
2
 11
11899.9737
 21
-8354.8750
 31
0.0000
  0
TEXT
  5
256
  8
מקרא
 10
13999.9737
 20
-8354.8750
 30
0.0000
 40
125.0000
  1
Gas
 50
0.0000
  7
SOLINE
 72
2
 73
2
 11
13999.9737
 21
-8354.8750
 31
0.0000
  0
TEXT
  5
257
  8
מקרא
 10
13999.9737
 20
-8679.8750
 30
0.0000
 40
131.2500
  1
תאורה  (4)
 50
0.0000
  7
SOLINE
 72
2
 73
2
 11
13999.9737
 21
-8679.8750
 31
0.0000
  0
ARC
  5
258
  8
תאורה
 10
11599.9737
 20
-8987.8750
 30
0.0000
 40
63.7500
 50
0.0000
 51
360.0000
  0
LINE
  5
259
  8
תאורה
 10
11555.3487
 20
-8943.2500
 30
0.0000
 11
11644.5987
 21
-9032.5000
 31
0.0000
  0
LINE
  5
25A
  8
תאורה
 10
11644.5987
 20
-8943.2500
 30
0.0000
 11
11555.3487
 21
-9032.5000
 31
0.0000
  0
TEXT
  5
25B
  8
מקרא
 10
11899.9737
 20
-9004.8750
 30
0.0000
 40
112.5000
  1
x4
 50
0.0000
  7
SOLINE
 73
2
 11
11899.9737
 21
-9004.8750
 31
0.0000
  0
TEXT
  5
25C
  8
מקרא
 10
13999.9737
 20
-9004.8750
 30
0.0000
 40
125.0000
  1
Can Light
 50
0.0000
  7
SOLINE
 72
2
 73
2
 11
13999.9737
 21
-9004.8750
 31
0.0000
  0
TEXT
  5
25D
  8
מקרא
 10
13999.9737
 20
-9329.8750
 30
0.0000
 40
131.2500
  1
מים  (4)
 50
0.0000
  7
SOLINE
 72
2
 73
2
 11
13999.9737
 21
-9329.8750
 31
0.0000
  0
LINE
  5
25E
  8
מים
 10
11599.9737
 20
-9744.1250
 30
0.0000
 11
11599.9737
 21
-9684.6250
 31
0.0000
  0
LINE
  5
25F
  8
מים
 10
11553.2237
 20
-9591.1250
 30
0.0000
 11
11646.7237
 21
-9591.1250
 31
0.0000
  0
LINE
  5
260
  8
מים
 10
11646.7237
 20
-9591.1250
 30
0.0000
 11
11599.9737
 21
-9637.8750
 31
0.0000
  0
LINE
  5
261
  8
מים
 10
11599.9737
 20
-9637.8750
 30
0.0000
 11
11553.2237
 21
-9591.1250
 31
0.0000
  0
LINE
  5
262
  8
מים
 10
11553.2237
 20
-9684.6250
 30
0.0000
 11
11646.7237
 21
-9684.6250
 31
0.0000
  0
LINE
  5
263
  8
מים
 10
11646.7237
 20
-9684.6250
 30
0.0000
 11
11599.9737
 21
-9637.8750
 31
0.0000
  0
LINE
  5
264
  8
מים
 10
11599.9737
 20
-9637.8750
 30
0.0000
 11
11553.2237
 21
-9684.6250
 31
0.0000
  0
ARC
  5
265
  8
מים
 10
11599.9737
 20
-9637.8750
 30
0.0000
 40
9.5625
 50
0.0000
 51
360.0000
  0
TEXT
  5
266
  8
מקרא
 10
11899.9737
 20
-9654.8750
 30
0.0000
 40
112.5000
  1
x4
 50
0.0000
  7
SOLINE
 73
2
 11
11899.9737
 21
-9654.8750
 31
0.0000
  0
TEXT
  5
267
  8
מקרא
 10
13999.9737
 20
-9654.8750
 30
0.0000
 40
125.0000
  1
Faucet
 50
0.0000
  7
SOLINE
 72
2
 73
2
 11
13999.9737
 21
-9654.8750
 31
0.0000
  0
TEXT
  5
268
  8
מקרא
 10
13999.9737
 20
-9979.8750
 30
0.0000
 40
131.2500
  1
חלון  (4)
 50
0.0000
  7
SOLINE
 72
2
 73
2
 11
13999.9737
 21
-9979.8750
 31
0.0000
  0
LINE
  5
269
  8
חלונות
 10
11493.7237
 20
-10253.8750
 30
0.0000
 11
11706.2237
 21
-10253.8750
 31
0.0000
  0
LINE
  5
26A
  8
חלונות
 10
11706.2237
 20
-10253.8750
 30
0.0000
 11
11706.2237
 21
-10321.8750
 31
0.0000
  0
LINE
  5
26B
  8
חלונות
 10
11706.2237
 20
-10321.8750
 30
0.0000
 11
11493.7237
 21
-10321.8750
 31
0.0000
  0
LINE
  5
26C
  8
חלונות
 10
11493.7237
 20
-10321.8750
 30
0.0000
 11
11493.7237
 21
-10253.8750
 31
0.0000
  0
TEXT
  5
26D
  8
מקרא
 10
11899.9737
 20
-10304.8750
 30
0.0000
 40
112.5000
  1
x2
 50
0.0000
  7
SOLINE
 73
2
 11
11899.9737
 21
-10304.8750
 31
0.0000
  0
TEXT
  5
26E
  8
מקרא
 10
13999.9737
 20
-10304.8750
 30
0.0000
 40
125.0000
  1
ShutterBox
 50
0.0000
  7
SOLINE
 72
2
 73
2
 11
13999.9737
 21
-10304.8750
 31
0.0000
  0
LINE
  5
26F
  8
חלונות
 10
11493.7237
 20
-10583.1250
 30
0.0000
 11
11706.2237
 21
-10583.1250
 31
0.0000
  0
LINE
  5
270
  8
חלונות
 10
11706.2237
 20
-10583.1250
 30
0.0000
 11
11706.2237
 21
-10642.6250
 31
0.0000
  0
LINE
  5
271
  8
חלונות
 10
11706.2237
 20
-10642.6250
 30
0.0000
 11
11493.7237
 21
-10642.6250
 31
0.0000
  0
LINE
  5
272
  8
חלונות
 10
11493.7237
 20
-10642.6250
 30
0.0000
 11
11493.7237
 21
-10583.1250
 31
0.0000
  0
LINE
  5
273
  8
חלונות
 10
11493.7237
 20
-10603.3550
 30
0.0000
 11
11706.2237
 21
-10603.3550
 31
0.0000
  0
LINE
  5
274
  8
חלונות
 10
11493.7237
 20
-10622.3950
 30
0.0000
 11
11706.2237
 21
-10622.3950
 31
0.0000
  0
TEXT
  5
275
  8
מקרא
 10
11899.9737
 20
-10629.8750
 30
0.0000
 40
112.5000
  1
x2
 50
0.0000
  7
SOLINE
 73
2
 11
11899.9737
 21
-10629.8750
 31
0.0000
  0
TEXT
  5
276
  8
מקרא
 10
13999.9737
 20
-10629.8750
 30
0.0000
 40
125.0000
  1
חלון
 50
0.0000
  7
SOLINE
 72
2
 73
2
 11
13999.9737
 21
-10629.8750
 31
0.0000
  0
LINE
  5
277
  8
מסגרת
 10
12699.9737
 20
-11496.1250
 30
0.0000
 11
12699.9737
 21
-10871.1250
 31
0.0000
  0
SOLID
  5
278
  8
מסגרת
 10
12699.9737
 20
-10871.1250
 30
0.0000
 11
12637.4737
 21
-10996.1250
 31
0.0000
 12
12762.4737
 22
-10996.1250
 32
0.0000
 13
12762.4737
 23
-10996.1250
 33
0.0000
  0
TEXT
  5
279
  8
מסגרת
 10
12699.9737
 20
-10833.6250
 30
0.0000
 40
137.5000
  1
N
 50
0.0000
  7
SOLINE
 72
1
 73
3
 11
12699.9737
 21
-10833.6250
 31
0.0000
  0
LINE
  5
27A
  8
מסגרת
 10
12324.9737
 20
-11683.6250
 30
0.0000
 11
13124.9737
 21
-11683.6250
 31
0.0000
  0
LINE
  5
27B
  8
מסגרת
 10
12324.9737
 20
-11683.6250
 30
0.0000
 11
12324.9737
 21
-11746.1250
 31
0.0000
  0
LINE
  5
27C
  8
מסגרת
 10
12524.9737
 20
-11683.6250
 30
0.0000
 11
12524.9737
 21
-11746.1250
 31
0.0000
  0
LINE
  5
27D
  8
מסגרת
 10
12724.9737
 20
-11683.6250
 30
0.0000
 11
12724.9737
 21
-11746.1250
 31
0.0000
  0
LINE
  5
27E
  8
מסגרת
 10
12924.9737
 20
-11683.6250
 30
0.0000
 11
12924.9737
 21
-11746.1250
 31
0.0000
  0
LINE
  5
27F
  8
מסגרת
 10
13124.9737
 20
-11683.6250
 30
0.0000
 11
13124.9737
 21
-11746.1250
 31
0.0000
  0
TEXT
  5
280
  8
מסגרת
 10
12324.9737
 20
-11883.6250
 30
0.0000
 40
87.5000
  1
0
 50
0.0000
  7
SOLINE
 72
1
 11
12324.9737
 21
-11883.6250
 31
0.0000
  0
TEXT
  5
281
  8
מסגרת
 10
13124.9737
 20
-11883.6250
 30
0.0000
 40
87.5000
  1
0.8 m
 50
0.0000
  7
SOLINE
 72
2
 11
13124.9737
 21
-11883.6250
 31
0.0000
  0
LINE
  5
282
  8
קירות
 10
2309.0000
 20
-11938.0000
 30
0.0000
 11
2549.0000
 21
-11938.0000
 31
0.0000
  0
LINE
  5
283
  8
קירות
 10
2549.0000
 20
-11938.0000
 30
0.0000
 11
2549.0000
 21
-9233.0000
 31
0.0000
  0
LINE
  5
284
  8
קירות
 10
2549.0000
 20
-9233.0000
 30
0.0000
 11
2309.0000
 21
-9233.0000
 31
0.0000
  0
LINE
  5
285
  8
קירות
 10
2309.0000
 20
-9233.0000
 30
0.0000
 11
2309.0000
 21
-11938.0000
 31
0.0000
  0
LINE
  5
286
  8
מידות - חוץ
 10
2309.0000
 20
-11988.0000
 30
0.0000
 11
2309.0000
 21
-12388.0000
 31
0.0000
  0
LINE
  5
287
  8
מידות - חוץ
 10
2549.0000
 20
-11988.0000
 30
0.0000
 11
2549.0000
 21
-12388.0000
 31
0.0000
  0
LINE
  5
288
  8
מידות - חוץ
 10
2309.0000
 20
-12313.0000
 30
0.0000
 11
2549.0000
 21
-12313.0000
 31
0.0000
  0
SOLID
  5
289
  8
מידות - חוץ
 10
2309.0000
 20
-12313.0000
 30
0.0000
 11
2165.2500
 21
-12353.0000
 31
0.0000
 12
2165.2500
 22
-12273.0000
 32
0.0000
 13
2165.2500
 23
-12273.0000
 33
0.0000
  0
SOLID
  5
28A
  8
מידות - חוץ
 10
2549.0000
 20
-12313.0000
 30
0.0000
 11
2692.7500
 21
-12353.0000
 31
0.0000
 12
2692.7500
 22
-12273.0000
 32
0.0000
 13
2692.7500
 23
-12273.0000
 33
0.0000
  0
TEXT
  5
28B
  8
מידות - חוץ
 10
2429.0000
 20
-12431.7500
 30
0.0000
 40
125.0000
  1
24
 50
0.0000
  7
SOLINE
 72
1
 73
2
 11
2429.0000
 21
-12431.7500
 31
0.0000
  0
LINE
  5
28C
  8
מידות - חוץ
 10
2259.0000
 20
-11938.0000
 30
0.0000
 11
1859.0000
 21
-11938.0000
 31
0.0000
  0
LINE
  5
28D
  8
מידות - חוץ
 10
2259.0000
 20
-9233.0000
 30
0.0000
 11
1859.0000
 21
-9233.0000
 31
0.0000
  0
LINE
  5
28E
  8
מידות - חוץ
 10
1934.0000
 20
-11938.0000
 30
0.0000
 11
1934.0000
 21
-9233.0000
 31
0.0000
  0
SOLID
  5
28F
  8
מידות - חוץ
 10
1934.0000
 20
-11938.0000
 30
0.0000
 11
1894.0000
 21
-12081.7500
 31
0.0000
 12
1974.0000
 22
-12081.7500
 32
0.0000
 13
1974.0000
 23
-12081.7500
 33
0.0000
  0
SOLID
  5
290
  8
מידות - חוץ
 10
1934.0000
 20
-9233.0000
 30
0.0000
 11
1894.0000
 21
-9089.2500
 31
0.0000
 12
1974.0000
 22
-9089.2500
 32
0.0000
 13
1974.0000
 23
-9089.2500
 33
0.0000
  0
TEXT
  5
291
  8
מידות - חוץ
 10
1815.2500
 20
-10585.5000
 30
0.0000
 40
125.0000
  1
270.5
 50
90.0000
  7
SOLINE
 72
1
 73
2
 11
1815.2500
 21
-10585.5000
 31
0.0000
  0
LINE
  5
292
  8
חשמל
 10
2394.0000
 20
-10853.0000
 30
0.0000
 11
2474.0000
 21
-10853.0000
 31
0.0000
  0
LINE
  5
293
  8
חשמל
 10
2474.0000
 20
-10853.0000
 30
0.0000
 11
2474.0000
 21
-10773.0000
 31
0.0000
  0
LINE
  5
294
  8
חשמל
 10
2474.0000
 20
-10773.0000
 30
0.0000
 11
2394.0000
 21
-10773.0000
 31
0.0000
  0
LINE
  5
295
  8
חשמל
 10
2394.0000
 20
-10773.0000
 30
0.0000
 11
2394.0000
 21
-10853.0000
 31
0.0000
  0
LINE
  5
296
  8
חשמל
 10
2434.0000
 20
-10853.0000
 30
0.0000
 11
2434.0000
 21
-10816.2000
 31
0.0000
  0
LINE
  5
297
  8
חשמל
 10
2408.4000
 20
-10816.2000
 30
0.0000
 11
2408.5610
 21
-10813.3337
 31
0.0000
  0
LINE
  5
298
  8
חשמל
 10
2408.5610
 20
-10813.3337
 30
0.0000
 11
2409.0418
 21
-10810.5035
 31
0.0000
  0
LINE
  5
299
  8
חשמל
 10
2409.0418
 20
-10810.5035
 30
0.0000
 11
2409.8366
 21
-10807.7449
 31
0.0000
  0
LINE
  5
29A
  8
חשמל
 10
2409.8366
 20
-10807.7449
 30
0.0000
 11
2410.9352
 21
-10805.0926
 31
0.0000
  0
LINE
  5
29B
  8
חשמל
 10
2410.9352
 20
-10805.0926
 30
0.0000
 11
2412.3239
 21
-10802.5800
 31
0.0000
  0
LINE
  5
29C
  8
חשמל
 10
2412.3239
 20
-10802.5800
 30
0.0000
 11
2413.9851
 21
-10800.2387
 31
0.0000
  0
LINE
  5
29D
  8
חשמל
 10
2413.9851
 20
-10800.2387
 30
0.0000
 11
2415.8981
 21
-10798.0981
 31
0.0000
  0
LINE
  5
29E
  8
חשמל
 10
2415.8981
 20
-10798.0981
 30
0.0000
 11
2418.0387
 21
-10796.1851
 31
0.0000
  0
LINE
  5
29F
  8
חשמל
 10
2418.0387
 20
-10796.1851
 30
0.0000
 11
2420.3800
 21
-10794.5239
 31
0.0000
  0
LINE
  5
2A0
  8
חשמל
 10
2420.3800
 20
-10794.5239
 30
0.0000
 11
2422.8926
 21
-10793.1352
 31
0.0000
  0
LINE
  5
2A1
  8
חשמל
 10
2422.8926
 20
-10793.1352
 30
0.0000
 11
2425.5449
 21
-10792.0366
 31
0.0000
  0
LINE
  5
2A2
  8
חשמל
 10
2425.5449
 20
-10792.0366
 30
0.0000
 11
2428.3035
 21
-10791.2418
 31
0.0000
  0
LINE
  5
2A3
  8
חשמל
 10
2428.3035
 20
-10791.2418
 30
0.0000
 11
2431.1337
 21
-10790.7610
 31
0.0000
  0
LINE
  5
2A4
  8
חשמל
 10
2431.1337
 20
-10790.7610
 30
0.0000
 11
2434.0000
 21
-10790.6000
 31
0.0000
  0
LINE
  5
2A5
  8
חשמל
 10
2434.0000
 20
-10790.6000
 30
0.0000
 11
2436.8663
 21
-10790.7610
 31
0.0000
  0
LINE
  5
2A6
  8
חשמל
 10
2436.8663
 20
-10790.7610
 30
0.0000
 11
2439.6965
 21
-10791.2418
 31
0.0000
  0
LINE
  5
2A7
  8
חשמל
 10
2439.6965
 20
-10791.2418
 30
0.0000
 11
2442.4551
 21
-10792.0366
 31
0.0000
  0
LINE
  5
2A8
  8
חשמל
 10
2442.4551
 20
-10792.0366
 30
0.0000
 11
2445.1074
 21
-10793.1352
 31
0.0000
  0
LINE
  5
2A9
  8
חשמל
 10
2445.1074
 20
-10793.1352
 30
0.0000
 11
2447.6200
 21
-10794.5239
 31
0.0000
  0
LINE
  5
2AA
  8
חשמל
 10
2447.6200
 20
-10794.5239
 30
0.0000
 11
2449.9613
 21
-10796.1851
 31
0.0000
  0
LINE
  5
2AB
  8
חשמל
 10
2449.9613
 20
-10796.1851
 30
0.0000
 11
2452.1019
 21
-10798.0981
 31
0.0000
  0
LINE
  5
2AC
  8
חשמל
 10
2452.1019
 20
-10798.0981
 30
0.0000
 11
2454.0149
 21
-10800.2387
 31
0.0000
  0
LINE
  5
2AD
  8
חשמל
 10
2454.0149
 20
-10800.2387
 30
0.0000
 11
2455.6761
 21
-10802.5800
 31
0.0000
  0
LINE
  5
2AE
  8
חשמל
 10
2455.6761
 20
-10802.5800
 30
0.0000
 11
2457.0648
 21
-10805.0926
 31
0.0000
  0
LINE
  5
2AF
  8
חשמל
 10
2457.0648
 20
-10805.0926
 30
0.0000
 11
2458.1634
 21
-10807.7449
 31
0.0000
  0
LINE
  5
2B0
  8
חשמל
 10
2458.1634
 20
-10807.7449
 30
0.0000
 11
2458.9582
 21
-10810.5035
 31
0.0000
  0
LINE
  5
2B1
  8
חשמל
 10
2458.9582
 20
-10810.5035
 30
0.0000
 11
2459.4390
 21
-10813.3337
 31
0.0000
  0
LINE
  5
2B2
  8
חשמל
 10
2459.4390
 20
-10813.3337
 30
0.0000
 11
2459.6000
 21
-10816.2000
 31
0.0000
  0
LINE
  5
2B3
  8
חשמל
 10
2408.4000
 20
-10816.2000
 30
0.0000
 11
2459.6000
 21
-10816.2000
 31
0.0000
  0
LINE
  5
2B4
  8
חשמל - מידות
 10
2549.0000
 20
-11898.0000
 30
0.0000
 11
2549.0000
 21
-11065.5000
 31
0.0000
  0
LINE
  5
2B5
  8
חשמל - מידות
 10
2434.0000
 20
-11898.0000
 30
0.0000
 11
2434.0000
 21
-11065.5000
 31
0.0000
  0
LINE
  5
2B6
  8
חשמל - מידות
 10
2549.0000
 20
-11125.5000
 30
0.0000
 11
2434.0000
 21
-11125.5000
 31
0.0000
  0
SOLID
  5
2B7
  8
חשמל - מידות
 10
2549.0000
 20
-11125.5000
 30
0.0000
 11
2664.0000
 21
-11093.5000
 31
0.0000
 12
2664.0000
 22
-11157.5000
 32
0.0000
 13
2664.0000
 23
-11157.5000
 33
0.0000
  0
SOLID
  5
2B8
  8
חשמל - מידות
 10
2434.0000
 20
-11125.5000
 30
0.0000
 11
2319.0000
 21
-11093.5000
 31
0.0000
 12
2319.0000
 22
-11157.5000
 32
0.0000
 13
2319.0000
 23
-11157.5000
 33
0.0000
  0
TEXT
  5
2B9
  8
חשמל - מידות
 10
2491.5000
 20
-11030.5000
 30
0.0000
 40
100.0000
  1
11.5
 50
360.0000
  7
SOLINE
 72
1
 73
2
 11
2491.5000
 21
-11030.5000
 31
0.0000
  0
LINE
  5
2BA
  8
חשמל - מידות
 10
2394.0000
 20
-11938.0000
 30
0.0000
 11
2146.5000
 21
-11938.0000
 31
0.0000
  0
LINE
  5
2BB
  8
חשמל - מידות
 10
2394.0000
 20
-10813.0000
 30
0.0000
 11
2146.5000
 21
-10813.0000
 31
0.0000
  0
LINE
  5
2BC
  8
חשמל - מידות
 10
2206.5000
 20
-11938.0000
 30
0.0000
 11
2206.5000
 21
-10813.0000
 31
0.0000
  0
SOLID
  5
2BD
  8
חשמל - מידות
 10
2206.5000
 20
-11938.0000
 30
0.0000
 11
2174.5000
 21
-12053.0000
 31
0.0000
 12
2238.5000
 22
-12053.0000
 32
0.0000
 13
2238.5000
 23
-12053.0000
 33
0.0000
  0
SOLID
  5
2BE
  8
חשמל - מידות
 10
2206.5000
 20
-10813.0000
 30
0.0000
 11
2174.5000
 21
-10698.0000
 31
0.0000
 12
2238.5000
 22
-10698.0000
 32
0.0000
 13
2238.5000
 23
-10698.0000
 33
0.0000
  0
TEXT
  5
2BF
  8
חשמל - מידות
 10
2111.5000
 20
-11375.5000
 30
0.0000
 40
100.0000
  1
112.5
 50
90.0000
  7
SOLINE
 72
1
 73
2
 11
2111.5000
 21
-11375.5000
 31
0.0000
  0
TEXT
  5
2C0
  8
קירות - טקסט
 10
2429.0000
 20
-12875.5000
 30
0.0000
 40
162.5000
  1
W1
 50
0.0000
  7
SOLINE
 72
1
 73
2
 11
2429.0000
 21
-12875.5000
 31
0.0000
  0
LINE
  5
2C1
  8
קירות
 10
5049.0000
 20
-11938.0000
 30
0.0000
 11
5833.0000
 21
-11938.0000
 31
0.0000
  0
LINE
  5
2C2
  8
קירות
 10
5833.0000
 20
-11938.0000
 30
0.0000
 11
5833.0000
 21
-9233.0000
 31
0.0000
  0
LINE
  5
2C3
  8
קירות
 10
5833.0000
 20
-9233.0000
 30
0.0000
 11
5049.0000
 21
-9233.0000
 31
0.0000
  0
LINE
  5
2C4
  8
קירות
 10
5049.0000
 20
-9233.0000
 30
0.0000
 11
5049.0000
 21
-11938.0000
 31
0.0000
  0
LINE
  5
2C5
  8
מידות - חוץ
 10
5049.0000
 20
-11988.0000
 30
0.0000
 11
5049.0000
 21
-12388.0000
 31
0.0000
  0
LINE
  5
2C6
  8
מידות - חוץ
 10
5833.0000
 20
-11988.0000
 30
0.0000
 11
5833.0000
 21
-12388.0000
 31
0.0000
  0
LINE
  5
2C7
  8
מידות - חוץ
 10
5049.0000
 20
-12313.0000
 30
0.0000
 11
5833.0000
 21
-12313.0000
 31
0.0000
  0
SOLID
  5
2C8
  8
מידות - חוץ
 10
5049.0000
 20
-12313.0000
 30
0.0000
 11
4905.2500
 21
-12353.0000
 31
0.0000
 12
4905.2500
 22
-12273.0000
 32
0.0000
 13
4905.2500
 23
-12273.0000
 33
0.0000
  0
SOLID
  5
2C9
  8
מידות - חוץ
 10
5833.0000
 20
-12313.0000
 30
0.0000
 11
5976.7500
 21
-12353.0000
 31
0.0000
 12
5976.7500
 22
-12273.0000
 32
0.0000
 13
5976.7500
 23
-12273.0000
 33
0.0000
  0
TEXT
  5
2CA
  8
מידות - חוץ
 10
5441.0000
 20
-12431.7500
 30
0.0000
 40
125.0000
  1
78.4
 50
0.0000
  7
SOLINE
 72
1
 73
2
 11
5441.0000
 21
-12431.7500
 31
0.0000
  0
LINE
  5
2CB
  8
מידות - חוץ
 10
4999.0000
 20
-11938.0000
 30
0.0000
 11
4599.0000
 21
-11938.0000
 31
0.0000
  0
LINE
  5
2CC
  8
מידות - חוץ
 10
4999.0000
 20
-9233.0000
 30
0.0000
 11
4599.0000
 21
-9233.0000
 31
0.0000
  0
LINE
  5
2CD
  8
מידות - חוץ
 10
4674.0000
 20
-11938.0000
 30
0.0000
 11
4674.0000
 21
-9233.0000
 31
0.0000
  0
SOLID
  5
2CE
  8
מידות - חוץ
 10
4674.0000
 20
-11938.0000
 30
0.0000
 11
4634.0000
 21
-12081.7500
 31
0.0000
 12
4714.0000
 22
-12081.7500
 32
0.0000
 13
4714.0000
 23
-12081.7500
 33
0.0000
  0
SOLID
  5
2CF
  8
מידות - חוץ
 10
4674.0000
 20
-9233.0000
 30
0.0000
 11
4634.0000
 21
-9089.2500
 31
0.0000
 12
4714.0000
 22
-9089.2500
 32
0.0000
 13
4714.0000
 23
-9089.2500
 33
0.0000
  0
TEXT
  5
2D0
  8
מידות - חוץ
 10
4555.2500
 20
-10585.5000
 30
0.0000
 40
125.0000
  1
270.5
 50
90.0000
  7
SOLINE
 72
1
 73
2
 11
4555.2500
 21
-10585.5000
 31
0.0000
  0
TEXT
  5
2D1
  8
קירות - טקסט
 10
5441.0000
 20
-12875.5000
 30
0.0000
 40
162.5000
  1
W2
 50
0.0000
  7
SOLINE
 72
1
 73
2
 11
5441.0000
 21
-12875.5000
 31
0.0000
  0
LINE
  5
2D2
  8
קירות
 10
8333.0000
 20
-11938.0000
 30
0.0000
 11
11182.0000
 21
-11938.0000
 31
0.0000
  0
LINE
  5
2D3
  8
קירות
 10
11182.0000
 20
-11938.0000
 30
0.0000
 11
11182.0000
 21
-9233.0000
 31
0.0000
  0
LINE
  5
2D4
  8
קירות
 10
11182.0000
 20
-9233.0000
 30
0.0000
 11
8333.0000
 21
-9233.0000
 31
0.0000
  0
LINE
  5
2D5
  8
קירות
 10
8333.0000
 20
-9233.0000
 30
0.0000
 11
8333.0000
 21
-11938.0000
 31
0.0000
  0
LINE
  5
2D6
  8
מידות - חוץ
 10
8333.0000
 20
-11988.0000
 30
0.0000
 11
8333.0000
 21
-12388.0000
 31
0.0000
  0
LINE
  5
2D7
  8
מידות - חוץ
 10
11182.0000
 20
-11988.0000
 30
0.0000
 11
11182.0000
 21
-12388.0000
 31
0.0000
  0
LINE
  5
2D8
  8
מידות - חוץ
 10
8333.0000
 20
-12313.0000
 30
0.0000
 11
11182.0000
 21
-12313.0000
 31
0.0000
  0
SOLID
  5
2D9
  8
מידות - חוץ
 10
8333.0000
 20
-12313.0000
 30
0.0000
 11
8189.2500
 21
-12353.0000
 31
0.0000
 12
8189.2500
 22
-12273.0000
 32
0.0000
 13
8189.2500
 23
-12273.0000
 33
0.0000
  0
SOLID
  5
2DA
  8
מידות - חוץ
 10
11182.0000
 20
-12313.0000
 30
0.0000
 11
11325.7500
 21
-12353.0000
 31
0.0000
 12
11325.7500
 22
-12273.0000
 32
0.0000
 13
11325.7500
 23
-12273.0000
 33
0.0000
  0
TEXT
  5
2DB
  8
מידות - חוץ
 10
9757.5000
 20
-12431.7500
 30
0.0000
 40
125.0000
  1
284.9
 50
0.0000
  7
SOLINE
 72
1
 73
2
 11
9757.5000
 21
-12431.7500
 31
0.0000
  0
LINE
  5
2DC
  8
מידות - חוץ
 10
8283.0000
 20
-11938.0000
 30
0.0000
 11
7883.0000
 21
-11938.0000
 31
0.0000
  0
LINE
  5
2DD
  8
מידות - חוץ
 10
8283.0000
 20
-9233.0000
 30
0.0000
 11
7883.0000
 21
-9233.0000
 31
0.0000
  0
LINE
  5
2DE
  8
מידות - חוץ
 10
7958.0000
 20
-11938.0000
 30
0.0000
 11
7958.0000
 21
-9233.0000
 31
0.0000
  0
SOLID
  5
2DF
  8
מידות - חוץ
 10
7958.0000
 20
-11938.0000
 30
0.0000
 11
7918.0000
 21
-12081.7500
 31
0.0000
 12
7998.0000
 22
-12081.7500
 32
0.0000
 13
7998.0000
 23
-12081.7500
 33
0.0000
  0
SOLID
  5
2E0
  8
מידות - חוץ
 10
7958.0000
 20
-9233.0000
 30
0.0000
 11
7918.0000
 21
-9089.2500
 31
0.0000
 12
7998.0000
 22
-9089.2500
 32
0.0000
 13
7998.0000
 23
-9089.2500
 33
0.0000
  0
TEXT
  5
2E1
  8
מידות - חוץ
 10
7839.2500
 20
-10585.5000
 30
0.0000
 40
125.0000
  1
270.5
 50
90.0000
  7
SOLINE
 72
1
 73
2
 11
7839.2500
 21
-10585.5000
 31
0.0000
  0
LINE
  5
2E2
  8
חשמל
 10
9363.0000
 20
-10261.0000
 30
0.0000
 11
9443.0000
 21
-10261.0000
 31
0.0000
  0
LINE
  5
2E3
  8
חשמל
 10
9443.0000
 20
-10261.0000
 30
0.0000
 11
9443.0000
 21
-10181.0000
 31
0.0000
  0
LINE
  5
2E4
  8
חשמל
 10
9443.0000
 20
-10181.0000
 30
0.0000
 11
9363.0000
 21
-10181.0000
 31
0.0000
  0
LINE
  5
2E5
  8
חשמל
 10
9363.0000
 20
-10181.0000
 30
0.0000
 11
9363.0000
 21
-10261.0000
 31
0.0000
  0
LINE
  5
2E6
  8
חשמל
 10
9403.0000
 20
-10261.0000
 30
0.0000
 11
9403.0000
 21
-10224.2000
 31
0.0000
  0
LINE
  5
2E7
  8
חשמל
 10
9377.4000
 20
-10224.2000
 30
0.0000
 11
9377.5610
 21
-10221.3337
 31
0.0000
  0
LINE
  5
2E8
  8
חשמל
 10
9377.5610
 20
-10221.3337
 30
0.0000
 11
9378.0418
 21
-10218.5035
 31
0.0000
  0
LINE
  5
2E9
  8
חשמל
 10
9378.0418
 20
-10218.5035
 30
0.0000
 11
9378.8366
 21
-10215.7449
 31
0.0000
  0
LINE
  5
2EA
  8
חשמל
 10
9378.8366
 20
-10215.7449
 30
0.0000
 11
9379.9352
 21
-10213.0926
 31
0.0000
  0
LINE
  5
2EB
  8
חשמל
 10
9379.9352
 20
-10213.0926
 30
0.0000
 11
9381.3239
 21
-10210.5800
 31
0.0000
  0
LINE
  5
2EC
  8
חשמל
 10
9381.3239
 20
-10210.5800
 30
0.0000
 11
9382.9851
 21
-10208.2387
 31
0.0000
  0
LINE
  5
2ED
  8
חשמל
 10
9382.9851
 20
-10208.2387
 30
0.0000
 11
9384.8981
 21
-10206.0981
 31
0.0000
  0
LINE
  5
2EE
  8
חשמל
 10
9384.8981
 20
-10206.0981
 30
0.0000
 11
9387.0387
 21
-10204.1851
 31
0.0000
  0
LINE
  5
2EF
  8
חשמל
 10
9387.0387
 20
-10204.1851
 30
0.0000
 11
9389.3800
 21
-10202.5239
 31
0.0000
  0
LINE
  5
2F0
  8
חשמל
 10
9389.3800
 20
-10202.5239
 30
0.0000
 11
9391.8926
 21
-10201.1352
 31
0.0000
  0
LINE
  5
2F1
  8
חשמל
 10
9391.8926
 20
-10201.1352
 30
0.0000
 11
9394.5449
 21
-10200.0366
 31
0.0000
  0
LINE
  5
2F2
  8
חשמל
 10
9394.5449
 20
-10200.0366
 30
0.0000
 11
9397.3035
 21
-10199.2418
 31
0.0000
  0
LINE
  5
2F3
  8
חשמל
 10
9397.3035
 20
-10199.2418
 30
0.0000
 11
9400.1337
 21
-10198.7610
 31
0.0000
  0
LINE
  5
2F4
  8
חשמל
 10
9400.1337
 20
-10198.7610
 30
0.0000
 11
9403.0000
 21
-10198.6000
 31
0.0000
  0
LINE
  5
2F5
  8
חשמל
 10
9403.0000
 20
-10198.6000
 30
0.0000
 11
9405.8663
 21
-10198.7610
 31
0.0000
  0
LINE
  5
2F6
  8
חשמל
 10
9405.8663
 20
-10198.7610
 30
0.0000
 11
9408.6965
 21
-10199.2418
 31
0.0000
  0
LINE
  5
2F7
  8
חשמל
 10
9408.6965
 20
-10199.2418
 30
0.0000
 11
9411.4551
 21
-10200.0366
 31
0.0000
  0
LINE
  5
2F8
  8
חשמל
 10
9411.4551
 20
-10200.0366
 30
0.0000
 11
9414.1074
 21
-10201.1352
 31
0.0000
  0
LINE
  5
2F9
  8
חשמל
 10
9414.1074
 20
-10201.1352
 30
0.0000
 11
9416.6200
 21
-10202.5239
 31
0.0000
  0
LINE
  5
2FA
  8
חשמל
 10
9416.6200
 20
-10202.5239
 30
0.0000
 11
9418.9613
 21
-10204.1851
 31
0.0000
  0
LINE
  5
2FB
  8
חשמל
 10
9418.9613
 20
-10204.1851
 30
0.0000
 11
9421.1019
 21
-10206.0981
 31
0.0000
  0
LINE
  5
2FC
  8
חשמל
 10
9421.1019
 20
-10206.0981
 30
0.0000
 11
9423.0149
 21
-10208.2387
 31
0.0000
  0
LINE
  5
2FD
  8
חשמל
 10
9423.0149
 20
-10208.2387
 30
0.0000
 11
9424.6761
 21
-10210.5800
 31
0.0000
  0
LINE
  5
2FE
  8
חשמל
 10
9424.6761
 20
-10210.5800
 30
0.0000
 11
9426.0648
 21
-10213.0926
 31
0.0000
  0
LINE
  5
2FF
  8
חשמל
 10
9426.0648
 20
-10213.0926
 30
0.0000
 11
9427.1634
 21
-10215.7449
 31
0.0000
  0
LINE
  5
300
  8
חשמל
 10
9427.1634
 20
-10215.7449
 30
0.0000
 11
9427.9582
 21
-10218.5035
 31
0.0000
  0
LINE
  5
301
  8
חשמל
 10
9427.9582
 20
-10218.5035
 30
0.0000
 11
9428.4390
 21
-10221.3337
 31
0.0000
  0
LINE
  5
302
  8
חשמל
 10
9428.4390
 20
-10221.3337
 30
0.0000
 11
9428.6000
 21
-10224.2000
 31
0.0000
  0
LINE
  5
303
  8
חשמל
 10
9377.4000
 20
-10224.2000
 30
0.0000
 11
9428.6000
 21
-10224.2000
 31
0.0000
  0
LINE
  5
304
  8
חשמל - מידות
 10
8333.0000
 20
-11978.0000
 30
0.0000
 11
8333.0000
 21
-12810.5000
 31
0.0000
  0
LINE
  5
305
  8
חשמל - מידות
 10
9403.0000
 20
-11978.0000
 30
0.0000
 11
9403.0000
 21
-12810.5000
 31
0.0000
  0
LINE
  5
306
  8
חשמל - מידות
 10
8333.0000
 20
-12750.5000
 30
0.0000
 11
9403.0000
 21
-12750.5000
 31
0.0000
  0
SOLID
  5
307
  8
חשמל - מידות
 10
8333.0000
 20
-12750.5000
 30
0.0000
 11
8218.0000
 21
-12782.5000
 31
0.0000
 12
8218.0000
 22
-12718.5000
 32
0.0000
 13
8218.0000
 23
-12718.5000
 33
0.0000
  0
SOLID
  5
308
  8
חשמל - מידות
 10
9403.0000
 20
-12750.5000
 30
0.0000
 11
9518.0000
 21
-12782.5000
 31
0.0000
 12
9518.0000
 22
-12718.5000
 32
0.0000
 13
9518.0000
 23
-12718.5000
 33
0.0000
  0
TEXT
  5
309
  8
חשמל - מידות
 10
8868.0000
 20
-12845.5000
 30
0.0000
 40
100.0000
  1
107
 50
0.0000
  7
SOLINE
 72
1
 73
2
 11
8868.0000
 21
-12845.5000
 31
0.0000
  0
LINE
  5
30A
  8
חשמל - מידות
 10
9443.0000
 20
-11938.0000
 30
0.0000
 11
9690.5000
 21
-11938.0000
 31
0.0000
  0
LINE
  5
30B
  8
חשמל - מידות
 10
9443.0000
 20
-10221.0000
 30
0.0000
 11
9690.5000
 21
-10221.0000
 31
0.0000
  0
LINE
  5
30C
  8
חשמל - מידות
 10
9630.5000
 20
-11938.0000
 30
0.0000
 11
9630.5000
 21
-10221.0000
 31
0.0000
  0
SOLID
  5
30D
  8
חשמל - מידות
 10
9630.5000
 20
-11938.0000
 30
0.0000
 11
9662.5000
 21
-12053.0000
 31
0.0000
 12
9598.5000
 22
-12053.0000
 32
0.0000
 13
9598.5000
 23
-12053.0000
 33
0.0000
  0
SOLID
  5
30E
  8
חשמל - מידות
 10
9630.5000
 20
-10221.0000
 30
0.0000
 11
9662.5000
 21
-10106.0000
 31
0.0000
 12
9598.5000
 22
-10106.0000
 32
0.0000
 13
9598.5000
 23
-10106.0000
 33
0.0000
  0
TEXT
  5
30F
  8
חשמל - מידות
 10
9725.5000
 20
-11079.5000
 30
0.0000
 40
100.0000
  1
171.7
 50
90.0000
  7
SOLINE
 72
1
 73
2
 11
9725.5000
 21
-11079.5000
 31
0.0000
  0
LINE
  5
310
  8
חשמל
 10
10068.0000
 20
-10410.0000
 30
0.0000
 11
10148.0000
 21
-10410.0000
 31
0.0000
  0
LINE
  5
311
  8
חשמל
 10
10148.0000
 20
-10410.0000
 30
0.0000
 11
10148.0000
 21
-10330.0000
 31
0.0000
  0
LINE
  5
312
  8
חשמל
 10
10148.0000
 20
-10330.0000
 30
0.0000
 11
10068.0000
 21
-10330.0000
 31
0.0000
  0
LINE
  5
313
  8
חשמל
 10
10068.0000
 20
-10330.0000
 30
0.0000
 11
10068.0000
 21
-10410.0000
 31
0.0000
  0
LINE
  5
314
  8
חשמל
 10
10108.0000
 20
-10410.0000
 30
0.0000
 11
10108.0000
 21
-10373.2000
 31
0.0000
  0
LINE
  5
315
  8
חשמל
 10
10082.4000
 20
-10373.2000
 30
0.0000
 11
10082.5610
 21
-10370.3337
 31
0.0000
  0
LINE
  5
316
  8
חשמל
 10
10082.5610
 20
-10370.3337
 30
0.0000
 11
10083.0418
 21
-10367.5035
 31
0.0000
  0
LINE
  5
317
  8
חשמל
 10
10083.0418
 20
-10367.5035
 30
0.0000
 11
10083.8366
 21
-10364.7449
 31
0.0000
  0
LINE
  5
318
  8
חשמל
 10
10083.8366
 20
-10364.7449
 30
0.0000
 11
10084.9352
 21
-10362.0926
 31
0.0000
  0
LINE
  5
319
  8
חשמל
 10
10084.9352
 20
-10362.0926
 30
0.0000
 11
10086.3239
 21
-10359.5800
 31
0.0000
  0
LINE
  5
31A
  8
חשמל
 10
10086.3239
 20
-10359.5800
 30
0.0000
 11
10087.9851
 21
-10357.2387
 31
0.0000
  0
LINE
  5
31B
  8
חשמל
 10
10087.9851
 20
-10357.2387
 30
0.0000
 11
10089.8981
 21
-10355.0981
 31
0.0000
  0
LINE
  5
31C
  8
חשמל
 10
10089.8981
 20
-10355.0981
 30
0.0000
 11
10092.0387
 21
-10353.1851
 31
0.0000
  0
LINE
  5
31D
  8
חשמל
 10
10092.0387
 20
-10353.1851
 30
0.0000
 11
10094.3800
 21
-10351.5239
 31
0.0000
  0
LINE
  5
31E
  8
חשמל
 10
10094.3800
 20
-10351.5239
 30
0.0000
 11
10096.8926
 21
-10350.1352
 31
0.0000
  0
LINE
  5
31F
  8
חשמל
 10
10096.8926
 20
-10350.1352
 30
0.0000
 11
10099.5449
 21
-10349.0366
 31
0.0000
  0
LINE
  5
320
  8
חשמל
 10
10099.5449
 20
-10349.0366
 30
0.0000
 11
10102.3035
 21
-10348.2418
 31
0.0000
  0
LINE
  5
321
  8
חשמל
 10
10102.3035
 20
-10348.2418
 30
0.0000
 11
10105.1337
 21
-10347.7610
 31
0.0000
  0
LINE
  5
322
  8
חשמל
 10
10105.1337
 20
-10347.7610
 30
0.0000
 11
10108.0000
 21
-10347.6000
 31
0.0000
  0
LINE
  5
323
  8
חשמל
 10
10108.0000
 20
-10347.6000
 30
0.0000
 11
10110.8663
 21
-10347.7610
 31
0.0000
  0
LINE
  5
324
  8
חשמל
 10
10110.8663
 20
-10347.7610
 30
0.0000
 11
10113.6965
 21
-10348.2418
 31
0.0000
  0
LINE
  5
325
  8
חשמל
 10
10113.6965
 20
-10348.2418
 30
0.0000
 11
10116.4551
 21
-10349.0366
 31
0.0000
  0
LINE
  5
326
  8
חשמל
 10
10116.4551
 20
-10349.0366
 30
0.0000
 11
10119.1074
 21
-10350.1352
 31
0.0000
  0
LINE
  5
327
  8
חשמל
 10
10119.1074
 20
-10350.1352
 30
0.0000
 11
10121.6200
 21
-10351.5239
 31
0.0000
  0
LINE
  5
328
  8
חשמל
 10
10121.6200
 20
-10351.5239
 30
0.0000
 11
10123.9613
 21
-10353.1851
 31
0.0000
  0
LINE
  5
329
  8
חשמל
 10
10123.9613
 20
-10353.1851
 30
0.0000
 11
10126.1019
 21
-10355.0981
 31
0.0000
  0
LINE
  5
32A
  8
חשמל
 10
10126.1019
 20
-10355.0981
 30
0.0000
 11
10128.0149
 21
-10357.2387
 31
0.0000
  0
LINE
  5
32B
  8
חשמל
 10
10128.0149
 20
-10357.2387
 30
0.0000
 11
10129.6761
 21
-10359.5800
 31
0.0000
  0
LINE
  5
32C
  8
חשמל
 10
10129.6761
 20
-10359.5800
 30
0.0000
 11
10131.0648
 21
-10362.0926
 31
0.0000
  0
LINE
  5
32D
  8
חשמל
 10
10131.0648
 20
-10362.0926
 30
0.0000
 11
10132.1634
 21
-10364.7449
 31
0.0000
  0
LINE
  5
32E
  8
חשמל
 10
10132.1634
 20
-10364.7449
 30
0.0000
 11
10132.9582
 21
-10367.5035
 31
0.0000
  0
LINE
  5
32F
  8
חשמל
 10
10132.9582
 20
-10367.5035
 30
0.0000
 11
10133.4390
 21
-10370.3337
 31
0.0000
  0
LINE
  5
330
  8
חשמל
 10
10133.4390
 20
-10370.3337
 30
0.0000
 11
10133.6000
 21
-10373.2000
 31
0.0000
  0
LINE
  5
331
  8
חשמל
 10
10082.4000
 20
-10373.2000
 30
0.0000
 11
10133.6000
 21
-10373.2000
 31
0.0000
  0
LINE
  5
332
  8
חשמל - מידות
 10
11182.0000
 20
-11898.0000
 30
0.0000
 11
11182.0000
 21
-10715.5000
 31
0.0000
  0
LINE
  5
333
  8
חשמל - מידות
 10
10108.0000
 20
-11898.0000
 30
0.0000
 11
10108.0000
 21
-10715.5000
 31
0.0000
  0
LINE
  5
334
  8
חשמל - מידות
 10
11182.0000
 20
-10775.5000
 30
0.0000
 11
10108.0000
 21
-10775.5000
 31
0.0000
  0
SOLID
  5
335
  8
חשמל - מידות
 10
11182.0000
 20
-10775.5000
 30
0.0000
 11
11297.0000
 21
-10743.5000
 31
0.0000
 12
11297.0000
 22
-10807.5000
 32
0.0000
 13
11297.0000
 23
-10807.5000
 33
0.0000
  0
SOLID
  5
336
  8
חשמל - מידות
 10
10108.0000
 20
-10775.5000
 30
0.0000
 11
9993.0000
 21
-10743.5000
 31
0.0000
 12
9993.0000
 22
-10807.5000
 32
0.0000
 13
9993.0000
 23
-10807.5000
 33
0.0000
  0
TEXT
  5
337
  8
חשמל - מידות
 10
10645.0000
 20
-10680.5000
 30
0.0000
 40
100.0000
  1
107.4
 50
360.0000
  7
SOLINE
 72
1
 73
2
 11
10645.0000
 21
-10680.5000
 31
0.0000
  0
LINE
  5
338
  8
חשמל - מידות
 10
10068.0000
 20
-11938.0000
 30
0.0000
 11
9820.5000
 21
-11938.0000
 31
0.0000
  0
LINE
  5
339
  8
חשמל - מידות
 10
10068.0000
 20
-10370.0000
 30
0.0000
 11
9820.5000
 21
-10370.0000
 31
0.0000
  0
LINE
  5
33A
  8
חשמל - מידות
 10
9880.5000
 20
-11938.0000
 30
0.0000
 11
9880.5000
 21
-10370.0000
 31
0.0000
  0
SOLID
  5
33B
  8
חשמל - מידות
 10
9880.5000
 20
-11938.0000
 30
0.0000
 11
9848.5000
 21
-12053.0000
 31
0.0000
 12
9912.5000
 22
-12053.0000
 32
0.0000
 13
9912.5000
 23
-12053.0000
 33
0.0000
  0
SOLID
  5
33C
  8
חשמל - מידות
 10
9880.5000
 20
-10370.0000
 30
0.0000
 11
9848.5000
 21
-10255.0000
 31
0.0000
 12
9912.5000
 22
-10255.0000
 32
0.0000
 13
9912.5000
 23
-10255.0000
 33
0.0000
  0
TEXT
  5
33D
  8
חשמל - מידות
 10
9785.5000
 20
-11154.0000
 30
0.0000
 40
100.0000
  1
156.8
 50
90.0000
  7
SOLINE
 72
1
 73
2
 11
9785.5000
 21
-11154.0000
 31
0.0000
  0
LINE
  5
33E
  8
חשמל
 10
10207.0000
 20
-10413.0000
 30
0.0000
 11
10287.0000
 21
-10413.0000
 31
0.0000
  0
LINE
  5
33F
  8
חשמל
 10
10287.0000
 20
-10413.0000
 30
0.0000
 11
10287.0000
 21
-10333.0000
 31
0.0000
  0
LINE
  5
340
  8
חשמל
 10
10287.0000
 20
-10333.0000
 30
0.0000
 11
10207.0000
 21
-10333.0000
 31
0.0000
  0
LINE
  5
341
  8
חשמל
 10
10207.0000
 20
-10333.0000
 30
0.0000
 11
10207.0000
 21
-10413.0000
 31
0.0000
  0
LINE
  5
342
  8
חשמל
 10
10247.0000
 20
-10413.0000
 30
0.0000
 11
10247.0000
 21
-10376.2000
 31
0.0000
  0
LINE
  5
343
  8
חשמל
 10
10221.4000
 20
-10376.2000
 30
0.0000
 11
10221.5610
 21
-10373.3337
 31
0.0000
  0
LINE
  5
344
  8
חשמל
 10
10221.5610
 20
-10373.3337
 30
0.0000
 11
10222.0418
 21
-10370.5035
 31
0.0000
  0
LINE
  5
345
  8
חשמל
 10
10222.0418
 20
-10370.5035
 30
0.0000
 11
10222.8366
 21
-10367.7449
 31
0.0000
  0
LINE
  5
346
  8
חשמל
 10
10222.8366
 20
-10367.7449
 30
0.0000
 11
10223.9352
 21
-10365.0926
 31
0.0000
  0
LINE
  5
347
  8
חשמל
 10
10223.9352
 20
-10365.0926
 30
0.0000
 11
10225.3239
 21
-10362.5800
 31
0.0000
  0
LINE
  5
348
  8
חשמל
 10
10225.3239
 20
-10362.5800
 30
0.0000
 11
10226.9851
 21
-10360.2387
 31
0.0000
  0
LINE
  5
349
  8
חשמל
 10
10226.9851
 20
-10360.2387
 30
0.0000
 11
10228.8981
 21
-10358.0981
 31
0.0000
  0
LINE
  5
34A
  8
חשמל
 10
10228.8981
 20
-10358.0981
 30
0.0000
 11
10231.0387
 21
-10356.1851
 31
0.0000
  0
LINE
  5
34B
  8
חשמל
 10
10231.0387
 20
-10356.1851
 30
0.0000
 11
10233.3800
 21
-10354.5239
 31
0.0000
  0
LINE
  5
34C
  8
חשמל
 10
10233.3800
 20
-10354.5239
 30
0.0000
 11
10235.8926
 21
-10353.1352
 31
0.0000
  0
LINE
  5
34D
  8
חשמל
 10
10235.8926
 20
-10353.1352
 30
0.0000
 11
10238.5449
 21
-10352.0366
 31
0.0000
  0
LINE
  5
34E
  8
חשמל
 10
10238.5449
 20
-10352.0366
 30
0.0000
 11
10241.3035
 21
-10351.2418
 31
0.0000
  0
LINE
  5
34F
  8
חשמל
 10
10241.3035
 20
-10351.2418
 30
0.0000
 11
10244.1337
 21
-10350.7610
 31
0.0000
  0
LINE
  5
350
  8
חשמל
 10
10244.1337
 20
-10350.7610
 30
0.0000
 11
10247.0000
 21
-10350.6000
 31
0.0000
  0
LINE
  5
351
  8
חשמל
 10
10247.0000
 20
-10350.6000
 30
0.0000
 11
10249.8663
 21
-10350.7610
 31
0.0000
  0
LINE
  5
352
  8
חשמל
 10
10249.8663
 20
-10350.7610
 30
0.0000
 11
10252.6965
 21
-10351.2418
 31
0.0000
  0
LINE
  5
353
  8
חשמל
 10
10252.6965
 20
-10351.2418
 30
0.0000
 11
10255.4551
 21
-10352.0366
 31
0.0000
  0
LINE
  5
354
  8
חשמל
 10
10255.4551
 20
-10352.0366
 30
0.0000
 11
10258.1074
 21
-10353.1352
 31
0.0000
  0
LINE
  5
355
  8
חשמל
 10
10258.1074
 20
-10353.1352
 30
0.0000
 11
10260.6200
 21
-10354.5239
 31
0.0000
  0
LINE
  5
356
  8
חשמל
 10
10260.6200
 20
-10354.5239
 30
0.0000
 11
10262.9613
 21
-10356.1851
 31
0.0000
  0
LINE
  5
357
  8
חשמל
 10
10262.9613
 20
-10356.1851
 30
0.0000
 11
10265.1019
 21
-10358.0981
 31
0.0000
  0
LINE
  5
358
  8
חשמל
 10
10265.1019
 20
-10358.0981
 30
0.0000
 11
10267.0149
 21
-10360.2387
 31
0.0000
  0
LINE
  5
359
  8
חשמל
 10
10267.0149
 20
-10360.2387
 30
0.0000
 11
10268.6761
 21
-10362.5800
 31
0.0000
  0
LINE
  5
35A
  8
חשמל
 10
10268.6761
 20
-10362.5800
 30
0.0000
 11
10270.0648
 21
-10365.0926
 31
0.0000
  0
LINE
  5
35B
  8
חשמל
 10
10270.0648
 20
-10365.0926
 30
0.0000
 11
10271.1634
 21
-10367.7449
 31
0.0000
  0
LINE
  5
35C
  8
חשמל
 10
10271.1634
 20
-10367.7449
 30
0.0000
 11
10271.9582
 21
-10370.5035
 31
0.0000
  0
LINE
  5
35D
  8
חשמל
 10
10271.9582
 20
-10370.5035
 30
0.0000
 11
10272.4390
 21
-10373.3337
 31
0.0000
  0
LINE
  5
35E
  8
חשמל
 10
10272.4390
 20
-10373.3337
 30
0.0000
 11
10272.6000
 21
-10376.2000
 31
0.0000
  0
LINE
  5
35F
  8
חשמל
 10
10221.4000
 20
-10376.2000
 30
0.0000
 11
10272.6000
 21
-10376.2000
 31
0.0000
  0
LINE
  5
360
  8
חשמל - מידות
 10
11182.0000
 20
-11898.0000
 30
0.0000
 11
11182.0000
 21
-10365.5000
 31
0.0000
  0
LINE
  5
361
  8
חשמל - מידות
 10
10247.0000
 20
-11898.0000
 30
0.0000
 11
10247.0000
 21
-10365.5000
 31
0.0000
  0
LINE
  5
362
  8
חשמל - מידות
 10
11182.0000
 20
-10425.5000
 30
0.0000
 11
10247.0000
 21
-10425.5000
 31
0.0000
  0
SOLID
  5
363
  8
חשמל - מידות
 10
11182.0000
 20
-10425.5000
 30
0.0000
 11
11297.0000
 21
-10393.5000
 31
0.0000
 12
11297.0000
 22
-10457.5000
 32
0.0000
 13
11297.0000
 23
-10457.5000
 33
0.0000
  0
SOLID
  5
364
  8
חשמל - מידות
 10
10247.0000
 20
-10425.5000
 30
0.0000
 11
10132.0000
 21
-10393.5000
 31
0.0000
 12
10132.0000
 22
-10457.5000
 32
0.0000
 13
10132.0000
 23
-10457.5000
 33
0.0000
  0
TEXT
  5
365
  8
חשמל - מידות
 10
10714.5000
 20
-10330.5000
 30
0.0000
 40
100.0000
  1
93.5
 50
360.0000
  7
SOLINE
 72
1
 73
2
 11
10714.5000
 21
-10330.5000
 31
0.0000
  0
LINE
  5
366
  8
חשמל - מידות
 10
10287.0000
 20
-11938.0000
 30
0.0000
 11
10534.5000
 21
-11938.0000
 31
0.0000
  0
LINE
  5
367
  8
חשמל - מידות
 10
10287.0000
 20
-10373.0000
 30
0.0000
 11
10534.5000
 21
-10373.0000
 31
0.0000
  0
LINE
  5
368
  8
חשמל - מידות
 10
10474.5000
 20
-11938.0000
 30
0.0000
 11
10474.5000
 21
-10373.0000
 31
0.0000
  0
SOLID
  5
369
  8
חשמל - מידות
 10
10474.5000
 20
-11938.0000
 30
0.0000
 11
10506.5000
 21
-12053.0000
 31
0.0000
 12
10442.5000
 22
-12053.0000
 32
0.0000
 13
10442.5000
 23
-12053.0000
 33
0.0000
  0
SOLID
  5
36A
  8
חשמל - מידות
 10
10474.5000
 20
-10373.0000
 30
0.0000
 11
10506.5000
 21
-10258.0000
 31
0.0000
 12
10442.5000
 22
-10258.0000
 32
0.0000
 13
10442.5000
 23
-10258.0000
 33
0.0000
  0
TEXT
  5
36B
  8
חשמל - מידות
 10
10569.5000
 20
-11155.5000
 30
0.0000
 40
100.0000
  1
156.5
 50
90.0000
  7
SOLINE
 72
1
 73
2
 11
10569.5000
 21
-11155.5000
 31
0.0000
  0
LINE
  5
36C
  8
חשמל
 10
10820.5000
 20
-10847.0000
 30
0.0000
 11
10995.5000
 21
-10847.0000
 31
0.0000
  0
LINE
  5
36D
  8
חשמל
 10
10995.5000
 20
-10847.0000
 30
0.0000
 11
10995.5000
 21
-10777.0000
 31
0.0000
  0
LINE
  5
36E
  8
חשמל
 10
10995.5000
 20
-10777.0000
 30
0.0000
 11
10820.5000
 21
-10777.0000
 31
0.0000
  0
LINE
  5
36F
  8
חשמל
 10
10820.5000
 20
-10777.0000
 30
0.0000
 11
10820.5000
 21
-10847.0000
 31
0.0000
  0
LINE
  5
370
  8
חשמל
 10
10908.0000
 20
-10847.0000
 30
0.0000
 11
10908.0000
 21
-10814.8000
 31
0.0000
  0
LINE
  5
371
  8
חשמל
 10
10852.0000
 20
-10814.8000
 30
0.0000
 11
10852.3521
 21
-10812.2920
 31
0.0000
  0
LINE
  5
372
  8
חשמל
 10
10852.3521
 20
-10812.2920
 30
0.0000
 11
10853.4040
 21
-10809.8155
 31
0.0000
  0
LINE
  5
373
  8
חשמל
 10
10853.4040
 20
-10809.8155
 30
0.0000
 11
10855.1425
 21
-10807.4017
 31
0.0000
  0
LINE
  5
374
  8
חשמל
 10
10855.1425
 20
-10807.4017
 30
0.0000
 11
10857.5457
 21
-10805.0810
 31
0.0000
  0
LINE
  5
375
  8
חשמל
 10
10857.5457
 20
-10805.0810
 30
0.0000
 11
10860.5834
 21
-10802.8825
 31
0.0000
  0
LINE
  5
376
  8
חשמל
 10
10860.5834
 20
-10802.8825
 30
0.0000
 11
10864.2174
 21
-10800.8338
 31
0.0000
  0
LINE
  5
377
  8
חשמל
 10
10864.2174
 20
-10800.8338
 30
0.0000
 11
10868.4020
 21
-10798.9608
 31
0.0000
  0
LINE
  5
378
  8
חשמל
 10
10868.4020
 20
-10798.9608
 30
0.0000
 11
10873.0846
 21
-10797.2870
 31
0.0000
  0
LINE
  5
379
  8
חשמל
 10
10873.0846
 20
-10797.2870
 30
0.0000
 11
10878.2062
 21
-10795.8334
 31
0.0000
  0
LINE
  5
37A
  8
חשמל
 10
10878.2062
 20
-10795.8334
 30
0.0000
 11
10883.7025
 21
-10794.6183
 31
0.0000
  0
LINE
  5
37B
  8
חשמל
 10
10883.7025
 20
-10794.6183
 30
0.0000
 11
10889.5044
 21
-10793.6570
 31
0.0000
  0
LINE
  5
37C
  8
חשמל
 10
10889.5044
 20
-10793.6570
 30
0.0000
 11
10895.5388
 21
-10792.9616
 31
0.0000
  0
LINE
  5
37D
  8
חשמל
 10
10895.5388
 20
-10792.9616
 30
0.0000
 11
10901.7300
 21
-10792.5408
 31
0.0000
  0
LINE
  5
37E
  8
חשמל
 10
10901.7300
 20
-10792.5408
 30
0.0000
 11
10908.0000
 21
-10792.4000
 31
0.0000
  0
LINE
  5
37F
  8
חשמל
 10
10908.0000
 20
-10792.4000
 30
0.0000
 11
10914.2700
 21
-10792.5408
 31
0.0000
  0
LINE
  5
380
  8
חשמל
 10
10914.2700
 20
-10792.5408
 30
0.0000
 11
10920.4612
 21
-10792.9616
 31
0.0000
  0
LINE
  5
381
  8
חשמל
 10
10920.4612
 20
-10792.9616
 30
0.0000
 11
10926.4956
 21
-10793.6570
 31
0.0000
  0
LINE
  5
382
  8
חשמל
 10
10926.4956
 20
-10793.6570
 30
0.0000
 11
10932.2975
 21
-10794.6183
 31
0.0000
  0
LINE
  5
383
  8
חשמל
 10
10932.2975
 20
-10794.6183
 30
0.0000
 11
10937.7938
 21
-10795.8334
 31
0.0000
  0
LINE
  5
384
  8
חשמל
 10
10937.7938
 20
-10795.8334
 30
0.0000
 11
10942.9154
 21
-10797.2870
 31
0.0000
  0
LINE
  5
385
  8
חשמל
 10
10942.9154
 20
-10797.2870
 30
0.0000
 11
10947.5980
 21
-10798.9608
 31
0.0000
  0
LINE
  5
386
  8
חשמל
 10
10947.5980
 20
-10798.9608
 30
0.0000
 11
10951.7826
 21
-10800.8338
 31
0.0000
  0
LINE
  5
387
  8
חשמל
 10
10951.7826
 20
-10800.8338
 30
0.0000
 11
10955.4166
 21
-10802.8825
 31
0.0000
  0
LINE
  5
388
  8
חשמל
 10
10955.4166
 20
-10802.8825
 30
0.0000
 11
10958.4543
 21
-10805.0810
 31
0.0000
  0
LINE
  5
389
  8
חשמל
 10
10958.4543
 20
-10805.0810
 30
0.0000
 11
10960.8575
 21
-10807.4017
 31
0.0000
  0
LINE
  5
38A
  8
חשמל
 10
10960.8575
 20
-10807.4017
 30
0.0000
 11
10962.5960
 21
-10809.8155
 31
0.0000
  0
LINE
  5
38B
  8
חשמל
 10
10962.5960
 20
-10809.8155
 30
0.0000
 11
10963.6479
 21
-10812.2920
 31
0.0000
  0
LINE
  5
38C
  8
חשמל
 10
10963.6479
 20
-10812.2920
 30
0.0000
 11
10964.0000
 21
-10814.8000
 31
0.0000
  0
LINE
  5
38D
  8
חשמל
 10
10852.0000
 20
-10814.8000
 30
0.0000
 11
10964.0000
 21
-10814.8000
 31
0.0000
  0
LINE
  5
38E
  8
חשמל - מידות
 10
11182.0000
 20
-11898.0000
 30
0.0000
 11
11182.0000
 21
-10015.5000
 31
0.0000
  0
LINE
  5
38F
  8
חשמל - מידות
 10
10908.0000
 20
-11898.0000
 30
0.0000
 11
10908.0000
 21
-10015.5000
 31
0.0000
  0
LINE
  5
390
  8
חשמל - מידות
 10
11182.0000
 20
-10075.5000
 30
0.0000
 11
10908.0000
 21
-10075.5000
 31
0.0000
  0
SOLID
  5
391
  8
חשמל - מידות
 10
11182.0000
 20
-10075.5000
 30
0.0000
 11
11297.0000
 21
-10043.5000
 31
0.0000
 12
11297.0000
 22
-10107.5000
 32
0.0000
 13
11297.0000
 23
-10107.5000
 33
0.0000
  0
SOLID
  5
392
  8
חשמל - מידות
 10
10908.0000
 20
-10075.5000
 30
0.0000
 11
10793.0000
 21
-10043.5000
 31
0.0000
 12
10793.0000
 22
-10107.5000
 32
0.0000
 13
10793.0000
 23
-10107.5000
 33
0.0000
  0
TEXT
  5
393
  8
חשמל - מידות
 10
11045.0000
 20
-9980.5000
 30
0.0000
 40
100.0000
  1
27.4
 50
360.0000
  7
SOLINE
 72
1
 73
2
 11
11045.0000
 21
-9980.5000
 31
0.0000
  0
LINE
  5
394
  8
חשמל - מידות
 10
10868.0000
 20
-11938.0000
 30
0.0000
 11
10573.0000
 21
-11938.0000
 31
0.0000
  0
LINE
  5
395
  8
חשמל - מידות
 10
10868.0000
 20
-10812.0000
 30
0.0000
 11
10573.0000
 21
-10812.0000
 31
0.0000
  0
LINE
  5
396
  8
חשמל - מידות
 10
10633.0000
 20
-11938.0000
 30
0.0000
 11
10633.0000
 21
-10812.0000
 31
0.0000
  0
SOLID
  5
397
  8
חשמל - מידות
 10
10633.0000
 20
-11938.0000
 30
0.0000
 11
10601.0000
 21
-12053.0000
 31
0.0000
 12
10665.0000
 22
-12053.0000
 32
0.0000
 13
10665.0000
 23
-12053.0000
 33
0.0000
  0
SOLID
  5
398
  8
חשמל - מידות
 10
10633.0000
 20
-10812.0000
 30
0.0000
 11
10601.0000
 21
-10697.0000
 31
0.0000
 12
10665.0000
 22
-10697.0000
 32
0.0000
 13
10665.0000
 23
-10697.0000
 33
0.0000
  0
TEXT
  5
399
  8
חשמל - מידות
 10
10538.0000
 20
-11375.0000
 30
0.0000
 40
100.0000
  1
112.6
 50
90.0000
  7
SOLINE
 72
1
 73
2
 11
10538.0000
 21
-11375.0000
 31
0.0000
  0
LINE
  5
39A
  8
מים
 10
10724.0000
 20
-10793.0000
 30
0.0000
 11
10744.0000
 21
-10793.0000
 31
0.0000
  0
LINE
  5
39B
  8
מים
 10
10744.0000
 20
-10793.0000
 30
0.0000
 11
10744.0000
 21
-10773.0000
 31
0.0000
  0
LINE
  5
39C
  8
מים
 10
10744.0000
 20
-10773.0000
 30
0.0000
 11
10724.0000
 21
-10773.0000
 31
0.0000
  0
LINE
  5
39D
  8
מים
 10
10724.0000
 20
-10773.0000
 30
0.0000
 11
10724.0000
 21
-10793.0000
 31
0.0000
  0
LINE
  5
39E
  8
מים
 10
10734.0000
 20
-10793.0000
 30
0.0000
 11
10734.0000
 21
-10787.4000
 31
0.0000
  0
LINE
  5
39F
  8
מים
 10
10729.6000
 20
-10778.6000
 30
0.0000
 11
10738.4000
 21
-10778.6000
 31
0.0000
  0
LINE
  5
3A0
  8
מים
 10
10738.4000
 20
-10778.6000
 30
0.0000
 11
10734.0000
 21
-10783.0000
 31
0.0000
  0
LINE
  5
3A1
  8
מים
 10
10734.0000
 20
-10783.0000
 30
0.0000
 11
10729.6000
 21
-10778.6000
 31
0.0000
  0
LINE
  5
3A2
  8
מים
 10
10729.6000
 20
-10787.4000
 30
0.0000
 11
10738.4000
 21
-10787.4000
 31
0.0000
  0
LINE
  5
3A3
  8
מים
 10
10738.4000
 20
-10787.4000
 30
0.0000
 11
10734.0000
 21
-10783.0000
 31
0.0000
  0
LINE
  5
3A4
  8
מים
 10
10734.0000
 20
-10783.0000
 30
0.0000
 11
10729.6000
 21
-10787.4000
 31
0.0000
  0
ARC
  5
3A5
  8
מים
 10
10734.0000
 20
-10783.0000
 30
0.0000
 40
0.9000
 50
0.0000
 51
360.0000
  0
LINE
  5
3A6
  8
מים - מידות
 10
11182.0000
 20
-11898.0000
 30
0.0000
 11
11182.0000
 21
-9665.5000
 31
0.0000
  0
LINE
  5
3A7
  8
מים - מידות
 10
10734.0000
 20
-11898.0000
 30
0.0000
 11
10734.0000
 21
-9665.5000
 31
0.0000
  0
LINE
  5
3A8
  8
מים - מידות
 10
11182.0000
 20
-9725.5000
 30
0.0000
 11
10734.0000
 21
-9725.5000
 31
0.0000
  0
SOLID
  5
3A9
  8
מים - מידות
 10
11182.0000
 20
-9725.5000
 30
0.0000
 11
11297.0000
 21
-9693.5000
 31
0.0000
 12
11297.0000
 22
-9757.5000
 32
0.0000
 13
11297.0000
 23
-9757.5000
 33
0.0000
  0
SOLID
  5
3AA
  8
מים - מידות
 10
10734.0000
 20
-9725.5000
 30
0.0000
 11
10619.0000
 21
-9693.5000
 31
0.0000
 12
10619.0000
 22
-9757.5000
 32
0.0000
 13
10619.0000
 23
-9757.5000
 33
0.0000
  0
TEXT
  5
3AB
  8
מים - מידות
 10
10958.0000
 20
-9630.5000
 30
0.0000
 40
100.0000
  1
44.8
 50
360.0000
  7
SOLINE
 72
1
 73
2
 11
10958.0000
 21
-9630.5000
 31
0.0000
  0
LINE
  5
3AC
  8
מים - מידות
 10
10774.0000
 20
-11938.0000
 30
0.0000
 11
10991.5000
 21
-11938.0000
 31
0.0000
  0
LINE
  5
3AD
  8
מים - מידות
 10
10774.0000
 20
-10783.0000
 30
0.0000
 11
10991.5000
 21
-10783.0000
 31
0.0000
  0
LINE
  5
3AE
  8
מים - מידות
 10
10931.5000
 20
-11938.0000
 30
0.0000
 11
10931.5000
 21
-10783.0000
 31
0.0000
  0
SOLID
  5
3AF
  8
מים - מידות
 10
10931.5000
 20
-11938.0000
 30
0.0000
 11
10963.5000
 21
-12053.0000
 31
0.0000
 12
10899.5000
 22
-12053.0000
 32
0.0000
 13
10899.5000
 23
-12053.0000
 33
0.0000
  0
SOLID
  5
3B0
  8
מים - מידות
 10
10931.5000
 20
-10783.0000
 30
0.0000
 11
10963.5000
 21
-10668.0000
 31
0.0000
 12
10899.5000
 22
-10668.0000
 32
0.0000
 13
10899.5000
 23
-10668.0000
 33
0.0000
  0
TEXT
  5
3B1
  8
מים - מידות
 10
11026.5000
 20
-11360.5000
 30
0.0000
 40
100.0000
  1
115.5
 50
90.0000
  7
SOLINE
 72
1
 73
2
 11
11026.5000
 21
-11360.5000
 31
0.0000
  0
TEXT
  5
3B2
  8
קירות - טקסט
 10
9757.5000
 20
-12875.5000
 30
0.0000
 40
162.5000
  1
W3
 50
0.0000
  7
SOLINE
 72
1
 73
2
 11
9757.5000
 21
-12875.5000
 31
0.0000
  0
LINE
  5
3B3
  8
קירות
 10
13682.0000
 20
-11938.0000
 30
0.0000
 11
18003.0000
 21
-11938.0000
 31
0.0000
  0
LINE
  5
3B4
  8
קירות
 10
18003.0000
 20
-11938.0000
 30
0.0000
 11
18003.0000
 21
-9233.0000
 31
0.0000
  0
LINE
  5
3B5
  8
קירות
 10
18003.0000
 20
-9233.0000
 30
0.0000
 11
13682.0000
 21
-9233.0000
 31
0.0000
  0
LINE
  5
3B6
  8
קירות
 10
13682.0000
 20
-9233.0000
 30
0.0000
 11
13682.0000
 21
-11938.0000
 31
0.0000
  0
LINE
  5
3B7
  8
מידות - חוץ
 10
13682.0000
 20
-11988.0000
 30
0.0000
 11
13682.0000
 21
-12388.0000
 31
0.0000
  0
LINE
  5
3B8
  8
מידות - חוץ
 10
18003.0000
 20
-11988.0000
 30
0.0000
 11
18003.0000
 21
-12388.0000
 31
0.0000
  0
LINE
  5
3B9
  8
מידות - חוץ
 10
13682.0000
 20
-12313.0000
 30
0.0000
 11
18003.0000
 21
-12313.0000
 31
0.0000
  0
SOLID
  5
3BA
  8
מידות - חוץ
 10
13682.0000
 20
-12313.0000
 30
0.0000
 11
13538.2500
 21
-12353.0000
 31
0.0000
 12
13538.2500
 22
-12273.0000
 32
0.0000
 13
13538.2500
 23
-12273.0000
 33
0.0000
  0
SOLID
  5
3BB
  8
מידות - חוץ
 10
18003.0000
 20
-12313.0000
 30
0.0000
 11
18146.7500
 21
-12353.0000
 31
0.0000
 12
18146.7500
 22
-12273.0000
 32
0.0000
 13
18146.7500
 23
-12273.0000
 33
0.0000
  0
TEXT
  5
3BC
  8
מידות - חוץ
 10
15842.5000
 20
-12431.7500
 30
0.0000
 40
125.0000
  1
432.1
 50
0.0000
  7
SOLINE
 72
1
 73
2
 11
15842.5000
 21
-12431.7500
 31
0.0000
  0
LINE
  5
3BD
  8
מידות - חוץ
 10
13632.0000
 20
-11938.0000
 30
0.0000
 11
13232.0000
 21
-11938.0000
 31
0.0000
  0
LINE
  5
3BE
  8
מידות - חוץ
 10
13632.0000
 20
-9233.0000
 30
0.0000
 11
13232.0000
 21
-9233.0000
 31
0.0000
  0
LINE
  5
3BF
  8
מידות - חוץ
 10
13307.0000
 20
-11938.0000
 30
0.0000
 11
13307.0000
 21
-9233.0000
 31
0.0000
  0
SOLID
  5
3C0
  8
מידות - חוץ
 10
13307.0000
 20
-11938.0000
 30
0.0000
 11
13267.0000
 21
-12081.7500
 31
0.0000
 12
13347.0000
 22
-12081.7500
 32
0.0000
 13
13347.0000
 23
-12081.7500
 33
0.0000
  0
SOLID
  5
3C1
  8
מידות - חוץ
 10
13307.0000
 20
-9233.0000
 30
0.0000
 11
13267.0000
 21
-9089.2500
 31
0.0000
 12
13347.0000
 22
-9089.2500
 32
0.0000
 13
13347.0000
 23
-9089.2500
 33
0.0000
  0
TEXT
  5
3C2
  8
מידות - חוץ
 10
13188.2500
 20
-10585.5000
 30
0.0000
 40
125.0000
  1
270.5
 50
90.0000
  7
SOLINE
 72
1
 73
2
 11
13188.2500
 21
-10585.5000
 31
0.0000
  0
LINE
  5
3C3
  8
חשמל
 10
14433.0057
 20
-10878.0000
 30
0.0000
 11
14513.0057
 21
-10878.0000
 31
0.0000
  0
LINE
  5
3C4
  8
חשמל
 10
14513.0057
 20
-10878.0000
 30
0.0000
 11
14513.0057
 21
-10798.0000
 31
0.0000
  0
LINE
  5
3C5
  8
חשמל
 10
14513.0057
 20
-10798.0000
 30
0.0000
 11
14433.0057
 21
-10798.0000
 31
0.0000
  0
LINE
  5
3C6
  8
חשמל
 10
14433.0057
 20
-10798.0000
 30
0.0000
 11
14433.0057
 21
-10878.0000
 31
0.0000
  0
LINE
  5
3C7
  8
חשמל
 10
14473.0057
 20
-10878.0000
 30
0.0000
 11
14473.0057
 21
-10841.2000
 31
0.0000
  0
LINE
  5
3C8
  8
חשמל
 10
14447.4057
 20
-10841.2000
 30
0.0000
 11
14447.5666
 21
-10838.3337
 31
0.0000
  0
LINE
  5
3C9
  8
חשמל
 10
14447.5666
 20
-10838.3337
 30
0.0000
 11
14448.0475
 21
-10835.5035
 31
0.0000
  0
LINE
  5
3CA
  8
חשמל
 10
14448.0475
 20
-10835.5035
 30
0.0000
 11
14448.8422
 21
-10832.7449
 31
0.0000
  0
LINE
  5
3CB
  8
חשמל
 10
14448.8422
 20
-10832.7449
 30
0.0000
 11
14449.9408
 21
-10830.0926
 31
0.0000
  0
LINE
  5
3CC
  8
חשמל
 10
14449.9408
 20
-10830.0926
 30
0.0000
 11
14451.3295
 21
-10827.5800
 31
0.0000
  0
LINE
  5
3CD
  8
חשמל
 10
14451.3295
 20
-10827.5800
 30
0.0000
 11
14452.9908
 21
-10825.2387
 31
0.0000
  0
LINE
  5
3CE
  8
חשמל
 10
14452.9908
 20
-10825.2387
 30
0.0000
 11
14454.9037
 21
-10823.0981
 31
0.0000
  0
LINE
  5
3CF
  8
חשמל
 10
14454.9037
 20
-10823.0981
 30
0.0000
 11
14457.0443
 21
-10821.1851
 31
0.0000
  0
LINE
  5
3D0
  8
חשמל
 10
14457.0443
 20
-10821.1851
 30
0.0000
 11
14459.3856
 21
-10819.5239
 31
0.0000
  0
LINE
  5
3D1
  8
חשמל
 10
14459.3856
 20
-10819.5239
 30
0.0000
 11
14461.8982
 21
-10818.1352
 31
0.0000
  0
LINE
  5
3D2
  8
חשמל
 10
14461.8982
 20
-10818.1352
 30
0.0000
 11
14464.5505
 21
-10817.0366
 31
0.0000
  0
LINE
  5
3D3
  8
חשמל
 10
14464.5505
 20
-10817.0366
 30
0.0000
 11
14467.3091
 21
-10816.2418
 31
0.0000
  0
LINE
  5
3D4
  8
חשמל
 10
14467.3091
 20
-10816.2418
 30
0.0000
 11
14470.1394
 21
-10815.7610
 31
0.0000
  0
LINE
  5
3D5
  8
חשמל
 10
14470.1394
 20
-10815.7610
 30
0.0000
 11
14473.0057
 21
-10815.6000
 31
0.0000
  0
LINE
  5
3D6
  8
חשמל
 10
14473.0057
 20
-10815.6000
 30
0.0000
 11
14475.8719
 21
-10815.7610
 31
0.0000
  0
LINE
  5
3D7
  8
חשמל
 10
14475.8719
 20
-10815.7610
 30
0.0000
 11
14478.7022
 21
-10816.2418
 31
0.0000
  0
LINE
  5
3D8
  8
חשמל
 10
14478.7022
 20
-10816.2418
 30
0.0000
 11
14481.4608
 21
-10817.0366
 31
0.0000
  0
LINE
  5
3D9
  8
חשמל
 10
14481.4608
 20
-10817.0366
 30
0.0000
 11
14484.1131
 21
-10818.1352
 31
0.0000
  0
LINE
  5
3DA
  8
חשמל
 10
14484.1131
 20
-10818.1352
 30
0.0000
 11
14486.6257
 21
-10819.5239
 31
0.0000
  0
LINE
  5
3DB
  8
חשמל
 10
14486.6257
 20
-10819.5239
 30
0.0000
 11
14488.9670
 21
-10821.1851
 31
0.0000
  0
LINE
  5
3DC
  8
חשמל
 10
14488.9670
 20
-10821.1851
 30
0.0000
 11
14491.1076
 21
-10823.0981
 31
0.0000
  0
LINE
  5
3DD
  8
חשמל
 10
14491.1076
 20
-10823.0981
 30
0.0000
 11
14493.0205
 21
-10825.2387
 31
0.0000
  0
LINE
  5
3DE
  8
חשמל
 10
14493.0205
 20
-10825.2387
 30
0.0000
 11
14494.6818
 21
-10827.5800
 31
0.0000
  0
LINE
  5
3DF
  8
חשמל
 10
14494.6818
 20
-10827.5800
 30
0.0000
 11
14496.0705
 21
-10830.0926
 31
0.0000
  0
LINE
  5
3E0
  8
חשמל
 10
14496.0705
 20
-10830.0926
 30
0.0000
 11
14497.1691
 21
-10832.7449
 31
0.0000
  0
LINE
  5
3E1
  8
חשמל
 10
14497.1691
 20
-10832.7449
 30
0.0000
 11
14497.9638
 21
-10835.5035
 31
0.0000
  0
LINE
  5
3E2
  8
חשמל
 10
14497.9638
 20
-10835.5035
 30
0.0000
 11
14498.4447
 21
-10838.3337
 31
0.0000
  0
LINE
  5
3E3
  8
חשמל
 10
14498.4447
 20
-10838.3337
 30
0.0000
 11
14498.6057
 21
-10841.2000
 31
0.0000
  0
LINE
  5
3E4
  8
חשמל
 10
14447.4057
 20
-10841.2000
 30
0.0000
 11
14498.6057
 21
-10841.2000
 31
0.0000
  0
LINE
  5
3E5
  8
חשמל - מידות
 10
13682.0000
 20
-11978.0000
 30
0.0000
 11
13682.0000
 21
-12810.5000
 31
0.0000
  0
LINE
  5
3E6
  8
חשמל - מידות
 10
14473.0057
 20
-11978.0000
 30
0.0000
 11
14473.0057
 21
-12810.5000
 31
0.0000
  0
LINE
  5
3E7
  8
חשמל - מידות
 10
13682.0000
 20
-12750.5000
 30
0.0000
 11
14473.0057
 21
-12750.5000
 31
0.0000
  0
SOLID
  5
3E8
  8
חשמל - מידות
 10
13682.0000
 20
-12750.5000
 30
0.0000
 11
13567.0000
 21
-12782.5000
 31
0.0000
 12
13567.0000
 22
-12718.5000
 32
0.0000
 13
13567.0000
 23
-12718.5000
 33
0.0000
  0
SOLID
  5
3E9
  8
חשמל - מידות
 10
14473.0057
 20
-12750.5000
 30
0.0000
 11
14588.0057
 21
-12782.5000
 31
0.0000
 12
14588.0057
 22
-12718.5000
 32
0.0000
 13
14588.0057
 23
-12718.5000
 33
0.0000
  0
TEXT
  5
3EA
  8
חשמל - מידות
 10
14077.5028
 20
-12845.5000
 30
0.0000
 40
100.0000
  1
79.1
 50
0.0000
  7
SOLINE
 72
1
 73
2
 11
14077.5028
 21
-12845.5000
 31
0.0000
  0
LINE
  5
3EB
  8
חשמל - מידות
 10
14433.0057
 20
-11938.0000
 30
0.0000
 11
14185.5057
 21
-11938.0000
 31
0.0000
  0
LINE
  5
3EC
  8
חשמל - מידות
 10
14433.0057
 20
-10838.0000
 30
0.0000
 11
14185.5057
 21
-10838.0000
 31
0.0000
  0
LINE
  5
3ED
  8
חשמל - מידות
 10
14245.5057
 20
-11938.0000
 30
0.0000
 11
14245.5057
 21
-10838.0000
 31
0.0000
  0
SOLID
  5
3EE
  8
חשמל - מידות
 10
14245.5057
 20
-11938.0000
 30
0.0000
 11
14213.5057
 21
-12053.0000
 31
0.0000
 12
14277.5057
 22
-12053.0000
 32
0.0000
 13
14277.5057
 23
-12053.0000
 33
0.0000
  0
SOLID
  5
3EF
  8
חשמל - מידות
 10
14245.5057
 20
-10838.0000
 30
0.0000
 11
14213.5057
 21
-10723.0000
 31
0.0000
 12
14277.5057
 22
-10723.0000
 32
0.0000
 13
14277.5057
 23
-10723.0000
 33
0.0000
  0
TEXT
  5
3F0
  8
חשמל - מידות
 10
14150.5057
 20
-11388.0000
 30
0.0000
 40
100.0000
  1
110
 50
90.0000
  7
SOLINE
 72
1
 73
2
 11
14150.5057
 21
-11388.0000
 31
0.0000
  0
LINE
  5
3F1
  8
חשמל
 10
14796.0069
 20
-10985.0000
 30
0.0000
 11
14876.0069
 21
-10985.0000
 31
0.0000
  0
LINE
  5
3F2
  8
חשמל
 10
14876.0069
 20
-10985.0000
 30
0.0000
 11
14876.0069
 21
-10905.0000
 31
0.0000
  0
LINE
  5
3F3
  8
חשמל
 10
14876.0069
 20
-10905.0000
 30
0.0000
 11
14796.0069
 21
-10905.0000
 31
0.0000
  0
LINE
  5
3F4
  8
חשמל
 10
14796.0069
 20
-10905.0000
 30
0.0000
 11
14796.0069
 21
-10985.0000
 31
0.0000
  0
LINE
  5
3F5
  8
חשמל
 10
14836.0069
 20
-10985.0000
 30
0.0000
 11
14836.0069
 21
-10948.2000
 31
0.0000
  0
LINE
  5
3F6
  8
חשמל
 10
14810.4069
 20
-10948.2000
 30
0.0000
 11
14810.5679
 21
-10945.3337
 31
0.0000
  0
LINE
  5
3F7
  8
חשמל
 10
14810.5679
 20
-10945.3337
 30
0.0000
 11
14811.0488
 21
-10942.5035
 31
0.0000
  0
LINE
  5
3F8
  8
חשמל
 10
14811.0488
 20
-10942.5035
 30
0.0000
 11
14811.8435
 21
-10939.7449
 31
0.0000
  0
LINE
  5
3F9
  8
חשמל
 10
14811.8435
 20
-10939.7449
 30
0.0000
 11
14812.9421
 21
-10937.0926
 31
0.0000
  0
LINE
  5
3FA
  8
חשמל
 10
14812.9421
 20
-10937.0926
 30
0.0000
 11
14814.3308
 21
-10934.5800
 31
0.0000
  0
LINE
  5
3FB
  8
חשמל
 10
14814.3308
 20
-10934.5800
 30
0.0000
 11
14815.9920
 21
-10932.2387
 31
0.0000
  0
LINE
  5
3FC
  8
חשמל
 10
14815.9920
 20
-10932.2387
 30
0.0000
 11
14817.9050
 21
-10930.0981
 31
0.0000
  0
LINE
  5
3FD
  8
חשמל
 10
14817.9050
 20
-10930.0981
 30
0.0000
 11
14820.0456
 21
-10928.1851
 31
0.0000
  0
LINE
  5
3FE
  8
חשמל
 10
14820.0456
 20
-10928.1851
 30
0.0000
 11
14822.3869
 21
-10926.5239
 31
0.0000
  0
LINE
  5
3FF
  8
חשמל
 10
14822.3869
 20
-10926.5239
 30
0.0000
 11
14824.8995
 21
-10925.1352
 31
0.0000
  0
LINE
  5
400
  8
חשמל
 10
14824.8995
 20
-10925.1352
 30
0.0000
 11
14827.5518
 21
-10924.0366
 31
0.0000
  0
LINE
  5
401
  8
חשמל
 10
14827.5518
 20
-10924.0366
 30
0.0000
 11
14830.3104
 21
-10923.2418
 31
0.0000
  0
LINE
  5
402
  8
חשמל
 10
14830.3104
 20
-10923.2418
 30
0.0000
 11
14833.1406
 21
-10922.7610
 31
0.0000
  0
LINE
  5
403
  8
חשמל
 10
14833.1406
 20
-10922.7610
 30
0.0000
 11
14836.0069
 21
-10922.6000
 31
0.0000
  0
LINE
  5
404
  8
חשמל
 10
14836.0069
 20
-10922.6000
 30
0.0000
 11
14838.8732
 21
-10922.7610
 31
0.0000
  0
LINE
  5
405
  8
חשמל
 10
14838.8732
 20
-10922.7610
 30
0.0000
 11
14841.7035
 21
-10923.2418
 31
0.0000
  0
LINE
  5
406
  8
חשמל
 10
14841.7035
 20
-10923.2418
 30
0.0000
 11
14844.4621
 21
-10924.0366
 31
0.0000
  0
LINE
  5
407
  8
חשמל
 10
14844.4621
 20
-10924.0366
 30
0.0000
 11
14847.1144
 21
-10925.1352
 31
0.0000
  0
LINE
  5
408
  8
חשמל
 10
14847.1144
 20
-10925.1352
 30
0.0000
 11
14849.6270
 21
-10926.5239
 31
0.0000
  0
LINE
  5
409
  8
חשמל
 10
14849.6270
 20
-10926.5239
 30
0.0000
 11
14851.9683
 21
-10928.1851
 31
0.0000
  0
LINE
  5
40A
  8
חשמל
 10
14851.9683
 20
-10928.1851
 30
0.0000
 11
14854.1089
 21
-10930.0981
 31
0.0000
  0
LINE
  5
40B
  8
חשמל
 10
14854.1089
 20
-10930.0981
 30
0.0000
 11
14856.0218
 21
-10932.2387
 31
0.0000
  0
LINE
  5
40C
  8
חשמל
 10
14856.0218
 20
-10932.2387
 30
0.0000
 11
14857.6831
 21
-10934.5800
 31
0.0000
  0
LINE
  5
40D
  8
חשמל
 10
14857.6831
 20
-10934.5800
 30
0.0000
 11
14859.0717
 21
-10937.0926
 31
0.0000
  0
LINE
  5
40E
  8
חשמל
 10
14859.0717
 20
-10937.0926
 30
0.0000
 11
14860.1703
 21
-10939.7449
 31
0.0000
  0
LINE
  5
40F
  8
חשמל
 10
14860.1703
 20
-10939.7449
 30
0.0000
 11
14860.9651
 21
-10942.5035
 31
0.0000
  0
LINE
  5
410
  8
חשמל
 10
14860.9651
 20
-10942.5035
 30
0.0000
 11
14861.4460
 21
-10945.3337
 31
0.0000
  0
LINE
  5
411
  8
חשמל
 10
14861.4460
 20
-10945.3337
 30
0.0000
 11
14861.6069
 21
-10948.2000
 31
0.0000
  0
LINE
  5
412
  8
חשמל
 10
14810.4069
 20
-10948.2000
 30
0.0000
 11
14861.6069
 21
-10948.2000
 31
0.0000
  0
LINE
  5
413
  8
חשמל - מידות
 10
13682.0000
 20
-11978.0000
 30
0.0000
 11
13682.0000
 21
-13160.5000
 31
0.0000
  0
LINE
  5
414
  8
חשמל - מידות
 10
14836.0069
 20
-11978.0000
 30
0.0000
 11
14836.0069
 21
-13160.5000
 31
0.0000
  0
LINE
  5
415
  8
חשמל - מידות
 10
13682.0000
 20
-13100.5000
 30
0.0000
 11
14836.0069
 21
-13100.5000
 31
0.0000
  0
SOLID
  5
416
  8
חשמל - מידות
 10
13682.0000
 20
-13100.5000
 30
0.0000
 11
13567.0000
 21
-13132.5000
 31
0.0000
 12
13567.0000
 22
-13068.5000
 32
0.0000
 13
13567.0000
 23
-13068.5000
 33
0.0000
  0
SOLID
  5
417
  8
חשמל - מידות
 10
14836.0069
 20
-13100.5000
 30
0.0000
 11
14951.0069
 21
-13132.5000
 31
0.0000
 12
14951.0069
 22
-13068.5000
 32
0.0000
 13
14951.0069
 23
-13068.5000
 33
0.0000
  0
TEXT
  5
418
  8
חשמל - מידות
 10
14259.0035
 20
-13195.5000
 30
0.0000
 40
100.0000
  1
115.4
 50
0.0000
  7
SOLINE
 72
1
 73
2
 11
14259.0035
 21
-13195.5000
 31
0.0000
  0
LINE
  5
419
  8
חשמל - מידות
 10
14876.0069
 20
-11938.0000
 30
0.0000
 11
15123.5069
 21
-11938.0000
 31
0.0000
  0
LINE
  5
41A
  8
חשמל - מידות
 10
14876.0069
 20
-10945.0000
 30
0.0000
 11
15123.5069
 21
-10945.0000
 31
0.0000
  0
LINE
  5
41B
  8
חשמל - מידות
 10
15063.5069
 20
-11938.0000
 30
0.0000
 11
15063.5069
 21
-10945.0000
 31
0.0000
  0
SOLID
  5
41C
  8
חשמל - מידות
 10
15063.5069
 20
-11938.0000
 30
0.0000
 11
15095.5069
 21
-12053.0000
 31
0.0000
 12
15031.5069
 22
-12053.0000
 32
0.0000
 13
15031.5069
 23
-12053.0000
 33
0.0000
  0
SOLID
  5
41D
  8
חשמל - מידות
 10
15063.5069
 20
-10945.0000
 30
0.0000
 11
15095.5069
 21
-10830.0000
 31
0.0000
 12
15031.5069
 22
-10830.0000
 32
0.0000
 13
15031.5069
 23
-10830.0000
 33
0.0000
  0
TEXT
  5
41E
  8
חשמל - מידות
 10
15158.5069
 20
-11441.5000
 30
0.0000
 40
100.0000
  1
99.3
 50
90.0000
  7
SOLINE
 72
1
 73
2
 11
15158.5069
 21
-11441.5000
 31
0.0000
  0
LINE
  5
41F
  8
חשמל
 10
14907.0095
 20
-10984.0000
 30
0.0000
 11
15067.0095
 21
-10984.0000
 31
0.0000
  0
LINE
  5
420
  8
חשמל
 10
15067.0095
 20
-10984.0000
 30
0.0000
 11
15067.0095
 21
-10904.0000
 31
0.0000
  0
LINE
  5
421
  8
חשמל
 10
15067.0095
 20
-10904.0000
 30
0.0000
 11
14907.0095
 21
-10904.0000
 31
0.0000
  0
LINE
  5
422
  8
חשמל
 10
14907.0095
 20
-10904.0000
 30
0.0000
 11
14907.0095
 21
-10984.0000
 31
0.0000
  0
LINE
  5
423
  8
חשמל
 10
14987.0095
 20
-10984.0000
 30
0.0000
 11
14987.0095
 21
-10947.2000
 31
0.0000
  0
LINE
  5
424
  8
חשמל
 10
14907.9055
 20
-10947.2000
 30
0.0000
 11
14908.1470
 21
-10945.0503
 31
0.0000
  0
LINE
  5
425
  8
חשמל
 10
14908.1470
 20
-10945.0503
 30
0.0000
 11
14908.8683
 21
-10942.9276
 31
0.0000
  0
LINE
  5
426
  8
חשמל
 10
14908.8683
 20
-10942.9276
 30
0.0000
 11
14910.0604
 21
-10940.8586
 31
0.0000
  0
LINE
  5
427
  8
חשמל
 10
14910.0604
 20
-10940.8586
 30
0.0000
 11
14911.7083
 21
-10938.8694
 31
0.0000
  0
LINE
  5
428
  8
חשמל
 10
14911.7083
 20
-10938.8694
 30
0.0000
 11
14913.7913
 21
-10936.9850
 31
0.0000
  0
LINE
  5
429
  8
חשמל
 10
14913.7913
 20
-10936.9850
 30
0.0000
 11
14916.2832
 21
-10935.2290
 31
0.0000
  0
LINE
  5
42A
  8
חשמל
 10
14916.2832
 20
-10935.2290
 30
0.0000
 11
14919.1526
 21
-10933.6235
 31
0.0000
  0
LINE
  5
42B
  8
חשמל
 10
14919.1526
 20
-10933.6235
 30
0.0000
 11
14922.3635
 21
-10932.1888
 31
0.0000
  0
LINE
  5
42C
  8
חשמל
 10
14922.3635
 20
-10932.1888
 30
0.0000
 11
14925.8755
 21
-10930.9429
 31
0.0000
  0
LINE
  5
42D
  8
חשמל
 10
14925.8755
 20
-10930.9429
 30
0.0000
 11
14929.6444
 21
-10929.9014
 31
0.0000
  0
LINE
  5
42E
  8
חשמל
 10
14929.6444
 20
-10929.9014
 30
0.0000
 11
14933.6228
 21
-10929.0774
 31
0.0000
  0
LINE
  5
42F
  8
חשמל
 10
14933.6228
 20
-10929.0774
 30
0.0000
 11
14937.7607
 21
-10928.4814
 31
0.0000
  0
LINE
  5
430
  8
חשמל
 10
14937.7607
 20
-10928.4814
 30
0.0000
 11
14942.0061
 21
-10928.1207
 31
0.0000
  0
LINE
  5
431
  8
חשמל
 10
14942.0061
 20
-10928.1207
 30
0.0000
 11
14946.3055
 21
-10928.0000
 31
0.0000
  0
LINE
  5
432
  8
חשמל
 10
14946.3055
 20
-10928.0000
 30
0.0000
 11
14950.6049
 21
-10928.1207
 31
0.0000
  0
LINE
  5
433
  8
חשמל
 10
14950.6049
 20
-10928.1207
 30
0.0000
 11
14954.8503
 21
-10928.4814
 31
0.0000
  0
LINE
  5
434
  8
חשמל
 10
14954.8503
 20
-10928.4814
 30
0.0000
 11
14958.9882
 21
-10929.0774
 31
0.0000
  0
LINE
  5
435
  8
חשמל
 10
14958.9882
 20
-10929.0774
 30
0.0000
 11
14962.9666
 21
-10929.9014
 31
0.0000
  0
LINE
  5
436
  8
חשמל
 10
14962.9666
 20
-10929.9014
 30
0.0000
 11
14966.7355
 21
-10930.9429
 31
0.0000
  0
LINE
  5
437
  8
חשמל
 10
14966.7355
 20
-10930.9429
 30
0.0000
 11
14970.2475
 21
-10932.1888
 31
0.0000
  0
LINE
  5
438
  8
חשמל
 10
14970.2475
 20
-10932.1888
 30
0.0000
 11
14973.4584
 21
-10933.6235
 31
0.0000
  0
LINE
  5
439
  8
חשמל
 10
14973.4584
 20
-10933.6235
 30
0.0000
 11
14976.3278
 21
-10935.2290
 31
0.0000
  0
LINE
  5
43A
  8
חשמל
 10
14976.3278
 20
-10935.2290
 30
0.0000
 11
14978.8197
 21
-10936.9850
 31
0.0000
  0
LINE
  5
43B
  8
חשמל
 10
14978.8197
 20
-10936.9850
 30
0.0000
 11
14980.9027
 21
-10938.8694
 31
0.0000
  0
LINE
  5
43C
  8
חשמל
 10
14980.9027
 20
-10938.8694
 30
0.0000
 11
14982.5506
 21
-10940.8586
 31
0.0000
  0
LINE
  5
43D
  8
חשמל
 10
14982.5506
 20
-10940.8586
 30
0.0000
 11
14983.7427
 21
-10942.9276
 31
0.0000
  0
LINE
  5
43E
  8
חשמל
 10
14983.7427
 20
-10942.9276
 30
0.0000
 11
14984.4641
 21
-10945.0503
 31
0.0000
  0
LINE
  5
43F
  8
חשמל
 10
14984.4641
 20
-10945.0503
 30
0.0000
 11
14984.7055
 21
-10947.2000
 31
0.0000
  0
LINE
  5
440
  8
חשמל
 10
14907.9055
 20
-10947.2000
 30
0.0000
 11
14984.7055
 21
-10947.2000
 31
0.0000
  0
LINE
  5
441
  8
חשמל
 10
14989.3135
 20
-10947.2000
 30
0.0000
 11
14989.5550
 21
-10945.0503
 31
0.0000
  0
LINE
  5
442
  8
חשמל
 10
14989.5550
 20
-10945.0503
 30
0.0000
 11
14990.2763
 21
-10942.9276
 31
0.0000
  0
LINE
  5
443
  8
חשמל
 10
14990.2763
 20
-10942.9276
 30
0.0000
 11
14991.4684
 21
-10940.8586
 31
0.0000
  0
LINE
  5
444
  8
חשמל
 10
14991.4684
 20
-10940.8586
 30
0.0000
 11
14993.1163
 21
-10938.8694
 31
0.0000
  0
LINE
  5
445
  8
חשמל
 10
14993.1163
 20
-10938.8694
 30
0.0000
 11
14995.1993
 21
-10936.9850
 31
0.0000
  0
LINE
  5
446
  8
חשמל
 10
14995.1993
 20
-10936.9850
 30
0.0000
 11
14997.6912
 21
-10935.2290
 31
0.0000
  0
LINE
  5
447
  8
חשמל
 10
14997.6912
 20
-10935.2290
 30
0.0000
 11
15000.5606
 21
-10933.6235
 31
0.0000
  0
LINE
  5
448
  8
חשמל
 10
15000.5606
 20
-10933.6235
 30
0.0000
 11
15003.7715
 21
-10932.1888
 31
0.0000
  0
LINE
  5
449
  8
חשמל
 10
15003.7715
 20
-10932.1888
 30
0.0000
 11
15007.2835
 21
-10930.9429
 31
0.0000
  0
LINE
  5
44A
  8
חשמל
 10
15007.2835
 20
-10930.9429
 30
0.0000
 11
15011.0524
 21
-10929.9014
 31
0.0000
  0
LINE
  5
44B
  8
חשמל
 10
15011.0524
 20
-10929.9014
 30
0.0000
 11
15015.0308
 21
-10929.0774
 31
0.0000
  0
LINE
  5
44C
  8
חשמל
 10
15015.0308
 20
-10929.0774
 30
0.0000
 11
15019.1687
 21
-10928.4814
 31
0.0000
  0
LINE
  5
44D
  8
חשמל
 10
15019.1687
 20
-10928.4814
 30
0.0000
 11
15023.4141
 21
-10928.1207
 31
0.0000
  0
LINE
  5
44E
  8
חשמל
 10
15023.4141
 20
-10928.1207
 30
0.0000
 11
15027.7135
 21
-10928.0000
 31
0.0000
  0
LINE
  5
44F
  8
חשמל
 10
15027.7135
 20
-10928.0000
 30
0.0000
 11
15032.0129
 21
-10928.1207
 31
0.0000
  0
LINE
  5
450
  8
חשמל
 10
15032.0129
 20
-10928.1207
 30
0.0000
 11
15036.2583
 21
-10928.4814
 31
0.0000
  0
LINE
  5
451
  8
חשמל
 10
15036.2583
 20
-10928.4814
 30
0.0000
 11
15040.3962
 21
-10929.0774
 31
0.0000
  0
LINE
  5
452
  8
חשמל
 10
15040.3962
 20
-10929.0774
 30
0.0000
 11
15044.3746
 21
-10929.9014
 31
0.0000
  0
LINE
  5
453
  8
חשמל
 10
15044.3746
 20
-10929.9014
 30
0.0000
 11
15048.1435
 21
-10930.9429
 31
0.0000
  0
LINE
  5
454
  8
חשמל
 10
15048.1435
 20
-10930.9429
 30
0.0000
 11
15051.6555
 21
-10932.1888
 31
0.0000
  0
LINE
  5
455
  8
חשמל
 10
15051.6555
 20
-10932.1888
 30
0.0000
 11
15054.8664
 21
-10933.6235
 31
0.0000
  0
LINE
  5
456
  8
חשמל
 10
15054.8664
 20
-10933.6235
 30
0.0000
 11
15057.7358
 21
-10935.2290
 31
0.0000
  0
LINE
  5
457
  8
חשמל
 10
15057.7358
 20
-10935.2290
 30
0.0000
 11
15060.2277
 21
-10936.9850
 31
0.0000
  0
LINE
  5
458
  8
חשמל
 10
15060.2277
 20
-10936.9850
 30
0.0000
 11
15062.3107
 21
-10938.8694
 31
0.0000
  0
LINE
  5
459
  8
חשמל
 10
15062.3107
 20
-10938.8694
 30
0.0000
 11
15063.9586
 21
-10940.8586
 31
0.0000
  0
LINE
  5
45A
  8
חשמל
 10
15063.9586
 20
-10940.8586
 30
0.0000
 11
15065.1507
 21
-10942.9276
 31
0.0000
  0
LINE
  5
45B
  8
חשמל
 10
15065.1507
 20
-10942.9276
 30
0.0000
 11
15065.8721
 21
-10945.0503
 31
0.0000
  0
LINE
  5
45C
  8
חשמל
 10
15065.8721
 20
-10945.0503
 30
0.0000
 11
15066.1135
 21
-10947.2000
 31
0.0000
  0
LINE
  5
45D
  8
חשמל
 10
14989.3135
 20
-10947.2000
 30
0.0000
 11
15066.1135
 21
-10947.2000
 31
0.0000
  0
LINE
  5
45E
  8
חשמל - מידות
 10
13682.0000
 20
-11978.0000
 30
0.0000
 11
13682.0000
 21
-13510.5000
 31
0.0000
  0
LINE
  5
45F
  8
חשמל - מידות
 10
14987.0095
 20
-11978.0000
 30
0.0000
 11
14987.0095
 21
-13510.5000
 31
0.0000
  0
LINE
  5
460
  8
חשמל - מידות
 10
13682.0000
 20
-13450.5000
 30
0.0000
 11
14987.0095
 21
-13450.5000
 31
0.0000
  0
SOLID
  5
461
  8
חשמל - מידות
 10
13682.0000
 20
-13450.5000
 30
0.0000
 11
13567.0000
 21
-13482.5000
 31
0.0000
 12
13567.0000
 22
-13418.5000
 32
0.0000
 13
13567.0000
 23
-13418.5000
 33
0.0000
  0
SOLID
  5
462
  8
חשמל - מידות
 10
14987.0095
 20
-13450.5000
 30
0.0000
 11
15102.0095
 21
-13482.5000
 31
0.0000
 12
15102.0095
 22
-13418.5000
 32
0.0000
 13
15102.0095
 23
-13418.5000
 33
0.0000
  0
TEXT
  5
463
  8
חשמל - מידות
 10
14334.5048
 20
-13545.5000
 30
0.0000
 40
100.0000
  1
130.5
 50
0.0000
  7
SOLINE
 72
1
 73
2
 11
14334.5048
 21
-13545.5000
 31
0.0000
  0
LINE
  5
464
  8
חשמל - מידות
 10
14947.0095
 20
-11938.0000
 30
0.0000
 11
14659.5095
 21
-11938.0000
 31
0.0000
  0
LINE
  5
465
  8
חשמל - מידות
 10
14947.0095
 20
-10944.0000
 30
0.0000
 11
14659.5095
 21
-10944.0000
 31
0.0000
  0
LINE
  5
466
  8
חשמל - מידות
 10
14719.5095
 20
-11938.0000
 30
0.0000
 11
14719.5095
 21
-10944.0000
 31
0.0000
  0
SOLID
  5
467
  8
חשמל - מידות
 10
14719.5095
 20
-11938.0000
 30
0.0000
 11
14687.5095
 21
-12053.0000
 31
0.0000
 12
14751.5095
 22
-12053.0000
 32
0.0000
 13
14751.5095
 23
-12053.0000
 33
0.0000
  0
SOLID
  5
468
  8
חשמל - מידות
 10
14719.5095
 20
-10944.0000
 30
0.0000
 11
14687.5095
 21
-10829.0000
 31
0.0000
 12
14751.5095
 22
-10829.0000
 32
0.0000
 13
14751.5095
 23
-10829.0000
 33
0.0000
  0
TEXT
  5
469
  8
חשמל - מידות
 10
14624.5095
 20
-11441.0000
 30
0.0000
 40
100.0000
  1
99.4
 50
90.0000
  7
SOLINE
 72
1
 73
2
 11
14624.5095
 21
-11441.0000
 31
0.0000
  0
LINE
  5
46A
  8
חלונות
 10
13463.0048
 20
-9637.0000
 30
0.0000
 11
15779.0048
 21
-9637.0000
 31
0.0000
  0
LINE
  5
46B
  8
חלונות
 10
15779.0048
 20
-9637.0000
 30
0.0000
 11
15779.0048
 21
-9392.0000
 31
0.0000
  0
LINE
  5
46C
  8
חלונות
 10
15779.0048
 20
-9392.0000
 30
0.0000
 11
13463.0048
 21
-9392.0000
 31
0.0000
  0
LINE
  5
46D
  8
חלונות
 10
13463.0048
 20
-9392.0000
 30
0.0000
 11
13463.0048
 21
-9637.0000
 31
0.0000
  0
LINE
  5
46E
  8
חלונות
 10
13463.0048
 20
-9475.3000
 30
0.0000
 11
15779.0048
 21
-9475.3000
 31
0.0000
  0
LINE
  5
46F
  8
חלונות
 10
15779.0048
 20
-9475.3000
 30
0.0000
 11
15779.0048
 21
-9553.7000
 31
0.0000
  0
LINE
  5
470
  8
חלונות
 10
15779.0048
 20
-9553.7000
 30
0.0000
 11
13463.0048
 21
-9553.7000
 31
0.0000
  0
LINE
  5
471
  8
חלונות
 10
13463.0048
 20
-9553.7000
 30
0.0000
 11
13463.0048
 21
-9475.3000
 31
0.0000
  0
LINE
  5
472
  8
חלונות - מידות
 10
13682.0000
 20
-11898.0000
 30
0.0000
 11
13682.0000
 21
-10015.5000
 31
0.0000
  0
LINE
  5
473
  8
חלונות - מידות
 10
13463.0048
 20
-11898.0000
 30
0.0000
 11
13463.0048
 21
-10015.5000
 31
0.0000
  0
LINE
  5
474
  8
חלונות - מידות
 10
13682.0000
 20
-10075.5000
 30
0.0000
 11
13463.0048
 21
-10075.5000
 31
0.0000
  0
SOLID
  5
475
  8
חלונות - מידות
 10
13682.0000
 20
-10075.5000
 30
0.0000
 11
13797.0000
 21
-10043.5000
 31
0.0000
 12
13797.0000
 22
-10107.5000
 32
0.0000
 13
13797.0000
 23
-10107.5000
 33
0.0000
  0
SOLID
  5
476
  8
חלונות - מידות
 10
13463.0048
 20
-10075.5000
 30
0.0000
 11
13348.0048
 21
-10043.5000
 31
0.0000
 12
13348.0048
 22
-10107.5000
 32
0.0000
 13
13348.0048
 23
-10107.5000
 33
0.0000
  0
TEXT
  5
477
  8
חלונות - מידות
 10
13572.5024
 20
-9980.5000
 30
0.0000
 40
100.0000
  1
21.9
 50
360.0000
  7
SOLINE
 72
1
 73
2
 11
13572.5024
 21
-9980.5000
 31
0.0000
  0
LINE
  5
478
  8
חלונות - מידות
 10
13463.0048
 20
-9352.0000
 30
0.0000
 11
13463.0048
 21
-9108.5000
 31
0.0000
  0
LINE
  5
479
  8
חלונות - מידות
 10
15779.0048
 20
-9352.0000
 30
0.0000
 11
15779.0048
 21
-9108.5000
 31
0.0000
  0
LINE
  5
47A
  8
חלונות - מידות
 10
13463.0048
 20
-9167.0000
 30
0.0000
 11
15779.0048
 21
-9167.0000
 31
0.0000
  0
SOLID
  5
47B
  8
חלונות - מידות
 10
13463.0048
 20
-9167.0000
 30
0.0000
 11
13350.8798
 21
-9135.8000
 31
0.0000
 12
13350.8798
 22
-9198.2000
 32
0.0000
 13
13350.8798
 23
-9198.2000
 33
0.0000
  0
SOLID
  5
47C
  8
חלונות - מידות
 10
15779.0048
 20
-9167.0000
 30
0.0000
 11
15891.1298
 21
-9135.8000
 31
0.0000
 12
15891.1298
 22
-9198.2000
 32
0.0000
 13
15891.1298
 23
-9198.2000
 33
0.0000
  0
TEXT
  5
47D
  8
חלונות - מידות
 10
14621.0048
 20
-9074.3750
 30
0.0000
 40
97.5000
  1
231.6
 50
0.0000
  7
SOLINE
 72
1
 73
2
 11
14621.0048
 21
-9074.3750
 31
0.0000
  0
LINE
  5
47E
  8
חלונות - מידות
 10
13423.0048
 20
-11938.0000
 30
0.0000
 11
13217.0048
 21
-11938.0000
 31
0.0000
  0
LINE
  5
47F
  8
חלונות - מידות
 10
13423.0048
 20
-9637.0000
 30
0.0000
 11
13217.0048
 21
-9637.0000
 31
0.0000
  0
LINE
  5
480
  8
חלונות - מידות
 10
13275.5048
 20
-11938.0000
 30
0.0000
 11
13275.5048
 21
-9637.0000
 31
0.0000
  0
SOLID
  5
481
  8
חלונות - מידות
 10
13275.5048
 20
-11938.0000
 30
0.0000
 11
13244.3048
 21
-12050.1250
 31
0.0000
 12
13306.7048
 22
-12050.1250
 32
0.0000
 13
13306.7048
 23
-12050.1250
 33
0.0000
  0
SOLID
  5
482
  8
חלונות - מידות
 10
13275.5048
 20
-9637.0000
 30
0.0000
 11
13244.3048
 21
-9524.8750
 31
0.0000
 12
13306.7048
 22
-9524.8750
 32
0.0000
 13
13306.7048
 23
-9524.8750
 33
0.0000
  0
TEXT
  5
483
  8
חלונות - מידות
 10
13182.8798
 20
-10787.5000
 30
0.0000
 40
97.5000
  1
230.1
 50
90.0000
  7
SOLINE
 72
1
 73
2
 11
13182.8798
 21
-10787.5000
 31
0.0000
  0
LINE
  5
484
  8
חלונות - מידות
 10
13423.0048
 20
-9637.0000
 30
0.0000
 11
12879.5048
 21
-9637.0000
 31
0.0000
  0
LINE
  5
485
  8
חלונות - מידות
 10
13423.0048
 20
-9392.0000
 30
0.0000
 11
12879.5048
 21
-9392.0000
 31
0.0000
  0
LINE
  5
486
  8
חלונות - מידות
 10
12938.0048
 20
-9637.0000
 30
0.0000
 11
12938.0048
 21
-9392.0000
 31
0.0000
  0
SOLID
  5
487
  8
חלונות - מידות
 10
12938.0048
 20
-9637.0000
 30
0.0000
 11
12906.8048
 21
-9749.1250
 31
0.0000
 12
12969.2048
 22
-9749.1250
 32
0.0000
 13
12969.2048
 23
-9749.1250
 33
0.0000
  0
SOLID
  5
488
  8
חלונות - מידות
 10
12938.0048
 20
-9392.0000
 30
0.0000
 11
12906.8048
 21
-9279.8750
 31
0.0000
 12
12969.2048
 22
-9279.8750
 32
0.0000
 13
12969.2048
 23
-9279.8750
 33
0.0000
  0
TEXT
  5
489
  8
חלונות - מידות
 10
12845.3798
 20
-9514.5000
 30
0.0000
 40
97.5000
  1
24.5
 50
90.0000
  7
SOLINE
 72
1
 73
2
 11
12845.3798
 21
-9514.5000
 31
0.0000
  0
LINE
  5
48A
  8
חלונות - מידות
 10
15819.0048
 20
-11938.0000
 30
0.0000
 11
16025.0048
 21
-11938.0000
 31
0.0000
  0
LINE
  5
48B
  8
חלונות - מידות
 10
15819.0048
 20
-9392.0000
 30
0.0000
 11
16025.0048
 21
-9392.0000
 31
0.0000
  0
LINE
  5
48C
  8
חלונות - מידות
 10
15966.5048
 20
-11938.0000
 30
0.0000
 11
15966.5048
 21
-9392.0000
 31
0.0000
  0
SOLID
  5
48D
  8
חלונות - מידות
 10
15966.5048
 20
-11938.0000
 30
0.0000
 11
15997.7048
 21
-12050.1250
 31
0.0000
 12
15935.3048
 22
-12050.1250
 32
0.0000
 13
15935.3048
 23
-12050.1250
 33
0.0000
  0
SOLID
  5
48E
  8
חלונות - מידות
 10
15966.5048
 20
-9392.0000
 30
0.0000
 11
15997.7048
 21
-9279.8750
 31
0.0000
 12
15935.3048
 22
-9279.8750
 32
0.0000
 13
15935.3048
 23
-9279.8750
 33
0.0000
  0
TEXT
  5
48F
  8
חלונות - מידות
 10
16059.1298
 20
-10665.0000
 30
0.0000
 40
97.5000
  1
254.6
 50
90.0000
  7
SOLINE
 72
1
 73
2
 11
16059.1298
 21
-10665.0000
 31
0.0000
  0
LINE
  5
490
  8
חלונות - מידות
 10
15819.0048
 20
-9392.0000
 30
0.0000
 11
16362.5048
 21
-9392.0000
 31
0.0000
  0
LINE
  5
491
  8
חלונות - מידות
 10
15819.0048
 20
-9233.0000
 30
0.0000
 11
16362.5048
 21
-9233.0000
 31
0.0000
  0
LINE
  5
492
  8
חלונות - מידות
 10
16304.0048
 20
-9392.0000
 30
0.0000
 11
16304.0048
 21
-9233.0000
 31
0.0000
  0
SOLID
  5
493
  8
חלונות - מידות
 10
16304.0048
 20
-9392.0000
 30
0.0000
 11
16335.2048
 21
-9504.1250
 31
0.0000
 12
16272.8048
 22
-9504.1250
 32
0.0000
 13
16272.8048
 23
-9504.1250
 33
0.0000
  0
SOLID
  5
494
  8
חלונות - מידות
 10
16304.0048
 20
-9233.0000
 30
0.0000
 11
16335.2048
 21
-9120.8750
 31
0.0000
 12
16272.8048
 22
-9120.8750
 32
0.0000
 13
16272.8048
 23
-9120.8750
 33
0.0000
  0
TEXT
  5
495
  8
חלונות - מידות
 10
16396.6298
 20
-9312.5000
 30
0.0000
 40
97.5000
  1
15.9
 50
90.0000
  7
SOLINE
 72
1
 73
2
 11
16396.6298
 21
-9312.5000
 31
0.0000
  0
LINE
  5
496
  8
חשמל
 10
15399.0102
 20
-11533.0000
 30
0.0000
 11
15479.0102
 21
-11533.0000
 31
0.0000
  0
LINE
  5
497
  8
חשמל
 10
15479.0102
 20
-11533.0000
 30
0.0000
 11
15479.0102
 21
-11453.0000
 31
0.0000
  0
LINE
  5
498
  8
חשמל
 10
15479.0102
 20
-11453.0000
 30
0.0000
 11
15399.0102
 21
-11453.0000
 31
0.0000
  0
LINE
  5
499
  8
חשמל
 10
15399.0102
 20
-11453.0000
 30
0.0000
 11
15399.0102
 21
-11533.0000
 31
0.0000
  0
LINE
  5
49A
  8
חשמל
 10
15439.0102
 20
-11533.0000
 30
0.0000
 11
15439.0102
 21
-11496.2000
 31
0.0000
  0
LINE
  5
49B
  8
חשמל
 10
15413.4102
 20
-11496.2000
 30
0.0000
 11
15413.5712
 21
-11493.3337
 31
0.0000
  0
LINE
  5
49C
  8
חשמל
 10
15413.5712
 20
-11493.3337
 30
0.0000
 11
15414.0521
 21
-11490.5035
 31
0.0000
  0
LINE
  5
49D
  8
חשמל
 10
15414.0521
 20
-11490.5035
 30
0.0000
 11
15414.8468
 21
-11487.7449
 31
0.0000
  0
LINE
  5
49E
  8
חשמל
 10
15414.8468
 20
-11487.7449
 30
0.0000
 11
15415.9454
 21
-11485.0926
 31
0.0000
  0
LINE
  5
49F
  8
חשמל
 10
15415.9454
 20
-11485.0926
 30
0.0000
 11
15417.3341
 21
-11482.5800
 31
0.0000
  0
LINE
  5
4A0
  8
חשמל
 10
15417.3341
 20
-11482.5800
 30
0.0000
 11
15418.9954
 21
-11480.2387
 31
0.0000
  0
LINE
  5
4A1
  8
חשמל
 10
15418.9954
 20
-11480.2387
 30
0.0000
 11
15420.9083
 21
-11478.0981
 31
0.0000
  0
LINE
  5
4A2
  8
חשמל
 10
15420.9083
 20
-11478.0981
 30
0.0000
 11
15423.0489
 21
-11476.1851
 31
0.0000
  0
LINE
  5
4A3
  8
חשמל
 10
15423.0489
 20
-11476.1851
 30
0.0000
 11
15425.3902
 21
-11474.5239
 31
0.0000
  0
LINE
  5
4A4
  8
חשמל
 10
15425.3902
 20
-11474.5239
 30
0.0000
 11
15427.9028
 21
-11473.1352
 31
0.0000
  0
LINE
  5
4A5
  8
חשמל
 10
15427.9028
 20
-11473.1352
 30
0.0000
 11
15430.5551
 21
-11472.0366
 31
0.0000
  0
LINE
  5
4A6
  8
חשמל
 10
15430.5551
 20
-11472.0366
 30
0.0000
 11
15433.3137
 21
-11471.2418
 31
0.0000
  0
LINE
  5
4A7
  8
חשמל
 10
15433.3137
 20
-11471.2418
 30
0.0000
 11
15436.1439
 21
-11470.7610
 31
0.0000
  0
LINE
  5
4A8
  8
חשמל
 10
15436.1439
 20
-11470.7610
 30
0.0000
 11
15439.0102
 21
-11470.6000
 31
0.0000
  0
LINE
  5
4A9
  8
חשמל
 10
15439.0102
 20
-11470.6000
 30
0.0000
 11
15441.8765
 21
-11470.7610
 31
0.0000
  0
LINE
  5
4AA
  8
חשמל
 10
15441.8765
 20
-11470.7610
 30
0.0000
 11
15444.7068
 21
-11471.2418
 31
0.0000
  0
LINE
  5
4AB
  8
חשמל
 10
15444.7068
 20
-11471.2418
 30
0.0000
 11
15447.4654
 21
-11472.0366
 31
0.0000
  0
LINE
  5
4AC
  8
חשמל
 10
15447.4654
 20
-11472.0366
 30
0.0000
 11
15450.1177
 21
-11473.1352
 31
0.0000
  0
LINE
  5
4AD
  8
חשמל
 10
15450.1177
 20
-11473.1352
 30
0.0000
 11
15452.6303
 21
-11474.5239
 31
0.0000
  0
LINE
  5
4AE
  8
חשמל
 10
15452.6303
 20
-11474.5239
 30
0.0000
 11
15454.9716
 21
-11476.1851
 31
0.0000
  0
LINE
  5
4AF
  8
חשמל
 10
15454.9716
 20
-11476.1851
 30
0.0000
 11
15457.1122
 21
-11478.0981
 31
0.0000
  0
LINE
  5
4B0
  8
חשמל
 10
15457.1122
 20
-11478.0981
 30
0.0000
 11
15459.0251
 21
-11480.2387
 31
0.0000
  0
LINE
  5
4B1
  8
חשמל
 10
15459.0251
 20
-11480.2387
 30
0.0000
 11
15460.6864
 21
-11482.5800
 31
0.0000
  0
LINE
  5
4B2
  8
חשמל
 10
15460.6864
 20
-11482.5800
 30
0.0000
 11
15462.0750
 21
-11485.0926
 31
0.0000
  0
LINE
  5
4B3
  8
חשמל
 10
15462.0750
 20
-11485.0926
 30
0.0000
 11
15463.1737
 21
-11487.7449
 31
0.0000
  0
LINE
  5
4B4
  8
חשמל
 10
15463.1737
 20
-11487.7449
 30
0.0000
 11
15463.9684
 21
-11490.5035
 31
0.0000
  0
LINE
  5
4B5
  8
חשמל
 10
15463.9684
 20
-11490.5035
 30
0.0000
 11
15464.4493
 21
-11493.3337
 31
0.0000
  0
LINE
  5
4B6
  8
חשמל
 10
15464.4493
 20
-11493.3337
 30
0.0000
 11
15464.6102
 21
-11496.2000
 31
0.0000
  0
LINE
  5
4B7
  8
חשמל
 10
15413.4102
 20
-11496.2000
 30
0.0000
 11
15464.6102
 21
-11496.2000
 31
0.0000
  0
LINE
  5
4B8
  8
חשמל - מידות
 10
13682.0000
 20
-11978.0000
 30
0.0000
 11
13682.0000
 21
-14210.5000
 31
0.0000
  0
LINE
  5
4B9
  8
חשמל - מידות
 10
15439.0102
 20
-11978.0000
 30
0.0000
 11
15439.0102
 21
-14210.5000
 31
0.0000
  0
LINE
  5
4BA
  8
חשמל - מידות
 10
13682.0000
 20
-14150.5000
 30
0.0000
 11
15439.0102
 21
-14150.5000
 31
0.0000
  0
SOLID
  5
4BB
  8
חשמל - מידות
 10
13682.0000
 20
-14150.5000
 30
0.0000
 11
13567.0000
 21
-14182.5000
 31
0.0000
 12
13567.0000
 22
-14118.5000
 32
0.0000
 13
13567.0000
 23
-14118.5000
 33
0.0000
  0
SOLID
  5
4BC
  8
חשמל - מידות
 10
15439.0102
 20
-14150.5000
 30
0.0000
 11
15554.0102
 21
-14182.5000
 31
0.0000
 12
15554.0102
 22
-14118.5000
 32
0.0000
 13
15554.0102
 23
-14118.5000
 33
0.0000
  0
TEXT
  5
4BD
  8
חשמל - מידות
 10
14560.5051
 20
-14245.5000
 30
0.0000
 40
100.0000
  1
175.7
 50
0.0000
  7
SOLINE
 72
1
 73
2
 11
14560.5051
 21
-14245.5000
 31
0.0000
  0
LINE
  5
4BE
  8
חשמל - מידות
 10
15399.0102
 20
-11938.0000
 30
0.0000
 11
15151.5102
 21
-11938.0000
 31
0.0000
  0
LINE
  5
4BF
  8
חשמל - מידות
 10
15399.0102
 20
-11493.0000
 30
0.0000
 11
15151.5102
 21
-11493.0000
 31
0.0000
  0
LINE
  5
4C0
  8
חשמל - מידות
 10
15211.5102
 20
-11938.0000
 30
0.0000
 11
15211.5102
 21
-11493.0000
 31
0.0000
  0
SOLID
  5
4C1
  8
חשמל - מידות
 10
15211.5102
 20
-11938.0000
 30
0.0000
 11
15179.5102
 21
-12053.0000
 31
0.0000
 12
15243.5102
 22
-12053.0000
 32
0.0000
 13
15243.5102
 23
-12053.0000
 33
0.0000
  0
SOLID
  5
4C2
  8
חשמל - מידות
 10
15211.5102
 20
-11493.0000
 30
0.0000
 11
15179.5102
 21
-11378.0000
 31
0.0000
 12
15243.5102
 22
-11378.0000
 32
0.0000
 13
15243.5102
 23
-11378.0000
 33
0.0000
  0
TEXT
  5
4C3
  8
חשמל - מידות
 10
15116.5102
 20
-11715.5000
 30
0.0000
 40
100.0000
  1
44.5
 50
90.0000
  7
SOLINE
 72
1
 73
2
 11
15116.5102
 21
-11715.5000
 31
0.0000
  0
LINE
  5
4C4
  8
מים
 10
15605.0127
 20
-11412.0000
 30
0.0000
 11
15625.0127
 21
-11412.0000
 31
0.0000
  0
LINE
  5
4C5
  8
מים
 10
15625.0127
 20
-11412.0000
 30
0.0000
 11
15625.0127
 21
-11392.0000
 31
0.0000
  0
LINE
  5
4C6
  8
מים
 10
15625.0127
 20
-11392.0000
 30
0.0000
 11
15605.0127
 21
-11392.0000
 31
0.0000
  0
LINE
  5
4C7
  8
מים
 10
15605.0127
 20
-11392.0000
 30
0.0000
 11
15605.0127
 21
-11412.0000
 31
0.0000
  0
LINE
  5
4C8
  8
מים
 10
15615.0127
 20
-11412.0000
 30
0.0000
 11
15615.0127
 21
-11406.4000
 31
0.0000
  0
LINE
  5
4C9
  8
מים
 10
15610.6127
 20
-11397.6000
 30
0.0000
 11
15619.4127
 21
-11397.6000
 31
0.0000
  0
LINE
  5
4CA
  8
מים
 10
15619.4127
 20
-11397.6000
 30
0.0000
 11
15615.0127
 21
-11402.0000
 31
0.0000
  0
LINE
  5
4CB
  8
מים
 10
15615.0127
 20
-11402.0000
 30
0.0000
 11
15610.6127
 21
-11397.6000
 31
0.0000
  0
LINE
  5
4CC
  8
מים
 10
15610.6127
 20
-11406.4000
 30
0.0000
 11
15619.4127
 21
-11406.4000
 31
0.0000
  0
LINE
  5
4CD
  8
מים
 10
15619.4127
 20
-11406.4000
 30
0.0000
 11
15615.0127
 21
-11402.0000
 31
0.0000
  0
LINE
  5
4CE
  8
מים
 10
15615.0127
 20
-11402.0000
 30
0.0000
 11
15610.6127
 21
-11406.4000
 31
0.0000
  0
ARC
  5
4CF
  8
מים
 10
15615.0127
 20
-11402.0000
 30
0.0000
 40
0.9000
 50
0.0000
 51
360.0000
  0
LINE
  5
4D0
  8
מים - מידות
 10
13682.0000
 20
-11978.0000
 30
0.0000
 11
13682.0000
 21
-14560.5000
 31
0.0000
  0
LINE
  5
4D1
  8
מים - מידות
 10
15615.0127
 20
-11978.0000
 30
0.0000
 11
15615.0127
 21
-14560.5000
 31
0.0000
  0
LINE
  5
4D2
  8
מים - מידות
 10
13682.0000
 20
-14500.5000
 30
0.0000
 11
15615.0127
 21
-14500.5000
 31
0.0000
  0
SOLID
  5
4D3
  8
מים - מידות
 10
13682.0000
 20
-14500.5000
 30
0.0000
 11
13567.0000
 21
-14532.5000
 31
0.0000
 12
13567.0000
 22
-14468.5000
 32
0.0000
 13
13567.0000
 23
-14468.5000
 33
0.0000
  0
SOLID
  5
4D4
  8
מים - מידות
 10
15615.0127
 20
-14500.5000
 30
0.0000
 11
15730.0127
 21
-14532.5000
 31
0.0000
 12
15730.0127
 22
-14468.5000
 32
0.0000
 13
15730.0127
 23
-14468.5000
 33
0.0000
  0
TEXT
  5
4D5
  8
מים - מידות
 10
14648.5063
 20
-14595.5000
 30
0.0000
 40
100.0000
  1
193.3
 50
0.0000
  7
SOLINE
 72
1
 73
2
 11
14648.5063
 21
-14595.5000
 31
0.0000
  0
LINE
  5
4D6
  8
מים - מידות
 10
15655.0127
 20
-11938.0000
 30
0.0000
 11
15872.5127
 21
-11938.0000
 31
0.0000
  0
LINE
  5
4D7
  8
מים - מידות
 10
15655.0127
 20
-11402.0000
 30
0.0000
 11
15872.5127
 21
-11402.0000
 31
0.0000
  0
LINE
  5
4D8
  8
מים - מידות
 10
15812.5127
 20
-11938.0000
 30
0.0000
 11
15812.5127
 21
-11402.0000
 31
0.0000
  0
SOLID
  5
4D9
  8
מים - מידות
 10
15812.5127
 20
-11938.0000
 30
0.0000
 11
15844.5127
 21
-12053.0000
 31
0.0000
 12
15780.5127
 22
-12053.0000
 32
0.0000
 13
15780.5127
 23
-12053.0000
 33
0.0000
  0
SOLID
  5
4DA
  8
מים - מידות
 10
15812.5127
 20
-11402.0000
 30
0.0000
 11
15844.5127
 21
-11287.0000
 31
0.0000
 12
15780.5127
 22
-11287.0000
 32
0.0000
 13
15780.5127
 23
-11287.0000
 33
0.0000
  0
TEXT
  5
4DB
  8
מים - מידות
 10
15907.5127
 20
-11670.0000
 30
0.0000
 40
100.0000
  1
53.6
 50
90.0000
  7
SOLINE
 72
1
 73
2
 11
15907.5127
 21
-11670.0000
 31
0.0000
  0
LINE
  5
4DC
  8
מים
 10
15756.0117
 20
-11405.0000
 30
0.0000
 11
15776.0117
 21
-11405.0000
 31
0.0000
  0
LINE
  5
4DD
  8
מים
 10
15776.0117
 20
-11405.0000
 30
0.0000
 11
15776.0117
 21
-11385.0000
 31
0.0000
  0
LINE
  5
4DE
  8
מים
 10
15776.0117
 20
-11385.0000
 30
0.0000
 11
15756.0117
 21
-11385.0000
 31
0.0000
  0
LINE
  5
4DF
  8
מים
 10
15756.0117
 20
-11385.0000
 30
0.0000
 11
15756.0117
 21
-11405.0000
 31
0.0000
  0
LINE
  5
4E0
  8
מים
 10
15766.0117
 20
-11405.0000
 30
0.0000
 11
15766.0117
 21
-11399.4000
 31
0.0000
  0
LINE
  5
4E1
  8
מים
 10
15761.6117
 20
-11390.6000
 30
0.0000
 11
15770.4117
 21
-11390.6000
 31
0.0000
  0
LINE
  5
4E2
  8
מים
 10
15770.4117
 20
-11390.6000
 30
0.0000
 11
15766.0117
 21
-11395.0000
 31
0.0000
  0
LINE
  5
4E3
  8
מים
 10
15766.0117
 20
-11395.0000
 30
0.0000
 11
15761.6117
 21
-11390.6000
 31
0.0000
  0
LINE
  5
4E4
  8
מים
 10
15761.6117
 20
-11399.4000
 30
0.0000
 11
15770.4117
 21
-11399.4000
 31
0.0000
  0
LINE
  5
4E5
  8
מים
 10
15770.4117
 20
-11399.4000
 30
0.0000
 11
15766.0117
 21
-11395.0000
 31
0.0000
  0
LINE
  5
4E6
  8
מים
 10
15766.0117
 20
-11395.0000
 30
0.0000
 11
15761.6117
 21
-11399.4000
 31
0.0000
  0
ARC
  5
4E7
  8
מים
 10
15766.0117
 20
-11395.0000
 30
0.0000
 40
0.9000
 50
0.0000
 51
360.0000
  0
LINE
  5
4E8
  8
מים - מידות
 10
13682.0000
 20
-11978.0000
 30
0.0000
 11
13682.0000
 21
-14910.5000
 31
0.0000
  0
LINE
  5
4E9
  8
מים - מידות
 10
15766.0117
 20
-11978.0000
 30
0.0000
 11
15766.0117
 21
-14910.5000
 31
0.0000
  0
LINE
  5
4EA
  8
מים - מידות
 10
13682.0000
 20
-14850.5000
 30
0.0000
 11
15766.0117
 21
-14850.5000
 31
0.0000
  0
SOLID
  5
4EB
  8
מים - מידות
 10
13682.0000
 20
-14850.5000
 30
0.0000
 11
13567.0000
 21
-14882.5000
 31
0.0000
 12
13567.0000
 22
-14818.5000
 32
0.0000
 13
13567.0000
 23
-14818.5000
 33
0.0000
  0
SOLID
  5
4EC
  8
מים - מידות
 10
15766.0117
 20
-14850.5000
 30
0.0000
 11
15881.0117
 21
-14882.5000
 31
0.0000
 12
15881.0117
 22
-14818.5000
 32
0.0000
 13
15881.0117
 23
-14818.5000
 33
0.0000
  0
TEXT
  5
4ED
  8
מים - מידות
 10
14724.0059
 20
-14945.5000
 30
0.0000
 40
100.0000
  1
208.4
 50
0.0000
  7
SOLINE
 72
1
 73
2
 11
14724.0059
 21
-14945.5000
 31
0.0000
  0
LINE
  5
4EE
  8
מים - מידות
 10
15726.0117
 20
-11938.0000
 30
0.0000
 11
15508.5117
 21
-11938.0000
 31
0.0000
  0
LINE
  5
4EF
  8
מים - מידות
 10
15726.0117
 20
-11395.0000
 30
0.0000
 11
15508.5117
 21
-11395.0000
 31
0.0000
  0
LINE
  5
4F0
  8
מים - מידות
 10
15568.5117
 20
-11938.0000
 30
0.0000
 11
15568.5117
 21
-11395.0000
 31
0.0000
  0
SOLID
  5
4F1
  8
מים - מידות
 10
15568.5117
 20
-11938.0000
 30
0.0000
 11
15536.5117
 21
-12053.0000
 31
0.0000
 12
15600.5117
 22
-12053.0000
 32
0.0000
 13
15600.5117
 23
-12053.0000
 33
0.0000
  0
SOLID
  5
4F2
  8
מים - מידות
 10
15568.5117
 20
-11395.0000
 30
0.0000
 11
15536.5117
 21
-11280.0000
 31
0.0000
 12
15600.5117
 22
-11280.0000
 32
0.0000
 13
15600.5117
 23
-11280.0000
 33
0.0000
  0
TEXT
  5
4F3
  8
מים - מידות
 10
15473.5117
 20
-11666.5000
 30
0.0000
 40
100.0000
  1
54.3
 50
90.0000
  7
SOLINE
 72
1
 73
2
 11
15473.5117
 21
-11666.5000
 31
0.0000
  0
LINE
  5
4F4
  8
מים
 10
15867.0146
 20
-11419.0000
 30
0.0000
 11
15887.0146
 21
-11419.0000
 31
0.0000
  0
LINE
  5
4F5
  8
מים
 10
15887.0146
 20
-11419.0000
 30
0.0000
 11
15887.0146
 21
-11399.0000
 31
0.0000
  0
LINE
  5
4F6
  8
מים
 10
15887.0146
 20
-11399.0000
 30
0.0000
 11
15867.0146
 21
-11399.0000
 31
0.0000
  0
LINE
  5
4F7
  8
מים
 10
15867.0146
 20
-11399.0000
 30
0.0000
 11
15867.0146
 21
-11419.0000
 31
0.0000
  0
LINE
  5
4F8
  8
מים
 10
15877.0146
 20
-11419.0000
 30
0.0000
 11
15877.0146
 21
-11413.4000
 31
0.0000
  0
LINE
  5
4F9
  8
מים
 10
15872.6146
 20
-11404.6000
 30
0.0000
 11
15881.4146
 21
-11404.6000
 31
0.0000
  0
LINE
  5
4FA
  8
מים
 10
15881.4146
 20
-11404.6000
 30
0.0000
 11
15877.0146
 21
-11409.0000
 31
0.0000
  0
LINE
  5
4FB
  8
מים
 10
15877.0146
 20
-11409.0000
 30
0.0000
 11
15872.6146
 21
-11404.6000
 31
0.0000
  0
LINE
  5
4FC
  8
מים
 10
15872.6146
 20
-11413.4000
 30
0.0000
 11
15881.4146
 21
-11413.4000
 31
0.0000
  0
LINE
  5
4FD
  8
מים
 10
15881.4146
 20
-11413.4000
 30
0.0000
 11
15877.0146
 21
-11409.0000
 31
0.0000
  0
LINE
  5
4FE
  8
מים
 10
15877.0146
 20
-11409.0000
 30
0.0000
 11
15872.6146
 21
-11413.4000
 31
0.0000
  0
ARC
  5
4FF
  8
מים
 10
15877.0146
 20
-11409.0000
 30
0.0000
 40
0.9000
 50
0.0000
 51
360.0000
  0
LINE
  5
500
  8
מים - מידות
 10
18003.0000
 20
-11898.0000
 30
0.0000
 11
18003.0000
 21
-8615.5000
 31
0.0000
  0
LINE
  5
501
  8
מים - מידות
 10
15877.0146
 20
-11898.0000
 30
0.0000
 11
15877.0146
 21
-8615.5000
 31
0.0000
  0
LINE
  5
502
  8
מים - מידות
 10
18003.0000
 20
-8675.5000
 30
0.0000
 11
15877.0146
 21
-8675.5000
 31
0.0000
  0
SOLID
  5
503
  8
מים - מידות
 10
18003.0000
 20
-8675.5000
 30
0.0000
 11
18118.0000
 21
-8643.5000
 31
0.0000
 12
18118.0000
 22
-8707.5000
 32
0.0000
 13
18118.0000
 23
-8707.5000
 33
0.0000
  0
SOLID
  5
504
  8
מים - מידות
 10
15877.0146
 20
-8675.5000
 30
0.0000
 11
15762.0146
 21
-8643.5000
 31
0.0000
 12
15762.0146
 22
-8707.5000
 32
0.0000
 13
15762.0146
 23
-8707.5000
 33
0.0000
  0
TEXT
  5
505
  8
מים - מידות
 10
16940.0073
 20
-8580.5000
 30
0.0000
 40
100.0000
  1
212.6
 50
360.0000
  7
SOLINE
 72
1
 73
2
 11
16940.0073
 21
-8580.5000
 31
0.0000
  0
LINE
  5
506
  8
מים - מידות
 10
15917.0146
 20
-11938.0000
 30
0.0000
 11
16134.5146
 21
-11938.0000
 31
0.0000
  0
LINE
  5
507
  8
מים - מידות
 10
15917.0146
 20
-11409.0000
 30
0.0000
 11
16134.5146
 21
-11409.0000
 31
0.0000
  0
LINE
  5
508
  8
מים - מידות
 10
16074.5146
 20
-11938.0000
 30
0.0000
 11
16074.5146
 21
-11409.0000
 31
0.0000
  0
SOLID
  5
509
  8
מים - מידות
 10
16074.5146
 20
-11938.0000
 30
0.0000
 11
16106.5146
 21
-12053.0000
 31
0.0000
 12
16042.5146
 22
-12053.0000
 32
0.0000
 13
16042.5146
 23
-12053.0000
 33
0.0000
  0
SOLID
  5
50A
  8
מים - מידות
 10
16074.5146
 20
-11409.0000
 30
0.0000
 11
16106.5146
 21
-11294.0000
 31
0.0000
 12
16042.5146
 22
-11294.0000
 32
0.0000
 13
16042.5146
 23
-11294.0000
 33
0.0000
  0
TEXT
  5
50B
  8
מים - מידות
 10
16169.5146
 20
-11673.5000
 30
0.0000
 40
100.0000
  1
52.9
 50
90.0000
  7
SOLINE
 72
1
 73
2
 11
16169.5146
 21
-11673.5000
 31
0.0000
  0
LINE
  5
50C
  8
ניקוז
 10
15710.0117
 20
-11938.0000
 30
0.0000
 11
15830.0117
 21
-11938.0000
 31
0.0000
  0
LINE
  5
50D
  8
ניקוז
 10
15830.0117
 20
-11938.0000
 30
0.0000
 11
15830.0117
 21
-11818.0000
 31
0.0000
  0
LINE
  5
50E
  8
ניקוז
 10
15830.0117
 20
-11818.0000
 30
0.0000
 11
15710.0117
 21
-11818.0000
 31
0.0000
  0
LINE
  5
50F
  8
ניקוז
 10
15710.0117
 20
-11818.0000
 30
0.0000
 11
15710.0117
 21
-11938.0000
 31
0.0000
  0
LINE
  5
510
  8
ניקוז
 10
15731.6117
 20
-11839.6000
 30
0.0000
 11
15808.4117
 21
-11839.6000
 31
0.0000
  0
LINE
  5
511
  8
ניקוז
 10
15808.4117
 20
-11839.6000
 30
0.0000
 11
15808.4117
 21
-11916.4000
 31
0.0000
  0
LINE
  5
512
  8
ניקוז
 10
15808.4117
 20
-11916.4000
 30
0.0000
 11
15731.6117
 21
-11916.4000
 31
0.0000
  0
LINE
  5
513
  8
ניקוז
 10
15731.6117
 20
-11916.4000
 30
0.0000
 11
15731.6117
 21
-11839.6000
 31
0.0000
  0
LINE
  5
514
  8
ניקוז
 10
15731.6117
 20
-11839.6000
 30
0.0000
 11
15808.4117
 21
-11916.4000
 31
0.0000
  0
LINE
  5
515
  8
ניקוז
 10
15808.4117
 20
-11839.6000
 30
0.0000
 11
15731.6117
 21
-11916.4000
 31
0.0000
  0
ARC
  5
516
  8
ניקוז
 10
15770.0117
 20
-11878.0000
 30
0.0000
 40
12.0000
 50
0.0000
 51
360.0000
  0
LINE
  5
517
  8
ניקוז - מידות
 10
13682.0000
 20
-11978.0000
 30
0.0000
 11
13682.0000
 21
-15610.5000
 31
0.0000
  0
LINE
  5
518
  8
ניקוז - מידות
 10
15770.0117
 20
-11978.0000
 30
0.0000
 11
15770.0117
 21
-15610.5000
 31
0.0000
  0
LINE
  5
519
  8
ניקוז - מידות
 10
13682.0000
 20
-15550.5000
 30
0.0000
 11
15770.0117
 21
-15550.5000
 31
0.0000
  0
SOLID
  5
51A
  8
ניקוז - מידות
 10
13682.0000
 20
-15550.5000
 30
0.0000
 11
13567.0000
 21
-15582.5000
 31
0.0000
 12
13567.0000
 22
-15518.5000
 32
0.0000
 13
13567.0000
 23
-15518.5000
 33
0.0000
  0
SOLID
  5
51B
  8
ניקוז - מידות
 10
15770.0117
 20
-15550.5000
 30
0.0000
 11
15885.0117
 21
-15582.5000
 31
0.0000
 12
15885.0117
 22
-15518.5000
 32
0.0000
 13
15885.0117
 23
-15518.5000
 33
0.0000
  0
TEXT
  5
51C
  8
ניקוז - מידות
 10
14726.0059
 20
-15645.5000
 30
0.0000
 40
100.0000
  1
208.8
 50
0.0000
  7
SOLINE
 72
1
 73
2
 11
14726.0059
 21
-15645.5000
 31
0.0000
  0
LINE
  5
51D
  8
ניקוז - מידות
 10
15770.0117
 20
-11938.0000
 30
0.0000
 11
15770.0117
 21
-11938.0000
 31
0.0000
  0
LINE
  5
51E
  8
ניקוז - מידות
 10
15770.0117
 20
-11938.0000
 30
0.0000
 11
15770.0117
 21
-11938.0000
 31
0.0000
  0
LINE
  5
51F
  8
ניקוז - מידות
 10
15770.0117
 20
-11938.0000
 30
0.0000
 11
15770.0117
 21
-11938.0000
 31
0.0000
  0
SOLID
  5
520
  8
ניקוז - מידות
 10
15770.0117
 20
-11938.0000
 30
0.0000
 11
15770.0117
 21
-11938.0000
 31
0.0000
 12
15770.0117
 22
-11938.0000
 32
0.0000
 13
15770.0117
 23
-11938.0000
 33
0.0000
  0
SOLID
  5
521
  8
ניקוז - מידות
 10
15770.0117
 20
-11938.0000
 30
0.0000
 11
15770.0117
 21
-11938.0000
 31
0.0000
 12
15770.0117
 22
-11938.0000
 32
0.0000
 13
15770.0117
 23
-11938.0000
 33
0.0000
  0
TEXT
  5
522
  8
ניקוז - מידות
 10
15770.0117
 20
-11938.0000
 30
0.0000
 40
100.0000
  1
0.1
 50
0.0000
  7
SOLINE
 72
1
 73
2
 11
15770.0117
 21
-11938.0000
 31
0.0000
  0
LINE
  5
523
  8
חשמל
 10
16983.0215
 20
-11543.0000
 30
0.0000
 11
17063.0215
 21
-11543.0000
 31
0.0000
  0
LINE
  5
524
  8
חשמל
 10
17063.0215
 20
-11543.0000
 30
0.0000
 11
17063.0215
 21
-11463.0000
 31
0.0000
  0
LINE
  5
525
  8
חשמל
 10
17063.0215
 20
-11463.0000
 30
0.0000
 11
16983.0215
 21
-11463.0000
 31
0.0000
  0
LINE
  5
526
  8
חשמל
 10
16983.0215
 20
-11463.0000
 30
0.0000
 11
16983.0215
 21
-11543.0000
 31
0.0000
  0
LINE
  5
527
  8
חשמל
 10
17023.0215
 20
-11543.0000
 30
0.0000
 11
17023.0215
 21
-11506.2000
 31
0.0000
  0
LINE
  5
528
  8
חשמל
 10
16997.4215
 20
-11506.2000
 30
0.0000
 11
16997.5825
 21
-11503.3337
 31
0.0000
  0
LINE
  5
529
  8
חשמל
 10
16997.5825
 20
-11503.3337
 30
0.0000
 11
16998.0634
 21
-11500.5035
 31
0.0000
  0
LINE
  5
52A
  8
חשמל
 10
16998.0634
 20
-11500.5035
 30
0.0000
 11
16998.8581
 21
-11497.7449
 31
0.0000
  0
LINE
  5
52B
  8
חשמל
 10
16998.8581
 20
-11497.7449
 30
0.0000
 11
16999.9567
 21
-11495.0926
 31
0.0000
  0
LINE
  5
52C
  8
חשמל
 10
16999.9567
 20
-11495.0926
 30
0.0000
 11
17001.3454
 21
-11492.5800
 31
0.0000
  0
LINE
  5
52D
  8
חשמל
 10
17001.3454
 20
-11492.5800
 30
0.0000
 11
17003.0066
 21
-11490.2387
 31
0.0000
  0
LINE
  5
52E
  8
חשמל
 10
17003.0066
 20
-11490.2387
 30
0.0000
 11
17004.9196
 21
-11488.0981
 31
0.0000
  0
LINE
  5
52F
  8
חשמל
 10
17004.9196
 20
-11488.0981
 30
0.0000
 11
17007.0602
 21
-11486.1851
 31
0.0000
  0
LINE
  5
530
  8
חשמל
 10
17007.0602
 20
-11486.1851
 30
0.0000
 11
17009.4015
 21
-11484.5239
 31
0.0000
  0
LINE
  5
531
  8
חשמל
 10
17009.4015
 20
-11484.5239
 30
0.0000
 11
17011.9141
 21
-11483.1352
 31
0.0000
  0
LINE
  5
532
  8
חשמל
 10
17011.9141
 20
-11483.1352
 30
0.0000
 11
17014.5664
 21
-11482.0366
 31
0.0000
  0
LINE
  5
533
  8
חשמל
 10
17014.5664
 20
-11482.0366
 30
0.0000
 11
17017.3250
 21
-11481.2418
 31
0.0000
  0
LINE
  5
534
  8
חשמל
 10
17017.3250
 20
-11481.2418
 30
0.0000
 11
17020.1552
 21
-11480.7610
 31
0.0000
  0
LINE
  5
535
  8
חשמל
 10
17020.1552
 20
-11480.7610
 30
0.0000
 11
17023.0215
 21
-11480.6000
 31
0.0000
  0
LINE
  5
536
  8
חשמל
 10
17023.0215
 20
-11480.6000
 30
0.0000
 11
17025.8878
 21
-11480.7610
 31
0.0000
  0
LINE
  5
537
  8
חשמל
 10
17025.8878
 20
-11480.7610
 30
0.0000
 11
17028.7181
 21
-11481.2418
 31
0.0000
  0
LINE
  5
538
  8
חשמל
 10
17028.7181
 20
-11481.2418
 30
0.0000
 11
17031.4767
 21
-11482.0366
 31
0.0000
  0
LINE
  5
539
  8
חשמל
 10
17031.4767
 20
-11482.0366
 30
0.0000
 11
17034.1290
 21
-11483.1352
 31
0.0000
  0
LINE
  5
53A
  8
חשמל
 10
17034.1290
 20
-11483.1352
 30
0.0000
 11
17036.6416
 21
-11484.5239
 31
0.0000
  0
LINE
  5
53B
  8
חשמל
 10
17036.6416
 20
-11484.5239
 30
0.0000
 11
17038.9829
 21
-11486.1851
 31
0.0000
  0
LINE
  5
53C
  8
חשמל
 10
17038.9829
 20
-11486.1851
 30
0.0000
 11
17041.1235
 21
-11488.0981
 31
0.0000
  0
LINE
  5
53D
  8
חשמל
 10
17041.1235
 20
-11488.0981
 30
0.0000
 11
17043.0364
 21
-11490.2387
 31
0.0000
  0
LINE
  5
53E
  8
חשמל
 10
17043.0364
 20
-11490.2387
 30
0.0000
 11
17044.6977
 21
-11492.5800
 31
0.0000
  0
LINE
  5
53F
  8
חשמל
 10
17044.6977
 20
-11492.5800
 30
0.0000
 11
17046.0863
 21
-11495.0926
 31
0.0000
  0
LINE
  5
540
  8
חשמל
 10
17046.0863
 20
-11495.0926
 30
0.0000
 11
17047.1849
 21
-11497.7449
 31
0.0000
  0
LINE
  5
541
  8
חשמל
 10
17047.1849
 20
-11497.7449
 30
0.0000
 11
17047.9797
 21
-11500.5035
 31
0.0000
  0
LINE
  5
542
  8
חשמל
 10
17047.9797
 20
-11500.5035
 30
0.0000
 11
17048.4606
 21
-11503.3337
 31
0.0000
  0
LINE
  5
543
  8
חשמל
 10
17048.4606
 20
-11503.3337
 30
0.0000
 11
17048.6215
 21
-11506.2000
 31
0.0000
  0
LINE
  5
544
  8
חשמל
 10
16997.4215
 20
-11506.2000
 30
0.0000
 11
17048.6215
 21
-11506.2000
 31
0.0000
  0
LINE
  5
545
  8
חשמל - מידות
 10
18003.0000
 20
-11898.0000
 30
0.0000
 11
18003.0000
 21
-7915.5000
 31
0.0000
  0
LINE
  5
546
  8
חשמל - מידות
 10
17023.0215
 20
-11898.0000
 30
0.0000
 11
17023.0215
 21
-7915.5000
 31
0.0000
  0
LINE
  5
547
  8
חשמל - מידות
 10
18003.0000
 20
-7975.5000
 30
0.0000
 11
17023.0215
 21
-7975.5000
 31
0.0000
  0
SOLID
  5
548
  8
חשמל - מידות
 10
18003.0000
 20
-7975.5000
 30
0.0000
 11
18118.0000
 21
-7943.5000
 31
0.0000
 12
18118.0000
 22
-8007.5000
 32
0.0000
 13
18118.0000
 23
-8007.5000
 33
0.0000
  0
SOLID
  5
549
  8
חשמל - מידות
 10
17023.0215
 20
-7975.5000
 30
0.0000
 11
16908.0215
 21
-7943.5000
 31
0.0000
 12
16908.0215
 22
-8007.5000
 32
0.0000
 13
16908.0215
 23
-8007.5000
 33
0.0000
  0
TEXT
  5
54A
  8
חשמל - מידות
 10
17513.0108
 20
-7880.5000
 30
0.0000
 40
100.0000
  1
98
 50
360.0000
  7
SOLINE
 72
1
 73
2
 11
17513.0108
 21
-7880.5000
 31
0.0000
  0
LINE
  5
54B
  8
חשמל - מידות
 10
17063.0215
 20
-11938.0000
 30
0.0000
 11
17310.5215
 21
-11938.0000
 31
0.0000
  0
LINE
  5
54C
  8
חשמל - מידות
 10
17063.0215
 20
-11503.0000
 30
0.0000
 11
17310.5215
 21
-11503.0000
 31
0.0000
  0
LINE
  5
54D
  8
חשמל - מידות
 10
17250.5215
 20
-11938.0000
 30
0.0000
 11
17250.5215
 21
-11503.0000
 31
0.0000
  0
SOLID
  5
54E
  8
חשמל - מידות
 10
17250.5215
 20
-11938.0000
 30
0.0000
 11
17282.5215
 21
-12053.0000
 31
0.0000
 12
17218.5215
 22
-12053.0000
 32
0.0000
 13
17218.5215
 23
-12053.0000
 33
0.0000
  0
SOLID
  5
54F
  8
חשמל - מידות
 10
17250.5215
 20
-11503.0000
 30
0.0000
 11
17282.5215
 21
-11388.0000
 31
0.0000
 12
17218.5215
 22
-11388.0000
 32
0.0000
 13
17218.5215
 23
-11388.0000
 33
0.0000
  0
TEXT
  5
550
  8
חשמל - מידות
 10
17345.5215
 20
-11720.5000
 30
0.0000
 40
100.0000
  1
43.5
 50
90.0000
  7
SOLINE
 72
1
 73
2
 11
17345.5215
 21
-11720.5000
 31
0.0000
  0
LINE
  5
551
  8
חשמל
 10
17136.0206
 20
-11541.0000
 30
0.0000
 11
17216.0206
 21
-11541.0000
 31
0.0000
  0
LINE
  5
552
  8
חשמל
 10
17216.0206
 20
-11541.0000
 30
0.0000
 11
17216.0206
 21
-11461.0000
 31
0.0000
  0
LINE
  5
553
  8
חשמל
 10
17216.0206
 20
-11461.0000
 30
0.0000
 11
17136.0206
 21
-11461.0000
 31
0.0000
  0
LINE
  5
554
  8
חשמל
 10
17136.0206
 20
-11461.0000
 30
0.0000
 11
17136.0206
 21
-11541.0000
 31
0.0000
  0
LINE
  5
555
  8
חשמל
 10
17176.0206
 20
-11541.0000
 30
0.0000
 11
17176.0206
 21
-11504.2000
 31
0.0000
  0
LINE
  5
556
  8
חשמל
 10
17150.4206
 20
-11504.2000
 30
0.0000
 11
17150.5816
 21
-11501.3337
 31
0.0000
  0
LINE
  5
557
  8
חשמל
 10
17150.5816
 20
-11501.3337
 30
0.0000
 11
17151.0624
 21
-11498.5035
 31
0.0000
  0
LINE
  5
558
  8
חשמל
 10
17151.0624
 20
-11498.5035
 30
0.0000
 11
17151.8572
 21
-11495.7449
 31
0.0000
  0
LINE
  5
559
  8
חשמל
 10
17151.8572
 20
-11495.7449
 30
0.0000
 11
17152.9558
 21
-11493.0926
 31
0.0000
  0
LINE
  5
55A
  8
חשמל
 10
17152.9558
 20
-11493.0926
 30
0.0000
 11
17154.3445
 21
-11490.5800
 31
0.0000
  0
LINE
  5
55B
  8
חשמל
 10
17154.3445
 20
-11490.5800
 30
0.0000
 11
17156.0057
 21
-11488.2387
 31
0.0000
  0
LINE
  5
55C
  8
חשמל
 10
17156.0057
 20
-11488.2387
 30
0.0000
 11
17157.9187
 21
-11486.0981
 31
0.0000
  0
LINE
  5
55D
  8
חשמל
 10
17157.9187
 20
-11486.0981
 30
0.0000
 11
17160.0593
 21
-11484.1851
 31
0.0000
  0
LINE
  5
55E
  8
חשמל
 10
17160.0593
 20
-11484.1851
 30
0.0000
 11
17162.4006
 21
-11482.5239
 31
0.0000
  0
LINE
  5
55F
  8
חשמל
 10
17162.4006
 20
-11482.5239
 30
0.0000
 11
17164.9132
 21
-11481.1352
 31
0.0000
  0
LINE
  5
560
  8
חשמל
 10
17164.9132
 20
-11481.1352
 30
0.0000
 11
17167.5655
 21
-11480.0366
 31
0.0000
  0
LINE
  5
561
  8
חשמל
 10
17167.5655
 20
-11480.0366
 30
0.0000
 11
17170.3241
 21
-11479.2418
 31
0.0000
  0
LINE
  5
562
  8
חשמל
 10
17170.3241
 20
-11479.2418
 30
0.0000
 11
17173.1543
 21
-11478.7610
 31
0.0000
  0
LINE
  5
563
  8
חשמל
 10
17173.1543
 20
-11478.7610
 30
0.0000
 11
17176.0206
 21
-11478.6000
 31
0.0000
  0
LINE
  5
564
  8
חשמל
 10
17176.0206
 20
-11478.6000
 30
0.0000
 11
17178.8869
 21
-11478.7610
 31
0.0000
  0
LINE
  5
565
  8
חשמל
 10
17178.8869
 20
-11478.7610
 30
0.0000
 11
17181.7171
 21
-11479.2418
 31
0.0000
  0
LINE
  5
566
  8
חשמל
 10
17181.7171
 20
-11479.2418
 30
0.0000
 11
17184.4757
 21
-11480.0366
 31
0.0000
  0
LINE
  5
567
  8
חשמל
 10
17184.4757
 20
-11480.0366
 30
0.0000
 11
17187.1280
 21
-11481.1352
 31
0.0000
  0
LINE
  5
568
  8
חשמל
 10
17187.1280
 20
-11481.1352
 30
0.0000
 11
17189.6406
 21
-11482.5239
 31
0.0000
  0
LINE
  5
569
  8
חשמל
 10
17189.6406
 20
-11482.5239
 30
0.0000
 11
17191.9819
 21
-11484.1851
 31
0.0000
  0
LINE
  5
56A
  8
חשמל
 10
17191.9819
 20
-11484.1851
 30
0.0000
 11
17194.1225
 21
-11486.0981
 31
0.0000
  0
LINE
  5
56B
  8
חשמל
 10
17194.1225
 20
-11486.0981
 30
0.0000
 11
17196.0355
 21
-11488.2387
 31
0.0000
  0
LINE
  5
56C
  8
חשמל
 10
17196.0355
 20
-11488.2387
 30
0.0000
 11
17197.6967
 21
-11490.5800
 31
0.0000
  0
LINE
  5
56D
  8
חשמל
 10
17197.6967
 20
-11490.5800
 30
0.0000
 11
17199.0854
 21
-11493.0926
 31
0.0000
  0
LINE
  5
56E
  8
חשמל
 10
17199.0854
 20
-11493.0926
 30
0.0000
 11
17200.1840
 21
-11495.7449
 31
0.0000
  0
LINE
  5
56F
  8
חשמל
 10
17200.1840
 20
-11495.7449
 30
0.0000
 11
17200.9788
 21
-11498.5035
 31
0.0000
  0
LINE
  5
570
  8
חשמל
 10
17200.9788
 20
-11498.5035
 30
0.0000
 11
17201.4596
 21
-11501.3337
 31
0.0000
  0
LINE
  5
571
  8
חשמל
 10
17201.4596
 20
-11501.3337
 30
0.0000
 11
17201.6206
 21
-11504.2000
 31
0.0000
  0
LINE
  5
572
  8
חשמל
 10
17150.4206
 20
-11504.2000
 30
0.0000
 11
17201.6206
 21
-11504.2000
 31
0.0000
  0
LINE
  5
573
  8
חשמל - מידות
 10
18003.0000
 20
-11898.0000
 30
0.0000
 11
18003.0000
 21
-7565.5000
 31
0.0000
  0
LINE
  5
574
  8
חשמל - מידות
 10
17176.0206
 20
-11898.0000
 30
0.0000
 11
17176.0206
 21
-7565.5000
 31
0.0000
  0
LINE
  5
575
  8
חשמל - מידות
 10
18003.0000
 20
-7625.5000
 30
0.0000
 11
17176.0206
 21
-7625.5000
 31
0.0000
  0
SOLID
  5
576
  8
חשמל - מידות
 10
18003.0000
 20
-7625.5000
 30
0.0000
 11
18118.0000
 21
-7593.5000
 31
0.0000
 12
18118.0000
 22
-7657.5000
 32
0.0000
 13
18118.0000
 23
-7657.5000
 33
0.0000
  0
SOLID
  5
577
  8
חשמל - מידות
 10
17176.0206
 20
-7625.5000
 30
0.0000
 11
17061.0206
 21
-7593.5000
 31
0.0000
 12
17061.0206
 22
-7657.5000
 32
0.0000
 13
17061.0206
 23
-7657.5000
 33
0.0000
  0
TEXT
  5
578
  8
חשמל - מידות
 10
17589.5103
 20
-7530.5000
 30
0.0000
 40
100.0000
  1
82.7
 50
360.0000
  7
SOLINE
 72
1
 73
2
 11
17589.5103
 21
-7530.5000
 31
0.0000
  0
LINE
  5
579
  8
חשמל - מידות
 10
17136.0206
 20
-11938.0000
 30
0.0000
 11
16888.5206
 21
-11938.0000
 31
0.0000
  0
LINE
  5
57A
  8
חשמל - מידות
 10
17136.0206
 20
-11501.0000
 30
0.0000
 11
16888.5206
 21
-11501.0000
 31
0.0000
  0
LINE
  5
57B
  8
חשמל - מידות
 10
16948.5206
 20
-11938.0000
 30
0.0000
 11
16948.5206
 21
-11501.0000
 31
0.0000
  0
SOLID
  5
57C
  8
חשמל - מידות
 10
16948.5206
 20
-11938.0000
 30
0.0000
 11
16916.5206
 21
-12053.0000
 31
0.0000
 12
16980.5206
 22
-12053.0000
 32
0.0000
 13
16980.5206
 23
-12053.0000
 33
0.0000
  0
SOLID
  5
57D
  8
חשמל - מידות
 10
16948.5206
 20
-11501.0000
 30
0.0000
 11
16916.5206
 21
-11386.0000
 31
0.0000
 12
16980.5206
 22
-11386.0000
 32
0.0000
 13
16980.5206
 23
-11386.0000
 33
0.0000
  0
TEXT
  5
57E
  8
חשמל - מידות
 10
16853.5206
 20
-11719.5000
 30
0.0000
 40
100.0000
  1
43.7
 50
90.0000
  7
SOLINE
 72
1
 73
2
 11
16853.5206
 21
-11719.5000
 31
0.0000
  0
LINE
  5
57F
  8
חשמל
 10
17726.0237
 20
-10857.0000
 30
0.0000
 11
17908.0237
 21
-10857.0000
 31
0.0000
  0
LINE
  5
580
  8
חשמל
 10
17908.0237
 20
-10857.0000
 30
0.0000
 11
17908.0237
 21
-10779.0000
 31
0.0000
  0
LINE
  5
581
  8
חשמל
 10
17908.0237
 20
-10779.0000
 30
0.0000
 11
17726.0237
 21
-10779.0000
 31
0.0000
  0
LINE
  5
582
  8
חשמל
 10
17726.0237
 20
-10779.0000
 30
0.0000
 11
17726.0237
 21
-10857.0000
 31
0.0000
  0
LINE
  5
583
  8
חשמל
 10
17817.0237
 20
-10857.0000
 30
0.0000
 11
17817.0237
 21
-10821.1200
 31
0.0000
  0
LINE
  5
584
  8
חשמל
 10
17758.7837
 20
-10821.1200
 30
0.0000
 11
17759.1499
 21
-10818.3254
 31
0.0000
  0
LINE
  5
585
  8
חשמל
 10
17759.1499
 20
-10818.3254
 30
0.0000
 11
17760.2439
 21
-10815.5659
 31
0.0000
  0
LINE
  5
586
  8
חשמל
 10
17760.2439
 20
-10815.5659
 30
0.0000
 11
17762.0519
 21
-10812.8762
 31
0.0000
  0
LINE
  5
587
  8
חשמל
 10
17762.0519
 20
-10812.8762
 30
0.0000
 11
17764.5513
 21
-10810.2903
 31
0.0000
  0
LINE
  5
588
  8
חשמל
 10
17764.5513
 20
-10810.2903
 30
0.0000
 11
17767.7105
 21
-10807.8405
 31
0.0000
  0
LINE
  5
589
  8
חשמל
 10
17767.7105
 20
-10807.8405
 30
0.0000
 11
17771.4898
 21
-10805.5577
 31
0.0000
  0
LINE
  5
58A
  8
חשמל
 10
17771.4898
 20
-10805.5577
 30
0.0000
 11
17775.8418
 21
-10803.4706
 31
0.0000
  0
LINE
  5
58B
  8
חשמל
 10
17775.8418
 20
-10803.4706
 30
0.0000
 11
17780.7116
 21
-10801.6055
 31
0.0000
  0
LINE
  5
58C
  8
חשמל
 10
17780.7116
 20
-10801.6055
 30
0.0000
 11
17786.0381
 21
-10799.9858
 31
0.0000
  0
LINE
  5
58D
  8
חשמל
 10
17786.0381
 20
-10799.9858
 30
0.0000
 11
17791.7543
 21
-10798.6318
 31
0.0000
  0
LINE
  5
58E
  8
חשמל
 10
17791.7543
 20
-10798.6318
 30
0.0000
 11
17797.7882
 21
-10797.5607
 31
0.0000
  0
LINE
  5
58F
  8
חשמל
 10
17797.7882
 20
-10797.5607
 30
0.0000
 11
17804.0641
 21
-10796.7858
 31
0.0000
  0
LINE
  5
590
  8
חשמל
 10
17804.0641
 20
-10796.7858
 30
0.0000
 11
17810.5029
 21
-10796.3169
 31
0.0000
  0
LINE
  5
591
  8
חשמל
 10
17810.5029
 20
-10796.3169
 30
0.0000
 11
17817.0237
 21
-10796.1600
 31
0.0000
  0
LINE
  5
592
  8
חשמל
 10
17817.0237
 20
-10796.1600
 30
0.0000
 11
17823.5445
 21
-10796.3169
 31
0.0000
  0
LINE
  5
593
  8
חשמל
 10
17823.5445
 20
-10796.3169
 30
0.0000
 11
17829.9833
 21
-10796.7858
 31
0.0000
  0
LINE
  5
594
  8
חשמל
 10
17829.9833
 20
-10796.7858
 30
0.0000
 11
17836.2591
 21
-10797.5607
 31
0.0000
  0
LINE
  5
595
  8
חשמל
 10
17836.2591
 20
-10797.5607
 30
0.0000
 11
17842.2931
 21
-10798.6318
 31
0.0000
  0
LINE
  5
596
  8
חשמל
 10
17842.2931
 20
-10798.6318
 30
0.0000
 11
17848.0092
 21
-10799.9858
 31
0.0000
  0
LINE
  5
597
  8
חשמל
 10
17848.0092
 20
-10799.9858
 30
0.0000
 11
17853.3357
 21
-10801.6055
 31
0.0000
  0
LINE
  5
598
  8
חשמל
 10
17853.3357
 20
-10801.6055
 30
0.0000
 11
17858.2056
 21
-10803.4706
 31
0.0000
  0
LINE
  5
599
  8
חשמל
 10
17858.2056
 20
-10803.4706
 30
0.0000
 11
17862.5575
 21
-10805.5577
 31
0.0000
  0
LINE
  5
59A
  8
חשמל
 10
17862.5575
 20
-10805.5577
 30
0.0000
 11
17866.3369
 21
-10807.8405
 31
0.0000
  0
LINE
  5
59B
  8
חשמל
 10
17866.3369
 20
-10807.8405
 30
0.0000
 11
17869.4961
 21
-10810.2903
 31
0.0000
  0
LINE
  5
59C
  8
חשמל
 10
17869.4961
 20
-10810.2903
 30
0.0000
 11
17871.9954
 21
-10812.8762
 31
0.0000
  0
LINE
  5
59D
  8
חשמל
 10
17871.9954
 20
-10812.8762
 30
0.0000
 11
17873.8035
 21
-10815.5659
 31
0.0000
  0
LINE
  5
59E
  8
חשמל
 10
17873.8035
 20
-10815.5659
 30
0.0000
 11
17874.8975
 21
-10818.3254
 31
0.0000
  0
LINE
  5
59F
  8
חשמל
 10
17874.8975
 20
-10818.3254
 30
0.0000
 11
17875.2637
 21
-10821.1200
 31
0.0000
  0
LINE
  5
5A0
  8
חשמל
 10
17758.7837
 20
-10821.1200
 30
0.0000
 11
17875.2637
 21
-10821.1200
 31
0.0000
  0
LINE
  5
5A1
  8
חשמל - מידות
 10
18003.0000
 20
-11898.0000
 30
0.0000
 11
18003.0000
 21
-7215.5000
 31
0.0000
  0
LINE
  5
5A2
  8
חשמל - מידות
 10
17817.0237
 20
-11898.0000
 30
0.0000
 11
17817.0237
 21
-7215.5000
 31
0.0000
  0
LINE
  5
5A3
  8
חשמל - מידות
 10
18003.0000
 20
-7275.5000
 30
0.0000
 11
17817.0237
 21
-7275.5000
 31
0.0000
  0
SOLID
  5
5A4
  8
חשמל - מידות
 10
18003.0000
 20
-7275.5000
 30
0.0000
 11
18118.0000
 21
-7243.5000
 31
0.0000
 12
18118.0000
 22
-7307.5000
 32
0.0000
 13
18118.0000
 23
-7307.5000
 33
0.0000
  0
SOLID
  5
5A5
  8
חשמל - מידות
 10
17817.0237
 20
-7275.5000
 30
0.0000
 11
17702.0237
 21
-7243.5000
 31
0.0000
 12
17702.0237
 22
-7307.5000
 32
0.0000
 13
17702.0237
 23
-7307.5000
 33
0.0000
  0
TEXT
  5
5A6
  8
חשמל - מידות
 10
17910.0118
 20
-7180.5000
 30
0.0000
 40
100.0000
  1
18.6
 50
360.0000
  7
SOLINE
 72
1
 73
2
 11
17910.0118
 21
-7180.5000
 31
0.0000
  0
LINE
  5
5A7
  8
חשמל - מידות
 10
17857.0237
 20
-11938.0000
 30
0.0000
 11
18155.5237
 21
-11938.0000
 31
0.0000
  0
LINE
  5
5A8
  8
חשמל - מידות
 10
17857.0237
 20
-10818.0000
 30
0.0000
 11
18155.5237
 21
-10818.0000
 31
0.0000
  0
LINE
  5
5A9
  8
חשמל - מידות
 10
18095.5237
 20
-11938.0000
 30
0.0000
 11
18095.5237
 21
-10818.0000
 31
0.0000
  0
SOLID
  5
5AA
  8
חשמל - מידות
 10
18095.5237
 20
-11938.0000
 30
0.0000
 11
18127.5237
 21
-12053.0000
 31
0.0000
 12
18063.5237
 22
-12053.0000
 32
0.0000
 13
18063.5237
 23
-12053.0000
 33
0.0000
  0
SOLID
  5
5AB
  8
חשמל - מידות
 10
18095.5237
 20
-10818.0000
 30
0.0000
 11
18127.5237
 21
-10703.0000
 31
0.0000
 12
18063.5237
 22
-10703.0000
 32
0.0000
 13
18063.5237
 23
-10703.0000
 33
0.0000
  0
TEXT
  5
5AC
  8
חשמל - מידות
 10
18190.5237
 20
-11378.0000
 30
0.0000
 40
100.0000
  1
112
 50
90.0000
  7
SOLINE
 72
1
 73
2
 11
18190.5237
 21
-11378.0000
 31
0.0000
  0
LINE
  5
5AD
  8
גז
 10
17822.0236
 20
-11938.0000
 30
0.0000
 11
17842.0236
 21
-11938.0000
 31
0.0000
  0
LINE
  5
5AE
  8
גז
 10
17842.0236
 20
-11938.0000
 30
0.0000
 11
17842.0236
 21
-11918.0000
 31
0.0000
  0
LINE
  5
5AF
  8
גז
 10
17842.0236
 20
-11918.0000
 30
0.0000
 11
17822.0236
 21
-11918.0000
 31
0.0000
  0
LINE
  5
5B0
  8
גז
 10
17822.0236
 20
-11918.0000
 30
0.0000
 11
17822.0236
 21
-11938.0000
 31
0.0000
  0
LINE
  5
5B1
  8
גז
 10
17832.0236
 20
-11938.0000
 30
0.0000
 11
17832.0236
 21
-11934.0000
 31
0.0000
  0
LINE
  5
5B2
  8
גז
 10
17832.0236
 20
-11922.0000
 30
0.0000
 11
17837.2236
 21
-11925.0000
 31
0.0000
  0
LINE
  5
5B3
  8
גז
 10
17837.2236
 20
-11925.0000
 30
0.0000
 11
17837.2236
 21
-11931.0000
 31
0.0000
  0
LINE
  5
5B4
  8
גז
 10
17837.2236
 20
-11931.0000
 30
0.0000
 11
17832.0236
 21
-11934.0000
 31
0.0000
  0
LINE
  5
5B5
  8
גז
 10
17832.0236
 20
-11934.0000
 30
0.0000
 11
17826.8236
 21
-11931.0000
 31
0.0000
  0
LINE
  5
5B6
  8
גז
 10
17826.8236
 20
-11931.0000
 30
0.0000
 11
17826.8236
 21
-11925.0000
 31
0.0000
  0
LINE
  5
5B7
  8
גז
 10
17826.8236
 20
-11925.0000
 30
0.0000
 11
17832.0236
 21
-11922.0000
 31
0.0000
  0
TEXT
  5
5B8
  8
גז
 10
17832.0236
 20
-11928.0000
 30
0.0000
 40
24.0000
  1
G
 50
0.0000
  7
SOLINE
 72
1
 73
2
 11
17832.0236
 21
-11928.0000
 31
0.0000
  0
LINE
  5
5B9
  8
גז - מידות
 10
18003.0000
 20
-11898.0000
 30
0.0000
 11
18003.0000
 21
-6865.5000
 31
0.0000
  0
LINE
  5
5BA
  8
גז - מידות
 10
17832.0236
 20
-11898.0000
 30
0.0000
 11
17832.0236
 21
-6865.5000
 31
0.0000
  0
LINE
  5
5BB
  8
גז - מידות
 10
18003.0000
 20
-6925.5000
 30
0.0000
 11
17832.0236
 21
-6925.5000
 31
0.0000
  0
SOLID
  5
5BC
  8
גז - מידות
 10
18003.0000
 20
-6925.5000
 30
0.0000
 11
18118.0000
 21
-6893.5000
 31
0.0000
 12
18118.0000
 22
-6957.5000
 32
0.0000
 13
18118.0000
 23
-6957.5000
 33
0.0000
  0
SOLID
  5
5BD
  8
גז - מידות
 10
17832.0236
 20
-6925.5000
 30
0.0000
 11
17717.0236
 21
-6893.5000
 31
0.0000
 12
17717.0236
 22
-6957.5000
 32
0.0000
 13
17717.0236
 23
-6957.5000
 33
0.0000
  0
TEXT
  5
5BE
  8
גז - מידות
 10
17917.5118
 20
-6830.5000
 30
0.0000
 40
100.0000
  1
17.1
 50
360.0000
  7
SOLINE
 72
1
 73
2
 11
17917.5118
 21
-6830.5000
 31
0.0000
  0
LINE
  5
5BF
  8
גז - מידות
 10
17832.0236
 20
-11938.0000
 30
0.0000
 11
17832.0236
 21
-11938.0000
 31
0.0000
  0
LINE
  5
5C0
  8
גז - מידות
 10
17832.0236
 20
-11938.0000
 30
0.0000
 11
17832.0236
 21
-11938.0000
 31
0.0000
  0
LINE
  5
5C1
  8
גז - מידות
 10
17832.0236
 20
-11938.0000
 30
0.0000
 11
17832.0236
 21
-11938.0000
 31
0.0000
  0
SOLID
  5
5C2
  8
גז - מידות
 10
17832.0236
 20
-11938.0000
 30
0.0000
 11
17832.0236
 21
-11938.0000
 31
0.0000
 12
17832.0236
 22
-11938.0000
 32
0.0000
 13
17832.0236
 23
-11938.0000
 33
0.0000
  0
SOLID
  5
5C3
  8
גז - מידות
 10
17832.0236
 20
-11938.0000
 30
0.0000
 11
17832.0236
 21
-11938.0000
 31
0.0000
 12
17832.0236
 22
-11938.0000
 32
0.0000
 13
17832.0236
 23
-11938.0000
 33
0.0000
  0
TEXT
  5
5C4
  8
גז - מידות
 10
17832.0236
 20
-11938.0000
 30
0.0000
 40
100.0000
  1
0.1
 50
0.0000
  7
SOLINE
 72
1
 73
2
 11
17832.0236
 21
-11938.0000
 31
0.0000
  0
LINE
  5
5C5
  8
תאורה
 10
14803.0068
 20
-9273.0000
 30
0.0000
 11
14903.0068
 21
-9273.0000
 31
0.0000
  0
LINE
  5
5C6
  8
תאורה
 10
14903.0068
 20
-9273.0000
 30
0.0000
 11
14903.0068
 21
-9243.0000
 31
0.0000
  0
LINE
  5
5C7
  8
תאורה
 10
14903.0068
 20
-9243.0000
 30
0.0000
 11
14803.0068
 21
-9243.0000
 31
0.0000
  0
LINE
  5
5C8
  8
תאורה
 10
14803.0068
 20
-9243.0000
 30
0.0000
 11
14803.0068
 21
-9273.0000
 31
0.0000
  0
LINE
  5
5C9
  8
תאורה
 10
14883.0068
 20
-9258.0000
 30
0.0000
 11
14882.4304
 21
-9259.7558
 31
0.0000
  0
LINE
  5
5CA
  8
תאורה
 10
14882.4304
 20
-9259.7558
 30
0.0000
 11
14880.7232
 21
-9261.4442
 31
0.0000
  0
LINE
  5
5CB
  8
תאורה
 10
14880.7232
 20
-9261.4442
 30
0.0000
 11
14877.9509
 21
-9263.0001
 31
0.0000
  0
LINE
  5
5CC
  8
תאורה
 10
14877.9509
 20
-9263.0001
 30
0.0000
 11
14874.2200
 21
-9264.3640
 31
0.0000
  0
LINE
  5
5CD
  8
תאורה
 10
14874.2200
 20
-9264.3640
 30
0.0000
 11
14869.6739
 21
-9265.4832
 31
0.0000
  0
LINE
  5
5CE
  8
תאורה
 10
14869.6739
 20
-9265.4832
 30
0.0000
 11
14864.4873
 21
-9266.3149
 31
0.0000
  0
LINE
  5
5CF
  8
תאורה
 10
14864.4873
 20
-9266.3149
 30
0.0000
 11
14858.8595
 21
-9266.8271
 31
0.0000
  0
LINE
  5
5D0
  8
תאורה
 10
14858.8595
 20
-9266.8271
 30
0.0000
 11
14853.0068
 21
-9267.0000
 31
0.0000
  0
LINE
  5
5D1
  8
תאורה
 10
14853.0068
 20
-9267.0000
 30
0.0000
 11
14847.1541
 21
-9266.8271
 31
0.0000
  0
LINE
  5
5D2
  8
תאורה
 10
14847.1541
 20
-9266.8271
 30
0.0000
 11
14841.5263
 21
-9266.3149
 31
0.0000
  0
LINE
  5
5D3
  8
תאורה
 10
14841.5263
 20
-9266.3149
 30
0.0000
 11
14836.3397
 21
-9265.4832
 31
0.0000
  0
LINE
  5
5D4
  8
תאורה
 10
14836.3397
 20
-9265.4832
 30
0.0000
 11
14831.7936
 21
-9264.3640
 31
0.0000
  0
LINE
  5
5D5
  8
תאורה
 10
14831.7936
 20
-9264.3640
 30
0.0000
 11
14828.0627
 21
-9263.0001
 31
0.0000
  0
LINE
  5
5D6
  8
תאורה
 10
14828.0627
 20
-9263.0001
 30
0.0000
 11
14825.2904
 21
-9261.4442
 31
0.0000
  0
LINE
  5
5D7
  8
תאורה
 10
14825.2904
 20
-9261.4442
 30
0.0000
 11
14823.5833
 21
-9259.7558
 31
0.0000
  0
LINE
  5
5D8
  8
תאורה
 10
14823.5833
 20
-9259.7558
 30
0.0000
 11
14823.0068
 21
-9258.0000
 31
0.0000
  0
LINE
  5
5D9
  8
תאורה
 10
14823.0068
 20
-9258.0000
 30
0.0000
 11
14823.5833
 21
-9256.2442
 31
0.0000
  0
LINE
  5
5DA
  8
תאורה
 10
14823.5833
 20
-9256.2442
 30
0.0000
 11
14825.2904
 21
-9254.5558
 31
0.0000
  0
LINE
  5
5DB
  8
תאורה
 10
14825.2904
 20
-9254.5558
 30
0.0000
 11
14828.0627
 21
-9252.9999
 31
0.0000
  0
LINE
  5
5DC
  8
תאורה
 10
14828.0627
 20
-9252.9999
 30
0.0000
 11
14831.7936
 21
-9251.6360
 31
0.0000
  0
LINE
  5
5DD
  8
תאורה
 10
14831.7936
 20
-9251.6360
 30
0.0000
 11
14836.3397
 21
-9250.5168
 31
0.0000
  0
LINE
  5
5DE
  8
תאורה
 10
14836.3397
 20
-9250.5168
 30
0.0000
 11
14841.5263
 21
-9249.6851
 31
0.0000
  0
LINE
  5
5DF
  8
תאורה
 10
14841.5263
 20
-9249.6851
 30
0.0000
 11
14847.1541
 21
-9249.1729
 31
0.0000
  0
LINE
  5
5E0
  8
תאורה
 10
14847.1541
 20
-9249.1729
 30
0.0000
 11
14853.0068
 21
-9249.0000
 31
0.0000
  0
LINE
  5
5E1
  8
תאורה
 10
14853.0068
 20
-9249.0000
 30
0.0000
 11
14858.8595
 21
-9249.1729
 31
0.0000
  0
LINE
  5
5E2
  8
תאורה
 10
14858.8595
 20
-9249.1729
 30
0.0000
 11
14864.4873
 21
-9249.6851
 31
0.0000
  0
LINE
  5
5E3
  8
תאורה
 10
14864.4873
 20
-9249.6851
 30
0.0000
 11
14869.6739
 21
-9250.5168
 31
0.0000
  0
LINE
  5
5E4
  8
תאורה
 10
14869.6739
 20
-9250.5168
 30
0.0000
 11
14874.2200
 21
-9251.6360
 31
0.0000
  0
LINE
  5
5E5
  8
תאורה
 10
14874.2200
 20
-9251.6360
 30
0.0000
 11
14877.9509
 21
-9252.9999
 31
0.0000
  0
LINE
  5
5E6
  8
תאורה
 10
14877.9509
 20
-9252.9999
 30
0.0000
 11
14880.7232
 21
-9254.5558
 31
0.0000
  0
LINE
  5
5E7
  8
תאורה
 10
14880.7232
 20
-9254.5558
 30
0.0000
 11
14882.4304
 21
-9256.2442
 31
0.0000
  0
LINE
  5
5E8
  8
תאורה
 10
14882.4304
 20
-9256.2442
 30
0.0000
 11
14883.0068
 21
-9258.0000
 31
0.0000
  0
LINE
  5
5E9
  8
תאורה
 10
14832.0068
 20
-9251.7000
 30
0.0000
 11
14874.0068
 21
-9264.3000
 31
0.0000
  0
LINE
  5
5EA
  8
תאורה
 10
14874.0068
 20
-9251.7000
 30
0.0000
 11
14832.0068
 21
-9264.3000
 31
0.0000
  0
LINE
  5
5EB
  8
תאורה - מידות
 10
13682.0000
 20
-11978.0000
 30
0.0000
 11
13682.0000
 21
-17360.5000
 31
0.0000
  0
LINE
  5
5EC
  8
תאורה - מידות
 10
14853.0068
 20
-11978.0000
 30
0.0000
 11
14853.0068
 21
-17360.5000
 31
0.0000
  0
LINE
  5
5ED
  8
תאורה - מידות
 10
13682.0000
 20
-17300.5000
 30
0.0000
 11
14853.0068
 21
-17300.5000
 31
0.0000
  0
SOLID
  5
5EE
  8
תאורה - מידות
 10
13682.0000
 20
-17300.5000
 30
0.0000
 11
13567.0000
 21
-17332.5000
 31
0.0000
 12
13567.0000
 22
-17268.5000
 32
0.0000
 13
13567.0000
 23
-17268.5000
 33
0.0000
  0
SOLID
  5
5EF
  8
תאורה - מידות
 10
14853.0068
 20
-17300.5000
 30
0.0000
 11
14968.0068
 21
-17332.5000
 31
0.0000
 12
14968.0068
 22
-17268.5000
 32
0.0000
 13
14968.0068
 23
-17268.5000
 33
0.0000
  0
TEXT
  5
5F0
  8
תאורה - מידות
 10
14267.5034
 20
-17395.5000
 30
0.0000
 40
100.0000
  1
117.1
 50
0.0000
  7
SOLINE
 72
1
 73
2
 11
14267.5034
 21
-17395.5000
 31
0.0000
  0
LINE
  5
5F1
  8
תאורה - מידות
 10
14893.0068
 20
-11938.0000
 30
0.0000
 11
15150.5068
 21
-11938.0000
 31
0.0000
  0
LINE
  5
5F2
  8
תאורה - מידות
 10
14893.0068
 20
-9258.0000
 30
0.0000
 11
15150.5068
 21
-9258.0000
 31
0.0000
  0
LINE
  5
5F3
  8
תאורה - מידות
 10
15090.5068
 20
-11938.0000
 30
0.0000
 11
15090.5068
 21
-9258.0000
 31
0.0000
  0
SOLID
  5
5F4
  8
תאורה - מידות
 10
15090.5068
 20
-11938.0000
 30
0.0000
 11
15122.5068
 21
-12053.0000
 31
0.0000
 12
15058.5068
 22
-12053.0000
 32
0.0000
 13
15058.5068
 23
-12053.0000
 33
0.0000
  0
SOLID
  5
5F5
  8
תאורה - מידות
 10
15090.5068
 20
-9258.0000
 30
0.0000
 11
15122.5068
 21
-9143.0000
 31
0.0000
 12
15058.5068
 22
-9143.0000
 32
0.0000
 13
15058.5068
 23
-9143.0000
 33
0.0000
  0
TEXT
  5
5F6
  8
תאורה - מידות
 10
15185.5068
 20
-10598.0000
 30
0.0000
 40
100.0000
  1
268
 50
90.0000
  7
SOLINE
 72
1
 73
2
 11
15185.5068
 21
-10598.0000
 31
0.0000
  0
LINE
  5
5F7
  8
חשמל
 10
15969.0137
 20
-11529.0000
 30
0.0000
 11
16049.0137
 21
-11529.0000
 31
0.0000
  0
LINE
  5
5F8
  8
חשמל
 10
16049.0137
 20
-11529.0000
 30
0.0000
 11
16049.0137
 21
-11449.0000
 31
0.0000
  0
LINE
  5
5F9
  8
חשמל
 10
16049.0137
 20
-11449.0000
 30
0.0000
 11
15969.0137
 21
-11449.0000
 31
0.0000
  0
LINE
  5
5FA
  8
חשמל
 10
15969.0137
 20
-11449.0000
 30
0.0000
 11
15969.0137
 21
-11529.0000
 31
0.0000
  0
LINE
  5
5FB
  8
חשמל
 10
16009.0137
 20
-11529.0000
 30
0.0000
 11
16009.0137
 21
-11492.2000
 31
0.0000
  0
LINE
  5
5FC
  8
חשמל
 10
15983.4137
 20
-11492.2000
 30
0.0000
 11
15983.5747
 21
-11489.3337
 31
0.0000
  0
LINE
  5
5FD
  8
חשמל
 10
15983.5747
 20
-11489.3337
 30
0.0000
 11
15984.0556
 21
-11486.5035
 31
0.0000
  0
LINE
  5
5FE
  8
חשמל
 10
15984.0556
 20
-11486.5035
 30
0.0000
 11
15984.8503
 21
-11483.7449
 31
0.0000
  0
LINE
  5
5FF
  8
חשמל
 10
15984.8503
 20
-11483.7449
 30
0.0000
 11
15985.9489
 21
-11481.0926
 31
0.0000
  0
LINE
  5
600
  8
חשמל
 10
15985.9489
 20
-11481.0926
 30
0.0000
 11
15987.3376
 21
-11478.5800
 31
0.0000
  0
LINE
  5
601
  8
חשמל
 10
15987.3376
 20
-11478.5800
 30
0.0000
 11
15988.9989
 21
-11476.2387
 31
0.0000
  0
LINE
  5
602
  8
חשמל
 10
15988.9989
 20
-11476.2387
 30
0.0000
 11
15990.9118
 21
-11474.0981
 31
0.0000
  0
LINE
  5
603
  8
חשמל
 10
15990.9118
 20
-11474.0981
 30
0.0000
 11
15993.0524
 21
-11472.1851
 31
0.0000
  0
LINE
  5
604
  8
חשמל
 10
15993.0524
 20
-11472.1851
 30
0.0000
 11
15995.3937
 21
-11470.5239
 31
0.0000
  0
LINE
  5
605
  8
חשמל
 10
15995.3937
 20
-11470.5239
 30
0.0000
 11
15997.9063
 21
-11469.1352
 31
0.0000
  0
LINE
  5
606
  8
חשמל
 10
15997.9063
 20
-11469.1352
 30
0.0000
 11
16000.5586
 21
-11468.0366
 31
0.0000
  0
LINE
  5
607
  8
חשמל
 10
16000.5586
 20
-11468.0366
 30
0.0000
 11
16003.3172
 21
-11467.2418
 31
0.0000
  0
LINE
  5
608
  8
חשמל
 10
16003.3172
 20
-11467.2418
 30
0.0000
 11
16006.1475
 21
-11466.7610
 31
0.0000
  0
LINE
  5
609
  8
חשמל
 10
16006.1475
 20
-11466.7610
 30
0.0000
 11
16009.0137
 21
-11466.6000
 31
0.0000
  0
LINE
  5
60A
  8
חשמל
 10
16009.0137
 20
-11466.6000
 30
0.0000
 11
16011.8800
 21
-11466.7610
 31
0.0000
  0
LINE
  5
60B
  8
חשמל
 10
16011.8800
 20
-11466.7610
 30
0.0000
 11
16014.7103
 21
-11467.2418
 31
0.0000
  0
LINE
  5
60C
  8
חשמל
 10
16014.7103
 20
-11467.2418
 30
0.0000
 11
16017.4689
 21
-11468.0366
 31
0.0000
  0
LINE
  5
60D
  8
חשמל
 10
16017.4689
 20
-11468.0366
 30
0.0000
 11
16020.1212
 21
-11469.1352
 31
0.0000
  0
LINE
  5
60E
  8
חשמל
 10
16020.1212
 20
-11469.1352
 30
0.0000
 11
16022.6338
 21
-11470.5239
 31
0.0000
  0
LINE
  5
60F
  8
חשמל
 10
16022.6338
 20
-11470.5239
 30
0.0000
 11
16024.9751
 21
-11472.1851
 31
0.0000
  0
LINE
  5
610
  8
חשמל
 10
16024.9751
 20
-11472.1851
 30
0.0000
 11
16027.1157
 21
-11474.0981
 31
0.0000
  0
LINE
  5
611
  8
חשמל
 10
16027.1157
 20
-11474.0981
 30
0.0000
 11
16029.0286
 21
-11476.2387
 31
0.0000
  0
LINE
  5
612
  8
חשמל
 10
16029.0286
 20
-11476.2387
 30
0.0000
 11
16030.6899
 21
-11478.5800
 31
0.0000
  0
LINE
  5
613
  8
חשמל
 10
16030.6899
 20
-11478.5800
 30
0.0000
 11
16032.0786
 21
-11481.0926
 31
0.0000
  0
LINE
  5
614
  8
חשמל
 10
16032.0786
 20
-11481.0926
 30
0.0000
 11
16033.1772
 21
-11483.7449
 31
0.0000
  0
LINE
  5
615
  8
חשמל
 10
16033.1772
 20
-11483.7449
 30
0.0000
 11
16033.9719
 21
-11486.5035
 31
0.0000
  0
LINE
  5
616
  8
חשמל
 10
16033.9719
 20
-11486.5035
 30
0.0000
 11
16034.4528
 21
-11489.3337
 31
0.0000
  0
LINE
  5
617
  8
חשמל
 10
16034.4528
 20
-11489.3337
 30
0.0000
 11
16034.6137
 21
-11492.2000
 31
0.0000
  0
LINE
  5
618
  8
חשמל
 10
15983.4137
 20
-11492.2000
 30
0.0000
 11
16034.6137
 21
-11492.2000
 31
0.0000
  0
LINE
  5
619
  8
חשמל - מידות
 10
18003.0000
 20
-11898.0000
 30
0.0000
 11
18003.0000
 21
-6165.5000
 31
0.0000
  0
LINE
  5
61A
  8
חשמל - מידות
 10
16009.0137
 20
-11898.0000
 30
0.0000
 11
16009.0137
 21
-6165.5000
 31
0.0000
  0
LINE
  5
61B
  8
חשמל - מידות
 10
18003.0000
 20
-6225.5000
 30
0.0000
 11
16009.0137
 21
-6225.5000
 31
0.0000
  0
SOLID
  5
61C
  8
חשמל - מידות
 10
18003.0000
 20
-6225.5000
 30
0.0000
 11
18118.0000
 21
-6193.5000
 31
0.0000
 12
18118.0000
 22
-6257.5000
 32
0.0000
 13
18118.0000
 23
-6257.5000
 33
0.0000
  0
SOLID
  5
61D
  8
חשמל - מידות
 10
16009.0137
 20
-6225.5000
 30
0.0000
 11
15894.0137
 21
-6193.5000
 31
0.0000
 12
15894.0137
 22
-6257.5000
 32
0.0000
 13
15894.0137
 23
-6257.5000
 33
0.0000
  0
TEXT
  5
61E
  8
חשמל - מידות
 10
17006.0069
 20
-6130.5000
 30
0.0000
 40
100.0000
  1
199.4
 50
360.0000
  7
SOLINE
 72
1
 73
2
 11
17006.0069
 21
-6130.5000
 31
0.0000
  0
LINE
  5
61F
  8
חשמל - מידות
 10
15969.0137
 20
-11938.0000
 30
0.0000
 11
15721.5137
 21
-11938.0000
 31
0.0000
  0
LINE
  5
620
  8
חשמל - מידות
 10
15969.0137
 20
-11489.0000
 30
0.0000
 11
15721.5137
 21
-11489.0000
 31
0.0000
  0
LINE
  5
621
  8
חשמל - מידות
 10
15781.5137
 20
-11938.0000
 30
0.0000
 11
15781.5137
 21
-11489.0000
 31
0.0000
  0
SOLID
  5
622
  8
חשמל - מידות
 10
15781.5137
 20
-11938.0000
 30
0.0000
 11
15749.5137
 21
-12053.0000
 31
0.0000
 12
15813.5137
 22
-12053.0000
 32
0.0000
 13
15813.5137
 23
-12053.0000
 33
0.0000
  0
SOLID
  5
623
  8
חשמל - מידות
 10
15781.5137
 20
-11489.0000
 30
0.0000
 11
15749.5137
 21
-11374.0000
 31
0.0000
 12
15813.5137
 22
-11374.0000
 32
0.0000
 13
15813.5137
 23
-11374.0000
 33
0.0000
  0
TEXT
  5
624
  8
חשמל - מידות
 10
15686.5137
 20
-11713.5000
 30
0.0000
 40
100.0000
  1
44.9
 50
90.0000
  7
SOLINE
 72
1
 73
2
 11
15686.5137
 21
-11713.5000
 31
0.0000
  0
LINE
  5
625
  8
חלונות
 10
13626.5078
 20
-10780.0000
 30
0.0000
 11
15775.5078
 21
-10780.0000
 31
0.0000
  0
LINE
  5
626
  8
חלונות
 10
15775.5078
 20
-10780.0000
 30
0.0000
 11
15775.5078
 21
-9699.0000
 31
0.0000
  0
LINE
  5
627
  8
חלונות
 10
15775.5078
 20
-9699.0000
 30
0.0000
 11
13626.5078
 21
-9699.0000
 31
0.0000
  0
LINE
  5
628
  8
חלונות
 10
13626.5078
 20
-9699.0000
 30
0.0000
 11
13626.5078
 21
-10780.0000
 31
0.0000
  0
LINE
  5
629
  8
חלונות
 10
13626.5078
 20
-10088.1600
 30
0.0000
 11
15775.5078
 21
-10088.1600
 31
0.0000
  0
LINE
  5
62A
  8
חלונות
 10
15775.5078
 20
-10088.1600
 30
0.0000
 11
15775.5078
 21
-10390.8400
 31
0.0000
  0
LINE
  5
62B
  8
חלונות
 10
15775.5078
 20
-10390.8400
 30
0.0000
 11
13626.5078
 21
-10390.8400
 31
0.0000
  0
LINE
  5
62C
  8
חלונות
 10
13626.5078
 20
-10390.8400
 30
0.0000
 11
13626.5078
 21
-10088.1600
 31
0.0000
  0
LINE
  5
62D
  8
חלונות
 10
13626.5078
 20
-10191.0712
 30
0.0000
 11
15775.5078
 21
-10191.0712
 31
0.0000
  0
LINE
  5
62E
  8
חלונות
 10
13626.5078
 20
-10287.9288
 30
0.0000
 11
15775.5078
 21
-10287.9288
 31
0.0000
  0
LINE
  5
62F
  8
חלונות - מידות
 10
13682.0000
 20
-11898.0000
 30
0.0000
 11
13682.0000
 21
-5815.5000
 31
0.0000
  0
LINE
  5
630
  8
חלונות - מידות
 10
13626.5078
 20
-11898.0000
 30
0.0000
 11
13626.5078
 21
-5815.5000
 31
0.0000
  0
LINE
  5
631
  8
חלונות - מידות
 10
13682.0000
 20
-5875.5000
 30
0.0000
 11
13626.5078
 21
-5875.5000
 31
0.0000
  0
SOLID
  5
632
  8
חלונות - מידות
 10
13682.0000
 20
-5875.5000
 30
0.0000
 11
13797.0000
 21
-5843.5000
 31
0.0000
 12
13797.0000
 22
-5907.5000
 32
0.0000
 13
13797.0000
 23
-5907.5000
 33
0.0000
  0
SOLID
  5
633
  8
חלונות - מידות
 10
13626.5078
 20
-5875.5000
 30
0.0000
 11
13511.5078
 21
-5843.5000
 31
0.0000
 12
13511.5078
 22
-5907.5000
 32
0.0000
 13
13511.5078
 23
-5907.5000
 33
0.0000
  0
TEXT
  5
634
  8
חלונות - מידות
 10
13654.2539
 20
-5780.5000
 30
0.0000
 40
100.0000
  1
5.5
 50
360.0000
  7
SOLINE
 72
1
 73
2
 11
13654.2539
 21
-5780.5000
 31
0.0000
  0
LINE
  5
635
  8
חלונות - מידות
 10
13626.5078
 20
-9659.0000
 30
0.0000
 11
13626.5078
 21
-9415.5000
 31
0.0000
  0
LINE
  5
636
  8
חלונות - מידות
 10
15775.5078
 20
-9659.0000
 30
0.0000
 11
15775.5078
 21
-9415.5000
 31
0.0000
  0
LINE
  5
637
  8
חלונות - מידות
 10
13626.5078
 20
-9474.0000
 30
0.0000
 11
15775.5078
 21
-9474.0000
 31
0.0000
  0
SOLID
  5
638
  8
חלונות - מידות
 10
13626.5078
 20
-9474.0000
 30
0.0000
 11
13514.3828
 21
-9442.8000
 31
0.0000
 12
13514.3828
 22
-9505.2000
 32
0.0000
 13
13514.3828
 23
-9505.2000
 33
0.0000
  0
SOLID
  5
639
  8
חלונות - מידות
 10
15775.5078
 20
-9474.0000
 30
0.0000
 11
15887.6328
 21
-9442.8000
 31
0.0000
 12
15887.6328
 22
-9505.2000
 32
0.0000
 13
15887.6328
 23
-9505.2000
 33
0.0000
  0
TEXT
  5
63A
  8
חלונות - מידות
 10
14701.0078
 20
-9381.3750
 30
0.0000
 40
97.5000
  1
214.9
 50
0.0000
  7
SOLINE
 72
1
 73
2
 11
14701.0078
 21
-9381.3750
 31
0.0000
  0
LINE
  5
63B
  8
חלונות - מידות
 10
13586.5078
 20
-11938.0000
 30
0.0000
 11
13380.5078
 21
-11938.0000
 31
0.0000
  0
LINE
  5
63C
  8
חלונות - מידות
 10
13586.5078
 20
-10780.0000
 30
0.0000
 11
13380.5078
 21
-10780.0000
 31
0.0000
  0
LINE
  5
63D
  8
חלונות - מידות
 10
13439.0078
 20
-11938.0000
 30
0.0000
 11
13439.0078
 21
-10780.0000
 31
0.0000
  0
SOLID
  5
63E
  8
חלונות - מידות
 10
13439.0078
 20
-11938.0000
 30
0.0000
 11
13407.8078
 21
-12050.1250
 31
0.0000
 12
13470.2078
 22
-12050.1250
 32
0.0000
 13
13470.2078
 23
-12050.1250
 33
0.0000
  0
SOLID
  5
63F
  8
חלונות - מידות
 10
13439.0078
 20
-10780.0000
 30
0.0000
 11
13407.8078
 21
-10667.8750
 31
0.0000
 12
13470.2078
 22
-10667.8750
 32
0.0000
 13
13470.2078
 23
-10667.8750
 33
0.0000
  0
TEXT
  5
640
  8
חלונות - מידות
 10
13346.3828
 20
-11359.0000
 30
0.0000
 40
97.5000
  1
115.8
 50
90.0000
  7
SOLINE
 72
1
 73
2
 11
13346.3828
 21
-11359.0000
 31
0.0000
  0
LINE
  5
641
  8
חלונות - מידות
 10
13586.5078
 20
-10780.0000
 30
0.0000
 11
13043.0078
 21
-10780.0000
 31
0.0000
  0
LINE
  5
642
  8
חלונות - מידות
 10
13586.5078
 20
-9699.0000
 30
0.0000
 11
13043.0078
 21
-9699.0000
 31
0.0000
  0
LINE
  5
643
  8
חלונות - מידות
 10
13101.5078
 20
-10780.0000
 30
0.0000
 11
13101.5078
 21
-9699.0000
 31
0.0000
  0
SOLID
  5
644
  8
חלונות - מידות
 10
13101.5078
 20
-10780.0000
 30
0.0000
 11
13070.3078
 21
-10892.1250
 31
0.0000
 12
13132.7078
 22
-10892.1250
 32
0.0000
 13
13132.7078
 23
-10892.1250
 33
0.0000
  0
SOLID
  5
645
  8
חלונות - מידות
 10
13101.5078
 20
-9699.0000
 30
0.0000
 11
13070.3078
 21
-9586.8750
 31
0.0000
 12
13132.7078
 22
-9586.8750
 32
0.0000
 13
13132.7078
 23
-9586.8750
 33
0.0000
  0
TEXT
  5
646
  8
חלונות - מידות
 10
13008.8828
 20
-10239.5000
 30
0.0000
 40
97.5000
  1
108.1
 50
90.0000
  7
SOLINE
 72
1
 73
2
 11
13008.8828
 21
-10239.5000
 31
0.0000
  0
LINE
  5
647
  8
חלונות - מידות
 10
15815.5078
 20
-11938.0000
 30
0.0000
 11
16021.5078
 21
-11938.0000
 31
0.0000
  0
LINE
  5
648
  8
חלונות - מידות
 10
15815.5078
 20
-9699.0000
 30
0.0000
 11
16021.5078
 21
-9699.0000
 31
0.0000
  0
LINE
  5
649
  8
חלונות - מידות
 10
15963.0078
 20
-11938.0000
 30
0.0000
 11
15963.0078
 21
-9699.0000
 31
0.0000
  0
SOLID
  5
64A
  8
חלונות - מידות
 10
15963.0078
 20
-11938.0000
 30
0.0000
 11
15994.2078
 21
-12050.1250
 31
0.0000
 12
15931.8078
 22
-12050.1250
 32
0.0000
 13
15931.8078
 23
-12050.1250
 33
0.0000
  0
SOLID
  5
64B
  8
חלונות - מידות
 10
15963.0078
 20
-9699.0000
 30
0.0000
 11
15994.2078
 21
-9586.8750
 31
0.0000
 12
15931.8078
 22
-9586.8750
 32
0.0000
 13
15931.8078
 23
-9586.8750
 33
0.0000
  0
TEXT
  5
64C
  8
חלונות - מידות
 10
16055.6328
 20
-10818.5000
 30
0.0000
 40
97.5000
  1
223.9
 50
90.0000
  7
SOLINE
 72
1
 73
2
 11
16055.6328
 21
-10818.5000
 31
0.0000
  0
LINE
  5
64D
  8
חלונות - מידות
 10
15815.5078
 20
-9699.0000
 30
0.0000
 11
16359.0078
 21
-9699.0000
 31
0.0000
  0
LINE
  5
64E
  8
חלונות - מידות
 10
15815.5078
 20
-9233.0000
 30
0.0000
 11
16359.0078
 21
-9233.0000
 31
0.0000
  0
LINE
  5
64F
  8
חלונות - מידות
 10
16300.5078
 20
-9699.0000
 30
0.0000
 11
16300.5078
 21
-9233.0000
 31
0.0000
  0
SOLID
  5
650
  8
חלונות - מידות
 10
16300.5078
 20
-9699.0000
 30
0.0000
 11
16331.7078
 21
-9811.1250
 31
0.0000
 12
16269.3078
 22
-9811.1250
 32
0.0000
 13
16269.3078
 23
-9811.1250
 33
0.0000
  0
SOLID
  5
651
  8
חלונות - מידות
 10
16300.5078
 20
-9233.0000
 30
0.0000
 11
16331.7078
 21
-9120.8750
 31
0.0000
 12
16269.3078
 22
-9120.8750
 32
0.0000
 13
16269.3078
 23
-9120.8750
 33
0.0000
  0
TEXT
  5
652
  8
חלונות - מידות
 10
16393.1328
 20
-9466.0000
 30
0.0000
 40
97.5000
  1
46.6
 50
90.0000
  7
SOLINE
 72
1
 73
2
 11
16393.1328
 21
-9466.0000
 31
0.0000
  0
TEXT
  5
653
  8
קירות - טקסט
 10
15842.5000
 20
-12875.5000
 30
0.0000
 40
162.5000
  1
W4
 50
0.0000
  7
SOLINE
 72
1
 73
2
 11
15842.5000
 21
-12875.5000
 31
0.0000
  0
LINE
  5
654
  8
קירות
 10
20503.0000
 20
-11938.0000
 30
0.0000
 11
23690.0000
 21
-11938.0000
 31
0.0000
  0
LINE
  5
655
  8
קירות
 10
23690.0000
 20
-11938.0000
 30
0.0000
 11
23690.0000
 21
-9233.0000
 31
0.0000
  0
LINE
  5
656
  8
קירות
 10
23690.0000
 20
-9233.0000
 30
0.0000
 11
20503.0000
 21
-9233.0000
 31
0.0000
  0
LINE
  5
657
  8
קירות
 10
20503.0000
 20
-9233.0000
 30
0.0000
 11
20503.0000
 21
-11938.0000
 31
0.0000
  0
LINE
  5
658
  8
מידות - חוץ
 10
20503.0000
 20
-11988.0000
 30
0.0000
 11
20503.0000
 21
-12388.0000
 31
0.0000
  0
LINE
  5
659
  8
מידות - חוץ
 10
23690.0000
 20
-11988.0000
 30
0.0000
 11
23690.0000
 21
-12388.0000
 31
0.0000
  0
LINE
  5
65A
  8
מידות - חוץ
 10
20503.0000
 20
-12313.0000
 30
0.0000
 11
23690.0000
 21
-12313.0000
 31
0.0000
  0
SOLID
  5
65B
  8
מידות - חוץ
 10
20503.0000
 20
-12313.0000
 30
0.0000
 11
20359.2500
 21
-12353.0000
 31
0.0000
 12
20359.2500
 22
-12273.0000
 32
0.0000
 13
20359.2500
 23
-12273.0000
 33
0.0000
  0
SOLID
  5
65C
  8
מידות - חוץ
 10
23690.0000
 20
-12313.0000
 30
0.0000
 11
23833.7500
 21
-12353.0000
 31
0.0000
 12
23833.7500
 22
-12273.0000
 32
0.0000
 13
23833.7500
 23
-12273.0000
 33
0.0000
  0
TEXT
  5
65D
  8
מידות - חוץ
 10
22096.5000
 20
-12431.7500
 30
0.0000
 40
125.0000
  1
318.7
 50
0.0000
  7
SOLINE
 72
1
 73
2
 11
22096.5000
 21
-12431.7500
 31
0.0000
  0
LINE
  5
65E
  8
מידות - חוץ
 10
20453.0000
 20
-11938.0000
 30
0.0000
 11
20053.0000
 21
-11938.0000
 31
0.0000
  0
LINE
  5
65F
  8
מידות - חוץ
 10
20453.0000
 20
-9233.0000
 30
0.0000
 11
20053.0000
 21
-9233.0000
 31
0.0000
  0
LINE
  5
660
  8
מידות - חוץ
 10
20128.0000
 20
-11938.0000
 30
0.0000
 11
20128.0000
 21
-9233.0000
 31
0.0000
  0
SOLID
  5
661
  8
מידות - חוץ
 10
20128.0000
 20
-11938.0000
 30
0.0000
 11
20088.0000
 21
-12081.7500
 31
0.0000
 12
20168.0000
 22
-12081.7500
 32
0.0000
 13
20168.0000
 23
-12081.7500
 33
0.0000
  0
SOLID
  5
662
  8
מידות - חוץ
 10
20128.0000
 20
-9233.0000
 30
0.0000
 11
20088.0000
 21
-9089.2500
 31
0.0000
 12
20168.0000
 22
-9089.2500
 32
0.0000
 13
20168.0000
 23
-9089.2500
 33
0.0000
  0
TEXT
  5
663
  8
מידות - חוץ
 10
20009.2500
 20
-10585.5000
 30
0.0000
 40
125.0000
  1
270.5
 50
90.0000
  7
SOLINE
 72
1
 73
2
 11
20009.2500
 21
-10585.5000
 31
0.0000
  0
LINE
  5
664
  8
חשמל
 10
20740.9169
 20
-10863.0000
 30
0.0000
 11
20900.9169
 21
-10863.0000
 31
0.0000
  0
LINE
  5
665
  8
חשמל
 10
20900.9169
 20
-10863.0000
 30
0.0000
 11
20900.9169
 21
-10783.0000
 31
0.0000
  0
LINE
  5
666
  8
חשמל
 10
20900.9169
 20
-10783.0000
 30
0.0000
 11
20740.9169
 21
-10783.0000
 31
0.0000
  0
LINE
  5
667
  8
חשמל
 10
20740.9169
 20
-10783.0000
 30
0.0000
 11
20740.9169
 21
-10863.0000
 31
0.0000
  0
LINE
  5
668
  8
חשמל
 10
20820.9169
 20
-10863.0000
 30
0.0000
 11
20820.9169
 21
-10826.2000
 31
0.0000
  0
LINE
  5
669
  8
חשמל
 10
20741.8129
 20
-10826.2000
 30
0.0000
 11
20742.0543
 21
-10824.0503
 31
0.0000
  0
LINE
  5
66A
  8
חשמל
 10
20742.0543
 20
-10824.0503
 30
0.0000
 11
20742.7757
 21
-10821.9276
 31
0.0000
  0
LINE
  5
66B
  8
חשמל
 10
20742.7757
 20
-10821.9276
 30
0.0000
 11
20743.9678
 21
-10819.8586
 31
0.0000
  0
LINE
  5
66C
  8
חשמל
 10
20743.9678
 20
-10819.8586
 30
0.0000
 11
20745.6157
 21
-10817.8694
 31
0.0000
  0
LINE
  5
66D
  8
חשמל
 10
20745.6157
 20
-10817.8694
 30
0.0000
 11
20747.6987
 21
-10815.9850
 31
0.0000
  0
LINE
  5
66E
  8
חשמל
 10
20747.6987
 20
-10815.9850
 30
0.0000
 11
20750.1906
 21
-10814.2290
 31
0.0000
  0
LINE
  5
66F
  8
חשמל
 10
20750.1906
 20
-10814.2290
 30
0.0000
 11
20753.0600
 21
-10812.6235
 31
0.0000
  0
LINE
  5
670
  8
חשמל
 10
20753.0600
 20
-10812.6235
 30
0.0000
 11
20756.2709
 21
-10811.1888
 31
0.0000
  0
LINE
  5
671
  8
חשמל
 10
20756.2709
 20
-10811.1888
 30
0.0000
 11
20759.7829
 21
-10809.9429
 31
0.0000
  0
LINE
  5
672
  8
חשמל
 10
20759.7829
 20
-10809.9429
 30
0.0000
 11
20763.5518
 21
-10808.9014
 31
0.0000
  0
LINE
  5
673
  8
חשמל
 10
20763.5518
 20
-10808.9014
 30
0.0000
 11
20767.5302
 21
-10808.0774
 31
0.0000
  0
LINE
  5
674
  8
חשמל
 10
20767.5302
 20
-10808.0774
 30
0.0000
 11
20771.6681
 21
-10807.4814
 31
0.0000
  0
LINE
  5
675
  8
חשמל
 10
20771.6681
 20
-10807.4814
 30
0.0000
 11
20775.9135
 21
-10807.1207
 31
0.0000
  0
LINE
  5
676
  8
חשמל
 10
20775.9135
 20
-10807.1207
 30
0.0000
 11
20780.2129
 21
-10807.0000
 31
0.0000
  0
LINE
  5
677
  8
חשמל
 10
20780.2129
 20
-10807.0000
 30
0.0000
 11
20784.5123
 21
-10807.1207
 31
0.0000
  0
LINE
  5
678
  8
חשמל
 10
20784.5123
 20
-10807.1207
 30
0.0000
 11
20788.7577
 21
-10807.4814
 31
0.0000
  0
LINE
  5
679
  8
חשמל
 10
20788.7577
 20
-10807.4814
 30
0.0000
 11
20792.8956
 21
-10808.0774
 31
0.0000
  0
LINE
  5
67A
  8
חשמל
 10
20792.8956
 20
-10808.0774
 30
0.0000
 11
20796.8740
 21
-10808.9014
 31
0.0000
  0
LINE
  5
67B
  8
חשמל
 10
20796.8740
 20
-10808.9014
 30
0.0000
 11
20800.6429
 21
-10809.9429
 31
0.0000
  0
LINE
  5
67C
  8
חשמל
 10
20800.6429
 20
-10809.9429
 30
0.0000
 11
20804.1549
 21
-10811.1888
 31
0.0000
  0
LINE
  5
67D
  8
חשמל
 10
20804.1549
 20
-10811.1888
 30
0.0000
 11
20807.3658
 21
-10812.6235
 31
0.0000
  0
LINE
  5
67E
  8
חשמל
 10
20807.3658
 20
-10812.6235
 30
0.0000
 11
20810.2352
 21
-10814.2290
 31
0.0000
  0
LINE
  5
67F
  8
חשמל
 10
20810.2352
 20
-10814.2290
 30
0.0000
 11
20812.7271
 21
-10815.9850
 31
0.0000
  0
LINE
  5
680
  8
חשמל
 10
20812.7271
 20
-10815.9850
 30
0.0000
 11
20814.8101
 21
-10817.8694
 31
0.0000
  0
LINE
  5
681
  8
חשמל
 10
20814.8101
 20
-10817.8694
 30
0.0000
 11
20816.4580
 21
-10819.8586
 31
0.0000
  0
LINE
  5
682
  8
חשמל
 10
20816.4580
 20
-10819.8586
 30
0.0000
 11
20817.6501
 21
-10821.9276
 31
0.0000
  0
LINE
  5
683
  8
חשמל
 10
20817.6501
 20
-10821.9276
 30
0.0000
 11
20818.3714
 21
-10824.0503
 31
0.0000
  0
LINE
  5
684
  8
חשמל
 10
20818.3714
 20
-10824.0503
 30
0.0000
 11
20818.6129
 21
-10826.2000
 31
0.0000
  0
LINE
  5
685
  8
חשמל
 10
20741.8129
 20
-10826.2000
 30
0.0000
 11
20818.6129
 21
-10826.2000
 31
0.0000
  0
LINE
  5
686
  8
חשמל
 10
20823.2209
 20
-10826.2000
 30
0.0000
 11
20823.4623
 21
-10824.0503
 31
0.0000
  0
LINE
  5
687
  8
חשמל
 10
20823.4623
 20
-10824.0503
 30
0.0000
 11
20824.1837
 21
-10821.9276
 31
0.0000
  0
LINE
  5
688
  8
חשמל
 10
20824.1837
 20
-10821.9276
 30
0.0000
 11
20825.3758
 21
-10819.8586
 31
0.0000
  0
LINE
  5
689
  8
חשמל
 10
20825.3758
 20
-10819.8586
 30
0.0000
 11
20827.0237
 21
-10817.8694
 31
0.0000
  0
LINE
  5
68A
  8
חשמל
 10
20827.0237
 20
-10817.8694
 30
0.0000
 11
20829.1067
 21
-10815.9850
 31
0.0000
  0
LINE
  5
68B
  8
חשמל
 10
20829.1067
 20
-10815.9850
 30
0.0000
 11
20831.5986
 21
-10814.2290
 31
0.0000
  0
LINE
  5
68C
  8
חשמל
 10
20831.5986
 20
-10814.2290
 30
0.0000
 11
20834.4680
 21
-10812.6235
 31
0.0000
  0
LINE
  5
68D
  8
חשמל
 10
20834.4680
 20
-10812.6235
 30
0.0000
 11
20837.6789
 21
-10811.1888
 31
0.0000
  0
LINE
  5
68E
  8
חשמל
 10
20837.6789
 20
-10811.1888
 30
0.0000
 11
20841.1909
 21
-10809.9429
 31
0.0000
  0
LINE
  5
68F
  8
חשמל
 10
20841.1909
 20
-10809.9429
 30
0.0000
 11
20844.9598
 21
-10808.9014
 31
0.0000
  0
LINE
  5
690
  8
חשמל
 10
20844.9598
 20
-10808.9014
 30
0.0000
 11
20848.9382
 21
-10808.0774
 31
0.0000
  0
LINE
  5
691
  8
חשמל
 10
20848.9382
 20
-10808.0774
 30
0.0000
 11
20853.0761
 21
-10807.4814
 31
0.0000
  0
LINE
  5
692
  8
חשמל
 10
20853.0761
 20
-10807.4814
 30
0.0000
 11
20857.3215
 21
-10807.1207
 31
0.0000
  0
LINE
  5
693
  8
חשמל
 10
20857.3215
 20
-10807.1207
 30
0.0000
 11
20861.6209
 21
-10807.0000
 31
0.0000
  0
LINE
  5
694
  8
חשמל
 10
20861.6209
 20
-10807.0000
 30
0.0000
 11
20865.9203
 21
-10807.1207
 31
0.0000
  0
LINE
  5
695
  8
חשמל
 10
20865.9203
 20
-10807.1207
 30
0.0000
 11
20870.1657
 21
-10807.4814
 31
0.0000
  0
LINE
  5
696
  8
חשמל
 10
20870.1657
 20
-10807.4814
 30
0.0000
 11
20874.3036
 21
-10808.0774
 31
0.0000
  0
LINE
  5
697
  8
חשמל
 10
20874.3036
 20
-10808.0774
 30
0.0000
 11
20878.2820
 21
-10808.9014
 31
0.0000
  0
LINE
  5
698
  8
חשמל
 10
20878.2820
 20
-10808.9014
 30
0.0000
 11
20882.0509
 21
-10809.9429
 31
0.0000
  0
LINE
  5
699
  8
חשמל
 10
20882.0509
 20
-10809.9429
 30
0.0000
 11
20885.5629
 21
-10811.1888
 31
0.0000
  0
LINE
  5
69A
  8
חשמל
 10
20885.5629
 20
-10811.1888
 30
0.0000
 11
20888.7738
 21
-10812.6235
 31
0.0000
  0
LINE
  5
69B
  8
חשמל
 10
20888.7738
 20
-10812.6235
 30
0.0000
 11
20891.6432
 21
-10814.2290
 31
0.0000
  0
LINE
  5
69C
  8
חשמל
 10
20891.6432
 20
-10814.2290
 30
0.0000
 11
20894.1351
 21
-10815.9850
 31
0.0000
  0
LINE
  5
69D
  8
חשמל
 10
20894.1351
 20
-10815.9850
 30
0.0000
 11
20896.2181
 21
-10817.8694
 31
0.0000
  0
LINE
  5
69E
  8
חשמל
 10
20896.2181
 20
-10817.8694
 30
0.0000
 11
20897.8660
 21
-10819.8586
 31
0.0000
  0
LINE
  5
69F
  8
חשמל
 10
20897.8660
 20
-10819.8586
 30
0.0000
 11
20899.0581
 21
-10821.9276
 31
0.0000
  0
LINE
  5
6A0
  8
חשמל
 10
20899.0581
 20
-10821.9276
 30
0.0000
 11
20899.7794
 21
-10824.0503
 31
0.0000
  0
LINE
  5
6A1
  8
חשמל
 10
20899.7794
 20
-10824.0503
 30
0.0000
 11
20900.0209
 21
-10826.2000
 31
0.0000
  0
LINE
  5
6A2
  8
חשמל
 10
20823.2209
 20
-10826.2000
 30
0.0000
 11
20900.0209
 21
-10826.2000
 31
0.0000
  0
LINE
  5
6A3
  8
חשמל - מידות
 10
20503.0000
 20
-11978.0000
 30
0.0000
 11
20503.0000
 21
-12810.5000
 31
0.0000
  0
LINE
  5
6A4
  8
חשמל - מידות
 10
20820.9169
 20
-11978.0000
 30
0.0000
 11
20820.9169
 21
-12810.5000
 31
0.0000
  0
LINE
  5
6A5
  8
חשמל - מידות
 10
20503.0000
 20
-12750.5000
 30
0.0000
 11
20820.9169
 21
-12750.5000
 31
0.0000
  0
SOLID
  5
6A6
  8
חשמל - מידות
 10
20503.0000
 20
-12750.5000
 30
0.0000
 11
20388.0000
 21
-12782.5000
 31
0.0000
 12
20388.0000
 22
-12718.5000
 32
0.0000
 13
20388.0000
 23
-12718.5000
 33
0.0000
  0
SOLID
  5
6A7
  8
חשמל - מידות
 10
20820.9169
 20
-12750.5000
 30
0.0000
 11
20935.9169
 21
-12782.5000
 31
0.0000
 12
20935.9169
 22
-12718.5000
 32
0.0000
 13
20935.9169
 23
-12718.5000
 33
0.0000
  0
TEXT
  5
6A8
  8
חשמל - מידות
 10
20661.9584
 20
-12845.5000
 30
0.0000
 40
100.0000
  1
31.8
 50
0.0000
  7
SOLINE
 72
1
 73
2
 11
20661.9584
 21
-12845.5000
 31
0.0000
  0
LINE
  5
6A9
  8
חשמל - מידות
 10
20780.9169
 20
-11938.0000
 30
0.0000
 11
20493.4169
 21
-11938.0000
 31
0.0000
  0
LINE
  5
6AA
  8
חשמל - מידות
 10
20780.9169
 20
-10823.0000
 30
0.0000
 11
20493.4169
 21
-10823.0000
 31
0.0000
  0
LINE
  5
6AB
  8
חשמל - מידות
 10
20553.4169
 20
-11938.0000
 30
0.0000
 11
20553.4169
 21
-10823.0000
 31
0.0000
  0
SOLID
  5
6AC
  8
חשמל - מידות
 10
20553.4169
 20
-11938.0000
 30
0.0000
 11
20521.4169
 21
-12053.0000
 31
0.0000
 12
20585.4169
 22
-12053.0000
 32
0.0000
 13
20585.4169
 23
-12053.0000
 33
0.0000
  0
SOLID
  5
6AD
  8
חשמל - מידות
 10
20553.4169
 20
-10823.0000
 30
0.0000
 11
20521.4169
 21
-10708.0000
 31
0.0000
 12
20585.4169
 22
-10708.0000
 32
0.0000
 13
20585.4169
 23
-10708.0000
 33
0.0000
  0
TEXT
  5
6AE
  8
חשמל - מידות
 10
20458.4169
 20
-11380.5000
 30
0.0000
 40
100.0000
  1
111.5
 50
90.0000
  7
SOLINE
 72
1
 73
2
 11
20458.4169
 21
-11380.5000
 31
0.0000
  0
LINE
  5
6AF
  8
חלונות
 10
20423.4169
 20
-9642.0000
 30
0.0000
 11
21744.4169
 21
-9642.0000
 31
0.0000
  0
LINE
  5
6B0
  8
חלונות
 10
21744.4169
 20
-9642.0000
 30
0.0000
 11
21744.4169
 21
-9397.0000
 31
0.0000
  0
LINE
  5
6B1
  8
חלונות
 10
21744.4169
 20
-9397.0000
 30
0.0000
 11
20423.4169
 21
-9397.0000
 31
0.0000
  0
LINE
  5
6B2
  8
חלונות
 10
20423.4169
 20
-9397.0000
 30
0.0000
 11
20423.4169
 21
-9642.0000
 31
0.0000
  0
LINE
  5
6B3
  8
חלונות
 10
20423.4169
 20
-9480.3000
 30
0.0000
 11
21744.4169
 21
-9480.3000
 31
0.0000
  0
LINE
  5
6B4
  8
חלונות
 10
21744.4169
 20
-9480.3000
 30
0.0000
 11
21744.4169
 21
-9558.7000
 31
0.0000
  0
LINE
  5
6B5
  8
חלונות
 10
21744.4169
 20
-9558.7000
 30
0.0000
 11
20423.4169
 21
-9558.7000
 31
0.0000
  0
LINE
  5
6B6
  8
חלונות
 10
20423.4169
 20
-9558.7000
 30
0.0000
 11
20423.4169
 21
-9480.3000
 31
0.0000
  0
LINE
  5
6B7
  8
חלונות - מידות
 10
20503.0000
 20
-11898.0000
 30
0.0000
 11
20503.0000
 21
-10715.5000
 31
0.0000
  0
LINE
  5
6B8
  8
חלונות - מידות
 10
20423.4169
 20
-11898.0000
 30
0.0000
 11
20423.4169
 21
-10715.5000
 31
0.0000
  0
LINE
  5
6B9
  8
חלונות - מידות
 10
20503.0000
 20
-10775.5000
 30
0.0000
 11
20423.4169
 21
-10775.5000
 31
0.0000
  0
SOLID
  5
6BA
  8
חלונות - מידות
 10
20503.0000
 20
-10775.5000
 30
0.0000
 11
20618.0000
 21
-10743.5000
 31
0.0000
 12
20618.0000
 22
-10807.5000
 32
0.0000
 13
20618.0000
 23
-10807.5000
 33
0.0000
  0
SOLID
  5
6BB
  8
חלונות - מידות
 10
20423.4169
 20
-10775.5000
 30
0.0000
 11
20308.4169
 21
-10743.5000
 31
0.0000
 12
20308.4169
 22
-10807.5000
 32
0.0000
 13
20308.4169
 23
-10807.5000
 33
0.0000
  0
TEXT
  5
6BC
  8
חלונות - מידות
 10
20463.2084
 20
-10680.5000
 30
0.0000
 40
100.0000
  1
8
 50
360.0000
  7
SOLINE
 72
1
 73
2
 11
20463.2084
 21
-10680.5000
 31
0.0000
  0
LINE
  5
6BD
  8
חלונות - מידות
 10
20423.4169
 20
-9357.0000
 30
0.0000
 11
20423.4169
 21
-9113.5000
 31
0.0000
  0
LINE
  5
6BE
  8
חלונות - מידות
 10
21744.4169
 20
-9357.0000
 30
0.0000
 11
21744.4169
 21
-9113.5000
 31
0.0000
  0
LINE
  5
6BF
  8
חלונות - מידות
 10
20423.4169
 20
-9172.0000
 30
0.0000
 11
21744.4169
 21
-9172.0000
 31
0.0000
  0
SOLID
  5
6C0
  8
חלונות - מידות
 10
20423.4169
 20
-9172.0000
 30
0.0000
 11
20311.2919
 21
-9140.8000
 31
0.0000
 12
20311.2919
 22
-9203.2000
 32
0.0000
 13
20311.2919
 23
-9203.2000
 33
0.0000
  0
SOLID
  5
6C1
  8
חלונות - מידות
 10
21744.4169
 20
-9172.0000
 30
0.0000
 11
21856.5419
 21
-9140.8000
 31
0.0000
 12
21856.5419
 22
-9203.2000
 32
0.0000
 13
21856.5419
 23
-9203.2000
 33
0.0000
  0
TEXT
  5
6C2
  8
חלונות - מידות
 10
21083.9169
 20
-9079.3750
 30
0.0000
 40
97.5000
  1
132.1
 50
0.0000
  7
SOLINE
 72
1
 73
2
 11
21083.9169
 21
-9079.3750
 31
0.0000
  0
LINE
  5
6C3
  8
חלונות - מידות
 10
20383.4169
 20
-11938.0000
 30
0.0000
 11
20177.4169
 21
-11938.0000
 31
0.0000
  0
LINE
  5
6C4
  8
חלונות - מידות
 10
20383.4169
 20
-9642.0000
 30
0.0000
 11
20177.4169
 21
-9642.0000
 31
0.0000
  0
LINE
  5
6C5
  8
חלונות - מידות
 10
20235.9169
 20
-11938.0000
 30
0.0000
 11
20235.9169
 21
-9642.0000
 31
0.0000
  0
SOLID
  5
6C6
  8
חלונות - מידות
 10
20235.9169
 20
-11938.0000
 30
0.0000
 11
20204.7169
 21
-12050.1250
 31
0.0000
 12
20267.1169
 22
-12050.1250
 32
0.0000
 13
20267.1169
 23
-12050.1250
 33
0.0000
  0
SOLID
  5
6C7
  8
חלונות - מידות
 10
20235.9169
 20
-9642.0000
 30
0.0000
 11
20204.7169
 21
-9529.8750
 31
0.0000
 12
20267.1169
 22
-9529.8750
 32
0.0000
 13
20267.1169
 23
-9529.8750
 33
0.0000
  0
TEXT
  5
6C8
  8
חלונות - מידות
 10
20143.2919
 20
-10790.0000
 30
0.0000
 40
97.5000
  1
229.6
 50
90.0000
  7
SOLINE
 72
1
 73
2
 11
20143.2919
 21
-10790.0000
 31
0.0000
  0
LINE
  5
6C9
  8
חלונות - מידות
 10
20383.4169
 20
-9642.0000
 30
0.0000
 11
19839.9169
 21
-9642.0000
 31
0.0000
  0
LINE
  5
6CA
  8
חלונות - מידות
 10
20383.4169
 20
-9397.0000
 30
0.0000
 11
19839.9169
 21
-9397.0000
 31
0.0000
  0
LINE
  5
6CB
  8
חלונות - מידות
 10
19898.4169
 20
-9642.0000
 30
0.0000
 11
19898.4169
 21
-9397.0000
 31
0.0000
  0
SOLID
  5
6CC
  8
חלונות - מידות
 10
19898.4169
 20
-9642.0000
 30
0.0000
 11
19867.2169
 21
-9754.1250
 31
0.0000
 12
19929.6169
 22
-9754.1250
 32
0.0000
 13
19929.6169
 23
-9754.1250
 33
0.0000
  0
SOLID
  5
6CD
  8
חלונות - מידות
 10
19898.4169
 20
-9397.0000
 30
0.0000
 11
19867.2169
 21
-9284.8750
 31
0.0000
 12
19929.6169
 22
-9284.8750
 32
0.0000
 13
19929.6169
 23
-9284.8750
 33
0.0000
  0
TEXT
  5
6CE
  8
חלונות - מידות
 10
19805.7919
 20
-9519.5000
 30
0.0000
 40
97.5000
  1
24.5
 50
90.0000
  7
SOLINE
 72
1
 73
2
 11
19805.7919
 21
-9519.5000
 31
0.0000
  0
LINE
  5
6CF
  8
חלונות - מידות
 10
21784.4169
 20
-11938.0000
 30
0.0000
 11
21990.4169
 21
-11938.0000
 31
0.0000
  0
LINE
  5
6D0
  8
חלונות - מידות
 10
21784.4169
 20
-9397.0000
 30
0.0000
 11
21990.4169
 21
-9397.0000
 31
0.0000
  0
LINE
  5
6D1
  8
חלונות - מידות
 10
21931.9169
 20
-11938.0000
 30
0.0000
 11
21931.9169
 21
-9397.0000
 31
0.0000
  0
SOLID
  5
6D2
  8
חלונות - מידות
 10
21931.9169
 20
-11938.0000
 30
0.0000
 11
21963.1169
 21
-12050.1250
 31
0.0000
 12
21900.7169
 22
-12050.1250
 32
0.0000
 13
21900.7169
 23
-12050.1250
 33
0.0000
  0
SOLID
  5
6D3
  8
חלונות - מידות
 10
21931.9169
 20
-9397.0000
 30
0.0000
 11
21963.1169
 21
-9284.8750
 31
0.0000
 12
21900.7169
 22
-9284.8750
 32
0.0000
 13
21900.7169
 23
-9284.8750
 33
0.0000
  0
TEXT
  5
6D4
  8
חלונות - מידות
 10
22024.5419
 20
-10667.5000
 30
0.0000
 40
97.5000
  1
254.1
 50
90.0000
  7
SOLINE
 72
1
 73
2
 11
22024.5419
 21
-10667.5000
 31
0.0000
  0
LINE
  5
6D5
  8
חלונות - מידות
 10
21784.4169
 20
-9397.0000
 30
0.0000
 11
22327.9169
 21
-9397.0000
 31
0.0000
  0
LINE
  5
6D6
  8
חלונות - מידות
 10
21784.4169
 20
-9233.0000
 30
0.0000
 11
22327.9169
 21
-9233.0000
 31
0.0000
  0
LINE
  5
6D7
  8
חלונות - מידות
 10
22269.4169
 20
-9397.0000
 30
0.0000
 11
22269.4169
 21
-9233.0000
 31
0.0000
  0
SOLID
  5
6D8
  8
חלונות - מידות
 10
22269.4169
 20
-9397.0000
 30
0.0000
 11
22300.6169
 21
-9509.1250
 31
0.0000
 12
22238.2169
 22
-9509.1250
 32
0.0000
 13
22238.2169
 23
-9509.1250
 33
0.0000
  0
SOLID
  5
6D9
  8
חלונות - מידות
 10
22269.4169
 20
-9233.0000
 30
0.0000
 11
22300.6169
 21
-9120.8750
 31
0.0000
 12
22238.2169
 22
-9120.8750
 32
0.0000
 13
22238.2169
 23
-9120.8750
 33
0.0000
  0
TEXT
  5
6DA
  8
חלונות - מידות
 10
22362.0419
 20
-9315.0000
 30
0.0000
 40
97.5000
  1
16.4
 50
90.0000
  7
SOLINE
 72
1
 73
2
 11
22362.0419
 21
-9315.0000
 31
0.0000
  0
LINE
  5
6DB
  8
חשמל
 10
22500.4169
 20
-10854.5000
 30
0.0000
 11
22673.4169
 21
-10854.5000
 31
0.0000
  0
LINE
  5
6DC
  8
חשמל
 10
22673.4169
 20
-10854.5000
 30
0.0000
 11
22673.4169
 21
-10787.5000
 31
0.0000
  0
LINE
  5
6DD
  8
חשמל
 10
22673.4169
 20
-10787.5000
 30
0.0000
 11
22500.4169
 21
-10787.5000
 31
0.0000
  0
LINE
  5
6DE
  8
חשמל
 10
22500.4169
 20
-10787.5000
 30
0.0000
 11
22500.4169
 21
-10854.5000
 31
0.0000
  0
LINE
  5
6DF
  8
חשמל
 10
22586.9169
 20
-10854.5000
 30
0.0000
 11
22586.9169
 21
-10823.6800
 31
0.0000
  0
LINE
  5
6E0
  8
חשמל
 10
22531.5569
 20
-10823.6800
 30
0.0000
 11
22531.9050
 21
-10821.2795
 31
0.0000
  0
LINE
  5
6E1
  8
חשמל
 10
22531.9050
 20
-10821.2795
 30
0.0000
 11
22532.9449
 21
-10818.9092
 31
0.0000
  0
LINE
  5
6E2
  8
חשמל
 10
22532.9449
 20
-10818.9092
 30
0.0000
 11
22534.6635
 21
-10816.5988
 31
0.0000
  0
LINE
  5
6E3
  8
חשמל
 10
22534.6635
 20
-10816.5988
 30
0.0000
 11
22537.0393
 21
-10814.3775
 31
0.0000
  0
LINE
  5
6E4
  8
חשמל
 10
22537.0393
 20
-10814.3775
 30
0.0000
 11
22540.0422
 21
-10812.2732
 31
0.0000
  0
LINE
  5
6E5
  8
חשמל
 10
22540.0422
 20
-10812.2732
 30
0.0000
 11
22543.6347
 21
-10810.3124
 31
0.0000
  0
LINE
  5
6E6
  8
חשמל
 10
22543.6347
 20
-10810.3124
 30
0.0000
 11
22547.7715
 21
-10808.5196
 31
0.0000
  0
LINE
  5
6E7
  8
חשמל
 10
22547.7715
 20
-10808.5196
 30
0.0000
 11
22552.4005
 21
-10806.9175
 31
0.0000
  0
LINE
  5
6E8
  8
חשמל
 10
22552.4005
 20
-10806.9175
 30
0.0000
 11
22557.4636
 21
-10805.5262
 31
0.0000
  0
LINE
  5
6E9
  8
חשמל
 10
22557.4636
 20
-10805.5262
 30
0.0000
 11
22562.8971
 21
-10804.3632
 31
0.0000
  0
LINE
  5
6EA
  8
חשמל
 10
22562.8971
 20
-10804.3632
 30
0.0000
 11
22568.6326
 21
-10803.4431
 31
0.0000
  0
LINE
  5
6EB
  8
חשמל
 10
22568.6326
 20
-10803.4431
 30
0.0000
 11
22574.5981
 21
-10802.7775
 31
0.0000
  0
LINE
  5
6EC
  8
חשמל
 10
22574.5981
 20
-10802.7775
 30
0.0000
 11
22580.7185
 21
-10802.3748
 31
0.0000
  0
LINE
  5
6ED
  8
חשמל
 10
22580.7185
 20
-10802.3748
 30
0.0000
 11
22586.9169
 21
-10802.2400
 31
0.0000
  0
LINE
  5
6EE
  8
חשמל
 10
22586.9169
 20
-10802.2400
 30
0.0000
 11
22593.1152
 21
-10802.3748
 31
0.0000
  0
LINE
  5
6EF
  8
חשמל
 10
22593.1152
 20
-10802.3748
 30
0.0000
 11
22599.2357
 21
-10802.7775
 31
0.0000
  0
LINE
  5
6F0
  8
חשמל
 10
22599.2357
 20
-10802.7775
 30
0.0000
 11
22605.2011
 21
-10803.4431
 31
0.0000
  0
LINE
  5
6F1
  8
חשמל
 10
22605.2011
 20
-10803.4431
 30
0.0000
 11
22610.9367
 21
-10804.3632
 31
0.0000
  0
LINE
  5
6F2
  8
חשמל
 10
22610.9367
 20
-10804.3632
 30
0.0000
 11
22616.3702
 21
-10805.5262
 31
0.0000
  0
LINE
  5
6F3
  8
חשמל
 10
22616.3702
 20
-10805.5262
 30
0.0000
 11
22621.4333
 21
-10806.9175
 31
0.0000
  0
LINE
  5
6F4
  8
חשמל
 10
22621.4333
 20
-10806.9175
 30
0.0000
 11
22626.0623
 21
-10808.5196
 31
0.0000
  0
LINE
  5
6F5
  8
חשמל
 10
22626.0623
 20
-10808.5196
 30
0.0000
 11
22630.1991
 21
-10810.3124
 31
0.0000
  0
LINE
  5
6F6
  8
חשמל
 10
22630.1991
 20
-10810.3124
 30
0.0000
 11
22633.7915
 21
-10812.2732
 31
0.0000
  0
LINE
  5
6F7
  8
חשמל
 10
22633.7915
 20
-10812.2732
 30
0.0000
 11
22636.7945
 21
-10814.3775
 31
0.0000
  0
LINE
  5
6F8
  8
חשמל
 10
22636.7945
 20
-10814.3775
 30
0.0000
 11
22639.1703
 21
-10816.5988
 31
0.0000
  0
LINE
  5
6F9
  8
חשמל
 10
22639.1703
 20
-10816.5988
 30
0.0000
 11
22640.8889
 21
-10818.9092
 31
0.0000
  0
LINE
  5
6FA
  8
חשמל
 10
22640.8889
 20
-10818.9092
 30
0.0000
 11
22641.9288
 21
-10821.2795
 31
0.0000
  0
LINE
  5
6FB
  8
חשמל
 10
22641.9288
 20
-10821.2795
 30
0.0000
 11
22642.2769
 21
-10823.6800
 31
0.0000
  0
LINE
  5
6FC
  8
חשמל
 10
22531.5569
 20
-10823.6800
 30
0.0000
 11
22642.2769
 21
-10823.6800
 31
0.0000
  0
LINE
  5
6FD
  8
חשמל - מידות
 10
23690.0000
 20
-11898.0000
 30
0.0000
 11
23690.0000
 21
-10365.5000
 31
0.0000
  0
LINE
  5
6FE
  8
חשמל - מידות
 10
22586.9169
 20
-11898.0000
 30
0.0000
 11
22586.9169
 21
-10365.5000
 31
0.0000
  0
LINE
  5
6FF
  8
חשמל - מידות
 10
23690.0000
 20
-10425.5000
 30
0.0000
 11
22586.9169
 21
-10425.5000
 31
0.0000
  0
SOLID
  5
700
  8
חשמל - מידות
 10
23690.0000
 20
-10425.5000
 30
0.0000
 11
23805.0000
 21
-10393.5000
 31
0.0000
 12
23805.0000
 22
-10457.5000
 32
0.0000
 13
23805.0000
 23
-10457.5000
 33
0.0000
  0
SOLID
  5
701
  8
חשמל - מידות
 10
22586.9169
 20
-10425.5000
 30
0.0000
 11
22471.9169
 21
-10393.5000
 31
0.0000
 12
22471.9169
 22
-10457.5000
 32
0.0000
 13
22471.9169
 23
-10457.5000
 33
0.0000
  0
TEXT
  5
702
  8
חשמל - מידות
 10
23138.4584
 20
-10330.5000
 30
0.0000
 40
100.0000
  1
110.3
 50
360.0000
  7
SOLINE
 72
1
 73
2
 11
23138.4584
 21
-10330.5000
 31
0.0000
  0
LINE
  5
703
  8
חשמל - מידות
 10
22546.9169
 20
-11938.0000
 30
0.0000
 11
22252.9169
 21
-11938.0000
 31
0.0000
  0
LINE
  5
704
  8
חשמל - מידות
 10
22546.9169
 20
-10821.0000
 30
0.0000
 11
22252.9169
 21
-10821.0000
 31
0.0000
  0
LINE
  5
705
  8
חשמל - מידות
 10
22312.9169
 20
-11938.0000
 30
0.0000
 11
22312.9169
 21
-10821.0000
 31
0.0000
  0
SOLID
  5
706
  8
חשמל - מידות
 10
22312.9169
 20
-11938.0000
 30
0.0000
 11
22280.9169
 21
-12053.0000
 31
0.0000
 12
22344.9169
 22
-12053.0000
 32
0.0000
 13
22344.9169
 23
-12053.0000
 33
0.0000
  0
SOLID
  5
707
  8
חשמל - מידות
 10
22312.9169
 20
-10821.0000
 30
0.0000
 11
22280.9169
 21
-10706.0000
 31
0.0000
 12
22344.9169
 22
-10706.0000
 32
0.0000
 13
22344.9169
 23
-10706.0000
 33
0.0000
  0
TEXT
  5
708
  8
חשמל - מידות
 10
22217.9169
 20
-11379.5000
 30
0.0000
 40
100.0000
  1
111.7
 50
90.0000
  7
SOLINE
 72
1
 73
2
 11
22217.9169
 21
-11379.5000
 31
0.0000
  0
LINE
  5
709
  8
חשמל
 10
23125.9169
 20
-10865.0000
 30
0.0000
 11
23285.9169
 21
-10865.0000
 31
0.0000
  0
LINE
  5
70A
  8
חשמל
 10
23285.9169
 20
-10865.0000
 30
0.0000
 11
23285.9169
 21
-10785.0000
 31
0.0000
  0
LINE
  5
70B
  8
חשמל
 10
23285.9169
 20
-10785.0000
 30
0.0000
 11
23125.9169
 21
-10785.0000
 31
0.0000
  0
LINE
  5
70C
  8
חשמל
 10
23125.9169
 20
-10785.0000
 30
0.0000
 11
23125.9169
 21
-10865.0000
 31
0.0000
  0
LINE
  5
70D
  8
חשמל
 10
23205.9169
 20
-10865.0000
 30
0.0000
 11
23205.9169
 21
-10828.2000
 31
0.0000
  0
LINE
  5
70E
  8
חשמל
 10
23126.8129
 20
-10828.2000
 30
0.0000
 11
23127.0543
 21
-10826.0503
 31
0.0000
  0
LINE
  5
70F
  8
חשמל
 10
23127.0543
 20
-10826.0503
 30
0.0000
 11
23127.7757
 21
-10823.9276
 31
0.0000
  0
LINE
  5
710
  8
חשמל
 10
23127.7757
 20
-10823.9276
 30
0.0000
 11
23128.9678
 21
-10821.8586
 31
0.0000
  0
LINE
  5
711
  8
חשמל
 10
23128.9678
 20
-10821.8586
 30
0.0000
 11
23130.6157
 21
-10819.8694
 31
0.0000
  0
LINE
  5
712
  8
חשמל
 10
23130.6157
 20
-10819.8694
 30
0.0000
 11
23132.6987
 21
-10817.9850
 31
0.0000
  0
LINE
  5
713
  8
חשמל
 10
23132.6987
 20
-10817.9850
 30
0.0000
 11
23135.1906
 21
-10816.2290
 31
0.0000
  0
LINE
  5
714
  8
חשמל
 10
23135.1906
 20
-10816.2290
 30
0.0000
 11
23138.0600
 21
-10814.6235
 31
0.0000
  0
LINE
  5
715
  8
חשמל
 10
23138.0600
 20
-10814.6235
 30
0.0000
 11
23141.2709
 21
-10813.1888
 31
0.0000
  0
LINE
  5
716
  8
חשמל
 10
23141.2709
 20
-10813.1888
 30
0.0000
 11
23144.7829
 21
-10811.9429
 31
0.0000
  0
LINE
  5
717
  8
חשמל
 10
23144.7829
 20
-10811.9429
 30
0.0000
 11
23148.5518
 21
-10810.9014
 31
0.0000
  0
LINE
  5
718
  8
חשמל
 10
23148.5518
 20
-10810.9014
 30
0.0000
 11
23152.5302
 21
-10810.0774
 31
0.0000
  0
LINE
  5
719
  8
חשמל
 10
23152.5302
 20
-10810.0774
 30
0.0000
 11
23156.6681
 21
-10809.4814
 31
0.0000
  0
LINE
  5
71A
  8
חשמל
 10
23156.6681
 20
-10809.4814
 30
0.0000
 11
23160.9135
 21
-10809.1207
 31
0.0000
  0
LINE
  5
71B
  8
חשמל
 10
23160.9135
 20
-10809.1207
 30
0.0000
 11
23165.2129
 21
-10809.0000
 31
0.0000
  0
LINE
  5
71C
  8
חשמל
 10
23165.2129
 20
-10809.0000
 30
0.0000
 11
23169.5123
 21
-10809.1207
 31
0.0000
  0
LINE
  5
71D
  8
חשמל
 10
23169.5123
 20
-10809.1207
 30
0.0000
 11
23173.7577
 21
-10809.4814
 31
0.0000
  0
LINE
  5
71E
  8
חשמל
 10
23173.7577
 20
-10809.4814
 30
0.0000
 11
23177.8956
 21
-10810.0774
 31
0.0000
  0
LINE
  5
71F
  8
חשמל
 10
23177.8956
 20
-10810.0774
 30
0.0000
 11
23181.8740
 21
-10810.9014
 31
0.0000
  0
LINE
  5
720
  8
חשמל
 10
23181.8740
 20
-10810.9014
 30
0.0000
 11
23185.6429
 21
-10811.9429
 31
0.0000
  0
LINE
  5
721
  8
חשמל
 10
23185.6429
 20
-10811.9429
 30
0.0000
 11
23189.1549
 21
-10813.1888
 31
0.0000
  0
LINE
  5
722
  8
חשמל
 10
23189.1549
 20
-10813.1888
 30
0.0000
 11
23192.3658
 21
-10814.6235
 31
0.0000
  0
LINE
  5
723
  8
חשמל
 10
23192.3658
 20
-10814.6235
 30
0.0000
 11
23195.2352
 21
-10816.2290
 31
0.0000
  0
LINE
  5
724
  8
חשמל
 10
23195.2352
 20
-10816.2290
 30
0.0000
 11
23197.7271
 21
-10817.9850
 31
0.0000
  0
LINE
  5
725
  8
חשמל
 10
23197.7271
 20
-10817.9850
 30
0.0000
 11
23199.8101
 21
-10819.8694
 31
0.0000
  0
LINE
  5
726
  8
חשמל
 10
23199.8101
 20
-10819.8694
 30
0.0000
 11
23201.4580
 21
-10821.8586
 31
0.0000
  0
LINE
  5
727
  8
חשמל
 10
23201.4580
 20
-10821.8586
 30
0.0000
 11
23202.6501
 21
-10823.9276
 31
0.0000
  0
LINE
  5
728
  8
חשמל
 10
23202.6501
 20
-10823.9276
 30
0.0000
 11
23203.3714
 21
-10826.0503
 31
0.0000
  0
LINE
  5
729
  8
חשמל
 10
23203.3714
 20
-10826.0503
 30
0.0000
 11
23203.6129
 21
-10828.2000
 31
0.0000
  0
LINE
  5
72A
  8
חשמל
 10
23126.8129
 20
-10828.2000
 30
0.0000
 11
23203.6129
 21
-10828.2000
 31
0.0000
  0
LINE
  5
72B
  8
חשמל
 10
23208.2209
 20
-10828.2000
 30
0.0000
 11
23208.4623
 21
-10826.0503
 31
0.0000
  0
LINE
  5
72C
  8
חשמל
 10
23208.4623
 20
-10826.0503
 30
0.0000
 11
23209.1837
 21
-10823.9276
 31
0.0000
  0
LINE
  5
72D
  8
חשמל
 10
23209.1837
 20
-10823.9276
 30
0.0000
 11
23210.3758
 21
-10821.8586
 31
0.0000
  0
LINE
  5
72E
  8
חשמל
 10
23210.3758
 20
-10821.8586
 30
0.0000
 11
23212.0237
 21
-10819.8694
 31
0.0000
  0
LINE
  5
72F
  8
חשמל
 10
23212.0237
 20
-10819.8694
 30
0.0000
 11
23214.1067
 21
-10817.9850
 31
0.0000
  0
LINE
  5
730
  8
חשמל
 10
23214.1067
 20
-10817.9850
 30
0.0000
 11
23216.5986
 21
-10816.2290
 31
0.0000
  0
LINE
  5
731
  8
חשמל
 10
23216.5986
 20
-10816.2290
 30
0.0000
 11
23219.4680
 21
-10814.6235
 31
0.0000
  0
LINE
  5
732
  8
חשמל
 10
23219.4680
 20
-10814.6235
 30
0.0000
 11
23222.6789
 21
-10813.1888
 31
0.0000
  0
LINE
  5
733
  8
חשמל
 10
23222.6789
 20
-10813.1888
 30
0.0000
 11
23226.1909
 21
-10811.9429
 31
0.0000
  0
LINE
  5
734
  8
חשמל
 10
23226.1909
 20
-10811.9429
 30
0.0000
 11
23229.9598
 21
-10810.9014
 31
0.0000
  0
LINE
  5
735
  8
חשמל
 10
23229.9598
 20
-10810.9014
 30
0.0000
 11
23233.9382
 21
-10810.0774
 31
0.0000
  0
LINE
  5
736
  8
חשמל
 10
23233.9382
 20
-10810.0774
 30
0.0000
 11
23238.0761
 21
-10809.4814
 31
0.0000
  0
LINE
  5
737
  8
חשמל
 10
23238.0761
 20
-10809.4814
 30
0.0000
 11
23242.3215
 21
-10809.1207
 31
0.0000
  0
LINE
  5
738
  8
חשמל
 10
23242.3215
 20
-10809.1207
 30
0.0000
 11
23246.6209
 21
-10809.0000
 31
0.0000
  0
LINE
  5
739
  8
חשמל
 10
23246.6209
 20
-10809.0000
 30
0.0000
 11
23250.9203
 21
-10809.1207
 31
0.0000
  0
LINE
  5
73A
  8
חשמל
 10
23250.9203
 20
-10809.1207
 30
0.0000
 11
23255.1657
 21
-10809.4814
 31
0.0000
  0
LINE
  5
73B
  8
חשמל
 10
23255.1657
 20
-10809.4814
 30
0.0000
 11
23259.3036
 21
-10810.0774
 31
0.0000
  0
LINE
  5
73C
  8
חשמל
 10
23259.3036
 20
-10810.0774
 30
0.0000
 11
23263.2820
 21
-10810.9014
 31
0.0000
  0
LINE
  5
73D
  8
חשמל
 10
23263.2820
 20
-10810.9014
 30
0.0000
 11
23267.0509
 21
-10811.9429
 31
0.0000
  0
LINE
  5
73E
  8
חשמל
 10
23267.0509
 20
-10811.9429
 30
0.0000
 11
23270.5629
 21
-10813.1888
 31
0.0000
  0
LINE
  5
73F
  8
חשמל
 10
23270.5629
 20
-10813.1888
 30
0.0000
 11
23273.7738
 21
-10814.6235
 31
0.0000
  0
LINE
  5
740
  8
חשמל
 10
23273.7738
 20
-10814.6235
 30
0.0000
 11
23276.6432
 21
-10816.2290
 31
0.0000
  0
LINE
  5
741
  8
חשמל
 10
23276.6432
 20
-10816.2290
 30
0.0000
 11
23279.1351
 21
-10817.9850
 31
0.0000
  0
LINE
  5
742
  8
חשמל
 10
23279.1351
 20
-10817.9850
 30
0.0000
 11
23281.2181
 21
-10819.8694
 31
0.0000
  0
LINE
  5
743
  8
חשמל
 10
23281.2181
 20
-10819.8694
 30
0.0000
 11
23282.8660
 21
-10821.8586
 31
0.0000
  0
LINE
  5
744
  8
חשמל
 10
23282.8660
 20
-10821.8586
 30
0.0000
 11
23284.0581
 21
-10823.9276
 31
0.0000
  0
LINE
  5
745
  8
חשמל
 10
23284.0581
 20
-10823.9276
 30
0.0000
 11
23284.7794
 21
-10826.0503
 31
0.0000
  0
LINE
  5
746
  8
חשמל
 10
23284.7794
 20
-10826.0503
 30
0.0000
 11
23285.0209
 21
-10828.2000
 31
0.0000
  0
LINE
  5
747
  8
חשמל
 10
23208.2209
 20
-10828.2000
 30
0.0000
 11
23285.0209
 21
-10828.2000
 31
0.0000
  0
LINE
  5
748
  8
חשמל - מידות
 10
23690.0000
 20
-11898.0000
 30
0.0000
 11
23690.0000
 21
-10015.5000
 31
0.0000
  0
LINE
  5
749
  8
חשמל - מידות
 10
23205.9169
 20
-11898.0000
 30
0.0000
 11
23205.9169
 21
-10015.5000
 31
0.0000
  0
LINE
  5
74A
  8
חשמל - מידות
 10
23690.0000
 20
-10075.5000
 30
0.0000
 11
23205.9169
 21
-10075.5000
 31
0.0000
  0
SOLID
  5
74B
  8
חשמל - מידות
 10
23690.0000
 20
-10075.5000
 30
0.0000
 11
23805.0000
 21
-10043.5000
 31
0.0000
 12
23805.0000
 22
-10107.5000
 32
0.0000
 13
23805.0000
 23
-10107.5000
 33
0.0000
  0
SOLID
  5
74C
  8
חשמל - מידות
 10
23205.9169
 20
-10075.5000
 30
0.0000
 11
23090.9169
 21
-10043.5000
 31
0.0000
 12
23090.9169
 22
-10107.5000
 32
0.0000
 13
23090.9169
 23
-10107.5000
 33
0.0000
  0
TEXT
  5
74D
  8
חשמל - מידות
 10
23447.9584
 20
-9980.5000
 30
0.0000
 40
100.0000
  1
48.4
 50
360.0000
  7
SOLINE
 72
1
 73
2
 11
23447.9584
 21
-9980.5000
 31
0.0000
  0
LINE
  5
74E
  8
חשמל - מידות
 10
23245.9169
 20
-11938.0000
 30
0.0000
 11
23533.4169
 21
-11938.0000
 31
0.0000
  0
LINE
  5
74F
  8
חשמל - מידות
 10
23245.9169
 20
-10825.0000
 30
0.0000
 11
23533.4169
 21
-10825.0000
 31
0.0000
  0
LINE
  5
750
  8
חשמל - מידות
 10
23473.4169
 20
-11938.0000
 30
0.0000
 11
23473.4169
 21
-10825.0000
 31
0.0000
  0
SOLID
  5
751
  8
חשמל - מידות
 10
23473.4169
 20
-11938.0000
 30
0.0000
 11
23505.4169
 21
-12053.0000
 31
0.0000
 12
23441.4169
 22
-12053.0000
 32
0.0000
 13
23441.4169
 23
-12053.0000
 33
0.0000
  0
SOLID
  5
752
  8
חשמל - מידות
 10
23473.4169
 20
-10825.0000
 30
0.0000
 11
23505.4169
 21
-10710.0000
 31
0.0000
 12
23441.4169
 22
-10710.0000
 32
0.0000
 13
23441.4169
 23
-10710.0000
 33
0.0000
  0
TEXT
  5
753
  8
חשמל - מידות
 10
23568.4169
 20
-11381.5000
 30
0.0000
 40
100.0000
  1
111.3
 50
90.0000
  7
SOLINE
 72
1
 73
2
 11
23568.4169
 21
-11381.5000
 31
0.0000
  0
LINE
  5
754
  8
תאורה
 10
22669.9169
 20
-9273.0000
 30
0.0000
 11
22769.9169
 21
-9273.0000
 31
0.0000
  0
LINE
  5
755
  8
תאורה
 10
22769.9169
 20
-9273.0000
 30
0.0000
 11
22769.9169
 21
-9243.0000
 31
0.0000
  0
LINE
  5
756
  8
תאורה
 10
22769.9169
 20
-9243.0000
 30
0.0000
 11
22669.9169
 21
-9243.0000
 31
0.0000
  0
LINE
  5
757
  8
תאורה
 10
22669.9169
 20
-9243.0000
 30
0.0000
 11
22669.9169
 21
-9273.0000
 31
0.0000
  0
LINE
  5
758
  8
תאורה
 10
22749.9169
 20
-9258.0000
 30
0.0000
 11
22749.3405
 21
-9259.7558
 31
0.0000
  0
LINE
  5
759
  8
תאורה
 10
22749.3405
 20
-9259.7558
 30
0.0000
 11
22747.6333
 21
-9261.4442
 31
0.0000
  0
LINE
  5
75A
  8
תאורה
 10
22747.6333
 20
-9261.4442
 30
0.0000
 11
22744.8610
 21
-9263.0001
 31
0.0000
  0
LINE
  5
75B
  8
תאורה
 10
22744.8610
 20
-9263.0001
 30
0.0000
 11
22741.1301
 21
-9264.3640
 31
0.0000
  0
LINE
  5
75C
  8
תאורה
 10
22741.1301
 20
-9264.3640
 30
0.0000
 11
22736.5840
 21
-9265.4832
 31
0.0000
  0
LINE
  5
75D
  8
תאורה
 10
22736.5840
 20
-9265.4832
 30
0.0000
 11
22731.3974
 21
-9266.3149
 31
0.0000
  0
LINE
  5
75E
  8
תאורה
 10
22731.3974
 20
-9266.3149
 30
0.0000
 11
22725.7696
 21
-9266.8271
 31
0.0000
  0
LINE
  5
75F
  8
תאורה
 10
22725.7696
 20
-9266.8271
 30
0.0000
 11
22719.9169
 21
-9267.0000
 31
0.0000
  0
LINE
  5
760
  8
תאורה
 10
22719.9169
 20
-9267.0000
 30
0.0000
 11
22714.0642
 21
-9266.8271
 31
0.0000
  0
LINE
  5
761
  8
תאורה
 10
22714.0642
 20
-9266.8271
 30
0.0000
 11
22708.4364
 21
-9266.3149
 31
0.0000
  0
LINE
  5
762
  8
תאורה
 10
22708.4364
 20
-9266.3149
 30
0.0000
 11
22703.2498
 21
-9265.4832
 31
0.0000
  0
LINE
  5
763
  8
תאורה
 10
22703.2498
 20
-9265.4832
 30
0.0000
 11
22698.7037
 21
-9264.3640
 31
0.0000
  0
LINE
  5
764
  8
תאורה
 10
22698.7037
 20
-9264.3640
 30
0.0000
 11
22694.9728
 21
-9263.0001
 31
0.0000
  0
LINE
  5
765
  8
תאורה
 10
22694.9728
 20
-9263.0001
 30
0.0000
 11
22692.2005
 21
-9261.4442
 31
0.0000
  0
LINE
  5
766
  8
תאורה
 10
22692.2005
 20
-9261.4442
 30
0.0000
 11
22690.4933
 21
-9259.7558
 31
0.0000
  0
LINE
  5
767
  8
תאורה
 10
22690.4933
 20
-9259.7558
 30
0.0000
 11
22689.9169
 21
-9258.0000
 31
0.0000
  0
LINE
  5
768
  8
תאורה
 10
22689.9169
 20
-9258.0000
 30
0.0000
 11
22690.4933
 21
-9256.2442
 31
0.0000
  0
LINE
  5
769
  8
תאורה
 10
22690.4933
 20
-9256.2442
 30
0.0000
 11
22692.2005
 21
-9254.5558
 31
0.0000
  0
LINE
  5
76A
  8
תאורה
 10
22692.2005
 20
-9254.5558
 30
0.0000
 11
22694.9728
 21
-9252.9999
 31
0.0000
  0
LINE
  5
76B
  8
תאורה
 10
22694.9728
 20
-9252.9999
 30
0.0000
 11
22698.7037
 21
-9251.6360
 31
0.0000
  0
LINE
  5
76C
  8
תאורה
 10
22698.7037
 20
-9251.6360
 30
0.0000
 11
22703.2498
 21
-9250.5168
 31
0.0000
  0
LINE
  5
76D
  8
תאורה
 10
22703.2498
 20
-9250.5168
 30
0.0000
 11
22708.4364
 21
-9249.6851
 31
0.0000
  0
LINE
  5
76E
  8
תאורה
 10
22708.4364
 20
-9249.6851
 30
0.0000
 11
22714.0642
 21
-9249.1729
 31
0.0000
  0
LINE
  5
76F
  8
תאורה
 10
22714.0642
 20
-9249.1729
 30
0.0000
 11
22719.9169
 21
-9249.0000
 31
0.0000
  0
LINE
  5
770
  8
תאורה
 10
22719.9169
 20
-9249.0000
 30
0.0000
 11
22725.7696
 21
-9249.1729
 31
0.0000
  0
LINE
  5
771
  8
תאורה
 10
22725.7696
 20
-9249.1729
 30
0.0000
 11
22731.3974
 21
-9249.6851
 31
0.0000
  0
LINE
  5
772
  8
תאורה
 10
22731.3974
 20
-9249.6851
 30
0.0000
 11
22736.5840
 21
-9250.5168
 31
0.0000
  0
LINE
  5
773
  8
תאורה
 10
22736.5840
 20
-9250.5168
 30
0.0000
 11
22741.1301
 21
-9251.6360
 31
0.0000
  0
LINE
  5
774
  8
תאורה
 10
22741.1301
 20
-9251.6360
 30
0.0000
 11
22744.8610
 21
-9252.9999
 31
0.0000
  0
LINE
  5
775
  8
תאורה
 10
22744.8610
 20
-9252.9999
 30
0.0000
 11
22747.6333
 21
-9254.5558
 31
0.0000
  0
LINE
  5
776
  8
תאורה
 10
22747.6333
 20
-9254.5558
 30
0.0000
 11
22749.3405
 21
-9256.2442
 31
0.0000
  0
LINE
  5
777
  8
תאורה
 10
22749.3405
 20
-9256.2442
 30
0.0000
 11
22749.9169
 21
-9258.0000
 31
0.0000
  0
LINE
  5
778
  8
תאורה
 10
22698.9169
 20
-9251.7000
 30
0.0000
 11
22740.9169
 21
-9264.3000
 31
0.0000
  0
LINE
  5
779
  8
תאורה
 10
22740.9169
 20
-9251.7000
 30
0.0000
 11
22698.9169
 21
-9264.3000
 31
0.0000
  0
LINE
  5
77A
  8
תאורה - מידות
 10
23690.0000
 20
-11898.0000
 30
0.0000
 11
23690.0000
 21
-9665.5000
 31
0.0000
  0
LINE
  5
77B
  8
תאורה - מידות
 10
22719.9169
 20
-11898.0000
 30
0.0000
 11
22719.9169
 21
-9665.5000
 31
0.0000
  0
LINE
  5
77C
  8
תאורה - מידות
 10
23690.0000
 20
-9725.5000
 30
0.0000
 11
22719.9169
 21
-9725.5000
 31
0.0000
  0
SOLID
  5
77D
  8
תאורה - מידות
 10
23690.0000
 20
-9725.5000
 30
0.0000
 11
23805.0000
 21
-9693.5000
 31
0.0000
 12
23805.0000
 22
-9757.5000
 32
0.0000
 13
23805.0000
 23
-9757.5000
 33
0.0000
  0
SOLID
  5
77E
  8
תאורה - מידות
 10
22719.9169
 20
-9725.5000
 30
0.0000
 11
22604.9169
 21
-9693.5000
 31
0.0000
 12
22604.9169
 22
-9757.5000
 32
0.0000
 13
22604.9169
 23
-9757.5000
 33
0.0000
  0
TEXT
  5
77F
  8
תאורה - מידות
 10
23204.9584
 20
-9630.5000
 30
0.0000
 40
100.0000
  1
97
 50
360.0000
  7
SOLINE
 72
1
 73
2
 11
23204.9584
 21
-9630.5000
 31
0.0000
  0
LINE
  5
780
  8
תאורה - מידות
 10
22679.9169
 20
-11938.0000
 30
0.0000
 11
22422.4169
 21
-11938.0000
 31
0.0000
  0
LINE
  5
781
  8
תאורה - מידות
 10
22679.9169
 20
-9258.0000
 30
0.0000
 11
22422.4169
 21
-9258.0000
 31
0.0000
  0
LINE
  5
782
  8
תאורה - מידות
 10
22482.4169
 20
-11938.0000
 30
0.0000
 11
22482.4169
 21
-9258.0000
 31
0.0000
  0
SOLID
  5
783
  8
תאורה - מידות
 10
22482.4169
 20
-11938.0000
 30
0.0000
 11
22450.4169
 21
-12053.0000
 31
0.0000
 12
22514.4169
 22
-12053.0000
 32
0.0000
 13
22514.4169
 23
-12053.0000
 33
0.0000
  0
SOLID
  5
784
  8
תאורה - מידות
 10
22482.4169
 20
-9258.0000
 30
0.0000
 11
22450.4169
 21
-9143.0000
 31
0.0000
 12
22514.4169
 22
-9143.0000
 32
0.0000
 13
22514.4169
 23
-9143.0000
 33
0.0000
  0
TEXT
  5
785
  8
תאורה - מידות
 10
22387.4169
 20
-10598.0000
 30
0.0000
 40
100.0000
  1
268
 50
90.0000
  7
SOLINE
 72
1
 73
2
 11
22387.4169
 21
-10598.0000
 31
0.0000
  0
LINE
  5
786
  8
תאורה
 10
22667.9169
 20
-9273.0000
 30
0.0000
 11
22767.9169
 21
-9273.0000
 31
0.0000
  0
LINE
  5
787
  8
תאורה
 10
22767.9169
 20
-9273.0000
 30
0.0000
 11
22767.9169
 21
-9243.0000
 31
0.0000
  0
LINE
  5
788
  8
תאורה
 10
22767.9169
 20
-9243.0000
 30
0.0000
 11
22667.9169
 21
-9243.0000
 31
0.0000
  0
LINE
  5
789
  8
תאורה
 10
22667.9169
 20
-9243.0000
 30
0.0000
 11
22667.9169
 21
-9273.0000
 31
0.0000
  0
LINE
  5
78A
  8
תאורה
 10
22747.9169
 20
-9258.0000
 30
0.0000
 11
22747.3405
 21
-9259.7558
 31
0.0000
  0
LINE
  5
78B
  8
תאורה
 10
22747.3405
 20
-9259.7558
 30
0.0000
 11
22745.6333
 21
-9261.4442
 31
0.0000
  0
LINE
  5
78C
  8
תאורה
 10
22745.6333
 20
-9261.4442
 30
0.0000
 11
22742.8610
 21
-9263.0001
 31
0.0000
  0
LINE
  5
78D
  8
תאורה
 10
22742.8610
 20
-9263.0001
 30
0.0000
 11
22739.1301
 21
-9264.3640
 31
0.0000
  0
LINE
  5
78E
  8
תאורה
 10
22739.1301
 20
-9264.3640
 30
0.0000
 11
22734.5840
 21
-9265.4832
 31
0.0000
  0
LINE
  5
78F
  8
תאורה
 10
22734.5840
 20
-9265.4832
 30
0.0000
 11
22729.3974
 21
-9266.3149
 31
0.0000
  0
LINE
  5
790
  8
תאורה
 10
22729.3974
 20
-9266.3149
 30
0.0000
 11
22723.7696
 21
-9266.8271
 31
0.0000
  0
LINE
  5
791
  8
תאורה
 10
22723.7696
 20
-9266.8271
 30
0.0000
 11
22717.9169
 21
-9267.0000
 31
0.0000
  0
LINE
  5
792
  8
תאורה
 10
22717.9169
 20
-9267.0000
 30
0.0000
 11
22712.0642
 21
-9266.8271
 31
0.0000
  0
LINE
  5
793
  8
תאורה
 10
22712.0642
 20
-9266.8271
 30
0.0000
 11
22706.4364
 21
-9266.3149
 31
0.0000
  0
LINE
  5
794
  8
תאורה
 10
22706.4364
 20
-9266.3149
 30
0.0000
 11
22701.2498
 21
-9265.4832
 31
0.0000
  0
LINE
  5
795
  8
תאורה
 10
22701.2498
 20
-9265.4832
 30
0.0000
 11
22696.7037
 21
-9264.3640
 31
0.0000
  0
LINE
  5
796
  8
תאורה
 10
22696.7037
 20
-9264.3640
 30
0.0000
 11
22692.9728
 21
-9263.0001
 31
0.0000
  0
LINE
  5
797
  8
תאורה
 10
22692.9728
 20
-9263.0001
 30
0.0000
 11
22690.2005
 21
-9261.4442
 31
0.0000
  0
LINE
  5
798
  8
תאורה
 10
22690.2005
 20
-9261.4442
 30
0.0000
 11
22688.4933
 21
-9259.7558
 31
0.0000
  0
LINE
  5
799
  8
תאורה
 10
22688.4933
 20
-9259.7558
 30
0.0000
 11
22687.9169
 21
-9258.0000
 31
0.0000
  0
LINE
  5
79A
  8
תאורה
 10
22687.9169
 20
-9258.0000
 30
0.0000
 11
22688.4933
 21
-9256.2442
 31
0.0000
  0
LINE
  5
79B
  8
תאורה
 10
22688.4933
 20
-9256.2442
 30
0.0000
 11
22690.2005
 21
-9254.5558
 31
0.0000
  0
LINE
  5
79C
  8
תאורה
 10
22690.2005
 20
-9254.5558
 30
0.0000
 11
22692.9728
 21
-9252.9999
 31
0.0000
  0
LINE
  5
79D
  8
תאורה
 10
22692.9728
 20
-9252.9999
 30
0.0000
 11
22696.7037
 21
-9251.6360
 31
0.0000
  0
LINE
  5
79E
  8
תאורה
 10
22696.7037
 20
-9251.6360
 30
0.0000
 11
22701.2498
 21
-9250.5168
 31
0.0000
  0
LINE
  5
79F
  8
תאורה
 10
22701.2498
 20
-9250.5168
 30
0.0000
 11
22706.4364
 21
-9249.6851
 31
0.0000
  0
LINE
  5
7A0
  8
תאורה
 10
22706.4364
 20
-9249.6851
 30
0.0000
 11
22712.0642
 21
-9249.1729
 31
0.0000
  0
LINE
  5
7A1
  8
תאורה
 10
22712.0642
 20
-9249.1729
 30
0.0000
 11
22717.9169
 21
-9249.0000
 31
0.0000
  0
LINE
  5
7A2
  8
תאורה
 10
22717.9169
 20
-9249.0000
 30
0.0000
 11
22723.7696
 21
-9249.1729
 31
0.0000
  0
LINE
  5
7A3
  8
תאורה
 10
22723.7696
 20
-9249.1729
 30
0.0000
 11
22729.3974
 21
-9249.6851
 31
0.0000
  0
LINE
  5
7A4
  8
תאורה
 10
22729.3974
 20
-9249.6851
 30
0.0000
 11
22734.5840
 21
-9250.5168
 31
0.0000
  0
LINE
  5
7A5
  8
תאורה
 10
22734.5840
 20
-9250.5168
 30
0.0000
 11
22739.1301
 21
-9251.6360
 31
0.0000
  0
LINE
  5
7A6
  8
תאורה
 10
22739.1301
 20
-9251.6360
 30
0.0000
 11
22742.8610
 21
-9252.9999
 31
0.0000
  0
LINE
  5
7A7
  8
תאורה
 10
22742.8610
 20
-9252.9999
 30
0.0000
 11
22745.6333
 21
-9254.5558
 31
0.0000
  0
LINE
  5
7A8
  8
תאורה
 10
22745.6333
 20
-9254.5558
 30
0.0000
 11
22747.3405
 21
-9256.2442
 31
0.0000
  0
LINE
  5
7A9
  8
תאורה
 10
22747.3405
 20
-9256.2442
 30
0.0000
 11
22747.9169
 21
-9258.0000
 31
0.0000
  0
LINE
  5
7AA
  8
תאורה
 10
22696.9169
 20
-9251.7000
 30
0.0000
 11
22738.9169
 21
-9264.3000
 31
0.0000
  0
LINE
  5
7AB
  8
תאורה
 10
22738.9169
 20
-9251.7000
 30
0.0000
 11
22696.9169
 21
-9264.3000
 31
0.0000
  0
LINE
  5
7AC
  8
תאורה - מידות
 10
23690.0000
 20
-11898.0000
 30
0.0000
 11
23690.0000
 21
-9315.5000
 31
0.0000
  0
LINE
  5
7AD
  8
תאורה - מידות
 10
22717.9169
 20
-11898.0000
 30
0.0000
 11
22717.9169
 21
-9315.5000
 31
0.0000
  0
LINE
  5
7AE
  8
תאורה - מידות
 10
23690.0000
 20
-9375.5000
 30
0.0000
 11
22717.9169
 21
-9375.5000
 31
0.0000
  0
SOLID
  5
7AF
  8
תאורה - מידות
 10
23690.0000
 20
-9375.5000
 30
0.0000
 11
23805.0000
 21
-9343.5000
 31
0.0000
 12
23805.0000
 22
-9407.5000
 32
0.0000
 13
23805.0000
 23
-9407.5000
 33
0.0000
  0
SOLID
  5
7B0
  8
תאורה - מידות
 10
22717.9169
 20
-9375.5000
 30
0.0000
 11
22602.9169
 21
-9343.5000
 31
0.0000
 12
22602.9169
 22
-9407.5000
 32
0.0000
 13
22602.9169
 23
-9407.5000
 33
0.0000
  0
TEXT
  5
7B1
  8
תאורה - מידות
 10
23203.9584
 20
-9280.5000
 30
0.0000
 40
100.0000
  1
97.2
 50
360.0000
  7
SOLINE
 72
1
 73
2
 11
23203.9584
 21
-9280.5000
 31
0.0000
  0
LINE
  5
7B2
  8
תאורה - מידות
 10
22757.9169
 20
-11938.0000
 30
0.0000
 11
23015.4169
 21
-11938.0000
 31
0.0000
  0
LINE
  5
7B3
  8
תאורה - מידות
 10
22757.9169
 20
-9258.0000
 30
0.0000
 11
23015.4169
 21
-9258.0000
 31
0.0000
  0
LINE
  5
7B4
  8
תאורה - מידות
 10
22955.4169
 20
-11938.0000
 30
0.0000
 11
22955.4169
 21
-9258.0000
 31
0.0000
  0
SOLID
  5
7B5
  8
תאורה - מידות
 10
22955.4169
 20
-11938.0000
 30
0.0000
 11
22987.4169
 21
-12053.0000
 31
0.0000
 12
22923.4169
 22
-12053.0000
 32
0.0000
 13
22923.4169
 23
-12053.0000
 33
0.0000
  0
SOLID
  5
7B6
  8
תאורה - מידות
 10
22955.4169
 20
-9258.0000
 30
0.0000
 11
22987.4169
 21
-9143.0000
 31
0.0000
 12
22923.4169
 22
-9143.0000
 32
0.0000
 13
22923.4169
 23
-9143.0000
 33
0.0000
  0
TEXT
  5
7B7
  8
תאורה - מידות
 10
23050.4169
 20
-10598.0000
 30
0.0000
 40
100.0000
  1
268
 50
90.0000
  7
SOLINE
 72
1
 73
2
 11
23050.4169
 21
-10598.0000
 31
0.0000
  0
LINE
  5
7B8
  8
תאורה
 10
22667.9169
 20
-9273.0000
 30
0.0000
 11
22767.9169
 21
-9273.0000
 31
0.0000
  0
LINE
  5
7B9
  8
תאורה
 10
22767.9169
 20
-9273.0000
 30
0.0000
 11
22767.9169
 21
-9243.0000
 31
0.0000
  0
LINE
  5
7BA
  8
תאורה
 10
22767.9169
 20
-9243.0000
 30
0.0000
 11
22667.9169
 21
-9243.0000
 31
0.0000
  0
LINE
  5
7BB
  8
תאורה
 10
22667.9169
 20
-9243.0000
 30
0.0000
 11
22667.9169
 21
-9273.0000
 31
0.0000
  0
LINE
  5
7BC
  8
תאורה
 10
22747.9169
 20
-9258.0000
 30
0.0000
 11
22747.3405
 21
-9259.7558
 31
0.0000
  0
LINE
  5
7BD
  8
תאורה
 10
22747.3405
 20
-9259.7558
 30
0.0000
 11
22745.6333
 21
-9261.4442
 31
0.0000
  0
LINE
  5
7BE
  8
תאורה
 10
22745.6333
 20
-9261.4442
 30
0.0000
 11
22742.8610
 21
-9263.0001
 31
0.0000
  0
LINE
  5
7BF
  8
תאורה
 10
22742.8610
 20
-9263.0001
 30
0.0000
 11
22739.1301
 21
-9264.3640
 31
0.0000
  0
LINE
  5
7C0
  8
תאורה
 10
22739.1301
 20
-9264.3640
 30
0.0000
 11
22734.5840
 21
-9265.4832
 31
0.0000
  0
LINE
  5
7C1
  8
תאורה
 10
22734.5840
 20
-9265.4832
 30
0.0000
 11
22729.3974
 21
-9266.3149
 31
0.0000
  0
LINE
  5
7C2
  8
תאורה
 10
22729.3974
 20
-9266.3149
 30
0.0000
 11
22723.7696
 21
-9266.8271
 31
0.0000
  0
LINE
  5
7C3
  8
תאורה
 10
22723.7696
 20
-9266.8271
 30
0.0000
 11
22717.9169
 21
-9267.0000
 31
0.0000
  0
LINE
  5
7C4
  8
תאורה
 10
22717.9169
 20
-9267.0000
 30
0.0000
 11
22712.0642
 21
-9266.8271
 31
0.0000
  0
LINE
  5
7C5
  8
תאורה
 10
22712.0642
 20
-9266.8271
 30
0.0000
 11
22706.4364
 21
-9266.3149
 31
0.0000
  0
LINE
  5
7C6
  8
תאורה
 10
22706.4364
 20
-9266.3149
 30
0.0000
 11
22701.2498
 21
-9265.4832
 31
0.0000
  0
LINE
  5
7C7
  8
תאורה
 10
22701.2498
 20
-9265.4832
 30
0.0000
 11
22696.7037
 21
-9264.3640
 31
0.0000
  0
LINE
  5
7C8
  8
תאורה
 10
22696.7037
 20
-9264.3640
 30
0.0000
 11
22692.9728
 21
-9263.0001
 31
0.0000
  0
LINE
  5
7C9
  8
תאורה
 10
22692.9728
 20
-9263.0001
 30
0.0000
 11
22690.2005
 21
-9261.4442
 31
0.0000
  0
LINE
  5
7CA
  8
תאורה
 10
22690.2005
 20
-9261.4442
 30
0.0000
 11
22688.4933
 21
-9259.7558
 31
0.0000
  0
LINE
  5
7CB
  8
תאורה
 10
22688.4933
 20
-9259.7558
 30
0.0000
 11
22687.9169
 21
-9258.0000
 31
0.0000
  0
LINE
  5
7CC
  8
תאורה
 10
22687.9169
 20
-9258.0000
 30
0.0000
 11
22688.4933
 21
-9256.2442
 31
0.0000
  0
LINE
  5
7CD
  8
תאורה
 10
22688.4933
 20
-9256.2442
 30
0.0000
 11
22690.2005
 21
-9254.5558
 31
0.0000
  0
LINE
  5
7CE
  8
תאורה
 10
22690.2005
 20
-9254.5558
 30
0.0000
 11
22692.9728
 21
-9252.9999
 31
0.0000
  0
LINE
  5
7CF
  8
תאורה
 10
22692.9728
 20
-9252.9999
 30
0.0000
 11
22696.7037
 21
-9251.6360
 31
0.0000
  0
LINE
  5
7D0
  8
תאורה
 10
22696.7037
 20
-9251.6360
 30
0.0000
 11
22701.2498
 21
-9250.5168
 31
0.0000
  0
LINE
  5
7D1
  8
תאורה
 10
22701.2498
 20
-9250.5168
 30
0.0000
 11
22706.4364
 21
-9249.6851
 31
0.0000
  0
LINE
  5
7D2
  8
תאורה
 10
22706.4364
 20
-9249.6851
 30
0.0000
 11
22712.0642
 21
-9249.1729
 31
0.0000
  0
LINE
  5
7D3
  8
תאורה
 10
22712.0642
 20
-9249.1729
 30
0.0000
 11
22717.9169
 21
-9249.0000
 31
0.0000
  0
LINE
  5
7D4
  8
תאורה
 10
22717.9169
 20
-9249.0000
 30
0.0000
 11
22723.7696
 21
-9249.1729
 31
0.0000
  0
LINE
  5
7D5
  8
תאורה
 10
22723.7696
 20
-9249.1729
 30
0.0000
 11
22729.3974
 21
-9249.6851
 31
0.0000
  0
LINE
  5
7D6
  8
תאורה
 10
22729.3974
 20
-9249.6851
 30
0.0000
 11
22734.5840
 21
-9250.5168
 31
0.0000
  0
LINE
  5
7D7
  8
תאורה
 10
22734.5840
 20
-9250.5168
 30
0.0000
 11
22739.1301
 21
-9251.6360
 31
0.0000
  0
LINE
  5
7D8
  8
תאורה
 10
22739.1301
 20
-9251.6360
 30
0.0000
 11
22742.8610
 21
-9252.9999
 31
0.0000
  0
LINE
  5
7D9
  8
תאורה
 10
22742.8610
 20
-9252.9999
 30
0.0000
 11
22745.6333
 21
-9254.5558
 31
0.0000
  0
LINE
  5
7DA
  8
תאורה
 10
22745.6333
 20
-9254.5558
 30
0.0000
 11
22747.3405
 21
-9256.2442
 31
0.0000
  0
LINE
  5
7DB
  8
תאורה
 10
22747.3405
 20
-9256.2442
 30
0.0000
 11
22747.9169
 21
-9258.0000
 31
0.0000
  0
LINE
  5
7DC
  8
תאורה
 10
22696.9169
 20
-9251.7000
 30
0.0000
 11
22738.9169
 21
-9264.3000
 31
0.0000
  0
LINE
  5
7DD
  8
תאורה
 10
22738.9169
 20
-9251.7000
 30
0.0000
 11
22696.9169
 21
-9264.3000
 31
0.0000
  0
LINE
  5
7DE
  8
תאורה - מידות
 10
23690.0000
 20
-11898.0000
 30
0.0000
 11
23690.0000
 21
-8965.5000
 31
0.0000
  0
LINE
  5
7DF
  8
תאורה - מידות
 10
22717.9169
 20
-11898.0000
 30
0.0000
 11
22717.9169
 21
-8965.5000
 31
0.0000
  0
LINE
  5
7E0
  8
תאורה - מידות
 10
23690.0000
 20
-9025.5000
 30
0.0000
 11
22717.9169
 21
-9025.5000
 31
0.0000
  0
SOLID
  5
7E1
  8
תאורה - מידות
 10
23690.0000
 20
-9025.5000
 30
0.0000
 11
23805.0000
 21
-8993.5000
 31
0.0000
 12
23805.0000
 22
-9057.5000
 32
0.0000
 13
23805.0000
 23
-9057.5000
 33
0.0000
  0
SOLID
  5
7E2
  8
תאורה - מידות
 10
22717.9169
 20
-9025.5000
 30
0.0000
 11
22602.9169
 21
-8993.5000
 31
0.0000
 12
22602.9169
 22
-9057.5000
 32
0.0000
 13
22602.9169
 23
-9057.5000
 33
0.0000
  0
TEXT
  5
7E3
  8
תאורה - מידות
 10
23203.9584
 20
-8930.5000
 30
0.0000
 40
100.0000
  1
97.2
 50
360.0000
  7
SOLINE
 72
1
 73
2
 11
23203.9584
 21
-8930.5000
 31
0.0000
  0
LINE
  5
7E4
  8
תאורה - מידות
 10
22677.9169
 20
-11938.0000
 30
0.0000
 11
22420.4169
 21
-11938.0000
 31
0.0000
  0
LINE
  5
7E5
  8
תאורה - מידות
 10
22677.9169
 20
-9258.0000
 30
0.0000
 11
22420.4169
 21
-9258.0000
 31
0.0000
  0
LINE
  5
7E6
  8
תאורה - מידות
 10
22480.4169
 20
-11938.0000
 30
0.0000
 11
22480.4169
 21
-9258.0000
 31
0.0000
  0
SOLID
  5
7E7
  8
תאורה - מידות
 10
22480.4169
 20
-11938.0000
 30
0.0000
 11
22448.4169
 21
-12053.0000
 31
0.0000
 12
22512.4169
 22
-12053.0000
 32
0.0000
 13
22512.4169
 23
-12053.0000
 33
0.0000
  0
SOLID
  5
7E8
  8
תאורה - מידות
 10
22480.4169
 20
-9258.0000
 30
0.0000
 11
22448.4169
 21
-9143.0000
 31
0.0000
 12
22512.4169
 22
-9143.0000
 32
0.0000
 13
22512.4169
 23
-9143.0000
 33
0.0000
  0
TEXT
  5
7E9
  8
תאורה - מידות
 10
22385.4169
 20
-10598.0000
 30
0.0000
 40
100.0000
  1
268
 50
90.0000
  7
SOLINE
 72
1
 73
2
 11
22385.4169
 21
-10598.0000
 31
0.0000
  0
LINE
  5
7EA
  8
חלונות
 10
20580.4169
 20
-10786.0000
 30
0.0000
 11
21737.4169
 21
-10786.0000
 31
0.0000
  0
LINE
  5
7EB
  8
חלונות
 10
21737.4169
 20
-10786.0000
 30
0.0000
 11
21737.4169
 21
-9703.0000
 31
0.0000
  0
LINE
  5
7EC
  8
חלונות
 10
21737.4169
 20
-9703.0000
 30
0.0000
 11
20580.4169
 21
-9703.0000
 31
0.0000
  0
LINE
  5
7ED
  8
חלונות
 10
20580.4169
 20
-9703.0000
 30
0.0000
 11
20580.4169
 21
-10786.0000
 31
0.0000
  0
LINE
  5
7EE
  8
חלונות
 10
20580.4169
 20
-10092.8800
 30
0.0000
 11
21737.4169
 21
-10092.8800
 31
0.0000
  0
LINE
  5
7EF
  8
חלונות
 10
21737.4169
 20
-10092.8800
 30
0.0000
 11
21737.4169
 21
-10396.1200
 31
0.0000
  0
LINE
  5
7F0
  8
חלונות
 10
21737.4169
 20
-10396.1200
 30
0.0000
 11
20580.4169
 21
-10396.1200
 31
0.0000
  0
LINE
  5
7F1
  8
חלונות
 10
20580.4169
 20
-10396.1200
 30
0.0000
 11
20580.4169
 21
-10092.8800
 31
0.0000
  0
LINE
  5
7F2
  8
חלונות
 10
20580.4169
 20
-10195.9816
 30
0.0000
 11
21737.4169
 21
-10195.9816
 31
0.0000
  0
LINE
  5
7F3
  8
חלונות
 10
20580.4169
 20
-10293.0184
 30
0.0000
 11
21737.4169
 21
-10293.0184
 31
0.0000
  0
LINE
  5
7F4
  8
חלונות - מידות
 10
20503.0000
 20
-11978.0000
 30
0.0000
 11
20503.0000
 21
-15260.5000
 31
0.0000
  0
LINE
  5
7F5
  8
חלונות - מידות
 10
20580.4169
 20
-11978.0000
 30
0.0000
 11
20580.4169
 21
-15260.5000
 31
0.0000
  0
LINE
  5
7F6
  8
חלונות - מידות
 10
20503.0000
 20
-15200.5000
 30
0.0000
 11
20580.4169
 21
-15200.5000
 31
0.0000
  0
SOLID
  5
7F7
  8
חלונות - מידות
 10
20503.0000
 20
-15200.5000
 30
0.0000
 11
20388.0000
 21
-15232.5000
 31
0.0000
 12
20388.0000
 22
-15168.5000
 32
0.0000
 13
20388.0000
 23
-15168.5000
 33
0.0000
  0
SOLID
  5
7F8
  8
חלונות - מידות
 10
20580.4169
 20
-15200.5000
 30
0.0000
 11
20695.4169
 21
-15232.5000
 31
0.0000
 12
20695.4169
 22
-15168.5000
 32
0.0000
 13
20695.4169
 23
-15168.5000
 33
0.0000
  0
TEXT
  5
7F9
  8
חלונות - מידות
 10
20541.7084
 20
-15295.5000
 30
0.0000
 40
100.0000
  1
7.7
 50
0.0000
  7
SOLINE
 72
1
 73
2
 11
20541.7084
 21
-15295.5000
 31
0.0000
  0
LINE
  5
7FA
  8
חלונות - מידות
 10
20580.4169
 20
-9663.0000
 30
0.0000
 11
20580.4169
 21
-9419.5000
 31
0.0000
  0
LINE
  5
7FB
  8
חלונות - מידות
 10
21737.4169
 20
-9663.0000
 30
0.0000
 11
21737.4169
 21
-9419.5000
 31
0.0000
  0
LINE
  5
7FC
  8
חלונות - מידות
 10
20580.4169
 20
-9478.0000
 30
0.0000
 11
21737.4169
 21
-9478.0000
 31
0.0000
  0
SOLID
  5
7FD
  8
חלונות - מידות
 10
20580.4169
 20
-9478.0000
 30
0.0000
 11
20468.2919
 21
-9446.8000
 31
0.0000
 12
20468.2919
 22
-9509.2000
 32
0.0000
 13
20468.2919
 23
-9509.2000
 33
0.0000
  0
SOLID
  5
7FE
  8
חלונות - מידות
 10
21737.4169
 20
-9478.0000
 30
0.0000
 11
21849.5419
 21
-9446.8000
 31
0.0000
 12
21849.5419
 22
-9509.2000
 32
0.0000
 13
21849.5419
 23
-9509.2000
 33
0.0000
  0
TEXT
  5
7FF
  8
חלונות - מידות
 10
21158.9169
 20
-9385.3750
 30
0.0000
 40
97.5000
  1
115.7
 50
0.0000
  7
SOLINE
 72
1
 73
2
 11
21158.9169
 21
-9385.3750
 31
0.0000
  0
LINE
  5
800
  8
חלונות - מידות
 10
20540.4169
 20
-11938.0000
 30
0.0000
 11
20334.4169
 21
-11938.0000
 31
0.0000
  0
LINE
  5
801
  8
חלונות - מידות
 10
20540.4169
 20
-10786.0000
 30
0.0000
 11
20334.4169
 21
-10786.0000
 31
0.0000
  0
LINE
  5
802
  8
חלונות - מידות
 10
20392.9169
 20
-11938.0000
 30
0.0000
 11
20392.9169
 21
-10786.0000
 31
0.0000
  0
SOLID
  5
803
  8
חלונות - מידות
 10
20392.9169
 20
-11938.0000
 30
0.0000
 11
20361.7169
 21
-12050.1250
 31
0.0000
 12
20424.1169
 22
-12050.1250
 32
0.0000
 13
20424.1169
 23
-12050.1250
 33
0.0000
  0
SOLID
  5
804
  8
חלונות - מידות
 10
20392.9169
 20
-10786.0000
 30
0.0000
 11
20361.7169
 21
-10673.8750
 31
0.0000
 12
20424.1169
 22
-10673.8750
 32
0.0000
 13
20424.1169
 23
-10673.8750
 33
0.0000
  0
TEXT
  5
805
  8
חלונות - מידות
 10
20300.2919
 20
-11362.0000
 30
0.0000
 40
97.5000
  1
115.2
 50
90.0000
  7
SOLINE
 72
1
 73
2
 11
20300.2919
 21
-11362.0000
 31
0.0000
  0
LINE
  5
806
  8
חלונות - מידות
 10
20540.4169
 20
-10786.0000
 30
0.0000
 11
19996.9169
 21
-10786.0000
 31
0.0000
  0
LINE
  5
807
  8
חלונות - מידות
 10
20540.4169
 20
-9703.0000
 30
0.0000
 11
19996.9169
 21
-9703.0000
 31
0.0000
  0
LINE
  5
808
  8
חלונות - מידות
 10
20055.4169
 20
-10786.0000
 30
0.0000
 11
20055.4169
 21
-9703.0000
 31
0.0000
  0
SOLID
  5
809
  8
חלונות - מידות
 10
20055.4169
 20
-10786.0000
 30
0.0000
 11
20024.2169
 21
-10898.1250
 31
0.0000
 12
20086.6169
 22
-10898.1250
 32
0.0000
 13
20086.6169
 23
-10898.1250
 33
0.0000
  0
SOLID
  5
80A
  8
חלונות - מידות
 10
20055.4169
 20
-9703.0000
 30
0.0000
 11
20024.2169
 21
-9590.8750
 31
0.0000
 12
20086.6169
 22
-9590.8750
 32
0.0000
 13
20086.6169
 23
-9590.8750
 33
0.0000
  0
TEXT
  5
80B
  8
חלונות - מידות
 10
19962.7919
 20
-10244.5000
 30
0.0000
 40
97.5000
  1
108.3
 50
90.0000
  7
SOLINE
 72
1
 73
2
 11
19962.7919
 21
-10244.5000
 31
0.0000
  0
LINE
  5
80C
  8
חלונות - מידות
 10
21777.4169
 20
-11938.0000
 30
0.0000
 11
21983.4169
 21
-11938.0000
 31
0.0000
  0
LINE
  5
80D
  8
חלונות - מידות
 10
21777.4169
 20
-9703.0000
 30
0.0000
 11
21983.4169
 21
-9703.0000
 31
0.0000
  0
LINE
  5
80E
  8
חלונות - מידות
 10
21924.9169
 20
-11938.0000
 30
0.0000
 11
21924.9169
 21
-9703.0000
 31
0.0000
  0
SOLID
  5
80F
  8
חלונות - מידות
 10
21924.9169
 20
-11938.0000
 30
0.0000
 11
21956.1169
 21
-12050.1250
 31
0.0000
 12
21893.7169
 22
-12050.1250
 32
0.0000
 13
21893.7169
 23
-12050.1250
 33
0.0000
  0
SOLID
  5
810
  8
חלונות - מידות
 10
21924.9169
 20
-9703.0000
 30
0.0000
 11
21956.1169
 21
-9590.8750
 31
0.0000
 12
21893.7169
 22
-9590.8750
 32
0.0000
 13
21893.7169
 23
-9590.8750
 33
0.0000
  0
TEXT
  5
811
  8
חלונות - מידות
 10
22017.5419
 20
-10820.5000
 30
0.0000
 40
97.5000
  1
223.5
 50
90.0000
  7
SOLINE
 72
1
 73
2
 11
22017.5419
 21
-10820.5000
 31
0.0000
  0
LINE
  5
812
  8
חלונות - מידות
 10
21777.4169
 20
-9703.0000
 30
0.0000
 11
22320.9169
 21
-9703.0000
 31
0.0000
  0
LINE
  5
813
  8
חלונות - מידות
 10
21777.4169
 20
-9233.0000
 30
0.0000
 11
22320.9169
 21
-9233.0000
 31
0.0000
  0
LINE
  5
814
  8
חלונות - מידות
 10
22262.4169
 20
-9703.0000
 30
0.0000
 11
22262.4169
 21
-9233.0000
 31
0.0000
  0
SOLID
  5
815
  8
חלונות - מידות
 10
22262.4169
 20
-9703.0000
 30
0.0000
 11
22293.6169
 21
-9815.1250
 31
0.0000
 12
22231.2169
 22
-9815.1250
 32
0.0000
 13
22231.2169
 23
-9815.1250
 33
0.0000
  0
SOLID
  5
816
  8
חלונות - מידות
 10
22262.4169
 20
-9233.0000
 30
0.0000
 11
22293.6169
 21
-9120.8750
 31
0.0000
 12
22231.2169
 22
-9120.8750
 32
0.0000
 13
22231.2169
 23
-9120.8750
 33
0.0000
  0
TEXT
  5
817
  8
חלונות - מידות
 10
22355.0419
 20
-9468.0000
 30
0.0000
 40
97.5000
  1
47
 50
90.0000
  7
SOLINE
 72
1
 73
2
 11
22355.0419
 21
-9468.0000
 31
0.0000
  0
TEXT
  5
818
  8
קירות - טקסט
 10
22096.5000
 20
-12875.5000
 30
0.0000
 40
162.5000
  1
W5
 50
0.0000
  7
SOLINE
 72
1
 73
2
 11
22096.5000
 21
-12875.5000
 31
0.0000
  0
LINE
  5
819
  8
קירות
 10
26190.0000
 20
-11938.0000
 30
0.0000
 11
28008.0000
 21
-11938.0000
 31
0.0000
  0
LINE
  5
81A
  8
קירות
 10
28008.0000
 20
-11938.0000
 30
0.0000
 11
28008.0000
 21
-9233.0000
 31
0.0000
  0
LINE
  5
81B
  8
קירות
 10
28008.0000
 20
-9233.0000
 30
0.0000
 11
26190.0000
 21
-9233.0000
 31
0.0000
  0
LINE
  5
81C
  8
קירות
 10
26190.0000
 20
-9233.0000
 30
0.0000
 11
26190.0000
 21
-11938.0000
 31
0.0000
  0
LINE
  5
81D
  8
מידות - חוץ
 10
26190.0000
 20
-11988.0000
 30
0.0000
 11
26190.0000
 21
-12388.0000
 31
0.0000
  0
LINE
  5
81E
  8
מידות - חוץ
 10
28008.0000
 20
-11988.0000
 30
0.0000
 11
28008.0000
 21
-12388.0000
 31
0.0000
  0
LINE
  5
81F
  8
מידות - חוץ
 10
26190.0000
 20
-12313.0000
 30
0.0000
 11
28008.0000
 21
-12313.0000
 31
0.0000
  0
SOLID
  5
820
  8
מידות - חוץ
 10
26190.0000
 20
-12313.0000
 30
0.0000
 11
26046.2500
 21
-12353.0000
 31
0.0000
 12
26046.2500
 22
-12273.0000
 32
0.0000
 13
26046.2500
 23
-12273.0000
 33
0.0000
  0
SOLID
  5
821
  8
מידות - חוץ
 10
28008.0000
 20
-12313.0000
 30
0.0000
 11
28151.7500
 21
-12353.0000
 31
0.0000
 12
28151.7500
 22
-12273.0000
 32
0.0000
 13
28151.7500
 23
-12273.0000
 33
0.0000
  0
TEXT
  5
822
  8
מידות - חוץ
 10
27099.0000
 20
-12431.7500
 30
0.0000
 40
125.0000
  1
181.8
 50
0.0000
  7
SOLINE
 72
1
 73
2
 11
27099.0000
 21
-12431.7500
 31
0.0000
  0
LINE
  5
823
  8
מידות - חוץ
 10
26140.0000
 20
-11938.0000
 30
0.0000
 11
25740.0000
 21
-11938.0000
 31
0.0000
  0
LINE
  5
824
  8
מידות - חוץ
 10
26140.0000
 20
-9233.0000
 30
0.0000
 11
25740.0000
 21
-9233.0000
 31
0.0000
  0
LINE
  5
825
  8
מידות - חוץ
 10
25815.0000
 20
-11938.0000
 30
0.0000
 11
25815.0000
 21
-9233.0000
 31
0.0000
  0
SOLID
  5
826
  8
מידות - חוץ
 10
25815.0000
 20
-11938.0000
 30
0.0000
 11
25775.0000
 21
-12081.7500
 31
0.0000
 12
25855.0000
 22
-12081.7500
 32
0.0000
 13
25855.0000
 23
-12081.7500
 33
0.0000
  0
SOLID
  5
827
  8
מידות - חוץ
 10
25815.0000
 20
-9233.0000
 30
0.0000
 11
25775.0000
 21
-9089.2500
 31
0.0000
 12
25855.0000
 22
-9089.2500
 32
0.0000
 13
25855.0000
 23
-9089.2500
 33
0.0000
  0
TEXT
  5
828
  8
מידות - חוץ
 10
25696.2500
 20
-10585.5000
 30
0.0000
 40
125.0000
  1
270.5
 50
90.0000
  7
SOLINE
 72
1
 73
2
 11
25696.2500
 21
-10585.5000
 31
0.0000
  0
LINE
  5
829
  8
חשמל
 10
26361.0263
 20
-10865.0000
 30
0.0000
 11
26441.0263
 21
-10865.0000
 31
0.0000
  0
LINE
  5
82A
  8
חשמל
 10
26441.0263
 20
-10865.0000
 30
0.0000
 11
26441.0263
 21
-10785.0000
 31
0.0000
  0
LINE
  5
82B
  8
חשמל
 10
26441.0263
 20
-10785.0000
 30
0.0000
 11
26361.0263
 21
-10785.0000
 31
0.0000
  0
LINE
  5
82C
  8
חשמל
 10
26361.0263
 20
-10785.0000
 30
0.0000
 11
26361.0263
 21
-10865.0000
 31
0.0000
  0
LINE
  5
82D
  8
חשמל
 10
26401.0263
 20
-10865.0000
 30
0.0000
 11
26401.0263
 21
-10828.2000
 31
0.0000
  0
LINE
  5
82E
  8
חשמל
 10
26375.4263
 20
-10828.2000
 30
0.0000
 11
26375.5873
 21
-10825.3337
 31
0.0000
  0
LINE
  5
82F
  8
חשמל
 10
26375.5873
 20
-10825.3337
 30
0.0000
 11
26376.0682
 21
-10822.5035
 31
0.0000
  0
LINE
  5
830
  8
חשמל
 10
26376.0682
 20
-10822.5035
 30
0.0000
 11
26376.8629
 21
-10819.7449
 31
0.0000
  0
LINE
  5
831
  8
חשמל
 10
26376.8629
 20
-10819.7449
 30
0.0000
 11
26377.9615
 21
-10817.0926
 31
0.0000
  0
LINE
  5
832
  8
חשמל
 10
26377.9615
 20
-10817.0926
 30
0.0000
 11
26379.3502
 21
-10814.5800
 31
0.0000
  0
LINE
  5
833
  8
חשמל
 10
26379.3502
 20
-10814.5800
 30
0.0000
 11
26381.0114
 21
-10812.2387
 31
0.0000
  0
LINE
  5
834
  8
חשמל
 10
26381.0114
 20
-10812.2387
 30
0.0000
 11
26382.9244
 21
-10810.0981
 31
0.0000
  0
LINE
  5
835
  8
חשמל
 10
26382.9244
 20
-10810.0981
 30
0.0000
 11
26385.0650
 21
-10808.1851
 31
0.0000
  0
LINE
  5
836
  8
חשמל
 10
26385.0650
 20
-10808.1851
 30
0.0000
 11
26387.4063
 21
-10806.5239
 31
0.0000
  0
LINE
  5
837
  8
חשמל
 10
26387.4063
 20
-10806.5239
 30
0.0000
 11
26389.9189
 21
-10805.1352
 31
0.0000
  0
LINE
  5
838
  8
חשמל
 10
26389.9189
 20
-10805.1352
 30
0.0000
 11
26392.5712
 21
-10804.0366
 31
0.0000
  0
LINE
  5
839
  8
חשמל
 10
26392.5712
 20
-10804.0366
 30
0.0000
 11
26395.3298
 21
-10803.2418
 31
0.0000
  0
LINE
  5
83A
  8
חשמל
 10
26395.3298
 20
-10803.2418
 30
0.0000
 11
26398.1600
 21
-10802.7610
 31
0.0000
  0
LINE
  5
83B
  8
חשמל
 10
26398.1600
 20
-10802.7610
 30
0.0000
 11
26401.0263
 21
-10802.6000
 31
0.0000
  0
LINE
  5
83C
  8
חשמל
 10
26401.0263
 20
-10802.6000
 30
0.0000
 11
26403.8926
 21
-10802.7610
 31
0.0000
  0
LINE
  5
83D
  8
חשמל
 10
26403.8926
 20
-10802.7610
 30
0.0000
 11
26406.7229
 21
-10803.2418
 31
0.0000
  0
LINE
  5
83E
  8
חשמל
 10
26406.7229
 20
-10803.2418
 30
0.0000
 11
26409.4815
 21
-10804.0366
 31
0.0000
  0
LINE
  5
83F
  8
חשמל
 10
26409.4815
 20
-10804.0366
 30
0.0000
 11
26412.1337
 21
-10805.1352
 31
0.0000
  0
LINE
  5
840
  8
חשמל
 10
26412.1337
 20
-10805.1352
 30
0.0000
 11
26414.6463
 21
-10806.5239
 31
0.0000
  0
LINE
  5
841
  8
חשמל
 10
26414.6463
 20
-10806.5239
 30
0.0000
 11
26416.9877
 21
-10808.1851
 31
0.0000
  0
LINE
  5
842
  8
חשמל
 10
26416.9877
 20
-10808.1851
 30
0.0000
 11
26419.1283
 21
-10810.0981
 31
0.0000
  0
LINE
  5
843
  8
חשמל
 10
26419.1283
 20
-10810.0981
 30
0.0000
 11
26421.0412
 21
-10812.2387
 31
0.0000
  0
LINE
  5
844
  8
חשמל
 10
26421.0412
 20
-10812.2387
 30
0.0000
 11
26422.7025
 21
-10814.5800
 31
0.0000
  0
LINE
  5
845
  8
חשמל
 10
26422.7025
 20
-10814.5800
 30
0.0000
 11
26424.0911
 21
-10817.0926
 31
0.0000
  0
LINE
  5
846
  8
חשמל
 10
26424.0911
 20
-10817.0926
 30
0.0000
 11
26425.1897
 21
-10819.7449
 31
0.0000
  0
LINE
  5
847
  8
חשמל
 10
26425.1897
 20
-10819.7449
 30
0.0000
 11
26425.9845
 21
-10822.5035
 31
0.0000
  0
LINE
  5
848
  8
חשמל
 10
26425.9845
 20
-10822.5035
 30
0.0000
 11
26426.4654
 21
-10825.3337
 31
0.0000
  0
LINE
  5
849
  8
חשמל
 10
26426.4654
 20
-10825.3337
 30
0.0000
 11
26426.6263
 21
-10828.2000
 31
0.0000
  0
LINE
  5
84A
  8
חשמל
 10
26375.4263
 20
-10828.2000
 30
0.0000
 11
26426.6263
 21
-10828.2000
 31
0.0000
  0
LINE
  5
84B
  8
חשמל - מידות
 10
26190.0000
 20
-11978.0000
 30
0.0000
 11
26190.0000
 21
-12810.5000
 31
0.0000
  0
LINE
  5
84C
  8
חשמל - מידות
 10
26401.0263
 20
-11978.0000
 30
0.0000
 11
26401.0263
 21
-12810.5000
 31
0.0000
  0
LINE
  5
84D
  8
חשמל - מידות
 10
26190.0000
 20
-12750.5000
 30
0.0000
 11
26401.0263
 21
-12750.5000
 31
0.0000
  0
SOLID
  5
84E
  8
חשמל - מידות
 10
26190.0000
 20
-12750.5000
 30
0.0000
 11
26075.0000
 21
-12782.5000
 31
0.0000
 12
26075.0000
 22
-12718.5000
 32
0.0000
 13
26075.0000
 23
-12718.5000
 33
0.0000
  0
SOLID
  5
84F
  8
חשמל - מידות
 10
26401.0263
 20
-12750.5000
 30
0.0000
 11
26516.0263
 21
-12782.5000
 31
0.0000
 12
26516.0263
 22
-12718.5000
 32
0.0000
 13
26516.0263
 23
-12718.5000
 33
0.0000
  0
TEXT
  5
850
  8
חשמל - מידות
 10
26295.5132
 20
-12845.5000
 30
0.0000
 40
100.0000
  1
21.1
 50
0.0000
  7
SOLINE
 72
1
 73
2
 11
26295.5132
 21
-12845.5000
 31
0.0000
  0
LINE
  5
851
  8
חשמל - מידות
 10
26361.0263
 20
-11938.0000
 30
0.0000
 11
26113.5263
 21
-11938.0000
 31
0.0000
  0
LINE
  5
852
  8
חשמל - מידות
 10
26361.0263
 20
-10825.0000
 30
0.0000
 11
26113.5263
 21
-10825.0000
 31
0.0000
  0
LINE
  5
853
  8
חשמל - מידות
 10
26173.5263
 20
-11938.0000
 30
0.0000
 11
26173.5263
 21
-10825.0000
 31
0.0000
  0
SOLID
  5
854
  8
חשמל - מידות
 10
26173.5263
 20
-11938.0000
 30
0.0000
 11
26141.5263
 21
-12053.0000
 31
0.0000
 12
26205.5263
 22
-12053.0000
 32
0.0000
 13
26205.5263
 23
-12053.0000
 33
0.0000
  0
SOLID
  5
855
  8
חשמל - מידות
 10
26173.5263
 20
-10825.0000
 30
0.0000
 11
26141.5263
 21
-10710.0000
 31
0.0000
 12
26205.5263
 22
-10710.0000
 32
0.0000
 13
26205.5263
 23
-10710.0000
 33
0.0000
  0
TEXT
  5
856
  8
חשמל - מידות
 10
26078.5263
 20
-11381.5000
 30
0.0000
 40
100.0000
  1
111.3
 50
90.0000
  7
SOLINE
 72
1
 73
2
 11
26078.5263
 21
-11381.5000
 31
0.0000
  0
LINE
  5
857
  8
חשמל
 10
27766.0263
 20
-10877.0000
 30
0.0000
 11
27846.0263
 21
-10877.0000
 31
0.0000
  0
LINE
  5
858
  8
חשמל
 10
27846.0263
 20
-10877.0000
 30
0.0000
 11
27846.0263
 21
-10797.0000
 31
0.0000
  0
LINE
  5
859
  8
חשמל
 10
27846.0263
 20
-10797.0000
 30
0.0000
 11
27766.0263
 21
-10797.0000
 31
0.0000
  0
LINE
  5
85A
  8
חשמל
 10
27766.0263
 20
-10797.0000
 30
0.0000
 11
27766.0263
 21
-10877.0000
 31
0.0000
  0
LINE
  5
85B
  8
חשמל
 10
27806.0263
 20
-10877.0000
 30
0.0000
 11
27806.0263
 21
-10840.2000
 31
0.0000
  0
LINE
  5
85C
  8
חשמל
 10
27780.4263
 20
-10840.2000
 30
0.0000
 11
27780.5873
 21
-10837.3337
 31
0.0000
  0
LINE
  5
85D
  8
חשמל
 10
27780.5873
 20
-10837.3337
 30
0.0000
 11
27781.0682
 21
-10834.5035
 31
0.0000
  0
LINE
  5
85E
  8
חשמל
 10
27781.0682
 20
-10834.5035
 30
0.0000
 11
27781.8629
 21
-10831.7449
 31
0.0000
  0
LINE
  5
85F
  8
חשמל
 10
27781.8629
 20
-10831.7449
 30
0.0000
 11
27782.9615
 21
-10829.0926
 31
0.0000
  0
LINE
  5
860
  8
חשמל
 10
27782.9615
 20
-10829.0926
 30
0.0000
 11
27784.3502
 21
-10826.5800
 31
0.0000
  0
LINE
  5
861
  8
חשמל
 10
27784.3502
 20
-10826.5800
 30
0.0000
 11
27786.0114
 21
-10824.2387
 31
0.0000
  0
LINE
  5
862
  8
חשמל
 10
27786.0114
 20
-10824.2387
 30
0.0000
 11
27787.9244
 21
-10822.0981
 31
0.0000
  0
LINE
  5
863
  8
חשמל
 10
27787.9244
 20
-10822.0981
 30
0.0000
 11
27790.0650
 21
-10820.1851
 31
0.0000
  0
LINE
  5
864
  8
חשמל
 10
27790.0650
 20
-10820.1851
 30
0.0000
 11
27792.4063
 21
-10818.5239
 31
0.0000
  0
LINE
  5
865
  8
חשמל
 10
27792.4063
 20
-10818.5239
 30
0.0000
 11
27794.9189
 21
-10817.1352
 31
0.0000
  0
LINE
  5
866
  8
חשמל
 10
27794.9189
 20
-10817.1352
 30
0.0000
 11
27797.5712
 21
-10816.0366
 31
0.0000
  0
LINE
  5
867
  8
חשמל
 10
27797.5712
 20
-10816.0366
 30
0.0000
 11
27800.3298
 21
-10815.2418
 31
0.0000
  0
LINE
  5
868
  8
חשמל
 10
27800.3298
 20
-10815.2418
 30
0.0000
 11
27803.1600
 21
-10814.7610
 31
0.0000
  0
LINE
  5
869
  8
חשמל
 10
27803.1600
 20
-10814.7610
 30
0.0000
 11
27806.0263
 21
-10814.6000
 31
0.0000
  0
LINE
  5
86A
  8
חשמל
 10
27806.0263
 20
-10814.6000
 30
0.0000
 11
27808.8926
 21
-10814.7610
 31
0.0000
  0
LINE
  5
86B
  8
חשמל
 10
27808.8926
 20
-10814.7610
 30
0.0000
 11
27811.7229
 21
-10815.2418
 31
0.0000
  0
LINE
  5
86C
  8
חשמל
 10
27811.7229
 20
-10815.2418
 30
0.0000
 11
27814.4815
 21
-10816.0366
 31
0.0000
  0
LINE
  5
86D
  8
חשמל
 10
27814.4815
 20
-10816.0366
 30
0.0000
 11
27817.1337
 21
-10817.1352
 31
0.0000
  0
LINE
  5
86E
  8
חשמל
 10
27817.1337
 20
-10817.1352
 30
0.0000
 11
27819.6463
 21
-10818.5239
 31
0.0000
  0
LINE
  5
86F
  8
חשמל
 10
27819.6463
 20
-10818.5239
 30
0.0000
 11
27821.9877
 21
-10820.1851
 31
0.0000
  0
LINE
  5
870
  8
חשמל
 10
27821.9877
 20
-10820.1851
 30
0.0000
 11
27824.1283
 21
-10822.0981
 31
0.0000
  0
LINE
  5
871
  8
חשמל
 10
27824.1283
 20
-10822.0981
 30
0.0000
 11
27826.0412
 21
-10824.2387
 31
0.0000
  0
LINE
  5
872
  8
חשמל
 10
27826.0412
 20
-10824.2387
 30
0.0000
 11
27827.7025
 21
-10826.5800
 31
0.0000
  0
LINE
  5
873
  8
חשמל
 10
27827.7025
 20
-10826.5800
 30
0.0000
 11
27829.0911
 21
-10829.0926
 31
0.0000
  0
LINE
  5
874
  8
חשמל
 10
27829.0911
 20
-10829.0926
 30
0.0000
 11
27830.1897
 21
-10831.7449
 31
0.0000
  0
LINE
  5
875
  8
חשמל
 10
27830.1897
 20
-10831.7449
 30
0.0000
 11
27830.9845
 21
-10834.5035
 31
0.0000
  0
LINE
  5
876
  8
חשמל
 10
27830.9845
 20
-10834.5035
 30
0.0000
 11
27831.4654
 21
-10837.3337
 31
0.0000
  0
LINE
  5
877
  8
חשמל
 10
27831.4654
 20
-10837.3337
 30
0.0000
 11
27831.6263
 21
-10840.2000
 31
0.0000
  0
LINE
  5
878
  8
חשמל
 10
27780.4263
 20
-10840.2000
 30
0.0000
 11
27831.6263
 21
-10840.2000
 31
0.0000
  0
LINE
  5
879
  8
חשמל - מידות
 10
28008.0000
 20
-11898.0000
 30
0.0000
 11
28008.0000
 21
-10715.5000
 31
0.0000
  0
LINE
  5
87A
  8
חשמל - מידות
 10
27806.0263
 20
-11898.0000
 30
0.0000
 11
27806.0263
 21
-10715.5000
 31
0.0000
  0
LINE
  5
87B
  8
חשמל - מידות
 10
28008.0000
 20
-10775.5000
 30
0.0000
 11
27806.0263
 21
-10775.5000
 31
0.0000
  0
SOLID
  5
87C
  8
חשמל - מידות
 10
28008.0000
 20
-10775.5000
 30
0.0000
 11
28123.0000
 21
-10743.5000
 31
0.0000
 12
28123.0000
 22
-10807.5000
 32
0.0000
 13
28123.0000
 23
-10807.5000
 33
0.0000
  0
SOLID
  5
87D
  8
חשמל - מידות
 10
27806.0263
 20
-10775.5000
 30
0.0000
 11
27691.0263
 21
-10743.5000
 31
0.0000
 12
27691.0263
 22
-10807.5000
 32
0.0000
 13
27691.0263
 23
-10807.5000
 33
0.0000
  0
TEXT
  5
87E
  8
חשמל - מידות
 10
27907.0132
 20
-10680.5000
 30
0.0000
 40
100.0000
  1
20.2
 50
360.0000
  7
SOLINE
 72
1
 73
2
 11
27907.0132
 21
-10680.5000
 31
0.0000
  0
LINE
  5
87F
  8
חשמל - מידות
 10
27846.0263
 20
-11938.0000
 30
0.0000
 11
28093.5263
 21
-11938.0000
 31
0.0000
  0
LINE
  5
880
  8
חשמל - מידות
 10
27846.0263
 20
-10837.0000
 30
0.0000
 11
28093.5263
 21
-10837.0000
 31
0.0000
  0
LINE
  5
881
  8
חשמל - מידות
 10
28033.5263
 20
-11938.0000
 30
0.0000
 11
28033.5263
 21
-10837.0000
 31
0.0000
  0
SOLID
  5
882
  8
חשמל - מידות
 10
28033.5263
 20
-11938.0000
 30
0.0000
 11
28065.5263
 21
-12053.0000
 31
0.0000
 12
28001.5263
 22
-12053.0000
 32
0.0000
 13
28001.5263
 23
-12053.0000
 33
0.0000
  0
SOLID
  5
883
  8
חשמל - מידות
 10
28033.5263
 20
-10837.0000
 30
0.0000
 11
28065.5263
 21
-10722.0000
 31
0.0000
 12
28001.5263
 22
-10722.0000
 32
0.0000
 13
28001.5263
 23
-10722.0000
 33
0.0000
  0
TEXT
  5
884
  8
חשמל - מידות
 10
28128.5263
 20
-11387.5000
 30
0.0000
 40
100.0000
  1
110.1
 50
90.0000
  7
SOLINE
 72
1
 73
2
 11
28128.5263
 21
-11387.5000
 31
0.0000
  0
TEXT
  5
885
  8
קירות - טקסט
 10
27099.0000
 20
-12875.5000
 30
0.0000
 40
162.5000
  1
W6
 50
0.0000
  7
SOLINE
 72
1
 73
2
 11
27099.0000
 21
-12875.5000
 31
0.0000
  0
LINE
  5
886
  8
גבול גיליון
 10
709.0000
 20
-13925.5000
 30
0.0000
 11
28408.0000
 21
-13925.5000
 31
0.0000
  0
LINE
  5
887
  8
גבול גיליון
 10
28408.0000
 20
-13925.5000
 30
0.0000
 11
28408.0000
 21
282.0000
 31
0.0000
  0
LINE
  5
888
  8
גבול גיליון
 10
28408.0000
 20
282.0000
 30
0.0000
 11
709.0000
 21
282.0000
 31
0.0000
  0
LINE
  5
889
  8
גבול גיליון
 10
709.0000
 20
282.0000
 30
0.0000
 11
709.0000
 21
-13925.5000
 31
0.0000
  0
ENDSEC
  0
EOF
