  0
SECTION
  2
HEADER
  9
$ACADVER
  1
AC1009
  9
$INSBASE
 10
0.0000
 20
0.0000
 30
0.0000
  9
$EXTMIN
 10
970.0000
 20
-18633.7117
 30
0.0000
  9
$EXTMAX
 10
27946.0000
 20
-302.0000
 30
0.0000
  9
$DWGCODEPAGE
  3
ansi_1255
  9
$CLAYER
  8
0
  9
$LTSCALE
 40
10.0000
  9
$LIMMIN
 10
0.0000
 20
0.0000
  9
$LIMMAX
 10
2000.0000
 20
200.0000
  0
ENDSEC
  0
SECTION
  2
TABLES
  0
TABLE
  2
VPORT
 70
1
  0
VPORT
  2
*ACTIVE
 70
0
 10
0.0000
 20
0.0000
 11
1.0000
 21
1.0000
 12
14458.0000
 22
-9467.8558
 13
0.0000
 23
0.0000
 14
10.0000
 24
10.0000
 15
10.0000
 25
10.0000
 16
0.0000
 26
0.0000
 36
1.0000
 17
0.0000
 27
0.0000
 37
0.0000
 40
21081.4684
 41
1.6000
 42
50.0000
 43
0.0000
 44
0.0000
 50
0.0000
 51
0.0000
 71
0
 72
100
 73
1
 74
1
 75
0
 76
0
 77
0
 78
0
  0
ENDTAB
  0
TABLE
  2
LTYPE
 70
3
  0
LTYPE
  2
CONTINUOUS
 70
0
  3
Solid line
 72
65
 73
0
 40
0.0000
  0
LTYPE
  2
HIDDEN
 70
0
  3
Hidden __ __ __ __ __ __
 72
65
 73
2
 40
9.5250
 49
6.3500
 49
-3.1750
  0
LTYPE
  2
CENTER
 70
0
  3
Center ____ _ ____ _ ____
 72
65
 73
4
 40
50.8000
 49
31.7500
 49
-6.3500
 49
6.3500
 49
-6.3500
  0
ENDTAB
  0
TABLE
  2
LAYER
 70
71
  0
LAYER
  2
0
 70
0
 62
7
  6
CONTINUOUS
  0
LAYER
  2
קירות
 70
0
 62
7
  6
CONTINUOUS
  0
LAYER
  2
קירות - מילוי
 70
0
 62
8
  6
CONTINUOUS
  0
LAYER
  2
קירות - מידות
 70
0
 62
7
  6
CONTINUOUS
  0
LAYER
  2
קירות - טקסט
 70
0
 62
7
  6
CONTINUOUS
  0
LAYER
  2
קירות - נסתר
 70
0
 62
7
  6
HIDDEN
  0
LAYER
  2
קירות - ציר
 70
0
 62
7
  6
CENTER
  0
LAYER
  2
מבנה
 70
0
 62
9
  6
CONTINUOUS
  0
LAYER
  2
מבנה - מילוי
 70
0
 62
9
  6
CONTINUOUS
  0
LAYER
  2
מבנה - מידות
 70
0
 62
9
  6
CONTINUOUS
  0
LAYER
  2
מבנה - טקסט
 70
0
 62
9
  6
CONTINUOUS
  0
LAYER
  2
מבנה - נסתר
 70
0
 62
9
  6
HIDDEN
  0
LAYER
  2
מבנה - ציר
 70
0
 62
9
  6
CENTER
  0
LAYER
  2
חשמל
 70
0
 62
6
  6
CONTINUOUS
  0
LAYER
  2
חשמל - מידות
 70
0
 62
6
  6
CONTINUOUS
  0
LAYER
  2
חשמל - טקסט
 70
0
 62
6
  6
CONTINUOUS
  0
LAYER
  2
חשמל - נסתר
 70
0
 62
6
  6
HIDDEN
  0
LAYER
  2
תאורה
 70
0
 62
30
  6
CONTINUOUS
  0
LAYER
  2
תאורה - מידות
 70
0
 62
30
  6
CONTINUOUS
  0
LAYER
  2
תאורה - טקסט
 70
0
 62
30
  6
CONTINUOUS
  0
LAYER
  2
תאורה - נסתר
 70
0
 62
30
  6
HIDDEN
  0
LAYER
  2
מים
 70
0
 62
4
  6
CONTINUOUS
  0
LAYER
  2
מים - מידות
 70
0
 62
4
  6
CONTINUOUS
  0
LAYER
  2
מים - טקסט
 70
0
 62
4
  6
CONTINUOUS
  0
LAYER
  2
מים - נסתר
 70
0
 62
4
  6
HIDDEN
  0
LAYER
  2
מים - ציר
 70
0
 62
4
  6
CENTER
  0
LAYER
  2
ניקוז
 70
0
 62
140
  6
CONTINUOUS
  0
LAYER
  2
ניקוז - מידות
 70
0
 62
140
  6
CONTINUOUS
  0
LAYER
  2
ניקוז - טקסט
 70
0
 62
140
  6
CONTINUOUS
  0
LAYER
  2
ניקוז - נסתר
 70
0
 62
140
  6
HIDDEN
  0
LAYER
  2
ניקוז - ציר
 70
0
 62
140
  6
CENTER
  0
LAYER
  2
גז
 70
0
 62
2
  6
CONTINUOUS
  0
LAYER
  2
גז - מידות
 70
0
 62
2
  6
CONTINUOUS
  0
LAYER
  2
גז - טקסט
 70
0
 62
2
  6
CONTINUOUS
  0
LAYER
  2
גז - נסתר
 70
0
 62
2
  6
HIDDEN
  0
LAYER
  2
גז - ציר
 70
0
 62
2
  6
CENTER
  0
LAYER
  2
מיזוג
 70
0
 62
141
  6
CONTINUOUS
  0
LAYER
  2
מיזוג - מידות
 70
0
 62
141
  6
CONTINUOUS
  0
LAYER
  2
מיזוג - טקסט
 70
0
 62
141
  6
CONTINUOUS
  0
LAYER
  2
מיזוג - נסתר
 70
0
 62
141
  6
HIDDEN
  0
LAYER
  2
אוורור
 70
0
 62
131
  6
CONTINUOUS
  0
LAYER
  2
אוורור - מידות
 70
0
 62
131
  6
CONTINUOUS
  0
LAYER
  2
אוורור - טקסט
 70
0
 62
131
  6
CONTINUOUS
  0
LAYER
  2
אוורור - נסתר
 70
0
 62
131
  6
HIDDEN
  0
LAYER
  2
דלתות
 70
0
 62
5
  6
CONTINUOUS
  0
LAYER
  2
דלתות - מידות
 70
0
 62
5
  6
CONTINUOUS
  0
LAYER
  2
דלתות - טקסט
 70
0
 62
5
  6
CONTINUOUS
  0
LAYER
  2
דלתות - נסתר
 70
0
 62
5
  6
HIDDEN
  0
LAYER
  2
דלתות - מילוי
 70
0
 62
5
  6
CONTINUOUS
  0
LAYER
  2
חלונות
 70
0
 62
151
  6
CONTINUOUS
  0
LAYER
  2
חלונות - מידות
 70
0
 62
151
  6
CONTINUOUS
  0
LAYER
  2
חלונות - טקסט
 70
0
 62
151
  6
CONTINUOUS
  0
LAYER
  2
חלונות - נסתר
 70
0
 62
151
  6
HIDDEN
  0
LAYER
  2
ריהוט
 70
0
 62
42
  6
CONTINUOUS
  0
LAYER
  2
ריהוט - מידות
 70
0
 62
42
  6
CONTINUOUS
  0
LAYER
  2
ריהוט - טקסט
 70
0
 62
42
  6
CONTINUOUS
  0
LAYER
  2
ריהוט - נסתר
 70
0
 62
42
  6
HIDDEN
  0
LAYER
  2
מטבח
 70
0
 62
52
  6
CONTINUOUS
  0
LAYER
  2
מטבח - מידות
 70
0
 62
52
  6
CONTINUOUS
  0
LAYER
  2
מטבח - טקסט
 70
0
 62
52
  6
CONTINUOUS
  0
LAYER
  2
מטבח - נסתר
 70
0
 62
52
  6
HIDDEN
  0
LAYER
  2
ריצוף
 70
0
 62
251
  6
CONTINUOUS
  0
LAYER
  2
ריצוף - מילוי
 70
0
 62
8
  6
CONTINUOUS
  0
LAYER
  2
מידות - פנים
 70
0
 62
3
  6
CONTINUOUS
  0
LAYER
  2
מידות - חוץ
 70
0
 62
1
  6
CONTINUOUS
  0
LAYER
  2
מסגרת
 70
0
 62
250
  6
CONTINUOUS
  0
LAYER
  2
גבול גיליון
 70
0
 62
255
  6
CONTINUOUS
  0
LAYER
  2
מקרא
 70
0
 62
150
  6
CONTINUOUS
  0
LAYER
  2
רשת צירים
 70
0
 62
8
  6
CENTER
  0
LAYER
  2
הערות
 70
0
 62
150
  6
CONTINUOUS
  0
LAYER
  2
מהדורות
 70
0
 62
1
  6
CONTINUOUS
  0
ENDTAB
  0
TABLE
  2
STYLE
 70
2
  0
STYLE
  2
SOLINE
 70
0
 40
0.0000
 41
1.0000
 50
0.0000
 71
0
 42
2.5000
  3
arial.ttf
  4

  0
STYLE
  2
Standard
 70
0
 40
0.0000
 41
1.0000
 50
0.0000
 71
0
 42
2.5000
  3
txt
  4

  0
ENDTAB
  0
ENDSEC
  0
SECTION
  2
BLOCKS
  0
BLOCK
  8
0
  2
SS_socket_duplex_160x80
 70
0
 10
0.0000
 20
0.0000
 30
0.0000
  3
SS_socket_duplex_160x80
  1

  0
LINE
  5
6BE
  8
0
 10
0.0000
 20
0.0000
 30
0.0000
 11
0.0000
 21
36.8000
 31
0.0000
  0
LINE
  5
6BF
  8
0
 10
-79.1040
 20
36.8000
 30
0.0000
 11
-78.8625
 21
38.9497
 31
0.0000
  0
LINE
  5
6C0
  8
0
 10
-78.8625
 20
38.9497
 30
0.0000
 11
-78.1412
 21
41.0724
 31
0.0000
  0
LINE
  5
6C1
  8
0
 10
-78.1412
 20
41.0724
 30
0.0000
 11
-76.9491
 21
43.1414
 31
0.0000
  0
LINE
  5
6C2
  8
0
 10
-76.9491
 20
43.1414
 30
0.0000
 11
-75.3012
 21
45.1306
 31
0.0000
  0
LINE
  5
6C3
  8
0
 10
-75.3012
 20
45.1306
 30
0.0000
 11
-73.2182
 21
47.0150
 31
0.0000
  0
LINE
  5
6C4
  8
0
 10
-73.2182
 20
47.0150
 30
0.0000
 11
-70.7263
 21
48.7710
 31
0.0000
  0
LINE
  5
6C5
  8
0
 10
-70.7263
 20
48.7710
 30
0.0000
 11
-67.8569
 21
50.3765
 31
0.0000
  0
LINE
  5
6C6
  8
0
 10
-67.8569
 20
50.3765
 30
0.0000
 11
-64.6460
 21
51.8112
 31
0.0000
  0
LINE
  5
6C7
  8
0
 10
-64.6460
 20
51.8112
 30
0.0000
 11
-61.1340
 21
53.0571
 31
0.0000
  0
LINE
  5
6C8
  8
0
 10
-61.1340
 20
53.0571
 30
0.0000
 11
-57.3651
 21
54.0986
 31
0.0000
  0
LINE
  5
6C9
  8
0
 10
-57.3651
 20
54.0986
 30
0.0000
 11
-53.3867
 21
54.9226
 31
0.0000
  0
LINE
  5
6CA
  8
0
 10
-53.3867
 20
54.9226
 30
0.0000
 11
-49.2488
 21
55.5186
 31
0.0000
  0
LINE
  5
6CB
  8
0
 10
-49.2488
 20
55.5186
 30
0.0000
 11
-45.0034
 21
55.8793
 31
0.0000
  0
LINE
  5
6CC
  8
0
 10
-45.0034
 20
55.8793
 30
0.0000
 11
-40.7040
 21
56.0000
 31
0.0000
  0
LINE
  5
6CD
  8
0
 10
-40.7040
 20
56.0000
 30
0.0000
 11
-36.4046
 21
55.8793
 31
0.0000
  0
LINE
  5
6CE
  8
0
 10
-36.4046
 20
55.8793
 30
0.0000
 11
-32.1592
 21
55.5186
 31
0.0000
  0
LINE
  5
6CF
  8
0
 10
-32.1592
 20
55.5186
 30
0.0000
 11
-28.0213
 21
54.9226
 31
0.0000
  0
LINE
  5
6D0
  8
0
 10
-28.0213
 20
54.9226
 30
0.0000
 11
-24.0429
 21
54.0986
 31
0.0000
  0
LINE
  5
6D1
  8
0
 10
-24.0429
 20
54.0986
 30
0.0000
 11
-20.2740
 21
53.0571
 31
0.0000
  0
LINE
  5
6D2
  8
0
 10
-20.2740
 20
53.0571
 30
0.0000
 11
-16.7620
 21
51.8112
 31
0.0000
  0
LINE
  5
6D3
  8
0
 10
-16.7620
 20
51.8112
 30
0.0000
 11
-13.5511
 21
50.3765
 31
0.0000
  0
LINE
  5
6D4
  8
0
 10
-13.5511
 20
50.3765
 30
0.0000
 11
-10.6817
 21
48.7710
 31
0.0000
  0
LINE
  5
6D5
  8
0
 10
-10.6817
 20
48.7710
 30
0.0000
 11
-8.1898
 21
47.0150
 31
0.0000
  0
LINE
  5
6D6
  8
0
 10
-8.1898
 20
47.0150
 30
0.0000
 11
-6.1068
 21
45.1306
 31
0.0000
  0
LINE
  5
6D7
  8
0
 10
-6.1068
 20
45.1306
 30
0.0000
 11
-4.4589
 21
43.1414
 31
0.0000
  0
LINE
  5
6D8
  8
0
 10
-4.4589
 20
43.1414
 30
0.0000
 11
-3.2668
 21
41.0724
 31
0.0000
  0
LINE
  5
6D9
  8
0
 10
-3.2668
 20
41.0724
 30
0.0000
 11
-2.5455
 21
38.9497
 31
0.0000
  0
LINE
  5
6DA
  8
0
 10
-2.5455
 20
38.9497
 30
0.0000
 11
-2.3040
 21
36.8000
 31
0.0000
  0
LINE
  5
6DB
  8
0
 10
-79.1040
 20
36.8000
 30
0.0000
 11
-2.3040
 21
36.8000
 31
0.0000
  0
LINE
  5
6DC
  8
0
 10
2.3040
 20
36.8000
 30
0.0000
 11
2.5455
 21
38.9497
 31
0.0000
  0
LINE
  5
6DD
  8
0
 10
2.5455
 20
38.9497
 30
0.0000
 11
3.2668
 21
41.0724
 31
0.0000
  0
LINE
  5
6DE
  8
0
 10
3.2668
 20
41.0724
 30
0.0000
 11
4.4589
 21
43.1414
 31
0.0000
  0
LINE
  5
6DF
  8
0
 10
4.4589
 20
43.1414
 30
0.0000
 11
6.1068
 21
45.1306
 31
0.0000
  0
LINE
  5
6E0
  8
0
 10
6.1068
 20
45.1306
 30
0.0000
 11
8.1898
 21
47.0150
 31
0.0000
  0
LINE
  5
6E1
  8
0
 10
8.1898
 20
47.0150
 30
0.0000
 11
10.6817
 21
48.7710
 31
0.0000
  0
LINE
  5
6E2
  8
0
 10
10.6817
 20
48.7710
 30
0.0000
 11
13.5511
 21
50.3765
 31
0.0000
  0
LINE
  5
6E3
  8
0
 10
13.5511
 20
50.3765
 30
0.0000
 11
16.7620
 21
51.8112
 31
0.0000
  0
LINE
  5
6E4
  8
0
 10
16.7620
 20
51.8112
 30
0.0000
 11
20.2740
 21
53.0571
 31
0.0000
  0
LINE
  5
6E5
  8
0
 10
20.2740
 20
53.0571
 30
0.0000
 11
24.0429
 21
54.0986
 31
0.0000
  0
LINE
  5
6E6
  8
0
 10
24.0429
 20
54.0986
 30
0.0000
 11
28.0213
 21
54.9226
 31
0.0000
  0
LINE
  5
6E7
  8
0
 10
28.0213
 20
54.9226
 30
0.0000
 11
32.1592
 21
55.5186
 31
0.0000
  0
LINE
  5
6E8
  8
0
 10
32.1592
 20
55.5186
 30
0.0000
 11
36.4046
 21
55.8793
 31
0.0000
  0
LINE
  5
6E9
  8
0
 10
36.4046
 20
55.8793
 30
0.0000
 11
40.7040
 21
56.0000
 31
0.0000
  0
LINE
  5
6EA
  8
0
 10
40.7040
 20
56.0000
 30
0.0000
 11
45.0034
 21
55.8793
 31
0.0000
  0
LINE
  5
6EB
  8
0
 10
45.0034
 20
55.8793
 30
0.0000
 11
49.2488
 21
55.5186
 31
0.0000
  0
LINE
  5
6EC
  8
0
 10
49.2488
 20
55.5186
 30
0.0000
 11
53.3867
 21
54.9226
 31
0.0000
  0
LINE
  5
6ED
  8
0
 10
53.3867
 20
54.9226
 30
0.0000
 11
57.3651
 21
54.0986
 31
0.0000
  0
LINE
  5
6EE
  8
0
 10
57.3651
 20
54.0986
 30
0.0000
 11
61.1340
 21
53.0571
 31
0.0000
  0
LINE
  5
6EF
  8
0
 10
61.1340
 20
53.0571
 30
0.0000
 11
64.6460
 21
51.8112
 31
0.0000
  0
LINE
  5
6F0
  8
0
 10
64.6460
 20
51.8112
 30
0.0000
 11
67.8569
 21
50.3765
 31
0.0000
  0
LINE
  5
6F1
  8
0
 10
67.8569
 20
50.3765
 30
0.0000
 11
70.7263
 21
48.7710
 31
0.0000
  0
LINE
  5
6F2
  8
0
 10
70.7263
 20
48.7710
 30
0.0000
 11
73.2182
 21
47.0150
 31
0.0000
  0
LINE
  5
6F3
  8
0
 10
73.2182
 20
47.0150
 30
0.0000
 11
75.3012
 21
45.1306
 31
0.0000
  0
LINE
  5
6F4
  8
0
 10
75.3012
 20
45.1306
 30
0.0000
 11
76.9491
 21
43.1414
 31
0.0000
  0
LINE
  5
6F5
  8
0
 10
76.9491
 20
43.1414
 30
0.0000
 11
78.1412
 21
41.0724
 31
0.0000
  0
LINE
  5
6F6
  8
0
 10
78.1412
 20
41.0724
 30
0.0000
 11
78.8625
 21
38.9497
 31
0.0000
  0
LINE
  5
6F7
  8
0
 10
78.8625
 20
38.9497
 30
0.0000
 11
79.1040
 21
36.8000
 31
0.0000
  0
LINE
  5
6F8
  8
0
 10
2.3040
 20
36.8000
 30
0.0000
 11
79.1040
 21
36.8000
 31
0.0000
  0
ENDBLK
  8
0
  0
BLOCK
  8
0
  2
SS_junction_box_80x80
 70
0
 10
0.0000
 20
0.0000
 30
0.0000
  3
SS_junction_box_80x80
  1

  0
LINE
  5
6F9
  8
0
 10
0.0000
 20
0.0000
 30
0.0000
 11
0.0000
 21
56.0000
 31
0.0000
  0
ARC
  5
6FA
  8
0
 10
0.0000
 20
40.0000
 30
0.0000
 40
14.4000
 50
0.0000
 51
360.0000
  0
ARC
  5
6FB
  8
0
 10
0.0000
 20
40.0000
 30
0.0000
 40
4.0000
 50
0.0000
 51
360.0000
  0
ENDBLK
  8
0
  0
BLOCK
  8
0
  2
SS_socket_single_80x80
 70
0
 10
0.0000
 20
0.0000
 30
0.0000
  3
SS_socket_single_80x80
  1

  0
LINE
  5
6FC
  8
0
 10
0.0000
 20
0.0000
 30
0.0000
 11
0.0000
 21
36.8000
 31
0.0000
  0
LINE
  5
6FD
  8
0
 10
-25.6000
 20
36.8000
 30
0.0000
 11
-25.4390
 21
39.6663
 31
0.0000
  0
LINE
  5
6FE
  8
0
 10
-25.4390
 20
39.6663
 30
0.0000
 11
-24.9582
 21
42.4965
 31
0.0000
  0
LINE
  5
6FF
  8
0
 10
-24.9582
 20
42.4965
 30
0.0000
 11
-24.1634
 21
45.2551
 31
0.0000
  0
LINE
  5
700
  8
0
 10
-24.1634
 20
45.2551
 30
0.0000
 11
-23.0648
 21
47.9074
 31
0.0000
  0
LINE
  5
701
  8
0
 10
-23.0648
 20
47.9074
 30
0.0000
 11
-21.6761
 21
50.4200
 31
0.0000
  0
LINE
  5
702
  8
0
 10
-21.6761
 20
50.4200
 30
0.0000
 11
-20.0149
 21
52.7613
 31
0.0000
  0
LINE
  5
703
  8
0
 10
-20.0149
 20
52.7613
 30
0.0000
 11
-18.1019
 21
54.9019
 31
0.0000
  0
LINE
  5
704
  8
0
 10
-18.1019
 20
54.9019
 30
0.0000
 11
-15.9613
 21
56.8149
 31
0.0000
  0
LINE
  5
705
  8
0
 10
-15.9613
 20
56.8149
 30
0.0000
 11
-13.6200
 21
58.4761
 31
0.0000
  0
LINE
  5
706
  8
0
 10
-13.6200
 20
58.4761
 30
0.0000
 11
-11.1074
 21
59.8648
 31
0.0000
  0
LINE
  5
707
  8
0
 10
-11.1074
 20
59.8648
 30
0.0000
 11
-8.4551
 21
60.9634
 31
0.0000
  0
LINE
  5
708
  8
0
 10
-8.4551
 20
60.9634
 30
0.0000
 11
-5.6965
 21
61.7582
 31
0.0000
  0
LINE
  5
709
  8
0
 10
-5.6965
 20
61.7582
 30
0.0000
 11
-2.8663
 21
62.2390
 31
0.0000
  0
LINE
  5
70A
  8
0
 10
-2.8663
 20
62.2390
 30
0.0000
 11
0.0000
 21
62.4000
 31
0.0000
  0
LINE
  5
70B
  8
0
 10
0.0000
 20
62.4000
 30
0.0000
 11
2.8663
 21
62.2390
 31
0.0000
  0
LINE
  5
70C
  8
0
 10
2.8663
 20
62.2390
 30
0.0000
 11
5.6965
 21
61.7582
 31
0.0000
  0
LINE
  5
70D
  8
0
 10
5.6965
 20
61.7582
 30
0.0000
 11
8.4551
 21
60.9634
 31
0.0000
  0
LINE
  5
70E
  8
0
 10
8.4551
 20
60.9634
 30
0.0000
 11
11.1074
 21
59.8648
 31
0.0000
  0
LINE
  5
70F
  8
0
 10
11.1074
 20
59.8648
 30
0.0000
 11
13.6200
 21
58.4761
 31
0.0000
  0
LINE
  5
710
  8
0
 10
13.6200
 20
58.4761
 30
0.0000
 11
15.9613
 21
56.8149
 31
0.0000
  0
LINE
  5
711
  8
0
 10
15.9613
 20
56.8149
 30
0.0000
 11
18.1019
 21
54.9019
 31
0.0000
  0
LINE
  5
712
  8
0
 10
18.1019
 20
54.9019
 30
0.0000
 11
20.0149
 21
52.7613
 31
0.0000
  0
LINE
  5
713
  8
0
 10
20.0149
 20
52.7613
 30
0.0000
 11
21.6761
 21
50.4200
 31
0.0000
  0
LINE
  5
714
  8
0
 10
21.6761
 20
50.4200
 30
0.0000
 11
23.0648
 21
47.9074
 31
0.0000
  0
LINE
  5
715
  8
0
 10
23.0648
 20
47.9074
 30
0.0000
 11
24.1634
 21
45.2551
 31
0.0000
  0
LINE
  5
716
  8
0
 10
24.1634
 20
45.2551
 30
0.0000
 11
24.9582
 21
42.4965
 31
0.0000
  0
LINE
  5
717
  8
0
 10
24.9582
 20
42.4965
 30
0.0000
 11
25.4390
 21
39.6663
 31
0.0000
  0
LINE
  5
718
  8
0
 10
25.4390
 20
39.6663
 30
0.0000
 11
25.6000
 21
36.8000
 31
0.0000
  0
LINE
  5
719
  8
0
 10
-25.6000
 20
36.8000
 30
0.0000
 11
25.6000
 21
36.8000
 31
0.0000
  0
ENDBLK
  8
0
  0
BLOCK
  8
0
  2
SS_gas_point_20x20
 70
0
 10
0.0000
 20
0.0000
 30
0.0000
  3
SS_gas_point_20x20
  1

  0
LINE
  5
71A
  8
0
 10
0.0000
 20
0.0000
 30
0.0000
 11
0.0000
 21
4.0000
 31
0.0000
  0
LINE
  5
71B
  8
0
 10
0.0000
 20
16.0000
 30
0.0000
 11
5.2000
 21
13.0000
 31
0.0000
  0
LINE
  5
71C
  8
0
 10
5.2000
 20
13.0000
 30
0.0000
 11
5.2000
 21
7.0000
 31
0.0000
  0
LINE
  5
71D
  8
0
 10
5.2000
 20
7.0000
 30
0.0000
 11
0.0000
 21
4.0000
 31
0.0000
  0
LINE
  5
71E
  8
0
 10
0.0000
 20
4.0000
 30
0.0000
 11
-5.2000
 21
7.0000
 31
0.0000
  0
LINE
  5
71F
  8
0
 10
-5.2000
 20
7.0000
 30
0.0000
 11
-5.2000
 21
13.0000
 31
0.0000
  0
LINE
  5
720
  8
0
 10
-5.2000
 20
13.0000
 30
0.0000
 11
0.0000
 21
16.0000
 31
0.0000
  0
TEXT
  5
721
  8
0
 10
0.0000
 20
10.0000
 30
0.0000
 40
24.0000
  1
G
 50
0.0000
  7
SOLINE
 72
1
 73
2
 11
0.0000
 21
10.0000
 31
0.0000
  0
ENDBLK
  8
0
  0
BLOCK
  8
0
  2
SS_light_downlight_100x30
 70
0
 10
0.0000
 20
0.0000
 30
0.0000
  3
SS_light_downlight_100x30
  1

  0
LINE
  5
722
  8
0
 10
30.0000
 20
15.0000
 30
0.0000
 11
29.4236
 21
13.2442
 31
0.0000
  0
LINE
  5
723
  8
0
 10
29.4236
 20
13.2442
 30
0.0000
 11
27.7164
 21
11.5558
 31
0.0000
  0
LINE
  5
724
  8
0
 10
27.7164
 20
11.5558
 30
0.0000
 11
24.9441
 21
9.9999
 31
0.0000
  0
LINE
  5
725
  8
0
 10
24.9441
 20
9.9999
 30
0.0000
 11
21.2132
 21
8.6360
 31
0.0000
  0
LINE
  5
726
  8
0
 10
21.2132
 20
8.6360
 30
0.0000
 11
16.6671
 21
7.5168
 31
0.0000
  0
LINE
  5
727
  8
0
 10
16.6671
 20
7.5168
 30
0.0000
 11
11.4805
 21
6.6851
 31
0.0000
  0
LINE
  5
728
  8
0
 10
11.4805
 20
6.6851
 30
0.0000
 11
5.8527
 21
6.1729
 31
0.0000
  0
LINE
  5
729
  8
0
 10
5.8527
 20
6.1729
 30
0.0000
 11
0.0000
 21
6.0000
 31
0.0000
  0
LINE
  5
72A
  8
0
 10
0.0000
 20
6.0000
 30
0.0000
 11
-5.8527
 21
6.1729
 31
0.0000
  0
LINE
  5
72B
  8
0
 10
-5.8527
 20
6.1729
 30
0.0000
 11
-11.4805
 21
6.6851
 31
0.0000
  0
LINE
  5
72C
  8
0
 10
-11.4805
 20
6.6851
 30
0.0000
 11
-16.6671
 21
7.5168
 31
0.0000
  0
LINE
  5
72D
  8
0
 10
-16.6671
 20
7.5168
 30
0.0000
 11
-21.2132
 21
8.6360
 31
0.0000
  0
LINE
  5
72E
  8
0
 10
-21.2132
 20
8.6360
 30
0.0000
 11
-24.9441
 21
9.9999
 31
0.0000
  0
LINE
  5
72F
  8
0
 10
-24.9441
 20
9.9999
 30
0.0000
 11
-27.7164
 21
11.5558
 31
0.0000
  0
LINE
  5
730
  8
0
 10
-27.7164
 20
11.5558
 30
0.0000
 11
-29.4236
 21
13.2442
 31
0.0000
  0
LINE
  5
731
  8
0
 10
-29.4236
 20
13.2442
 30
0.0000
 11
-30.0000
 21
15.0000
 31
0.0000
  0
LINE
  5
732
  8
0
 10
-30.0000
 20
15.0000
 30
0.0000
 11
-29.4236
 21
16.7558
 31
0.0000
  0
LINE
  5
733
  8
0
 10
-29.4236
 20
16.7558
 30
0.0000
 11
-27.7164
 21
18.4442
 31
0.0000
  0
LINE
  5
734
  8
0
 10
-27.7164
 20
18.4442
 30
0.0000
 11
-24.9441
 21
20.0001
 31
0.0000
  0
LINE
  5
735
  8
0
 10
-24.9441
 20
20.0001
 30
0.0000
 11
-21.2132
 21
21.3640
 31
0.0000
  0
LINE
  5
736
  8
0
 10
-21.2132
 20
21.3640
 30
0.0000
 11
-16.6671
 21
22.4832
 31
0.0000
  0
LINE
  5
737
  8
0
 10
-16.6671
 20
22.4832
 30
0.0000
 11
-11.4805
 21
23.3149
 31
0.0000
  0
LINE
  5
738
  8
0
 10
-11.4805
 20
23.3149
 30
0.0000
 11
-5.8527
 21
23.8271
 31
0.0000
  0
LINE
  5
739
  8
0
 10
-5.8527
 20
23.8271
 30
0.0000
 11
0.0000
 21
24.0000
 31
0.0000
  0
LINE
  5
73A
  8
0
 10
0.0000
 20
24.0000
 30
0.0000
 11
5.8527
 21
23.8271
 31
0.0000
  0
LINE
  5
73B
  8
0
 10
5.8527
 20
23.8271
 30
0.0000
 11
11.4805
 21
23.3149
 31
0.0000
  0
LINE
  5
73C
  8
0
 10
11.4805
 20
23.3149
 30
0.0000
 11
16.6671
 21
22.4832
 31
0.0000
  0
LINE
  5
73D
  8
0
 10
16.6671
 20
22.4832
 30
0.0000
 11
21.2132
 21
21.3640
 31
0.0000
  0
LINE
  5
73E
  8
0
 10
21.2132
 20
21.3640
 30
0.0000
 11
24.9441
 21
20.0001
 31
0.0000
  0
LINE
  5
73F
  8
0
 10
24.9441
 20
20.0001
 30
0.0000
 11
27.7164
 21
18.4442
 31
0.0000
  0
LINE
  5
740
  8
0
 10
27.7164
 20
18.4442
 30
0.0000
 11
29.4236
 21
16.7558
 31
0.0000
  0
LINE
  5
741
  8
0
 10
29.4236
 20
16.7558
 30
0.0000
 11
30.0000
 21
15.0000
 31
0.0000
  0
LINE
  5
742
  8
0
 10
-21.0000
 20
21.3000
 30
0.0000
 11
21.0000
 21
8.7000
 31
0.0000
  0
LINE
  5
743
  8
0
 10
21.0000
 20
21.3000
 30
0.0000
 11
-21.0000
 21
8.7000
 31
0.0000
  0
ENDBLK
  8
0
  0
BLOCK
  8
0
  2
SS_water_faucet_20x20
 70
0
 10
0.0000
 20
0.0000
 30
0.0000
  3
SS_water_faucet_20x20
  1

  0
LINE
  5
744
  8
0
 10
0.0000
 20
0.0000
 30
0.0000
 11
0.0000
 21
5.6000
 31
0.0000
  0
LINE
  5
745
  8
0
 10
-4.4000
 20
14.4000
 30
0.0000
 11
4.4000
 21
14.4000
 31
0.0000
  0
LINE
  5
746
  8
0
 10
4.4000
 20
14.4000
 30
0.0000
 11
0.0000
 21
10.0000
 31
0.0000
  0
LINE
  5
747
  8
0
 10
0.0000
 20
10.0000
 30
0.0000
 11
-4.4000
 21
14.4000
 31
0.0000
  0
LINE
  5
748
  8
0
 10
-4.4000
 20
5.6000
 30
0.0000
 11
4.4000
 21
5.6000
 31
0.0000
  0
LINE
  5
749
  8
0
 10
4.4000
 20
5.6000
 30
0.0000
 11
0.0000
 21
10.0000
 31
0.0000
  0
LINE
  5
74A
  8
0
 10
0.0000
 20
10.0000
 30
0.0000
 11
-4.4000
 21
5.6000
 31
0.0000
  0
ARC
  5
74B
  8
0
 10
0.0000
 20
10.0000
 30
0.0000
 40
0.9000
 50
0.0000
 51
360.0000
  0
ENDBLK
  8
0
  0
BLOCK
  8
0
  2
SS_sewage_point_50x50
 70
0
 10
0.0000
 20
0.0000
 30
0.0000
  3
SS_sewage_point_50x50
  1

  0
LINE
  5
74C
  8
0
 10
0.0000
 20
0.0000
 30
0.0000
 11
0.0000
 21
39.0000
 31
0.0000
  0
ARC
  5
74D
  8
0
 10
0.0000
 20
25.0000
 30
0.0000
 40
15.0000
 50
0.0000
 51
360.0000
  0
LINE
  5
74E
  8
0
 10
-9.0000
 20
22.0000
 30
0.0000
 11
-4.0000
 21
28.0000
 31
0.0000
  0
LINE
  5
74F
  8
0
 10
-4.0000
 20
28.0000
 30
0.0000
 11
0.0000
 21
22.0000
 31
0.0000
  0
LINE
  5
750
  8
0
 10
0.0000
 20
22.0000
 30
0.0000
 11
4.0000
 21
28.0000
 31
0.0000
  0
LINE
  5
751
  8
0
 10
4.0000
 20
28.0000
 30
0.0000
 11
9.0000
 21
22.0000
 31
0.0000
  0
ENDBLK
  8
0
  0
ENDSEC
  0
SECTION
  2
ENTITIES
  0
SOLID
  5
100
  8
קירות - מילוי
 10
2970.0000
 20
-3319.0000
 30
0.0000
 11
2970.0000
 21
-2440.0000
 31
0.0000
 12
3070.0000
 22
-3319.0000
 32
0.0000
 13
3070.0000
 23
-2540.0000
 33
0.0000
  0
LINE
  5
101
  8
קירות
 10
2970.0000
 20
-3319.0000
 30
0.0000
 11
2970.0000
 21
-2440.0000
 31
0.0000
  0
LINE
  5
102
  8
קירות
 10
3070.0000
 20
-3319.0000
 30
0.0000
 11
3070.0000
 21
-2540.0000
 31
0.0000
  0
LINE
  5
103
  8
קירות
 10
2970.0000
 20
-3319.0000
 30
0.0000
 11
3070.0000
 21
-3319.0000
 31
0.0000
  0
SOLID
  5
104
  8
קירות - מילוי
 10
2970.0000
 20
-2440.0000
 30
0.0000
 11
7655.5250
 21
-2440.0000
 31
0.0000
 12
3070.0000
 22
-2540.0000
 32
0.0000
 13
7555.0000
 23
-2540.0000
 33
0.0000
  0
LINE
  5
105
  8
קירות
 10
2970.0000
 20
-2440.0000
 30
0.0000
 11
7655.5250
 21
-2440.0000
 31
0.0000
  0
LINE
  5
106
  8
קירות
 10
3070.0000
 20
-2540.0000
 30
0.0000
 11
7555.0000
 21
-2540.0000
 31
0.0000
  0
SOLID
  5
107
  8
קירות - מילוי
 10
7648.8568
 20
-3713.5120
 30
0.0000
 11
7643.9769
 21
-4645.4947
 31
0.0000
 12
7548.8582
 22
-3712.9884
 32
0.0000
 13
7544.5019
 23
-4544.9725
 33
0.0000
  0
LINE
  5
108
  8
קירות
 10
7648.8568
 20
-3713.5120
 30
0.0000
 11
7643.9769
 21
-4645.4947
 31
0.0000
  0
LINE
  5
109
  8
קירות
 10
7548.8582
 20
-3712.9884
 30
0.0000
 11
7544.5019
 21
-4544.9725
 31
0.0000
  0
LINE
  5
10A
  8
קירות
 10
7555.0000
 20
-2540.0000
 30
0.0000
 11
7654.9986
 21
-2540.5236
 31
0.0000
  0
LINE
  5
10B
  8
קירות
 10
7548.8582
 20
-3712.9884
 30
0.0000
 11
7648.8568
 21
-3713.5120
 31
0.0000
  0
SOLID
  5
10C
  8
קירות - מילוי
 10
7643.9769
 20
-4645.4947
 30
0.0000
 11
6558.9918
 21
-4639.8137
 31
0.0000
 12
7544.5019
 22
-4544.9725
 32
0.0000
 13
6459.5168
 23
-4539.2915
 33
0.0000
  0
LINE
  5
10D
  8
קירות
 10
7643.9769
 20
-4645.4947
 30
0.0000
 11
6558.9918
 21
-4639.8137
 31
0.0000
  0
LINE
  5
10E
  8
קירות
 10
7544.5019
 20
-4544.9725
 30
0.0000
 11
6459.5168
 21
-4539.2915
 31
0.0000
  0
SOLID
  5
10F
  8
קירות - מילוי
 10
6558.9918
 20
-4639.8137
 30
0.0000
 11
6554.8280
 21
-5435.0424
 31
0.0000
 12
6459.5168
 22
-4539.2915
 32
0.0000
 13
6454.8293
 23
-5434.5188
 33
0.0000
  0
LINE
  5
110
  8
קירות
 10
6558.9918
 20
-4639.8137
 30
0.0000
 11
6554.8280
 21
-5435.0424
 31
0.0000
  0
LINE
  5
111
  8
קירות
 10
6459.5168
 20
-4539.2915
 30
0.0000
 11
6454.8293
 21
-5434.5188
 31
0.0000
  0
SOLID
  5
112
  8
קירות - מילוי
 10
6541.8899
 20
-7906.0085
 30
0.0000
 11
6529.0316
 21
-10361.7353
 31
0.0000
 12
6441.8913
 22
-7905.4850
 32
0.0000
 13
6429.0330
 23
-10361.2117
 33
0.0000
  0
LINE
  5
113
  8
קירות
 10
6541.8899
 20
-7906.0085
 30
0.0000
 11
6529.0316
 21
-10361.7353
 31
0.0000
  0
LINE
  5
114
  8
קירות
 10
6441.8913
 20
-7905.4850
 30
0.0000
 11
6429.0330
 21
-10361.2117
 31
0.0000
  0
LINE
  5
115
  8
קירות
 10
6454.8293
 20
-5434.5188
 30
0.0000
 11
6554.8280
 21
-5435.0424
 31
0.0000
  0
LINE
  5
116
  8
קירות
 10
6441.8913
 20
-7905.4850
 30
0.0000
 11
6541.8899
 21
-7906.0085
 31
0.0000
  0
LINE
  5
117
  8
קירות
 10
6529.0316
 20
-10361.7353
 30
0.0000
 11
6429.0330
 21
-10361.2117
 31
0.0000
  0
LINE
  5
118
  8
חלונות
 10
7506.8596
 20
-2238.7483
 30
0.0000
 11
7499.1418
 21
-3712.7281
 31
0.0000
  0
LINE
  5
119
  8
חלונות
 10
7499.1418
 20
-3712.7281
 30
0.0000
 11
7599.1404
 21
-3713.2517
 31
0.0000
  0
LINE
  5
11A
  8
חלונות
 10
7599.1404
 20
-3713.2517
 30
0.0000
 11
7606.8582
 21
-2239.2719
 31
0.0000
  0
LINE
  5
11B
  8
חלונות
 10
7606.8582
 20
-2239.2719
 30
0.0000
 11
7506.8596
 21
-2238.7483
 31
0.0000
  0
LINE
  5
11C
  8
חלונות
 10
7506.5978
 20
-2288.7476
 30
0.0000
 11
7606.5964
 21
-2289.2712
 31
0.0000
  0
LINE
  5
11D
  8
חלונות
 10
7499.4036
 20
-3662.7288
 30
0.0000
 11
7599.4022
 21
-3663.2524
 31
0.0000
  0
LINE
  5
11E
  8
חלונות
 10
7556.5971
 20
-2289.0094
 30
0.0000
 11
7549.4029
 21
-3662.9906
 31
0.0000
  0
LINE
  5
11F
  8
חלונות
 10
7556.5971
 20
-2289.0094
 30
0.0000
 11
7549.4029
 21
-3662.9906
 31
0.0000
  0
LINE
  5
120
  8
חלונות
 10
7556.5971
 20
-2289.0094
 30
0.0000
 11
7549.4029
 21
-3662.9906
 31
0.0000
  0
TEXT
  5
121
  8
חלונות - טקסט
 10
7777.9969
 20
-2977.1781
 30
0.0000
 40
125.0000
  1
W1
 50
0.0000
  7
SOLINE
 72
1
 73
2
 11
7777.9969
 21
-2977.1781
 31
0.0000
  0
LINE
  5
122
  8
חלונות
 10
6404.4697
 20
-5434.2551
 30
0.0000
 11
6391.5317
 21
-7905.2213
 31
0.0000
  0
LINE
  5
123
  8
חלונות
 10
6391.5317
 20
-7905.2213
 30
0.0000
 11
6491.5303
 21
-7905.7449
 31
0.0000
  0
LINE
  5
124
  8
חלונות
 10
6491.5303
 20
-7905.7449
 30
0.0000
 11
6504.4683
 21
-5434.7787
 31
0.0000
  0
LINE
  5
125
  8
חלונות
 10
6504.4683
 20
-5434.7787
 30
0.0000
 11
6404.4697
 21
-5434.2551
 31
0.0000
  0
LINE
  5
126
  8
חלונות
 10
6404.2079
 20
-5484.2545
 30
0.0000
 11
6504.2065
 21
-5484.7780
 31
0.0000
  0
LINE
  5
127
  8
חלונות
 10
6391.7935
 20
-7855.2220
 30
0.0000
 11
6491.7921
 21
-7855.7455
 31
0.0000
  0
LINE
  5
128
  8
חלונות
 10
6454.2072
 20
-5484.5163
 30
0.0000
 11
6441.7928
 21
-7855.4837
 31
0.0000
  0
LINE
  5
129
  8
חלונות
 10
6454.2072
 20
-5484.5163
 30
0.0000
 11
6441.7928
 21
-7855.4837
 31
0.0000
  0
LINE
  5
12A
  8
חלונות
 10
6454.2072
 20
-5484.5163
 30
0.0000
 11
6441.7928
 21
-7855.4837
 31
0.0000
  0
TEXT
  5
12B
  8
חלונות - טקסט
 10
6672.9969
 20
-6671.1781
 30
0.0000
 40
125.0000
  1
W2
 50
0.0000
  7
SOLINE
 72
1
 73
2
 11
6672.9969
 21
-6671.1781
 31
0.0000
  0
INSERT
  5
12C
  8
חשמל
  2
SS_socket_duplex_160x80
 10
7175.0000
 20
-2540.0000
 30
0.0000
 41
1.0000
 42
1.0000
 43
1.0000
 50
0.0000
  0
INSERT
  5
12D
  8
חשמל
  2
SS_junction_box_80x80
 10
6841.0000
 20
-2540.0000
 30
0.0000
 41
1.0000
 42
1.0000
 43
1.0000
 50
0.0000
  0
INSERT
  5
12E
  8
חשמל
  2
SS_socket_single_80x80
 10
5815.0000
 20
-2540.0000
 30
0.0000
 41
1.0000
 42
1.0000
 43
1.0000
 50
0.0000
  0
INSERT
  5
12F
  8
חשמל
  2
SS_socket_single_80x80
 10
5665.0000
 20
-2540.0000
 30
0.0000
 41
1.0000
 42
1.0000
 43
1.0000
 50
0.0000
  0
INSERT
  5
130
  8
גז
  2
SS_gas_point_20x20
 10
5701.0000
 20
-2540.0000
 30
0.0000
 41
1.0000
 42
1.0000
 43
1.0000
 50
0.0000
  0
INSERT
  5
131
  8
חשמל
  2
SS_socket_single_80x80
 10
3531.0000
 20
-2540.0000
 30
0.0000
 41
1.0000
 42
1.0000
 43
1.0000
 50
0.0000
  0
INSERT
  5
132
  8
חשמל
  2
SS_socket_single_80x80
 10
4198.0000
 20
-2540.0000
 30
0.0000
 41
1.0000
 42
1.0000
 43
1.0000
 50
0.0000
  0
INSERT
  5
133
  8
חשמל
  2
SS_socket_single_80x80
 10
4351.0000
 20
-2540.0000
 30
0.0000
 41
1.0000
 42
1.0000
 43
1.0000
 50
0.0000
  0
INSERT
  5
134
  8
חשמל
  2
SS_socket_duplex_160x80
 10
4870.0000
 20
-2540.0000
 30
0.0000
 41
1.0000
 42
1.0000
 43
1.0000
 50
0.0000
  0
INSERT
  5
135
  8
חשמל
  2
SS_junction_box_80x80
 10
4426.0000
 20
-2540.0000
 30
0.0000
 41
1.0000
 42
1.0000
 43
1.0000
 50
0.0000
  0
INSERT
  5
136
  8
תאורה
  2
SS_light_downlight_100x30
 10
4584.0000
 20
-2540.0000
 30
0.0000
 41
1.0000
 42
1.0000
 43
1.0000
 50
0.0000
  0
INSERT
  5
137
  8
תאורה
  2
SS_light_downlight_100x30
 10
6023.0000
 20
-2540.0000
 30
0.0000
 41
1.0000
 42
1.0000
 43
1.0000
 50
0.0000
  0
INSERT
  5
138
  8
חשמל
  2
SS_socket_single_80x80
 10
7548.0000
 20
-3846.0000
 30
0.0000
 41
1.0000
 42
1.0000
 43
1.0000
 50
269.7000
  0
INSERT
  5
139
  8
מים
  2
SS_water_faucet_20x20
 10
7549.0000
 20
-3680.0000
 30
0.0000
 41
1.0000
 42
1.0000
 43
1.0000
 50
269.7000
  0
INSERT
  5
13A
  8
מים
  2
SS_water_faucet_20x20
 10
7550.0000
 20
-3529.0000
 30
0.0000
 41
1.0000
 42
1.0000
 43
1.0000
 50
269.7000
  0
INSERT
  5
13B
  8
מים
  2
SS_water_faucet_20x20
 10
7551.0000
 20
-3395.0000
 30
0.0000
 41
1.0000
 42
1.0000
 43
1.0000
 50
269.7000
  0
INSERT
  5
13C
  8
ניקוז
  2
SS_sewage_point_50x50
 10
7550.0000
 20
-3569.0000
 30
0.0000
 41
1.0000
 42
1.0000
 43
1.0000
 50
269.7000
  0
INSERT
  5
13D
  8
חשמל
  2
SS_socket_single_80x80
 10
7554.0000
 20
-2796.0000
 30
0.0000
 41
1.0000
 42
1.0000
 43
1.0000
 50
269.7000
  0
INSERT
  5
13E
  8
חשמל
  2
SS_junction_box_80x80
 10
7553.0000
 20
-2838.0000
 30
0.0000
 41
1.0000
 42
1.0000
 43
1.0000
 50
269.7000
  0
INSERT
  5
13F
  8
חשמל
  2
SS_socket_duplex_160x80
 10
7385.0000
 20
-4544.0000
 30
0.0000
 41
1.0000
 42
1.0000
 43
1.0000
 50
179.7000
  0
INSERT
  5
140
  8
חשמל
  2
SS_junction_box_80x80
 10
7317.0000
 20
-4544.0000
 30
0.0000
 41
1.0000
 42
1.0000
 43
1.0000
 50
179.7000
  0
INSERT
  5
141
  8
חשמל
  2
SS_socket_single_80x80
 10
6458.0000
 20
-4884.0000
 30
0.0000
 41
1.0000
 42
1.0000
 43
1.0000
 50
269.7000
  0
INSERT
  5
142
  8
חשמל
  2
SS_socket_single_80x80
 10
6450.0000
 20
-6364.0000
 30
0.0000
 41
1.0000
 42
1.0000
 43
1.0000
 50
269.7000
  0
LINE
  5
143
  8
מידות - פנים
 10
7594.9995
 20
-2540.2094
 30
0.0000
 11
7896.4953
 21
-2541.7881
 31
0.0000
  0
LINE
  5
144
  8
מידות - פנים
 10
7588.8576
 20
-3713.1979
 30
0.0000
 11
7890.3535
 21
-3714.7765
 31
0.0000
  0
LINE
  5
145
  8
מידות - פנים
 10
7842.4961
 20
-2541.5053
 30
0.0000
 11
7836.3543
 21
-3714.4938
 31
0.0000
  0
SOLID
  5
146
  8
מידות - פנים
 10
7842.4961
 20
-2541.5053
 30
0.0000
 11
7871.8376
 21
-2438.1576
 31
0.0000
 12
7814.2384
 22
-2437.8560
 32
0.0000
 13
7814.2384
 23
-2437.8560
 33
0.0000
  0
SOLID
  5
147
  8
מידות - פנים
 10
7836.3543
 20
-3714.4938
 30
0.0000
 11
7864.6119
 21
-3818.1431
 31
0.0000
 12
7807.0127
 22
-3817.8415
 32
0.0000
 13
7807.0127
 23
-3817.8415
 33
0.0000
  0
TEXT
  5
148
  8
מידות - פנים
 10
7924.9240
 20
-3128.4472
 30
0.0000
 40
90.0000
  1
117.3
 50
89.7000
  7
SOLINE
 72
1
 73
2
 11
7924.9240
 21
-3128.4472
 31
0.0000
  0
LINE
  5
149
  8
מידות - פנים
 10
7588.8576
 20
-3713.1979
 30
0.0000
 11
7890.3535
 21
-3714.7765
 31
0.0000
  0
LINE
  5
14A
  8
מידות - פנים
 10
7584.5013
 20
-4545.1820
 30
0.0000
 11
7885.9972
 21
-4546.7606
 31
0.0000
  0
LINE
  5
14B
  8
מידות - פנים
 10
7836.3543
 20
-3714.4938
 30
0.0000
 11
7831.9980
 21
-4546.4779
 31
0.0000
  0
SOLID
  5
14C
  8
מידות - פנים
 10
7836.3543
 20
-3714.4938
 30
0.0000
 11
7865.6958
 21
-3611.1460
 31
0.0000
 12
7808.0966
 22
-3610.8444
 32
0.0000
 13
7808.0966
 23
-3610.8444
 33
0.0000
  0
SOLID
  5
14D
  8
מידות - פנים
 10
7831.9980
 20
-4546.4779
 30
0.0000
 11
7860.2556
 21
-4650.1272
 31
0.0000
 12
7802.6564
 22
-4649.8256
 32
0.0000
 13
7802.6564
 23
-4649.8256
 33
0.0000
  0
TEXT
  5
14E
  8
מידות - פנים
 10
7919.6749
 20
-4130.9335
 30
0.0000
 40
90.0000
  1
83.2
 50
89.7000
  7
SOLINE
 72
1
 73
2
 11
7919.6749
 21
-4130.9335
 31
0.0000
  0
LINE
  5
14F
  8
מידות - פנים
 10
6499.5162
 20
-4539.5009
 30
0.0000
 11
6801.0121
 21
-4541.0796
 31
0.0000
  0
LINE
  5
150
  8
מידות - פנים
 10
6494.8288
 20
-5434.7283
 30
0.0000
 11
6796.3246
 21
-5436.3069
 31
0.0000
  0
LINE
  5
151
  8
מידות - פנים
 10
6747.0128
 20
-4540.7968
 30
0.0000
 11
6742.3254
 21
-5436.0242
 31
0.0000
  0
SOLID
  5
152
  8
מידות - פנים
 10
6747.0128
 20
-4540.7968
 30
0.0000
 11
6776.3544
 21
-4437.4490
 31
0.0000
 12
6718.7551
 22
-4437.1475
 32
0.0000
 13
6718.7551
 23
-4437.1475
 33
0.0000
  0
SOLID
  5
153
  8
מידות - פנים
 10
6742.3254
 20
-5436.0242
 30
0.0000
 11
6770.5831
 21
-5539.6735
 31
0.0000
 12
6712.9839
 22
-5539.3719
 32
0.0000
 13
6712.9839
 23
-5539.3719
 33
0.0000
  0
TEXT
  5
154
  8
מידות - פנים
 10
6830.1679
 20
-4988.8582
 30
0.0000
 40
90.0000
  1
89.5
 50
89.7000
  7
SOLINE
 72
1
 73
2
 11
6830.1679
 21
-4988.8582
 31
0.0000
  0
LINE
  5
155
  8
מידות - פנים
 10
6494.8288
 20
-5434.7283
 30
0.0000
 11
6796.3246
 21
-5436.3069
 31
0.0000
  0
LINE
  5
156
  8
מידות - פנים
 10
6481.8907
 20
-7905.6944
 30
0.0000
 11
6783.3866
 21
-7907.2730
 31
0.0000
  0
LINE
  5
157
  8
מידות - פנים
 10
6742.3254
 20
-5436.0242
 30
0.0000
 11
6729.3873
 21
-7906.9903
 31
0.0000
  0
SOLID
  5
158
  8
מידות - פנים
 10
6742.3254
 20
-5436.0242
 30
0.0000
 11
6771.6669
 21
-5332.6764
 31
0.0000
 12
6714.0677
 22
-5332.3748
 32
0.0000
 13
6714.0677
 23
-5332.3748
 33
0.0000
  0
SOLID
  5
159
  8
מידות - פנים
 10
6729.3873
 20
-7906.9903
 30
0.0000
 11
6757.6450
 21
-8010.6397
 31
0.0000
 12
6700.0458
 22
-8010.3381
 32
0.0000
 13
6700.0458
 23
-8010.3381
 33
0.0000
  0
TEXT
  5
15A
  8
מידות - פנים
 10
6821.3552
 20
-6671.9549
 30
0.0000
 40
90.0000
  1
247.1
 50
89.7000
  7
SOLINE
 72
1
 73
2
 11
6821.3552
 21
-6671.9549
 31
0.0000
  0
LINE
  5
15B
  8
מידות - פנים
 10
6481.8907
 20
-7905.6944
 30
0.0000
 11
6783.3866
 21
-7907.2730
 31
0.0000
  0
LINE
  5
15C
  8
מידות - פנים
 10
6469.0324
 20
-10361.4211
 30
0.0000
 11
6770.5283
 21
-10362.9998
 31
0.0000
  0
LINE
  5
15D
  8
מידות - פנים
 10
6729.3873
 20
-7906.9903
 30
0.0000
 11
6716.5290
 21
-10362.7170
 31
0.0000
  0
SOLID
  5
15E
  8
מידות - פנים
 10
6729.3873
 20
-7906.9903
 30
0.0000
 11
6758.7288
 21
-7803.6425
 31
0.0000
 12
6701.1296
 22
-7803.3409
 32
0.0000
 13
6701.1296
 23
-7803.3409
 33
0.0000
  0
SOLID
  5
15F
  8
מידות - פנים
 10
6716.5290
 20
-10362.7170
 30
0.0000
 11
6744.7867
 21
-10466.3664
 31
0.0000
 12
6687.1875
 22
-10466.0648
 32
0.0000
 13
6687.1875
 23
-10466.0648
 33
0.0000
  0
TEXT
  5
160
  8
מידות - פנים
 10
6808.4570
 20
-9135.3013
 30
0.0000
 40
90.0000
  1
245.6
 50
89.7000
  7
SOLINE
 72
1
 73
2
 11
6808.4570
 21
-9135.3013
 31
0.0000
  0
LINE
  5
161
  8
מידות - פנים
 10
3020.0000
 20
-3319.0000
 30
0.0000
 11
2570.0000
 21
-3319.0000
 31
0.0000
  0
LINE
  5
162
  8
מידות - פנים
 10
3020.0000
 20
-2540.0000
 30
0.0000
 11
2570.0000
 21
-2540.0000
 31
0.0000
  0
LINE
  5
163
  8
מידות - פנים
 10
2645.0000
 20
-3319.0000
 30
0.0000
 11
2645.0000
 21
-2540.0000
 31
0.0000
  0
SOLID
  5
164
  8
מידות - פנים
 10
2645.0000
 20
-3319.0000
 30
0.0000
 11
2605.0000
 21
-3462.7500
 31
0.0000
 12
2685.0000
 22
-3462.7500
 32
0.0000
 13
2685.0000
 23
-3462.7500
 33
0.0000
  0
SOLID
  5
165
  8
מידות - פנים
 10
2645.0000
 20
-2540.0000
 30
0.0000
 11
2605.0000
 21
-2396.2500
 31
0.0000
 12
2685.0000
 22
-2396.2500
 32
0.0000
 13
2685.0000
 23
-2396.2500
 33
0.0000
  0
TEXT
  5
166
  8
מידות - פנים
 10
2526.2500
 20
-2929.5000
 30
0.0000
 40
125.0000
  1
77.9
 50
90.0000
  7
SOLINE
 72
1
 73
2
 11
2526.2500
 21
-2929.5000
 31
0.0000
  0
LINE
  5
167
  8
מידות - פנים
 10
7604.9993
 20
-2540.2618
 30
0.0000
 11
8054.9931
 21
-2542.6180
 31
0.0000
  0
LINE
  5
168
  8
מידות - פנים
 10
7594.5012
 20
-4545.2343
 30
0.0000
 11
8044.4950
 21
-4547.5905
 31
0.0000
  0
LINE
  5
169
  8
מידות - פנים
 10
7979.9942
 20
-2542.2253
 30
0.0000
 11
7969.4961
 21
-4547.1978
 31
0.0000
  0
SOLID
  5
16A
  8
מידות - פנים
 10
7979.9942
 20
-2542.2253
 30
0.0000
 11
8020.7463
 21
-2398.6867
 31
0.0000
 12
7940.7474
 22
-2398.2678
 32
0.0000
 13
7940.7474
 23
-2398.2678
 33
0.0000
  0
SOLID
  5
16B
  8
מידות - פנים
 10
7969.4961
 20
-4547.1978
 30
0.0000
 11
8008.7428
 21
-4691.1553
 31
0.0000
 12
7928.7439
 22
-4690.7364
 32
0.0000
 13
7928.7439
 23
-4690.7364
 33
0.0000
  0
TEXT
  5
16C
  8
מידות - פנים
 10
8093.4935
 20
-3545.3333
 30
0.0000
 40
125.0000
  1
200.5
 50
89.7000
  7
SOLINE
 72
1
 73
2
 11
8093.4935
 21
-3545.3333
 31
0.0000
  0
LINE
  5
16D
  8
מידות - פנים
 10
7544.2401
 20
-4594.9718
 30
0.0000
 11
7541.8839
 21
-5044.9657
 31
0.0000
  0
LINE
  5
16E
  8
מידות - פנים
 10
6459.2550
 20
-4589.2908
 30
0.0000
 11
6456.8988
 21
-5039.2846
 31
0.0000
  0
LINE
  5
16F
  8
מידות - פנים
 10
7542.2766
 20
-4969.9667
 30
0.0000
 11
6457.2915
 21
-4964.2857
 31
0.0000
  0
SOLID
  5
170
  8
מידות - פנים
 10
7542.2766
 20
-4969.9667
 30
0.0000
 11
7685.8152
 21
-5010.7188
 31
0.0000
 12
7686.2341
 22
-4930.7199
 32
0.0000
 13
7686.2341
 23
-4930.7199
 33
0.0000
  0
SOLID
  5
171
  8
מידות - פנים
 10
6457.2915
 20
-4964.2857
 30
0.0000
 11
6313.3340
 21
-5003.5325
 31
0.0000
 12
6313.7529
 22
-4923.5335
 32
0.0000
 13
6313.7529
 23
-4923.5335
 33
0.0000
  0
TEXT
  5
172
  8
מידות - פנים
 10
6999.1623
 20
-5085.8746
 30
0.0000
 40
125.0000
  1
108.5
 50
359.7000
  7
SOLINE
 72
1
 73
2
 11
6999.1623
 21
-5085.8746
 31
0.0000
  0
LINE
  5
173
  8
מידות - פנים
 10
6509.5161
 20
-4539.5533
 30
0.0000
 11
6959.5099
 21
-4541.9095
 31
0.0000
  0
LINE
  5
174
  8
מידות - פנים
 10
6479.0323
 20
-10361.4735
 30
0.0000
 11
6929.0261
 21
-10363.8297
 31
0.0000
  0
LINE
  5
175
  8
מידות - פנים
 10
6884.5109
 20
-4541.5168
 30
0.0000
 11
6854.0272
 21
-10363.4370
 31
0.0000
  0
SOLID
  5
176
  8
מידות - פנים
 10
6884.5109
 20
-4541.5168
 30
0.0000
 11
6925.2631
 21
-4397.9782
 31
0.0000
 12
6845.2642
 22
-4397.5593
 32
0.0000
 13
6845.2642
 23
-4397.5593
 33
0.0000
  0
SOLID
  5
177
  8
מידות - פנים
 10
6854.0272
 20
-10363.4370
 30
0.0000
 11
6893.2739
 21
-10507.3944
 31
0.0000
 12
6813.2750
 22
-10506.9756
 32
0.0000
 13
6813.2750
 23
-10506.9756
 33
0.0000
  0
TEXT
  5
178
  8
מידות - פנים
 10
6988.0174
 20
-7453.0986
 30
0.0000
 40
125.0000
  1
582.2
 50
89.7000
  7
SOLINE
 72
1
 73
2
 11
6988.0174
 21
-7453.0986
 31
0.0000
  0
LINE
  5
179
  8
מידות - פנים
 10
3070.0000
 20
-10411.2117
 30
0.0000
 11
3070.0000
 21
-11286.2117
 31
0.0000
  0
LINE
  5
17A
  8
מידות - פנים
 10
7555.0000
 20
-10411.2117
 30
0.0000
 11
7555.0000
 21
-11286.2117
 31
0.0000
  0
LINE
  5
17B
  8
מידות - פנים
 10
3070.0000
 20
-11211.2117
 30
0.0000
 11
7555.0000
 21
-11211.2117
 31
0.0000
  0
SOLID
  5
17C
  8
מידות - פנים
 10
3070.0000
 20
-11211.2117
 30
0.0000
 11
2926.2500
 21
-11251.2117
 31
0.0000
 12
2926.2500
 22
-11171.2117
 32
0.0000
 13
2926.2500
 23
-11171.2117
 33
0.0000
  0
SOLID
  5
17D
  8
מידות - פנים
 10
7555.0000
 20
-11211.2117
 30
0.0000
 11
7698.7500
 21
-11251.2117
 31
0.0000
 12
7698.7500
 22
-11171.2117
 32
0.0000
 13
7698.7500
 23
-11171.2117
 33
0.0000
  0
TEXT
  5
17E
  8
מידות - פנים
 10
5312.5000
 20
-11329.9617
 30
0.0000
 40
125.0000
  1
448.5
 50
0.0000
  7
SOLINE
 72
1
 73
2
 11
5312.5000
 21
-11329.9617
 31
0.0000
  0
LINE
  5
17F
  8
מידות - פנים
 10
3020.0000
 20
-10361.2117
 30
0.0000
 11
2145.0000
 21
-10361.2117
 31
0.0000
  0
LINE
  5
180
  8
מידות - פנים
 10
3020.0000
 20
-2540.0000
 30
0.0000
 11
2145.0000
 21
-2540.0000
 31
0.0000
  0
LINE
  5
181
  8
מידות - פנים
 10
2220.0000
 20
-10361.2117
 30
0.0000
 11
2220.0000
 21
-2540.0000
 31
0.0000
  0
SOLID
  5
182
  8
מידות - פנים
 10
2220.0000
 20
-10361.2117
 30
0.0000
 11
2180.0000
 21
-10504.9617
 31
0.0000
 12
2260.0000
 22
-10504.9617
 32
0.0000
 13
2260.0000
 23
-10504.9617
 33
0.0000
  0
SOLID
  5
183
  8
מידות - פנים
 10
2220.0000
 20
-2540.0000
 30
0.0000
 11
2180.0000
 21
-2396.2500
 31
0.0000
 12
2260.0000
 22
-2396.2500
 32
0.0000
 13
2260.0000
 23
-2396.2500
 33
0.0000
  0
TEXT
  5
184
  8
מידות - פנים
 10
2101.2500
 20
-6450.6058
 30
0.0000
 40
125.0000
  1
782.1
 50
90.0000
  7
SOLINE
 72
1
 73
2
 11
2101.2500
 21
-6450.6058
 31
0.0000
  0
LINE
  5
185
  8
מידות - חוץ
 10
2970.0000
 20
-10411.7353
 30
0.0000
 11
2970.0000
 21
-12036.7353
 31
0.0000
  0
LINE
  5
186
  8
מידות - חוץ
 10
7655.5250
 20
-10411.7353
 30
0.0000
 11
7655.5250
 21
-12036.7353
 31
0.0000
  0
LINE
  5
187
  8
מידות - חוץ
 10
2970.0000
 20
-11961.7353
 30
0.0000
 11
7655.5250
 21
-11961.7353
 31
0.0000
  0
SOLID
  5
188
  8
מידות - חוץ
 10
2970.0000
 20
-11961.7353
 30
0.0000
 11
2826.2500
 21
-12001.7353
 31
0.0000
 12
2826.2500
 22
-11921.7353
 32
0.0000
 13
2826.2500
 23
-11921.7353
 33
0.0000
  0
SOLID
  5
189
  8
מידות - חוץ
 10
7655.5250
 20
-11961.7353
 30
0.0000
 11
7799.2750
 21
-12001.7353
 31
0.0000
 12
7799.2750
 22
-11921.7353
 32
0.0000
 13
7799.2750
 23
-11921.7353
 33
0.0000
  0
TEXT
  5
18A
  8
מידות - חוץ
 10
5312.7625
 20
-12080.4853
 30
0.0000
 40
125.0000
  1
468.6
 50
0.0000
  7
SOLINE
 72
1
 73
2
 11
5312.7625
 21
-12080.4853
 31
0.0000
  0
LINE
  5
18B
  8
מידות - חוץ
 10
2920.0000
 20
-10361.7353
 30
0.0000
 11
1295.0000
 21
-10361.7353
 31
0.0000
  0
LINE
  5
18C
  8
מידות - חוץ
 10
2920.0000
 20
-2440.0000
 30
0.0000
 11
1295.0000
 21
-2440.0000
 31
0.0000
  0
LINE
  5
18D
  8
מידות - חוץ
 10
1370.0000
 20
-10361.7353
 30
0.0000
 11
1370.0000
 21
-2440.0000
 31
0.0000
  0
SOLID
  5
18E
  8
מידות - חוץ
 10
1370.0000
 20
-10361.7353
 30
0.0000
 11
1330.0000
 21
-10505.4853
 31
0.0000
 12
1410.0000
 22
-10505.4853
 32
0.0000
 13
1410.0000
 23
-10505.4853
 33
0.0000
  0
SOLID
  5
18F
  8
מידות - חוץ
 10
1370.0000
 20
-2440.0000
 30
0.0000
 11
1330.0000
 21
-2296.2500
 31
0.0000
 12
1410.0000
 22
-2296.2500
 32
0.0000
 13
1410.0000
 23
-2296.2500
 33
0.0000
  0
TEXT
  5
190
  8
מידות - חוץ
 10
1251.2500
 20
-6400.8676
 30
0.0000
 40
125.0000
  1
792.2
 50
90.0000
  7
SOLINE
 72
1
 73
2
 11
1251.2500
 21
-6400.8676
 31
0.0000
  0
LINE
  5
191
  8
מסגרת
 10
10427.0000
 20
-1502.0000
 30
0.0000
 11
13177.0000
 21
-1502.0000
 31
0.0000
  0
LINE
  5
192
  8
מסגרת
 10
13177.0000
 20
-1502.0000
 30
0.0000
 11
13177.0000
 21
-4890.1250
 31
0.0000
  0
LINE
  5
193
  8
מסגרת
 10
13177.0000
 20
-4890.1250
 30
0.0000
 11
10427.0000
 21
-4890.1250
 31
0.0000
  0
LINE
  5
194
  8
מסגרת
 10
10427.0000
 20
-4890.1250
 30
0.0000
 11
10427.0000
 21
-1502.0000
 31
0.0000
  0
LINE
  5
195
  8
מסגרת
 10
10427.0000
 20
-2062.6250
 30
0.0000
 11
13177.0000
 21
-2062.6250
 31
0.0000
  0
LINE
  5
196
  8
מסגרת
 10
10502.0000
 20
-2000.1250
 30
0.0000
 11
11077.0000
 21
-2000.1250
 31
0.0000
  0
LINE
  5
197
  8
מסגרת
 10
11077.0000
 20
-2000.1250
 30
0.0000
 11
11077.0000
 21
-1564.5000
 31
0.0000
  0
LINE
  5
198
  8
מסגרת
 10
11077.0000
 20
-1564.5000
 30
0.0000
 11
10502.0000
 21
-1564.5000
 31
0.0000
  0
LINE
  5
199
  8
מסגרת
 10
10502.0000
 20
-1564.5000
 30
0.0000
 11
10502.0000
 21
-2000.1250
 31
0.0000
  0
TEXT
  5
19A
  8
מסגרת
 10
11152.0000
 20
-1748.6750
 30
0.0000
 40
250.0000
  1
SOLINE
 50
0.0000
  7
SOLINE
 73
2
 11
11152.0000
 21
-1748.6750
 31
0.0000
  0
TEXT
  5
19B
  8
מקרא
 10
10789.5000
 20
-1961.7125
 30
0.0000
 40
68.7500
  1
brand/soline-logo.png
 50
0.0000
  7
SOLINE
 72
1
 73
2
 11
10789.5000
 21
-1961.7125
 31
0.0000
  0
TEXT
  5
19C
  8
מסגרת
 10
10502.0000
 20
-2233.2500
 30
0.0000
 40
102.5000
  1
Project:
 50
0.0000
  7
SOLINE
 73
2
 11
10502.0000
 21
-2233.2500
 31
0.0000
  0
TEXT
  5
19D
  8
מסגרת
 10
13102.0000
 20
-2233.2500
 30
0.0000
 40
110.0000
  1
2918_Ktchn_TRIO_Nir_DR1
 50
0.0000
  7
SOLINE
 72
2
 73
2
 11
13102.0000
 21
-2233.2500
 31
0.0000
  0
TEXT
  5
19E
  8
מסגרת
 10
10502.0000
 20
-2477.0000
 30
0.0000
 40
102.5000
  1
Client:
 50
0.0000
  7
SOLINE
 73
2
 11
10502.0000
 21
-2477.0000
 31
0.0000
  0
TEXT
  5
19F
  8
מסגרת
 10
13102.0000
 20
-2477.0000
 30
0.0000
 40
110.0000
  1
-
 50
0.0000
  7
SOLINE
 72
2
 73
2
 11
13102.0000
 21
-2477.0000
 31
0.0000
  0
TEXT
  5
1A0
  8
מסגרת
 10
10502.0000
 20
-2720.7500
 30
0.0000
 40
102.5000
  1
Address:
 50
0.0000
  7
SOLINE
 73
2
 11
10502.0000
 21
-2720.7500
 31
0.0000
  0
TEXT
  5
1A1
  8
מסגרת
 10
13102.0000
 20
-2720.7500
 30
0.0000
 40
110.0000
  1
-
 50
0.0000
  7
SOLINE
 72
2
 73
2
 11
13102.0000
 21
-2720.7500
 31
0.0000
  0
TEXT
  5
1A2
  8
מסגרת
 10
10502.0000
 20
-2964.5000
 30
0.0000
 40
102.5000
  1
Drawing:
 50
0.0000
  7
SOLINE
 73
2
 11
10502.0000
 21
-2964.5000
 31
0.0000
  0
TEXT
  5
1A3
  8
מסגרת
 10
13102.0000
 20
-2964.5000
 30
0.0000
 40
110.0000
  1
Measurement Plan
 50
0.0000
  7
SOLINE
 72
2
 73
2
 11
13102.0000
 21
-2964.5000
 31
0.0000
  0
TEXT
  5
1A4
  8
מסגרת
 10
10502.0000
 20
-3208.2500
 30
0.0000
 40
102.5000
  1
Scale:
 50
0.0000
  7
SOLINE
 73
2
 11
10502.0000
 21
-3208.2500
 31
0.0000
  0
TEXT
  5
1A5
  8
מסגרת
 10
13102.0000
 20
-3208.2500
 30
0.0000
 40
110.0000
  1
1:50  (mm)
 50
0.0000
  7
SOLINE
 72
2
 73
2
 11
13102.0000
 21
-3208.2500
 31
0.0000
  0
TEXT
  5
1A6
  8
מסגרת
 10
10502.0000
 20
-3452.0000
 30
0.0000
 40
102.5000
  1
Date:
 50
0.0000
  7
SOLINE
 73
2
 11
10502.0000
 21
-3452.0000
 31
0.0000
  0
TEXT
  5
1A7
  8
מסגרת
 10
13102.0000
 20
-3452.0000
 30
0.0000
 40
110.0000
  1
2026-08-24
 50
0.0000
  7
SOLINE
 72
2
 73
2
 11
13102.0000
 21
-3452.0000
 31
0.0000
  0
TEXT
  5
1A8
  8
מסגרת
 10
10502.0000
 20
-3695.7500
 30
0.0000
 40
102.5000
  1
Surveyor:
 50
0.0000
  7
SOLINE
 73
2
 11
10502.0000
 21
-3695.7500
 31
0.0000
  0
TEXT
  5
1A9
  8
מסגרת
 10
13102.0000
 20
-3695.7500
 30
0.0000
 40
110.0000
  1
-
 50
0.0000
  7
SOLINE
 72
2
 73
2
 11
13102.0000
 21
-3695.7500
 31
0.0000
  0
TEXT
  5
1AA
  8
מסגרת
 10
10502.0000
 20
-3939.5000
 30
0.0000
 40
102.5000
  1
Checked:
 50
0.0000
  7
SOLINE
 73
2
 11
10502.0000
 21
-3939.5000
 31
0.0000
  0
TEXT
  5
1AB
  8
מסגרת
 10
13102.0000
 20
-3939.5000
 30
0.0000
 40
110.0000
  1
-
 50
0.0000
  7
SOLINE
 72
2
 73
2
 11
13102.0000
 21
-3939.5000
 31
0.0000
  0
TEXT
  5
1AC
  8
מסגרת
 10
10502.0000
 20
-4183.2500
 30
0.0000
 40
102.5000
  1
Drawing No:
 50
0.0000
  7
SOLINE
 73
2
 11
10502.0000
 21
-4183.2500
 31
0.0000
  0
TEXT
  5
1AD
  8
מסגרת
 10
13102.0000
 20
-4183.2500
 30
0.0000
 40
110.0000
  1
M-01
 50
0.0000
  7
SOLINE
 72
2
 73
2
 11
13102.0000
 21
-4183.2500
 31
0.0000
  0
TEXT
  5
1AE
  8
מסגרת
 10
10502.0000
 20
-4427.0000
 30
0.0000
 40
102.5000
  1
Sheet:
 50
0.0000
  7
SOLINE
 73
2
 11
10502.0000
 21
-4427.0000
 31
0.0000
  0
TEXT
  5
1AF
  8
מסגרת
 10
13102.0000
 20
-4427.0000
 30
0.0000
 40
110.0000
  1
1/1
 50
0.0000
  7
SOLINE
 72
2
 73
2
 11
13102.0000
 21
-4427.0000
 31
0.0000
  0
TEXT
  5
1B0
  8
מסגרת
 10
10502.0000
 20
-4670.7500
 30
0.0000
 40
102.5000
  1
Revision:
 50
0.0000
  7
SOLINE
 73
2
 11
10502.0000
 21
-4670.7500
 31
0.0000
  0
TEXT
  5
1B1
  8
מסגרת
 10
13102.0000
 20
-4670.7500
 30
0.0000
 40
110.0000
  1
0
 50
0.0000
  7
SOLINE
 72
2
 73
2
 11
13102.0000
 21
-4670.7500
 31
0.0000
  0
LINE
  5
1B2
  8
מסגרת
 10
10427.0000
 20
-5165.1250
 30
0.0000
 11
13177.0000
 21
-5165.1250
 31
0.0000
  0
LINE
  5
1B3
  8
מסגרת
 10
13177.0000
 20
-5165.1250
 30
0.0000
 11
13177.0000
 21
-6545.1250
 31
0.0000
  0
LINE
  5
1B4
  8
מסגרת
 10
13177.0000
 20
-6545.1250
 30
0.0000
 11
10427.0000
 21
-6545.1250
 31
0.0000
  0
LINE
  5
1B5
  8
מסגרת
 10
10427.0000
 20
-6545.1250
 30
0.0000
 11
10427.0000
 21
-5165.1250
 31
0.0000
  0
LINE
  5
1B6
  8
מסגרת
 10
10427.0000
 20
-5525.1250
 30
0.0000
 11
13177.0000
 21
-5525.1250
 31
0.0000
  0
TEXT
  5
1B7
  8
מקרא
 10
13102.0000
 20
-5381.1250
 30
0.0000
 40
175.0000
  1
טבלת מפרט פתחים
 50
0.0000
  7
SOLINE
 72
2
 73
2
 11
13102.0000
 21
-5381.1250
 31
0.0000
  0
TEXT
  5
1B8
  8
מקרא
 10
13094.5000
 20
-5705.1250
 30
0.0000
 40
112.5000
  1
מס'
 50
0.0000
  7
SOLINE
 72
2
 73
2
 11
13094.5000
 21
-5705.1250
 31
0.0000
  0
TEXT
  5
1B9
  8
מקרא
 10
12627.0000
 20
-5705.1250
 30
0.0000
 40
112.5000
  1
סוג
 50
0.0000
  7
SOLINE
 72
2
 73
2
 11
12627.0000
 21
-5705.1250
 31
0.0000
  0
TEXT
  5
1BA
  8
מקרא
 10
11939.5000
 20
-5705.1250
 30
0.0000
 40
112.5000
  1
רוחבxגובה
 50
0.0000
  7
SOLINE
 72
2
 73
2
 11
11939.5000
 21
-5705.1250
 31
0.0000
  0
TEXT
  5
1BB
  8
מקרא
 10
11307.0000
 20
-5705.1250
 30
0.0000
 40
112.5000
  1
כיוון
 50
0.0000
  7
SOLINE
 72
2
 73
2
 11
11307.0000
 21
-5705.1250
 31
0.0000
  0
TEXT
  5
1BC
  8
מקרא
 10
10784.5000
 20
-5705.1250
 30
0.0000
 40
112.5000
  1
כמות
 50
0.0000
  7
SOLINE
 72
2
 73
2
 11
10784.5000
 21
-5705.1250
 31
0.0000
  0
LINE
  5
1BD
  8
מקרא
 10
10477.0000
 20
-5870.1250
 30
0.0000
 11
13127.0000
 21
-5870.1250
 31
0.0000
  0
TEXT
  5
1BE
  8
מסגרת
 10
13094.5000
 20
-6005.1250
 30
0.0000
 40
112.5000
  1
W1
 50
0.0000
  7
SOLINE
 72
2
 73
2
 11
13094.5000
 21
-6005.1250
 31
0.0000
  0
TEXT
  5
1BF
  8
מקרא
 10
12627.0000
 20
-6005.1250
 30
0.0000
 40
112.5000
  1
חלון
 50
0.0000
  7
SOLINE
 72
2
 73
2
 11
12627.0000
 21
-6005.1250
 31
0.0000
  0
TEXT
  5
1C0
  8
מסגרת
 10
11939.5000
 20
-6005.1250
 30
0.0000
 40
112.5000
  1
1474x1320
 50
0.0000
  7
SOLINE
 72
2
 73
2
 11
11939.5000
 21
-6005.1250
 31
0.0000
  0
TEXT
  5
1C1
  8
מקרא
 10
11307.0000
 20
-6005.1250
 30
0.0000
 40
112.5000
  1
-
 50
0.0000
  7
SOLINE
 72
2
 73
2
 11
11307.0000
 21
-6005.1250
 31
0.0000
  0
TEXT
  5
1C2
  8
מסגרת
 10
10784.5000
 20
-6005.1250
 30
0.0000
 40
112.5000
  1
x1
 50
0.0000
  7
SOLINE
 72
2
 73
2
 11
10784.5000
 21
-6005.1250
 31
0.0000
  0
TEXT
  5
1C3
  8
מסגרת
 10
13094.5000
 20
-6305.1250
 30
0.0000
 40
112.5000
  1
W2
 50
0.0000
  7
SOLINE
 72
2
 73
2
 11
13094.5000
 21
-6305.1250
 31
0.0000
  0
TEXT
  5
1C4
  8
מקרא
 10
12627.0000
 20
-6305.1250
 30
0.0000
 40
112.5000
  1
חלון
 50
0.0000
  7
SOLINE
 72
2
 73
2
 11
12627.0000
 21
-6305.1250
 31
0.0000
  0
TEXT
  5
1C5
  8
מסגרת
 10
11939.5000
 20
-6305.1250
 30
0.0000
 40
112.5000
  1
2471x2396
 50
0.0000
  7
SOLINE
 72
2
 73
2
 11
11939.5000
 21
-6305.1250
 31
0.0000
  0
TEXT
  5
1C6
  8
מקרא
 10
11307.0000
 20
-6305.1250
 30
0.0000
 40
112.5000
  1
-
 50
0.0000
  7
SOLINE
 72
2
 73
2
 11
11307.0000
 21
-6305.1250
 31
0.0000
  0
TEXT
  5
1C7
  8
מסגרת
 10
10784.5000
 20
-6305.1250
 30
0.0000
 40
112.5000
  1
x1
 50
0.0000
  7
SOLINE
 72
2
 73
2
 11
10784.5000
 21
-6305.1250
 31
0.0000
  0
LINE
  5
1C8
  8
מסגרת
 10
10427.0000
 20
-6820.1250
 30
0.0000
 11
13177.0000
 21
-6820.1250
 31
0.0000
  0
LINE
  5
1C9
  8
מסגרת
 10
13177.0000
 20
-6820.1250
 30
0.0000
 11
13177.0000
 21
-11955.1250
 31
0.0000
  0
LINE
  5
1CA
  8
מסגרת
 10
13177.0000
 20
-11955.1250
 30
0.0000
 11
10427.0000
 21
-11955.1250
 31
0.0000
  0
LINE
  5
1CB
  8
מסגרת
 10
10427.0000
 20
-11955.1250
 30
0.0000
 11
10427.0000
 21
-6820.1250
 31
0.0000
  0
LINE
  5
1CC
  8
מסגרת
 10
10427.0000
 20
-7210.1250
 30
0.0000
 11
13177.0000
 21
-7210.1250
 31
0.0000
  0
TEXT
  5
1CD
  8
מקרא
 10
13102.0000
 20
-7054.1250
 30
0.0000
 40
175.0000
  1
מקרא וספירת אלמנטים
 50
0.0000
  7
SOLINE
 72
2
 73
2
 11
13102.0000
 21
-7054.1250
 31
0.0000
  0
TEXT
  5
1CE
  8
מקרא
 10
13102.0000
 20
-7388.8750
 30
0.0000
 40
131.2500
  1
ניקוז  (1)
 50
0.0000
  7
SOLINE
 72
2
 73
2
 11
13102.0000
 21
-7388.8750
 31
0.0000
  0
LINE
  5
1CF
  8
ניקוז
 10
10702.0000
 20
-7803.1250
 30
0.0000
 11
10702.0000
 21
-7637.3750
 31
0.0000
  0
ARC
  5
1D0
  8
ניקוז
 10
10702.0000
 20
-7696.8750
 30
0.0000
 40
63.7500
 50
0.0000
 51
360.0000
  0
LINE
  5
1D1
  8
ניקוז
 10
10663.7500
 20
-7709.6250
 30
0.0000
 11
10685.0000
 21
-7684.1250
 31
0.0000
  0
LINE
  5
1D2
  8
ניקוז
 10
10685.0000
 20
-7684.1250
 30
0.0000
 11
10702.0000
 21
-7709.6250
 31
0.0000
  0
LINE
  5
1D3
  8
ניקוז
 10
10702.0000
 20
-7709.6250
 30
0.0000
 11
10719.0000
 21
-7684.1250
 31
0.0000
  0
LINE
  5
1D4
  8
ניקוז
 10
10719.0000
 20
-7684.1250
 30
0.0000
 11
10740.2500
 21
-7709.6250
 31
0.0000
  0
TEXT
  5
1D5
  8
מקרא
 10
11002.0000
 20
-7713.8750
 30
0.0000
 40
112.5000
  1
x1
 50
0.0000
  7
SOLINE
 73
2
 11
11002.0000
 21
-7713.8750
 31
0.0000
  0
TEXT
  5
1D6
  8
מקרא
 10
13102.0000
 20
-7713.8750
 30
0.0000
 40
125.0000
  1
Sewage
 50
0.0000
  7
SOLINE
 72
2
 73
2
 11
13102.0000
 21
-7713.8750
 31
0.0000
  0
TEXT
  5
1D7
  8
מקרא
 10
13102.0000
 20
-8038.8750
 30
0.0000
 40
131.2500
  1
חשמל  (16)
 50
0.0000
  7
SOLINE
 72
2
 73
2
 11
13102.0000
 21
-8038.8750
 31
0.0000
  0
LINE
  5
1D8
  8
חשמל
 10
10702.0000
 20
-8453.1250
 30
0.0000
 11
10702.0000
 21
-8355.3750
 31
0.0000
  0
LINE
  5
1D9
  8
חשמל
 10
10634.0000
 20
-8355.3750
 30
0.0000
 11
10634.4276
 21
-8347.7614
 31
0.0000
  0
LINE
  5
1DA
  8
חשמל
 10
10634.4276
 20
-8347.7614
 30
0.0000
 11
10635.7049
 21
-8340.2436
 31
0.0000
  0
LINE
  5
1DB
  8
חשמל
 10
10635.7049
 20
-8340.2436
 30
0.0000
 11
10637.8159
 21
-8332.9160
 31
0.0000
  0
LINE
  5
1DC
  8
חשמל
 10
10637.8159
 20
-8332.9160
 30
0.0000
 11
10640.7341
 21
-8325.8709
 31
0.0000
  0
LINE
  5
1DD
  8
חשמל
 10
10640.7341
 20
-8325.8709
 30
0.0000
 11
10644.4228
 21
-8319.1968
 31
0.0000
  0
LINE
  5
1DE
  8
חשמל
 10
10644.4228
 20
-8319.1968
 30
0.0000
 11
10648.8355
 21
-8312.9777
 31
0.0000
  0
LINE
  5
1DF
  8
חשמל
 10
10648.8355
 20
-8312.9777
 30
0.0000
 11
10653.9167
 21
-8307.2917
 31
0.0000
  0
LINE
  5
1E0
  8
חשמל
 10
10653.9167
 20
-8307.2917
 30
0.0000
 11
10659.6027
 21
-8302.2105
 31
0.0000
  0
LINE
  5
1E1
  8
חשמל
 10
10659.6027
 20
-8302.2105
 30
0.0000
 11
10665.8218
 21
-8297.7978
 31
0.0000
  0
LINE
  5
1E2
  8
חשמל
 10
10665.8218
 20
-8297.7978
 30
0.0000
 11
10672.4959
 21
-8294.1091
 31
0.0000
  0
LINE
  5
1E3
  8
חשמל
 10
10672.4959
 20
-8294.1091
 30
0.0000
 11
10679.5410
 21
-8291.1909
 31
0.0000
  0
LINE
  5
1E4
  8
חשמל
 10
10679.5410
 20
-8291.1909
 30
0.0000
 11
10686.8686
 21
-8289.0799
 31
0.0000
  0
LINE
  5
1E5
  8
חשמל
 10
10686.8686
 20
-8289.0799
 30
0.0000
 11
10694.3864
 21
-8287.8026
 31
0.0000
  0
LINE
  5
1E6
  8
חשמל
 10
10694.3864
 20
-8287.8026
 30
0.0000
 11
10702.0000
 21
-8287.3750
 31
0.0000
  0
LINE
  5
1E7
  8
חשמל
 10
10702.0000
 20
-8287.3750
 30
0.0000
 11
10709.6136
 21
-8287.8026
 31
0.0000
  0
LINE
  5
1E8
  8
חשמל
 10
10709.6136
 20
-8287.8026
 30
0.0000
 11
10717.1314
 21
-8289.0799
 31
0.0000
  0
LINE
  5
1E9
  8
חשמל
 10
10717.1314
 20
-8289.0799
 30
0.0000
 11
10724.4590
 21
-8291.1909
 31
0.0000
  0
LINE
  5
1EA
  8
חשמל
 10
10724.4590
 20
-8291.1909
 30
0.0000
 11
10731.5041
 21
-8294.1091
 31
0.0000
  0
LINE
  5
1EB
  8
חשמל
 10
10731.5041
 20
-8294.1091
 30
0.0000
 11
10738.1782
 21
-8297.7978
 31
0.0000
  0
LINE
  5
1EC
  8
חשמל
 10
10738.1782
 20
-8297.7978
 30
0.0000
 11
10744.3973
 21
-8302.2105
 31
0.0000
  0
LINE
  5
1ED
  8
חשמל
 10
10744.3973
 20
-8302.2105
 30
0.0000
 11
10750.0833
 21
-8307.2917
 31
0.0000
  0
LINE
  5
1EE
  8
חשמל
 10
10750.0833
 20
-8307.2917
 30
0.0000
 11
10755.1645
 21
-8312.9777
 31
0.0000
  0
LINE
  5
1EF
  8
חשמל
 10
10755.1645
 20
-8312.9777
 30
0.0000
 11
10759.5772
 21
-8319.1968
 31
0.0000
  0
LINE
  5
1F0
  8
חשמל
 10
10759.5772
 20
-8319.1968
 30
0.0000
 11
10763.2659
 21
-8325.8709
 31
0.0000
  0
LINE
  5
1F1
  8
חשמל
 10
10763.2659
 20
-8325.8709
 30
0.0000
 11
10766.1841
 21
-8332.9160
 31
0.0000
  0
LINE
  5
1F2
  8
חשמל
 10
10766.1841
 20
-8332.9160
 30
0.0000
 11
10768.2951
 21
-8340.2436
 31
0.0000
  0
LINE
  5
1F3
  8
חשמל
 10
10768.2951
 20
-8340.2436
 30
0.0000
 11
10769.5724
 21
-8347.7614
 31
0.0000
  0
LINE
  5
1F4
  8
חשמל
 10
10769.5724
 20
-8347.7614
 30
0.0000
 11
10770.0000
 21
-8355.3750
 31
0.0000
  0
LINE
  5
1F5
  8
חשמל
 10
10634.0000
 20
-8355.3750
 30
0.0000
 11
10770.0000
 21
-8355.3750
 31
0.0000
  0
TEXT
  5
1F6
  8
מקרא
 10
11002.0000
 20
-8363.8750
 30
0.0000
 40
112.5000
  1
x9
 50
0.0000
  7
SOLINE
 73
2
 11
11002.0000
 21
-8363.8750
 31
0.0000
  0
TEXT
  5
1F7
  8
מקרא
 10
13102.0000
 20
-8363.8750
 30
0.0000
 40
125.0000
  1
Socket
 50
0.0000
  7
SOLINE
 72
2
 73
2
 11
13102.0000
 21
-8363.8750
 31
0.0000
  0
LINE
  5
1F8
  8
חשמל
 10
10702.0000
 20
-8778.1250
 30
0.0000
 11
10702.0000
 21
-8629.3750
 31
0.0000
  0
ARC
  5
1F9
  8
חשמל
 10
10702.0000
 20
-8671.8750
 30
0.0000
 40
38.2500
 50
0.0000
 51
360.0000
  0
ARC
  5
1FA
  8
חשמל
 10
10702.0000
 20
-8671.8750
 30
0.0000
 40
10.6250
 50
0.0000
 51
360.0000
  0
TEXT
  5
1FB
  8
מקרא
 10
11002.0000
 20
-8688.8750
 30
0.0000
 40
112.5000
  1
x4
 50
0.0000
  7
SOLINE
 73
2
 11
11002.0000
 21
-8688.8750
 31
0.0000
  0
TEXT
  5
1FC
  8
מקרא
 10
13102.0000
 20
-8688.8750
 30
0.0000
 40
125.0000
  1
קופסת חיבורים (ג׳אנקשן)
 50
0.0000
  7
SOLINE
 72
2
 73
2
 11
13102.0000
 21
-8688.8750
 31
0.0000
  0
LINE
  5
1FD
  8
חשמל
 10
10702.0000
 20
-9103.1250
 30
0.0000
 11
10702.0000
 21
-9005.3750
 31
0.0000
  0
LINE
  5
1FE
  8
חשמל
 10
10596.9400
 20
-9005.3750
 30
0.0000
 11
10597.2607
 21
-8999.6648
 31
0.0000
  0
LINE
  5
1FF
  8
חשמל
 10
10597.2607
 20
-8999.6648
 30
0.0000
 11
10598.2187
 21
-8994.0264
 31
0.0000
  0
LINE
  5
200
  8
חשמל
 10
10598.2187
 20
-8994.0264
 30
0.0000
 11
10599.8020
 21
-8988.5308
 31
0.0000
  0
LINE
  5
201
  8
חשמל
 10
10599.8020
 20
-8988.5308
 30
0.0000
 11
10601.9906
 21
-8983.2469
 31
0.0000
  0
LINE
  5
202
  8
חשמל
 10
10601.9906
 20
-8983.2469
 30
0.0000
 11
10604.7571
 21
-8978.2414
 31
0.0000
  0
LINE
  5
203
  8
חשמל
 10
10604.7571
 20
-8978.2414
 30
0.0000
 11
10608.0666
 21
-8973.5770
 31
0.0000
  0
LINE
  5
204
  8
חשמל
 10
10608.0666
 20
-8973.5770
 30
0.0000
 11
10611.8776
 21
-8969.3126
 31
0.0000
  0
LINE
  5
205
  8
חשמל
 10
10611.8776
 20
-8969.3126
 30
0.0000
 11
10616.1420
 21
-8965.5016
 31
0.0000
  0
LINE
  5
206
  8
חשמל
 10
10616.1420
 20
-8965.5016
 30
0.0000
 11
10620.8064
 21
-8962.1921
 31
0.0000
  0
LINE
  5
207
  8
חשמל
 10
10620.8064
 20
-8962.1921
 30
0.0000
 11
10625.8119
 21
-8959.4256
 31
0.0000
  0
LINE
  5
208
  8
חשמל
 10
10625.8119
 20
-8959.4256
 30
0.0000
 11
10631.0958
 21
-8957.2370
 31
0.0000
  0
LINE
  5
209
  8
חשמל
 10
10631.0958
 20
-8957.2370
 30
0.0000
 11
10636.5914
 21
-8955.6537
 31
0.0000
  0
LINE
  5
20A
  8
חשמל
 10
10636.5914
 20
-8955.6537
 30
0.0000
 11
10642.2298
 21
-8954.6957
 31
0.0000
  0
LINE
  5
20B
  8
חשמל
 10
10642.2298
 20
-8954.6957
 30
0.0000
 11
10647.9400
 21
-8954.3750
 31
0.0000
  0
LINE
  5
20C
  8
חשמל
 10
10647.9400
 20
-8954.3750
 30
0.0000
 11
10653.6502
 21
-8954.6957
 31
0.0000
  0
LINE
  5
20D
  8
חשמל
 10
10653.6502
 20
-8954.6957
 30
0.0000
 11
10659.2886
 21
-8955.6537
 31
0.0000
  0
LINE
  5
20E
  8
חשמל
 10
10659.2886
 20
-8955.6537
 30
0.0000
 11
10664.7842
 21
-8957.2370
 31
0.0000
  0
LINE
  5
20F
  8
חשמל
 10
10664.7842
 20
-8957.2370
 30
0.0000
 11
10670.0681
 21
-8959.4256
 31
0.0000
  0
LINE
  5
210
  8
חשמל
 10
10670.0681
 20
-8959.4256
 30
0.0000
 11
10675.0736
 21
-8962.1921
 31
0.0000
  0
LINE
  5
211
  8
חשמל
 10
10675.0736
 20
-8962.1921
 30
0.0000
 11
10679.7380
 21
-8965.5016
 31
0.0000
  0
LINE
  5
212
  8
חשמל
 10
10679.7380
 20
-8965.5016
 30
0.0000
 11
10684.0024
 21
-8969.3126
 31
0.0000
  0
LINE
  5
213
  8
חשמל
 10
10684.0024
 20
-8969.3126
 30
0.0000
 11
10687.8134
 21
-8973.5770
 31
0.0000
  0
LINE
  5
214
  8
חשמל
 10
10687.8134
 20
-8973.5770
 30
0.0000
 11
10691.1229
 21
-8978.2414
 31
0.0000
  0
LINE
  5
215
  8
חשמל
 10
10691.1229
 20
-8978.2414
 30
0.0000
 11
10693.8894
 21
-8983.2469
 31
0.0000
  0
LINE
  5
216
  8
חשמל
 10
10693.8894
 20
-8983.2469
 30
0.0000
 11
10696.0780
 21
-8988.5308
 31
0.0000
  0
LINE
  5
217
  8
חשמל
 10
10696.0780
 20
-8988.5308
 30
0.0000
 11
10697.6613
 21
-8994.0264
 31
0.0000
  0
LINE
  5
218
  8
חשמל
 10
10697.6613
 20
-8994.0264
 30
0.0000
 11
10698.6193
 21
-8999.6648
 31
0.0000
  0
LINE
  5
219
  8
חשמל
 10
10698.6193
 20
-8999.6648
 30
0.0000
 11
10698.9400
 21
-9005.3750
 31
0.0000
  0
LINE
  5
21A
  8
חשמל
 10
10596.9400
 20
-9005.3750
 30
0.0000
 11
10698.9400
 21
-9005.3750
 31
0.0000
  0
LINE
  5
21B
  8
חשמל
 10
10705.0600
 20
-9005.3750
 30
0.0000
 11
10705.3807
 21
-8999.6648
 31
0.0000
  0
LINE
  5
21C
  8
חשמל
 10
10705.3807
 20
-8999.6648
 30
0.0000
 11
10706.3387
 21
-8994.0264
 31
0.0000
  0
LINE
  5
21D
  8
חשמל
 10
10706.3387
 20
-8994.0264
 30
0.0000
 11
10707.9220
 21
-8988.5308
 31
0.0000
  0
LINE
  5
21E
  8
חשמל
 10
10707.9220
 20
-8988.5308
 30
0.0000
 11
10710.1106
 21
-8983.2469
 31
0.0000
  0
LINE
  5
21F
  8
חשמל
 10
10710.1106
 20
-8983.2469
 30
0.0000
 11
10712.8771
 21
-8978.2414
 31
0.0000
  0
LINE
  5
220
  8
חשמל
 10
10712.8771
 20
-8978.2414
 30
0.0000
 11
10716.1866
 21
-8973.5770
 31
0.0000
  0
LINE
  5
221
  8
חשמל
 10
10716.1866
 20
-8973.5770
 30
0.0000
 11
10719.9976
 21
-8969.3126
 31
0.0000
  0
LINE
  5
222
  8
חשמל
 10
10719.9976
 20
-8969.3126
 30
0.0000
 11
10724.2620
 21
-8965.5016
 31
0.0000
  0
LINE
  5
223
  8
חשמל
 10
10724.2620
 20
-8965.5016
 30
0.0000
 11
10728.9264
 21
-8962.1921
 31
0.0000
  0
LINE
  5
224
  8
חשמל
 10
10728.9264
 20
-8962.1921
 30
0.0000
 11
10733.9319
 21
-8959.4256
 31
0.0000
  0
LINE
  5
225
  8
חשמל
 10
10733.9319
 20
-8959.4256
 30
0.0000
 11
10739.2158
 21
-8957.2370
 31
0.0000
  0
LINE
  5
226
  8
חשמל
 10
10739.2158
 20
-8957.2370
 30
0.0000
 11
10744.7114
 21
-8955.6537
 31
0.0000
  0
LINE
  5
227
  8
חשמל
 10
10744.7114
 20
-8955.6537
 30
0.0000
 11
10750.3498
 21
-8954.6957
 31
0.0000
  0
LINE
  5
228
  8
חשמל
 10
10750.3498
 20
-8954.6957
 30
0.0000
 11
10756.0600
 21
-8954.3750
 31
0.0000
  0
LINE
  5
229
  8
חשמל
 10
10756.0600
 20
-8954.3750
 30
0.0000
 11
10761.7702
 21
-8954.6957
 31
0.0000
  0
LINE
  5
22A
  8
חשמל
 10
10761.7702
 20
-8954.6957
 30
0.0000
 11
10767.4086
 21
-8955.6537
 31
0.0000
  0
LINE
  5
22B
  8
חשמל
 10
10767.4086
 20
-8955.6537
 30
0.0000
 11
10772.9042
 21
-8957.2370
 31
0.0000
  0
LINE
  5
22C
  8
חשמל
 10
10772.9042
 20
-8957.2370
 30
0.0000
 11
10778.1881
 21
-8959.4256
 31
0.0000
  0
LINE
  5
22D
  8
חשמל
 10
10778.1881
 20
-8959.4256
 30
0.0000
 11
10783.1936
 21
-8962.1921
 31
0.0000
  0
LINE
  5
22E
  8
חשמל
 10
10783.1936
 20
-8962.1921
 30
0.0000
 11
10787.8580
 21
-8965.5016
 31
0.0000
  0
LINE
  5
22F
  8
חשמל
 10
10787.8580
 20
-8965.5016
 30
0.0000
 11
10792.1224
 21
-8969.3126
 31
0.0000
  0
LINE
  5
230
  8
חשמל
 10
10792.1224
 20
-8969.3126
 30
0.0000
 11
10795.9334
 21
-8973.5770
 31
0.0000
  0
LINE
  5
231
  8
חשמל
 10
10795.9334
 20
-8973.5770
 30
0.0000
 11
10799.2429
 21
-8978.2414
 31
0.0000
  0
LINE
  5
232
  8
חשמל
 10
10799.2429
 20
-8978.2414
 30
0.0000
 11
10802.0094
 21
-8983.2469
 31
0.0000
  0
LINE
  5
233
  8
חשמל
 10
10802.0094
 20
-8983.2469
 30
0.0000
 11
10804.1980
 21
-8988.5308
 31
0.0000
  0
LINE
  5
234
  8
חשמל
 10
10804.1980
 20
-8988.5308
 30
0.0000
 11
10805.7813
 21
-8994.0264
 31
0.0000
  0
LINE
  5
235
  8
חשמל
 10
10805.7813
 20
-8994.0264
 30
0.0000
 11
10806.7393
 21
-8999.6648
 31
0.0000
  0
LINE
  5
236
  8
חשמל
 10
10806.7393
 20
-8999.6648
 30
0.0000
 11
10807.0600
 21
-9005.3750
 31
0.0000
  0
LINE
  5
237
  8
חשמל
 10
10705.0600
 20
-9005.3750
 30
0.0000
 11
10807.0600
 21
-9005.3750
 31
0.0000
  0
TEXT
  5
238
  8
מקרא
 10
11002.0000
 20
-9013.8750
 30
0.0000
 40
112.5000
  1
x3
 50
0.0000
  7
SOLINE
 73
2
 11
11002.0000
 21
-9013.8750
 31
0.0000
  0
TEXT
  5
239
  8
מקרא
 10
13102.0000
 20
-9013.8750
 30
0.0000
 40
125.0000
  1
שקע כפול
 50
0.0000
  7
SOLINE
 72
2
 73
2
 11
13102.0000
 21
-9013.8750
 31
0.0000
  0
TEXT
  5
23A
  8
מקרא
 10
13102.0000
 20
-9338.8750
 30
0.0000
 40
131.2500
  1
גז  (1)
 50
0.0000
  7
SOLINE
 72
2
 73
2
 11
13102.0000
 21
-9338.8750
 31
0.0000
  0
LINE
  5
23B
  8
גז
 10
10702.0000
 20
-9753.1250
 30
0.0000
 11
10702.0000
 21
-9710.6250
 31
0.0000
  0
LINE
  5
23C
  8
גז
 10
10702.0000
 20
-9583.1250
 30
0.0000
 11
10757.2500
 21
-9615.0000
 31
0.0000
  0
LINE
  5
23D
  8
גז
 10
10757.2500
 20
-9615.0000
 30
0.0000
 11
10757.2500
 21
-9678.7500
 31
0.0000
  0
LINE
  5
23E
  8
גז
 10
10757.2500
 20
-9678.7500
 30
0.0000
 11
10702.0000
 21
-9710.6250
 31
0.0000
  0
LINE
  5
23F
  8
גז
 10
10702.0000
 20
-9710.6250
 30
0.0000
 11
10646.7500
 21
-9678.7500
 31
0.0000
  0
LINE
  5
240
  8
גז
 10
10646.7500
 20
-9678.7500
 30
0.0000
 11
10646.7500
 21
-9615.0000
 31
0.0000
  0
LINE
  5
241
  8
גז
 10
10646.7500
 20
-9615.0000
 30
0.0000
 11
10702.0000
 21
-9583.1250
 31
0.0000
  0
TEXT
  5
242
  8
גז
 10
10702.0000
 20
-9646.8750
 30
0.0000
 40
59.5000
  1
G
 50
0.0000
  7
SOLINE
 72
1
 73
2
 11
10702.0000
 21
-9646.8750
 31
0.0000
  0
TEXT
  5
243
  8
מקרא
 10
11002.0000
 20
-9663.8750
 30
0.0000
 40
112.5000
  1
x1
 50
0.0000
  7
SOLINE
 73
2
 11
11002.0000
 21
-9663.8750
 31
0.0000
  0
TEXT
  5
244
  8
מקרא
 10
13102.0000
 20
-9663.8750
 30
0.0000
 40
125.0000
  1
Gas
 50
0.0000
  7
SOLINE
 72
2
 73
2
 11
13102.0000
 21
-9663.8750
 31
0.0000
  0
TEXT
  5
245
  8
מקרא
 10
13102.0000
 20
-9988.8750
 30
0.0000
 40
131.2500
  1
תאורה  (2)
 50
0.0000
  7
SOLINE
 72
2
 73
2
 11
13102.0000
 21
-9988.8750
 31
0.0000
  0
ARC
  5
246
  8
תאורה
 10
10702.0000
 20
-10296.8750
 30
0.0000
 40
63.7500
 50
0.0000
 51
360.0000
  0
LINE
  5
247
  8
תאורה
 10
10657.3750
 20
-10252.2500
 30
0.0000
 11
10746.6250
 21
-10341.5000
 31
0.0000
  0
LINE
  5
248
  8
תאורה
 10
10746.6250
 20
-10252.2500
 30
0.0000
 11
10657.3750
 21
-10341.5000
 31
0.0000
  0
TEXT
  5
249
  8
מקרא
 10
11002.0000
 20
-10313.8750
 30
0.0000
 40
112.5000
  1
x2
 50
0.0000
  7
SOLINE
 73
2
 11
11002.0000
 21
-10313.8750
 31
0.0000
  0
TEXT
  5
24A
  8
מקרא
 10
13102.0000
 20
-10313.8750
 30
0.0000
 40
125.0000
  1
Can Light
 50
0.0000
  7
SOLINE
 72
2
 73
2
 11
13102.0000
 21
-10313.8750
 31
0.0000
  0
TEXT
  5
24B
  8
מקרא
 10
13102.0000
 20
-10638.8750
 30
0.0000
 40
131.2500
  1
מים  (3)
 50
0.0000
  7
SOLINE
 72
2
 73
2
 11
13102.0000
 21
-10638.8750
 31
0.0000
  0
LINE
  5
24C
  8
מים
 10
10702.0000
 20
-11053.1250
 30
0.0000
 11
10702.0000
 21
-10993.6250
 31
0.0000
  0
LINE
  5
24D
  8
מים
 10
10655.2500
 20
-10900.1250
 30
0.0000
 11
10748.7500
 21
-10900.1250
 31
0.0000
  0
LINE
  5
24E
  8
מים
 10
10748.7500
 20
-10900.1250
 30
0.0000
 11
10702.0000
 21
-10946.8750
 31
0.0000
  0
LINE
  5
24F
  8
מים
 10
10702.0000
 20
-10946.8750
 30
0.0000
 11
10655.2500
 21
-10900.1250
 31
0.0000
  0
LINE
  5
250
  8
מים
 10
10655.2500
 20
-10993.6250
 30
0.0000
 11
10748.7500
 21
-10993.6250
 31
0.0000
  0
LINE
  5
251
  8
מים
 10
10748.7500
 20
-10993.6250
 30
0.0000
 11
10702.0000
 21
-10946.8750
 31
0.0000
  0
LINE
  5
252
  8
מים
 10
10702.0000
 20
-10946.8750
 30
0.0000
 11
10655.2500
 21
-10993.6250
 31
0.0000
  0
ARC
  5
253
  8
מים
 10
10702.0000
 20
-10946.8750
 30
0.0000
 40
9.5625
 50
0.0000
 51
360.0000
  0
TEXT
  5
254
  8
מקרא
 10
11002.0000
 20
-10963.8750
 30
0.0000
 40
112.5000
  1
x3
 50
0.0000
  7
SOLINE
 73
2
 11
11002.0000
 21
-10963.8750
 31
0.0000
  0
TEXT
  5
255
  8
מקרא
 10
13102.0000
 20
-10963.8750
 30
0.0000
 40
125.0000
  1
Faucet
 50
0.0000
  7
SOLINE
 72
2
 73
2
 11
13102.0000
 21
-10963.8750
 31
0.0000
  0
TEXT
  5
256
  8
מקרא
 10
13102.0000
 20
-11288.8750
 30
0.0000
 40
131.2500
  1
חלון  (2)
 50
0.0000
  7
SOLINE
 72
2
 73
2
 11
13102.0000
 21
-11288.8750
 31
0.0000
  0
LINE
  5
257
  8
חלונות
 10
10595.7500
 20
-11567.1250
 30
0.0000
 11
10808.2500
 21
-11567.1250
 31
0.0000
  0
LINE
  5
258
  8
חלונות
 10
10808.2500
 20
-11567.1250
 30
0.0000
 11
10808.2500
 21
-11626.6250
 31
0.0000
  0
LINE
  5
259
  8
חלונות
 10
10808.2500
 20
-11626.6250
 30
0.0000
 11
10595.7500
 21
-11626.6250
 31
0.0000
  0
LINE
  5
25A
  8
חלונות
 10
10595.7500
 20
-11626.6250
 30
0.0000
 11
10595.7500
 21
-11567.1250
 31
0.0000
  0
LINE
  5
25B
  8
חלונות
 10
10595.7500
 20
-11587.3550
 30
0.0000
 11
10808.2500
 21
-11587.3550
 31
0.0000
  0
LINE
  5
25C
  8
חלונות
 10
10595.7500
 20
-11606.3950
 30
0.0000
 11
10808.2500
 21
-11606.3950
 31
0.0000
  0
TEXT
  5
25D
  8
מקרא
 10
11002.0000
 20
-11613.8750
 30
0.0000
 40
112.5000
  1
x2
 50
0.0000
  7
SOLINE
 73
2
 11
11002.0000
 21
-11613.8750
 31
0.0000
  0
TEXT
  5
25E
  8
מקרא
 10
13102.0000
 20
-11613.8750
 30
0.0000
 40
125.0000
  1
חלון
 50
0.0000
  7
SOLINE
 72
2
 73
2
 11
13102.0000
 21
-11613.8750
 31
0.0000
  0
LINE
  5
25F
  8
מסגרת
 10
11802.0000
 20
-12480.1250
 30
0.0000
 11
11802.0000
 21
-11855.1250
 31
0.0000
  0
SOLID
  5
260
  8
מסגרת
 10
11802.0000
 20
-11855.1250
 30
0.0000
 11
11739.5000
 21
-11980.1250
 31
0.0000
 12
11864.5000
 22
-11980.1250
 32
0.0000
 13
11864.5000
 23
-11980.1250
 33
0.0000
  0
TEXT
  5
261
  8
מסגרת
 10
11802.0000
 20
-11817.6250
 30
0.0000
 40
137.5000
  1
N
 50
0.0000
  7
SOLINE
 72
1
 73
3
 11
11802.0000
 21
-11817.6250
 31
0.0000
  0
LINE
  5
262
  8
מסגרת
 10
11427.0000
 20
-12667.6250
 30
0.0000
 11
12227.0000
 21
-12667.6250
 31
0.0000
  0
LINE
  5
263
  8
מסגרת
 10
11427.0000
 20
-12667.6250
 30
0.0000
 11
11427.0000
 21
-12730.1250
 31
0.0000
  0
LINE
  5
264
  8
מסגרת
 10
11627.0000
 20
-12667.6250
 30
0.0000
 11
11627.0000
 21
-12730.1250
 31
0.0000
  0
LINE
  5
265
  8
מסגרת
 10
11827.0000
 20
-12667.6250
 30
0.0000
 11
11827.0000
 21
-12730.1250
 31
0.0000
  0
LINE
  5
266
  8
מסגרת
 10
12027.0000
 20
-12667.6250
 30
0.0000
 11
12027.0000
 21
-12730.1250
 31
0.0000
  0
LINE
  5
267
  8
מסגרת
 10
12227.0000
 20
-12667.6250
 30
0.0000
 11
12227.0000
 21
-12730.1250
 31
0.0000
  0
TEXT
  5
268
  8
מסגרת
 10
11427.0000
 20
-12867.6250
 30
0.0000
 40
87.5000
  1
0
 50
0.0000
  7
SOLINE
 72
1
 11
11427.0000
 21
-12867.6250
 31
0.0000
  0
TEXT
  5
269
  8
מסגרת
 10
12227.0000
 20
-12867.6250
 30
0.0000
 40
87.5000
  1
0.8 m
 50
0.0000
  7
SOLINE
 72
2
 11
12227.0000
 21
-12867.6250
 31
0.0000
  0
LINE
  5
26A
  8
קירות
 10
2970.0000
 20
-16246.2117
 30
0.0000
 11
3749.0000
 21
-16246.2117
 31
0.0000
  0
LINE
  5
26B
  8
קירות
 10
3749.0000
 20
-16246.2117
 30
0.0000
 11
3749.0000
 21
-13461.2117
 31
0.0000
  0
LINE
  5
26C
  8
קירות
 10
3749.0000
 20
-13461.2117
 30
0.0000
 11
2970.0000
 21
-13461.2117
 31
0.0000
  0
LINE
  5
26D
  8
קירות
 10
2970.0000
 20
-13461.2117
 30
0.0000
 11
2970.0000
 21
-16246.2117
 31
0.0000
  0
LINE
  5
26E
  8
מידות - חוץ
 10
2970.0000
 20
-16296.2117
 30
0.0000
 11
2970.0000
 21
-16696.2117
 31
0.0000
  0
LINE
  5
26F
  8
מידות - חוץ
 10
3749.0000
 20
-16296.2117
 30
0.0000
 11
3749.0000
 21
-16696.2117
 31
0.0000
  0
LINE
  5
270
  8
מידות - חוץ
 10
2970.0000
 20
-16621.2117
 30
0.0000
 11
3749.0000
 21
-16621.2117
 31
0.0000
  0
SOLID
  5
271
  8
מידות - חוץ
 10
2970.0000
 20
-16621.2117
 30
0.0000
 11
2826.2500
 21
-16661.2117
 31
0.0000
 12
2826.2500
 22
-16581.2117
 32
0.0000
 13
2826.2500
 23
-16581.2117
 33
0.0000
  0
SOLID
  5
272
  8
מידות - חוץ
 10
3749.0000
 20
-16621.2117
 30
0.0000
 11
3892.7500
 21
-16661.2117
 31
0.0000
 12
3892.7500
 22
-16581.2117
 32
0.0000
 13
3892.7500
 23
-16581.2117
 33
0.0000
  0
TEXT
  5
273
  8
מידות - חוץ
 10
3359.5000
 20
-16739.9617
 30
0.0000
 40
125.0000
  1
77.9
 50
0.0000
  7
SOLINE
 72
1
 73
2
 11
3359.5000
 21
-16739.9617
 31
0.0000
  0
LINE
  5
274
  8
מידות - חוץ
 10
2920.0000
 20
-16246.2117
 30
0.0000
 11
2520.0000
 21
-16246.2117
 31
0.0000
  0
LINE
  5
275
  8
מידות - חוץ
 10
2920.0000
 20
-13461.2117
 30
0.0000
 11
2520.0000
 21
-13461.2117
 31
0.0000
  0
LINE
  5
276
  8
מידות - חוץ
 10
2595.0000
 20
-16246.2117
 30
0.0000
 11
2595.0000
 21
-13461.2117
 31
0.0000
  0
SOLID
  5
277
  8
מידות - חוץ
 10
2595.0000
 20
-16246.2117
 30
0.0000
 11
2555.0000
 21
-16389.9617
 31
0.0000
 12
2635.0000
 22
-16389.9617
 32
0.0000
 13
2635.0000
 23
-16389.9617
 33
0.0000
  0
SOLID
  5
278
  8
מידות - חוץ
 10
2595.0000
 20
-13461.2117
 30
0.0000
 11
2555.0000
 21
-13317.4617
 31
0.0000
 12
2635.0000
 22
-13317.4617
 32
0.0000
 13
2635.0000
 23
-13317.4617
 33
0.0000
  0
TEXT
  5
279
  8
מידות - חוץ
 10
2476.2500
 20
-14853.7117
 30
0.0000
 40
125.0000
  1
278.5
 50
90.0000
  7
SOLINE
 72
1
 73
2
 11
2476.2500
 21
-14853.7117
 31
0.0000
  0
TEXT
  5
27A
  8
קירות - טקסט
 10
3359.5000
 20
-17183.7117
 30
0.0000
 40
162.5000
  1
W1
 50
0.0000
  7
SOLINE
 72
1
 73
2
 11
3359.5000
 21
-17183.7117
 31
0.0000
  0
LINE
  5
27B
  8
קירות
 10
6249.0000
 20
-16246.2117
 30
0.0000
 11
10734.0000
 21
-16246.2117
 31
0.0000
  0
LINE
  5
27C
  8
קירות
 10
10734.0000
 20
-16246.2117
 30
0.0000
 11
10734.0000
 21
-13461.2117
 31
0.0000
  0
LINE
  5
27D
  8
קירות
 10
10734.0000
 20
-13461.2117
 30
0.0000
 11
6249.0000
 21
-13461.2117
 31
0.0000
  0
LINE
  5
27E
  8
קירות
 10
6249.0000
 20
-13461.2117
 30
0.0000
 11
6249.0000
 21
-16246.2117
 31
0.0000
  0
LINE
  5
27F
  8
מידות - חוץ
 10
6249.0000
 20
-16296.2117
 30
0.0000
 11
6249.0000
 21
-16696.2117
 31
0.0000
  0
LINE
  5
280
  8
מידות - חוץ
 10
10734.0000
 20
-16296.2117
 30
0.0000
 11
10734.0000
 21
-16696.2117
 31
0.0000
  0
LINE
  5
281
  8
מידות - חוץ
 10
6249.0000
 20
-16621.2117
 30
0.0000
 11
10734.0000
 21
-16621.2117
 31
0.0000
  0
SOLID
  5
282
  8
מידות - חוץ
 10
6249.0000
 20
-16621.2117
 30
0.0000
 11
6105.2500
 21
-16661.2117
 31
0.0000
 12
6105.2500
 22
-16581.2117
 32
0.0000
 13
6105.2500
 23
-16581.2117
 33
0.0000
  0
SOLID
  5
283
  8
מידות - חוץ
 10
10734.0000
 20
-16621.2117
 30
0.0000
 11
10877.7500
 21
-16661.2117
 31
0.0000
 12
10877.7500
 22
-16581.2117
 32
0.0000
 13
10877.7500
 23
-16581.2117
 33
0.0000
  0
TEXT
  5
284
  8
מידות - חוץ
 10
8491.5000
 20
-16739.9617
 30
0.0000
 40
125.0000
  1
448.5
 50
0.0000
  7
SOLINE
 72
1
 73
2
 11
8491.5000
 21
-16739.9617
 31
0.0000
  0
LINE
  5
285
  8
מידות - חוץ
 10
6199.0000
 20
-16246.2117
 30
0.0000
 11
5799.0000
 21
-16246.2117
 31
0.0000
  0
LINE
  5
286
  8
מידות - חוץ
 10
6199.0000
 20
-13461.2117
 30
0.0000
 11
5799.0000
 21
-13461.2117
 31
0.0000
  0
LINE
  5
287
  8
מידות - חוץ
 10
5874.0000
 20
-16246.2117
 30
0.0000
 11
5874.0000
 21
-13461.2117
 31
0.0000
  0
SOLID
  5
288
  8
מידות - חוץ
 10
5874.0000
 20
-16246.2117
 30
0.0000
 11
5834.0000
 21
-16389.9617
 31
0.0000
 12
5914.0000
 22
-16389.9617
 32
0.0000
 13
5914.0000
 23
-16389.9617
 33
0.0000
  0
SOLID
  5
289
  8
מידות - חוץ
 10
5874.0000
 20
-13461.2117
 30
0.0000
 11
5834.0000
 21
-13317.4617
 31
0.0000
 12
5914.0000
 22
-13317.4617
 32
0.0000
 13
5914.0000
 23
-13317.4617
 33
0.0000
  0
TEXT
  5
28A
  8
מידות - חוץ
 10
5755.2500
 20
-14853.7117
 30
0.0000
 40
125.0000
  1
278.5
 50
90.0000
  7
SOLINE
 72
1
 73
2
 11
5755.2500
 21
-14853.7117
 31
0.0000
  0
LINE
  5
28B
  8
חשמל
 10
10274.0000
 20
-15201.2117
 30
0.0000
 11
10434.0000
 21
-15201.2117
 31
0.0000
  0
LINE
  5
28C
  8
חשמל
 10
10434.0000
 20
-15201.2117
 30
0.0000
 11
10434.0000
 21
-15121.2117
 31
0.0000
  0
LINE
  5
28D
  8
חשמל
 10
10434.0000
 20
-15121.2117
 30
0.0000
 11
10274.0000
 21
-15121.2117
 31
0.0000
  0
LINE
  5
28E
  8
חשמל
 10
10274.0000
 20
-15121.2117
 30
0.0000
 11
10274.0000
 21
-15201.2117
 31
0.0000
  0
LINE
  5
28F
  8
חשמל
 10
10354.0000
 20
-15201.2117
 30
0.0000
 11
10354.0000
 21
-15164.4117
 31
0.0000
  0
LINE
  5
290
  8
חשמל
 10
10274.8960
 20
-15164.4117
 30
0.0000
 11
10275.1375
 21
-15162.2620
 31
0.0000
  0
LINE
  5
291
  8
חשמל
 10
10275.1375
 20
-15162.2620
 30
0.0000
 11
10275.8588
 21
-15160.1393
 31
0.0000
  0
LINE
  5
292
  8
חשמל
 10
10275.8588
 20
-15160.1393
 30
0.0000
 11
10277.0509
 21
-15158.0703
 31
0.0000
  0
LINE
  5
293
  8
חשמל
 10
10277.0509
 20
-15158.0703
 30
0.0000
 11
10278.6988
 21
-15156.0811
 31
0.0000
  0
LINE
  5
294
  8
חשמל
 10
10278.6988
 20
-15156.0811
 30
0.0000
 11
10280.7818
 21
-15154.1967
 31
0.0000
  0
LINE
  5
295
  8
חשמל
 10
10280.7818
 20
-15154.1967
 30
0.0000
 11
10283.2737
 21
-15152.4407
 31
0.0000
  0
LINE
  5
296
  8
חשמל
 10
10283.2737
 20
-15152.4407
 30
0.0000
 11
10286.1431
 21
-15150.8352
 31
0.0000
  0
LINE
  5
297
  8
חשמל
 10
10286.1431
 20
-15150.8352
 30
0.0000
 11
10289.3540
 21
-15149.4005
 31
0.0000
  0
LINE
  5
298
  8
חשמל
 10
10289.3540
 20
-15149.4005
 30
0.0000
 11
10292.8660
 21
-15148.1546
 31
0.0000
  0
LINE
  5
299
  8
חשמל
 10
10292.8660
 20
-15148.1546
 30
0.0000
 11
10296.6349
 21
-15147.1131
 31
0.0000
  0
LINE
  5
29A
  8
חשמל
 10
10296.6349
 20
-15147.1131
 30
0.0000
 11
10300.6133
 21
-15146.2891
 31
0.0000
  0
LINE
  5
29B
  8
חשמל
 10
10300.6133
 20
-15146.2891
 30
0.0000
 11
10304.7512
 21
-15145.6931
 31
0.0000
  0
LINE
  5
29C
  8
חשמל
 10
10304.7512
 20
-15145.6931
 30
0.0000
 11
10308.9966
 21
-15145.3324
 31
0.0000
  0
LINE
  5
29D
  8
חשמל
 10
10308.9966
 20
-15145.3324
 30
0.0000
 11
10313.2960
 21
-15145.2117
 31
0.0000
  0
LINE
  5
29E
  8
חשמל
 10
10313.2960
 20
-15145.2117
 30
0.0000
 11
10317.5954
 21
-15145.3324
 31
0.0000
  0
LINE
  5
29F
  8
חשמל
 10
10317.5954
 20
-15145.3324
 30
0.0000
 11
10321.8408
 21
-15145.6931
 31
0.0000
  0
LINE
  5
2A0
  8
חשמל
 10
10321.8408
 20
-15145.6931
 30
0.0000
 11
10325.9787
 21
-15146.2891
 31
0.0000
  0
LINE
  5
2A1
  8
חשמל
 10
10325.9787
 20
-15146.2891
 30
0.0000
 11
10329.9571
 21
-15147.1131
 31
0.0000
  0
LINE
  5
2A2
  8
חשמל
 10
10329.9571
 20
-15147.1131
 30
0.0000
 11
10333.7260
 21
-15148.1546
 31
0.0000
  0
LINE
  5
2A3
  8
חשמל
 10
10333.7260
 20
-15148.1546
 30
0.0000
 11
10337.2380
 21
-15149.4005
 31
0.0000
  0
LINE
  5
2A4
  8
חשמל
 10
10337.2380
 20
-15149.4005
 30
0.0000
 11
10340.4489
 21
-15150.8352
 31
0.0000
  0
LINE
  5
2A5
  8
חשמל
 10
10340.4489
 20
-15150.8352
 30
0.0000
 11
10343.3183
 21
-15152.4407
 31
0.0000
  0
LINE
  5
2A6
  8
חשמל
 10
10343.3183
 20
-15152.4407
 30
0.0000
 11
10345.8102
 21
-15154.1967
 31
0.0000
  0
LINE
  5
2A7
  8
חשמל
 10
10345.8102
 20
-15154.1967
 30
0.0000
 11
10347.8932
 21
-15156.0811
 31
0.0000
  0
LINE
  5
2A8
  8
חשמל
 10
10347.8932
 20
-15156.0811
 30
0.0000
 11
10349.5411
 21
-15158.0703
 31
0.0000
  0
LINE
  5
2A9
  8
חשמל
 10
10349.5411
 20
-15158.0703
 30
0.0000
 11
10350.7332
 21
-15160.1393
 31
0.0000
  0
LINE
  5
2AA
  8
חשמל
 10
10350.7332
 20
-15160.1393
 30
0.0000
 11
10351.4545
 21
-15162.2620
 31
0.0000
  0
LINE
  5
2AB
  8
חשמל
 10
10351.4545
 20
-15162.2620
 30
0.0000
 11
10351.6960
 21
-15164.4117
 31
0.0000
  0
LINE
  5
2AC
  8
חשמל
 10
10274.8960
 20
-15164.4117
 30
0.0000
 11
10351.6960
 21
-15164.4117
 31
0.0000
  0
LINE
  5
2AD
  8
חשמל
 10
10356.3040
 20
-15164.4117
 30
0.0000
 11
10356.5455
 21
-15162.2620
 31
0.0000
  0
LINE
  5
2AE
  8
חשמל
 10
10356.5455
 20
-15162.2620
 30
0.0000
 11
10357.2668
 21
-15160.1393
 31
0.0000
  0
LINE
  5
2AF
  8
חשמל
 10
10357.2668
 20
-15160.1393
 30
0.0000
 11
10358.4589
 21
-15158.0703
 31
0.0000
  0
LINE
  5
2B0
  8
חשמל
 10
10358.4589
 20
-15158.0703
 30
0.0000
 11
10360.1068
 21
-15156.0811
 31
0.0000
  0
LINE
  5
2B1
  8
חשמל
 10
10360.1068
 20
-15156.0811
 30
0.0000
 11
10362.1898
 21
-15154.1967
 31
0.0000
  0
LINE
  5
2B2
  8
חשמל
 10
10362.1898
 20
-15154.1967
 30
0.0000
 11
10364.6817
 21
-15152.4407
 31
0.0000
  0
LINE
  5
2B3
  8
חשמל
 10
10364.6817
 20
-15152.4407
 30
0.0000
 11
10367.5511
 21
-15150.8352
 31
0.0000
  0
LINE
  5
2B4
  8
חשמל
 10
10367.5511
 20
-15150.8352
 30
0.0000
 11
10370.7620
 21
-15149.4005
 31
0.0000
  0
LINE
  5
2B5
  8
חשמל
 10
10370.7620
 20
-15149.4005
 30
0.0000
 11
10374.2740
 21
-15148.1546
 31
0.0000
  0
LINE
  5
2B6
  8
חשמל
 10
10374.2740
 20
-15148.1546
 30
0.0000
 11
10378.0429
 21
-15147.1131
 31
0.0000
  0
LINE
  5
2B7
  8
חשמל
 10
10378.0429
 20
-15147.1131
 30
0.0000
 11
10382.0213
 21
-15146.2891
 31
0.0000
  0
LINE
  5
2B8
  8
חשמל
 10
10382.0213
 20
-15146.2891
 30
0.0000
 11
10386.1592
 21
-15145.6931
 31
0.0000
  0
LINE
  5
2B9
  8
חשמל
 10
10386.1592
 20
-15145.6931
 30
0.0000
 11
10390.4046
 21
-15145.3324
 31
0.0000
  0
LINE
  5
2BA
  8
חשמל
 10
10390.4046
 20
-15145.3324
 30
0.0000
 11
10394.7040
 21
-15145.2117
 31
0.0000
  0
LINE
  5
2BB
  8
חשמל
 10
10394.7040
 20
-15145.2117
 30
0.0000
 11
10399.0034
 21
-15145.3324
 31
0.0000
  0
LINE
  5
2BC
  8
חשמל
 10
10399.0034
 20
-15145.3324
 30
0.0000
 11
10403.2488
 21
-15145.6931
 31
0.0000
  0
LINE
  5
2BD
  8
חשמל
 10
10403.2488
 20
-15145.6931
 30
0.0000
 11
10407.3867
 21
-15146.2891
 31
0.0000
  0
LINE
  5
2BE
  8
חשמל
 10
10407.3867
 20
-15146.2891
 30
0.0000
 11
10411.3651
 21
-15147.1131
 31
0.0000
  0
LINE
  5
2BF
  8
חשמל
 10
10411.3651
 20
-15147.1131
 30
0.0000
 11
10415.1340
 21
-15148.1546
 31
0.0000
  0
LINE
  5
2C0
  8
חשמל
 10
10415.1340
 20
-15148.1546
 30
0.0000
 11
10418.6460
 21
-15149.4005
 31
0.0000
  0
LINE
  5
2C1
  8
חשמל
 10
10418.6460
 20
-15149.4005
 30
0.0000
 11
10421.8569
 21
-15150.8352
 31
0.0000
  0
LINE
  5
2C2
  8
חשמל
 10
10421.8569
 20
-15150.8352
 30
0.0000
 11
10424.7263
 21
-15152.4407
 31
0.0000
  0
LINE
  5
2C3
  8
חשמל
 10
10424.7263
 20
-15152.4407
 30
0.0000
 11
10427.2182
 21
-15154.1967
 31
0.0000
  0
LINE
  5
2C4
  8
חשמל
 10
10427.2182
 20
-15154.1967
 30
0.0000
 11
10429.3012
 21
-15156.0811
 31
0.0000
  0
LINE
  5
2C5
  8
חשמל
 10
10429.3012
 20
-15156.0811
 30
0.0000
 11
10430.9491
 21
-15158.0703
 31
0.0000
  0
LINE
  5
2C6
  8
חשמל
 10
10430.9491
 20
-15158.0703
 30
0.0000
 11
10432.1412
 21
-15160.1393
 31
0.0000
  0
LINE
  5
2C7
  8
חשמל
 10
10432.1412
 20
-15160.1393
 30
0.0000
 11
10432.8625
 21
-15162.2620
 31
0.0000
  0
LINE
  5
2C8
  8
חשמל
 10
10432.8625
 20
-15162.2620
 30
0.0000
 11
10433.1040
 21
-15164.4117
 31
0.0000
  0
LINE
  5
2C9
  8
חשמל
 10
10356.3040
 20
-15164.4117
 30
0.0000
 11
10433.1040
 21
-15164.4117
 31
0.0000
  0
LINE
  5
2CA
  8
חשמל - מידות
 10
10734.0000
 20
-16206.2117
 30
0.0000
 11
10734.0000
 21
-15373.7117
 31
0.0000
  0
LINE
  5
2CB
  8
חשמל - מידות
 10
10354.0000
 20
-16206.2117
 30
0.0000
 11
10354.0000
 21
-15373.7117
 31
0.0000
  0
LINE
  5
2CC
  8
חשמל - מידות
 10
10734.0000
 20
-15433.7117
 30
0.0000
 11
10354.0000
 21
-15433.7117
 31
0.0000
  0
SOLID
  5
2CD
  8
חשמל - מידות
 10
10734.0000
 20
-15433.7117
 30
0.0000
 11
10849.0000
 21
-15401.7117
 31
0.0000
 12
10849.0000
 22
-15465.7117
 32
0.0000
 13
10849.0000
 23
-15465.7117
 33
0.0000
  0
SOLID
  5
2CE
  8
חשמל - מידות
 10
10354.0000
 20
-15433.7117
 30
0.0000
 11
10239.0000
 21
-15401.7117
 31
0.0000
 12
10239.0000
 22
-15465.7117
 32
0.0000
 13
10239.0000
 23
-15465.7117
 33
0.0000
  0
TEXT
  5
2CF
  8
חשמל - מידות
 10
10544.0000
 20
-15338.7117
 30
0.0000
 40
100.0000
  1
38
 50
360.0000
  7
SOLINE
 72
1
 73
2
 11
10544.0000
 21
-15338.7117
 31
0.0000
  0
LINE
  5
2D0
  8
חשמל - מידות
 10
10314.0000
 20
-16246.2117
 30
0.0000
 11
10026.5000
 21
-16246.2117
 31
0.0000
  0
LINE
  5
2D1
  8
חשמל - מידות
 10
10314.0000
 20
-15161.2117
 30
0.0000
 11
10026.5000
 21
-15161.2117
 31
0.0000
  0
LINE
  5
2D2
  8
חשמל - מידות
 10
10086.5000
 20
-16246.2117
 30
0.0000
 11
10086.5000
 21
-15161.2117
 31
0.0000
  0
SOLID
  5
2D3
  8
חשמל - מידות
 10
10086.5000
 20
-16246.2117
 30
0.0000
 11
10054.5000
 21
-16361.2117
 31
0.0000
 12
10118.5000
 22
-16361.2117
 32
0.0000
 13
10118.5000
 23
-16361.2117
 33
0.0000
  0
SOLID
  5
2D4
  8
חשמל - מידות
 10
10086.5000
 20
-15161.2117
 30
0.0000
 11
10054.5000
 21
-15046.2117
 31
0.0000
 12
10118.5000
 22
-15046.2117
 32
0.0000
 13
10118.5000
 23
-15046.2117
 33
0.0000
  0
TEXT
  5
2D5
  8
חשמל - מידות
 10
9991.5000
 20
-15703.7117
 30
0.0000
 40
100.0000
  1
108.5
 50
90.0000
  7
SOLINE
 72
1
 73
2
 11
9991.5000
 21
-15703.7117
 31
0.0000
  0
LINE
  5
2D6
  8
חשמל
 10
9980.0000
 20
-14033.2117
 30
0.0000
 11
10060.0000
 21
-14033.2117
 31
0.0000
  0
LINE
  5
2D7
  8
חשמל
 10
10060.0000
 20
-14033.2117
 30
0.0000
 11
10060.0000
 21
-13953.2117
 31
0.0000
  0
LINE
  5
2D8
  8
חשמל
 10
10060.0000
 20
-13953.2117
 30
0.0000
 11
9980.0000
 21
-13953.2117
 31
0.0000
  0
LINE
  5
2D9
  8
חשמל
 10
9980.0000
 20
-13953.2117
 30
0.0000
 11
9980.0000
 21
-14033.2117
 31
0.0000
  0
LINE
  5
2DA
  8
חשמל
 10
10020.0000
 20
-14033.2117
 30
0.0000
 11
10020.0000
 21
-13977.2117
 31
0.0000
  0
ARC
  5
2DB
  8
חשמל
 10
10020.0000
 20
-13993.2117
 30
0.0000
 40
14.4000
 50
0.0000
 51
360.0000
  0
ARC
  5
2DC
  8
חשמל
 10
10020.0000
 20
-13993.2117
 30
0.0000
 40
4.0000
 50
0.0000
 51
360.0000
  0
LINE
  5
2DD
  8
חשמל - מידות
 10
10734.0000
 20
-16206.2117
 30
0.0000
 11
10734.0000
 21
-15023.7117
 31
0.0000
  0
LINE
  5
2DE
  8
חשמל - מידות
 10
10020.0000
 20
-16206.2117
 30
0.0000
 11
10020.0000
 21
-15023.7117
 31
0.0000
  0
LINE
  5
2DF
  8
חשמל - מידות
 10
10734.0000
 20
-15083.7117
 30
0.0000
 11
10020.0000
 21
-15083.7117
 31
0.0000
  0
SOLID
  5
2E0
  8
חשמל - מידות
 10
10734.0000
 20
-15083.7117
 30
0.0000
 11
10849.0000
 21
-15051.7117
 31
0.0000
 12
10849.0000
 22
-15115.7117
 32
0.0000
 13
10849.0000
 23
-15115.7117
 33
0.0000
  0
SOLID
  5
2E1
  8
חשמל - מידות
 10
10020.0000
 20
-15083.7117
 30
0.0000
 11
9905.0000
 21
-15051.7117
 31
0.0000
 12
9905.0000
 22
-15115.7117
 32
0.0000
 13
9905.0000
 23
-15115.7117
 33
0.0000
  0
TEXT
  5
2E2
  8
חשמל - מידות
 10
10377.0000
 20
-14988.7117
 30
0.0000
 40
100.0000
  1
71.4
 50
360.0000
  7
SOLINE
 72
1
 73
2
 11
10377.0000
 21
-14988.7117
 31
0.0000
  0
LINE
  5
2E3
  8
חשמל - מידות
 10
10060.0000
 20
-16246.2117
 30
0.0000
 11
10307.5000
 21
-16246.2117
 31
0.0000
  0
LINE
  5
2E4
  8
חשמל - מידות
 10
10060.0000
 20
-13993.2117
 30
0.0000
 11
10307.5000
 21
-13993.2117
 31
0.0000
  0
LINE
  5
2E5
  8
חשמל - מידות
 10
10247.5000
 20
-16246.2117
 30
0.0000
 11
10247.5000
 21
-13993.2117
 31
0.0000
  0
SOLID
  5
2E6
  8
חשמל - מידות
 10
10247.5000
 20
-16246.2117
 30
0.0000
 11
10279.5000
 21
-16361.2117
 31
0.0000
 12
10215.5000
 22
-16361.2117
 32
0.0000
 13
10215.5000
 23
-16361.2117
 33
0.0000
  0
SOLID
  5
2E7
  8
חשמל - מידות
 10
10247.5000
 20
-13993.2117
 30
0.0000
 11
10279.5000
 21
-13878.2117
 31
0.0000
 12
10215.5000
 22
-13878.2117
 32
0.0000
 13
10215.5000
 23
-13878.2117
 33
0.0000
  0
TEXT
  5
2E8
  8
חשמל - מידות
 10
10342.5000
 20
-15119.7117
 30
0.0000
 40
100.0000
  1
225.3
 50
90.0000
  7
SOLINE
 72
1
 73
2
 11
10342.5000
 21
-15119.7117
 31
0.0000
  0
LINE
  5
2E9
  8
חשמל
 10
8954.0000
 20
-15602.2117
 30
0.0000
 11
9034.0000
 21
-15602.2117
 31
0.0000
  0
LINE
  5
2EA
  8
חשמל
 10
9034.0000
 20
-15602.2117
 30
0.0000
 11
9034.0000
 21
-15522.2117
 31
0.0000
  0
LINE
  5
2EB
  8
חשמל
 10
9034.0000
 20
-15522.2117
 30
0.0000
 11
8954.0000
 21
-15522.2117
 31
0.0000
  0
LINE
  5
2EC
  8
חשמל
 10
8954.0000
 20
-15522.2117
 30
0.0000
 11
8954.0000
 21
-15602.2117
 31
0.0000
  0
LINE
  5
2ED
  8
חשמל
 10
8994.0000
 20
-15602.2117
 30
0.0000
 11
8994.0000
 21
-15565.4117
 31
0.0000
  0
LINE
  5
2EE
  8
חשמל
 10
8968.4000
 20
-15565.4117
 30
0.0000
 11
8968.5610
 21
-15562.5454
 31
0.0000
  0
LINE
  5
2EF
  8
חשמל
 10
8968.5610
 20
-15562.5454
 30
0.0000
 11
8969.0418
 21
-15559.7152
 31
0.0000
  0
LINE
  5
2F0
  8
חשמל
 10
8969.0418
 20
-15559.7152
 30
0.0000
 11
8969.8366
 21
-15556.9565
 31
0.0000
  0
LINE
  5
2F1
  8
חשמל
 10
8969.8366
 20
-15556.9565
 30
0.0000
 11
8970.9352
 21
-15554.3043
 31
0.0000
  0
LINE
  5
2F2
  8
חשמל
 10
8970.9352
 20
-15554.3043
 30
0.0000
 11
8972.3239
 21
-15551.7917
 31
0.0000
  0
LINE
  5
2F3
  8
חשמל
 10
8972.3239
 20
-15551.7917
 30
0.0000
 11
8973.9851
 21
-15549.4504
 31
0.0000
  0
LINE
  5
2F4
  8
חשמל
 10
8973.9851
 20
-15549.4504
 30
0.0000
 11
8975.8981
 21
-15547.3098
 31
0.0000
  0
LINE
  5
2F5
  8
חשמל
 10
8975.8981
 20
-15547.3098
 30
0.0000
 11
8978.0387
 21
-15545.3968
 31
0.0000
  0
LINE
  5
2F6
  8
חשמל
 10
8978.0387
 20
-15545.3968
 30
0.0000
 11
8980.3800
 21
-15543.7355
 31
0.0000
  0
LINE
  5
2F7
  8
חשמל
 10
8980.3800
 20
-15543.7355
 30
0.0000
 11
8982.8926
 21
-15542.3469
 31
0.0000
  0
LINE
  5
2F8
  8
חשמל
 10
8982.8926
 20
-15542.3469
 30
0.0000
 11
8985.5449
 21
-15541.2483
 31
0.0000
  0
LINE
  5
2F9
  8
חשמל
 10
8985.5449
 20
-15541.2483
 30
0.0000
 11
8988.3035
 21
-15540.4535
 31
0.0000
  0
LINE
  5
2FA
  8
חשמל
 10
8988.3035
 20
-15540.4535
 30
0.0000
 11
8991.1337
 21
-15539.9727
 31
0.0000
  0
LINE
  5
2FB
  8
חשמל
 10
8991.1337
 20
-15539.9727
 30
0.0000
 11
8994.0000
 21
-15539.8117
 31
0.0000
  0
LINE
  5
2FC
  8
חשמל
 10
8994.0000
 20
-15539.8117
 30
0.0000
 11
8996.8663
 21
-15539.9727
 31
0.0000
  0
LINE
  5
2FD
  8
חשמל
 10
8996.8663
 20
-15539.9727
 30
0.0000
 11
8999.6965
 21
-15540.4535
 31
0.0000
  0
LINE
  5
2FE
  8
חשמל
 10
8999.6965
 20
-15540.4535
 30
0.0000
 11
9002.4551
 21
-15541.2483
 31
0.0000
  0
LINE
  5
2FF
  8
חשמל
 10
9002.4551
 20
-15541.2483
 30
0.0000
 11
9005.1074
 21
-15542.3469
 31
0.0000
  0
LINE
  5
300
  8
חשמל
 10
9005.1074
 20
-15542.3469
 30
0.0000
 11
9007.6200
 21
-15543.7355
 31
0.0000
  0
LINE
  5
301
  8
חשמל
 10
9007.6200
 20
-15543.7355
 30
0.0000
 11
9009.9613
 21
-15545.3968
 31
0.0000
  0
LINE
  5
302
  8
חשמל
 10
9009.9613
 20
-15545.3968
 30
0.0000
 11
9012.1019
 21
-15547.3098
 31
0.0000
  0
LINE
  5
303
  8
חשמל
 10
9012.1019
 20
-15547.3098
 30
0.0000
 11
9014.0149
 21
-15549.4504
 31
0.0000
  0
LINE
  5
304
  8
חשמל
 10
9014.0149
 20
-15549.4504
 30
0.0000
 11
9015.6761
 21
-15551.7917
 31
0.0000
  0
LINE
  5
305
  8
חשמל
 10
9015.6761
 20
-15551.7917
 30
0.0000
 11
9017.0648
 21
-15554.3043
 31
0.0000
  0
LINE
  5
306
  8
חשמל
 10
9017.0648
 20
-15554.3043
 30
0.0000
 11
9018.1634
 21
-15556.9565
 31
0.0000
  0
LINE
  5
307
  8
חשמל
 10
9018.1634
 20
-15556.9565
 30
0.0000
 11
9018.9582
 21
-15559.7152
 31
0.0000
  0
LINE
  5
308
  8
חשמל
 10
9018.9582
 20
-15559.7152
 30
0.0000
 11
9019.4390
 21
-15562.5454
 31
0.0000
  0
LINE
  5
309
  8
חשמל
 10
9019.4390
 20
-15562.5454
 30
0.0000
 11
9019.6000
 21
-15565.4117
 31
0.0000
  0
LINE
  5
30A
  8
חשמל
 10
8968.4000
 20
-15565.4117
 30
0.0000
 11
9019.6000
 21
-15565.4117
 31
0.0000
  0
LINE
  5
30B
  8
חשמל - מידות
 10
10734.0000
 20
-16206.2117
 30
0.0000
 11
10734.0000
 21
-14673.7117
 31
0.0000
  0
LINE
  5
30C
  8
חשמל - מידות
 10
8994.0000
 20
-16206.2117
 30
0.0000
 11
8994.0000
 21
-14673.7117
 31
0.0000
  0
LINE
  5
30D
  8
חשמל - מידות
 10
10734.0000
 20
-14733.7117
 30
0.0000
 11
8994.0000
 21
-14733.7117
 31
0.0000
  0
SOLID
  5
30E
  8
חשמל - מידות
 10
10734.0000
 20
-14733.7117
 30
0.0000
 11
10849.0000
 21
-14701.7117
 31
0.0000
 12
10849.0000
 22
-14765.7117
 32
0.0000
 13
10849.0000
 23
-14765.7117
 33
0.0000
  0
SOLID
  5
30F
  8
חשמל - מידות
 10
8994.0000
 20
-14733.7117
 30
0.0000
 11
8879.0000
 21
-14701.7117
 31
0.0000
 12
8879.0000
 22
-14765.7117
 32
0.0000
 13
8879.0000
 23
-14765.7117
 33
0.0000
  0
TEXT
  5
310
  8
חשמל - מידות
 10
9864.0000
 20
-14638.7117
 30
0.0000
 40
100.0000
  1
174
 50
360.0000
  7
SOLINE
 72
1
 73
2
 11
9864.0000
 21
-14638.7117
 31
0.0000
  0
LINE
  5
311
  8
חשמל - מידות
 10
8954.0000
 20
-16246.2117
 30
0.0000
 11
8706.5000
 21
-16246.2117
 31
0.0000
  0
LINE
  5
312
  8
חשמל - מידות
 10
8954.0000
 20
-15562.2117
 30
0.0000
 11
8706.5000
 21
-15562.2117
 31
0.0000
  0
LINE
  5
313
  8
חשמל - מידות
 10
8766.5000
 20
-16246.2117
 30
0.0000
 11
8766.5000
 21
-15562.2117
 31
0.0000
  0
SOLID
  5
314
  8
חשמל - מידות
 10
8766.5000
 20
-16246.2117
 30
0.0000
 11
8734.5000
 21
-16361.2117
 31
0.0000
 12
8798.5000
 22
-16361.2117
 32
0.0000
 13
8798.5000
 23
-16361.2117
 33
0.0000
  0
SOLID
  5
315
  8
חשמל - מידות
 10
8766.5000
 20
-15562.2117
 30
0.0000
 11
8734.5000
 21
-15447.2117
 31
0.0000
 12
8798.5000
 22
-15447.2117
 32
0.0000
 13
8798.5000
 23
-15447.2117
 33
0.0000
  0
TEXT
  5
316
  8
חשמל - מידות
 10
8671.5000
 20
-15904.2117
 30
0.0000
 40
100.0000
  1
68.4
 50
90.0000
  7
SOLINE
 72
1
 73
2
 11
8671.5000
 21
-15904.2117
 31
0.0000
  0
LINE
  5
317
  8
חשמל
 10
8804.0000
 20
-15608.2117
 30
0.0000
 11
8884.0000
 21
-15608.2117
 31
0.0000
  0
LINE
  5
318
  8
חשמל
 10
8884.0000
 20
-15608.2117
 30
0.0000
 11
8884.0000
 21
-15528.2117
 31
0.0000
  0
LINE
  5
319
  8
חשמל
 10
8884.0000
 20
-15528.2117
 30
0.0000
 11
8804.0000
 21
-15528.2117
 31
0.0000
  0
LINE
  5
31A
  8
חשמל
 10
8804.0000
 20
-15528.2117
 30
0.0000
 11
8804.0000
 21
-15608.2117
 31
0.0000
  0
LINE
  5
31B
  8
חשמל
 10
8844.0000
 20
-15608.2117
 30
0.0000
 11
8844.0000
 21
-15571.4117
 31
0.0000
  0
LINE
  5
31C
  8
חשמל
 10
8818.4000
 20
-15571.4117
 30
0.0000
 11
8818.5610
 21
-15568.5454
 31
0.0000
  0
LINE
  5
31D
  8
חשמל
 10
8818.5610
 20
-15568.5454
 30
0.0000
 11
8819.0418
 21
-15565.7152
 31
0.0000
  0
LINE
  5
31E
  8
חשמל
 10
8819.0418
 20
-15565.7152
 30
0.0000
 11
8819.8366
 21
-15562.9565
 31
0.0000
  0
LINE
  5
31F
  8
חשמל
 10
8819.8366
 20
-15562.9565
 30
0.0000
 11
8820.9352
 21
-15560.3043
 31
0.0000
  0
LINE
  5
320
  8
חשמל
 10
8820.9352
 20
-15560.3043
 30
0.0000
 11
8822.3239
 21
-15557.7917
 31
0.0000
  0
LINE
  5
321
  8
חשמל
 10
8822.3239
 20
-15557.7917
 30
0.0000
 11
8823.9851
 21
-15555.4504
 31
0.0000
  0
LINE
  5
322
  8
חשמל
 10
8823.9851
 20
-15555.4504
 30
0.0000
 11
8825.8981
 21
-15553.3098
 31
0.0000
  0
LINE
  5
323
  8
חשמל
 10
8825.8981
 20
-15553.3098
 30
0.0000
 11
8828.0387
 21
-15551.3968
 31
0.0000
  0
LINE
  5
324
  8
חשמל
 10
8828.0387
 20
-15551.3968
 30
0.0000
 11
8830.3800
 21
-15549.7355
 31
0.0000
  0
LINE
  5
325
  8
חשמל
 10
8830.3800
 20
-15549.7355
 30
0.0000
 11
8832.8926
 21
-15548.3469
 31
0.0000
  0
LINE
  5
326
  8
חשמל
 10
8832.8926
 20
-15548.3469
 30
0.0000
 11
8835.5449
 21
-15547.2483
 31
0.0000
  0
LINE
  5
327
  8
חשמל
 10
8835.5449
 20
-15547.2483
 30
0.0000
 11
8838.3035
 21
-15546.4535
 31
0.0000
  0
LINE
  5
328
  8
חשמל
 10
8838.3035
 20
-15546.4535
 30
0.0000
 11
8841.1337
 21
-15545.9727
 31
0.0000
  0
LINE
  5
329
  8
חשמל
 10
8841.1337
 20
-15545.9727
 30
0.0000
 11
8844.0000
 21
-15545.8117
 31
0.0000
  0
LINE
  5
32A
  8
חשמל
 10
8844.0000
 20
-15545.8117
 30
0.0000
 11
8846.8663
 21
-15545.9727
 31
0.0000
  0
LINE
  5
32B
  8
חשמל
 10
8846.8663
 20
-15545.9727
 30
0.0000
 11
8849.6965
 21
-15546.4535
 31
0.0000
  0
LINE
  5
32C
  8
חשמל
 10
8849.6965
 20
-15546.4535
 30
0.0000
 11
8852.4551
 21
-15547.2483
 31
0.0000
  0
LINE
  5
32D
  8
חשמל
 10
8852.4551
 20
-15547.2483
 30
0.0000
 11
8855.1074
 21
-15548.3469
 31
0.0000
  0
LINE
  5
32E
  8
חשמל
 10
8855.1074
 20
-15548.3469
 30
0.0000
 11
8857.6200
 21
-15549.7355
 31
0.0000
  0
LINE
  5
32F
  8
חשמל
 10
8857.6200
 20
-15549.7355
 30
0.0000
 11
8859.9613
 21
-15551.3968
 31
0.0000
  0
LINE
  5
330
  8
חשמל
 10
8859.9613
 20
-15551.3968
 30
0.0000
 11
8862.1019
 21
-15553.3098
 31
0.0000
  0
LINE
  5
331
  8
חשמל
 10
8862.1019
 20
-15553.3098
 30
0.0000
 11
8864.0149
 21
-15555.4504
 31
0.0000
  0
LINE
  5
332
  8
חשמל
 10
8864.0149
 20
-15555.4504
 30
0.0000
 11
8865.6761
 21
-15557.7917
 31
0.0000
  0
LINE
  5
333
  8
חשמל
 10
8865.6761
 20
-15557.7917
 30
0.0000
 11
8867.0648
 21
-15560.3043
 31
0.0000
  0
LINE
  5
334
  8
חשמל
 10
8867.0648
 20
-15560.3043
 30
0.0000
 11
8868.1634
 21
-15562.9565
 31
0.0000
  0
LINE
  5
335
  8
חשמל
 10
8868.1634
 20
-15562.9565
 30
0.0000
 11
8868.9582
 21
-15565.7152
 31
0.0000
  0
LINE
  5
336
  8
חשמל
 10
8868.9582
 20
-15565.7152
 30
0.0000
 11
8869.4390
 21
-15568.5454
 31
0.0000
  0
LINE
  5
337
  8
חשמל
 10
8869.4390
 20
-15568.5454
 30
0.0000
 11
8869.6000
 21
-15571.4117
 31
0.0000
  0
LINE
  5
338
  8
חשמל
 10
8818.4000
 20
-15571.4117
 30
0.0000
 11
8869.6000
 21
-15571.4117
 31
0.0000
  0
LINE
  5
339
  8
חשמל - מידות
 10
10734.0000
 20
-16206.2117
 30
0.0000
 11
10734.0000
 21
-14323.7117
 31
0.0000
  0
LINE
  5
33A
  8
חשמל - מידות
 10
8844.0000
 20
-16206.2117
 30
0.0000
 11
8844.0000
 21
-14323.7117
 31
0.0000
  0
LINE
  5
33B
  8
חשמל - מידות
 10
10734.0000
 20
-14383.7117
 30
0.0000
 11
8844.0000
 21
-14383.7117
 31
0.0000
  0
SOLID
  5
33C
  8
חשמל - מידות
 10
10734.0000
 20
-14383.7117
 30
0.0000
 11
10849.0000
 21
-14351.7117
 31
0.0000
 12
10849.0000
 22
-14415.7117
 32
0.0000
 13
10849.0000
 23
-14415.7117
 33
0.0000
  0
SOLID
  5
33D
  8
חשמל - מידות
 10
8844.0000
 20
-14383.7117
 30
0.0000
 11
8729.0000
 21
-14351.7117
 31
0.0000
 12
8729.0000
 22
-14415.7117
 32
0.0000
 13
8729.0000
 23
-14415.7117
 33
0.0000
  0
TEXT
  5
33E
  8
חשמל - מידות
 10
9789.0000
 20
-14288.7117
 30
0.0000
 40
100.0000
  1
189
 50
360.0000
  7
SOLINE
 72
1
 73
2
 11
9789.0000
 21
-14288.7117
 31
0.0000
  0
LINE
  5
33F
  8
חשמל - מידות
 10
8884.0000
 20
-16246.2117
 30
0.0000
 11
9131.5000
 21
-16246.2117
 31
0.0000
  0
LINE
  5
340
  8
חשמל - מידות
 10
8884.0000
 20
-15568.2117
 30
0.0000
 11
9131.5000
 21
-15568.2117
 31
0.0000
  0
LINE
  5
341
  8
חשמל - מידות
 10
9071.5000
 20
-16246.2117
 30
0.0000
 11
9071.5000
 21
-15568.2117
 31
0.0000
  0
SOLID
  5
342
  8
חשמל - מידות
 10
9071.5000
 20
-16246.2117
 30
0.0000
 11
9103.5000
 21
-16361.2117
 31
0.0000
 12
9039.5000
 22
-16361.2117
 32
0.0000
 13
9039.5000
 23
-16361.2117
 33
0.0000
  0
SOLID
  5
343
  8
חשמל - מידות
 10
9071.5000
 20
-15568.2117
 30
0.0000
 11
9103.5000
 21
-15453.2117
 31
0.0000
 12
9039.5000
 22
-15453.2117
 32
0.0000
 13
9039.5000
 23
-15453.2117
 33
0.0000
  0
TEXT
  5
344
  8
חשמל - מידות
 10
9166.5000
 20
-15907.2117
 30
0.0000
 40
100.0000
  1
67.8
 50
90.0000
  7
SOLINE
 72
1
 73
2
 11
9166.5000
 21
-15907.2117
 31
0.0000
  0
LINE
  5
345
  8
גז
 10
8870.0000
 20
-16246.2117
 30
0.0000
 11
8890.0000
 21
-16246.2117
 31
0.0000
  0
LINE
  5
346
  8
גז
 10
8890.0000
 20
-16246.2117
 30
0.0000
 11
8890.0000
 21
-16226.2117
 31
0.0000
  0
LINE
  5
347
  8
גז
 10
8890.0000
 20
-16226.2117
 30
0.0000
 11
8870.0000
 21
-16226.2117
 31
0.0000
  0
LINE
  5
348
  8
גז
 10
8870.0000
 20
-16226.2117
 30
0.0000
 11
8870.0000
 21
-16246.2117
 31
0.0000
  0
LINE
  5
349
  8
גז
 10
8880.0000
 20
-16246.2117
 30
0.0000
 11
8880.0000
 21
-16242.2117
 31
0.0000
  0
LINE
  5
34A
  8
גז
 10
8880.0000
 20
-16230.2117
 30
0.0000
 11
8885.2000
 21
-16233.2117
 31
0.0000
  0
LINE
  5
34B
  8
גז
 10
8885.2000
 20
-16233.2117
 30
0.0000
 11
8885.2000
 21
-16239.2117
 31
0.0000
  0
LINE
  5
34C
  8
גז
 10
8885.2000
 20
-16239.2117
 30
0.0000
 11
8880.0000
 21
-16242.2117
 31
0.0000
  0
LINE
  5
34D
  8
גז
 10
8880.0000
 20
-16242.2117
 30
0.0000
 11
8874.8000
 21
-16239.2117
 31
0.0000
  0
LINE
  5
34E
  8
גז
 10
8874.8000
 20
-16239.2117
 30
0.0000
 11
8874.8000
 21
-16233.2117
 31
0.0000
  0
LINE
  5
34F
  8
גז
 10
8874.8000
 20
-16233.2117
 30
0.0000
 11
8880.0000
 21
-16230.2117
 31
0.0000
  0
TEXT
  5
350
  8
גז
 10
8880.0000
 20
-16236.2117
 30
0.0000
 40
24.0000
  1
G
 50
0.0000
  7
SOLINE
 72
1
 73
2
 11
8880.0000
 21
-16236.2117
 31
0.0000
  0
LINE
  5
351
  8
גז - מידות
 10
10734.0000
 20
-16206.2117
 30
0.0000
 11
10734.0000
 21
-13973.7117
 31
0.0000
  0
LINE
  5
352
  8
גז - מידות
 10
8880.0000
 20
-16206.2117
 30
0.0000
 11
8880.0000
 21
-13973.7117
 31
0.0000
  0
LINE
  5
353
  8
גז - מידות
 10
10734.0000
 20
-14033.7117
 30
0.0000
 11
8880.0000
 21
-14033.7117
 31
0.0000
  0
SOLID
  5
354
  8
גז - מידות
 10
10734.0000
 20
-14033.7117
 30
0.0000
 11
10849.0000
 21
-14001.7117
 31
0.0000
 12
10849.0000
 22
-14065.7117
 32
0.0000
 13
10849.0000
 23
-14065.7117
 33
0.0000
  0
SOLID
  5
355
  8
גז - מידות
 10
8880.0000
 20
-14033.7117
 30
0.0000
 11
8765.0000
 21
-14001.7117
 31
0.0000
 12
8765.0000
 22
-14065.7117
 32
0.0000
 13
8765.0000
 23
-14065.7117
 33
0.0000
  0
TEXT
  5
356
  8
גז - מידות
 10
9807.0000
 20
-13938.7117
 30
0.0000
 40
100.0000
  1
185.4
 50
360.0000
  7
SOLINE
 72
1
 73
2
 11
9807.0000
 21
-13938.7117
 31
0.0000
  0
LINE
  5
357
  8
גז - מידות
 10
8880.0000
 20
-16246.2117
 30
0.0000
 11
8880.0000
 21
-16246.2117
 31
0.0000
  0
LINE
  5
358
  8
גז - מידות
 10
8880.0000
 20
-16246.2117
 30
0.0000
 11
8880.0000
 21
-16246.2117
 31
0.0000
  0
LINE
  5
359
  8
גז - מידות
 10
8880.0000
 20
-16246.2117
 30
0.0000
 11
8880.0000
 21
-16246.2117
 31
0.0000
  0
SOLID
  5
35A
  8
גז - מידות
 10
8880.0000
 20
-16246.2117
 30
0.0000
 11
8880.0000
 21
-16246.2117
 31
0.0000
 12
8880.0000
 22
-16246.2117
 32
0.0000
 13
8880.0000
 23
-16246.2117
 33
0.0000
  0
SOLID
  5
35B
  8
גז - מידות
 10
8880.0000
 20
-16246.2117
 30
0.0000
 11
8880.0000
 21
-16246.2117
 31
0.0000
 12
8880.0000
 22
-16246.2117
 32
0.0000
 13
8880.0000
 23
-16246.2117
 33
0.0000
  0
TEXT
  5
35C
  8
גז - מידות
 10
8880.0000
 20
-16246.2117
 30
0.0000
 40
100.0000
  1
0.1
 50
0.0000
  7
SOLINE
 72
1
 73
2
 11
8880.0000
 21
-16246.2117
 31
0.0000
  0
LINE
  5
35D
  8
חשמל
 10
6670.0000
 20
-14562.2117
 30
0.0000
 11
6750.0000
 21
-14562.2117
 31
0.0000
  0
LINE
  5
35E
  8
חשמל
 10
6750.0000
 20
-14562.2117
 30
0.0000
 11
6750.0000
 21
-14482.2117
 31
0.0000
  0
LINE
  5
35F
  8
חשמל
 10
6750.0000
 20
-14482.2117
 30
0.0000
 11
6670.0000
 21
-14482.2117
 31
0.0000
  0
LINE
  5
360
  8
חשמל
 10
6670.0000
 20
-14482.2117
 30
0.0000
 11
6670.0000
 21
-14562.2117
 31
0.0000
  0
LINE
  5
361
  8
חשמל
 10
6710.0000
 20
-14562.2117
 30
0.0000
 11
6710.0000
 21
-14525.4117
 31
0.0000
  0
LINE
  5
362
  8
חשמל
 10
6684.4000
 20
-14525.4117
 30
0.0000
 11
6684.5610
 21
-14522.5454
 31
0.0000
  0
LINE
  5
363
  8
חשמל
 10
6684.5610
 20
-14522.5454
 30
0.0000
 11
6685.0418
 21
-14519.7152
 31
0.0000
  0
LINE
  5
364
  8
חשמל
 10
6685.0418
 20
-14519.7152
 30
0.0000
 11
6685.8366
 21
-14516.9565
 31
0.0000
  0
LINE
  5
365
  8
חשמל
 10
6685.8366
 20
-14516.9565
 30
0.0000
 11
6686.9352
 21
-14514.3043
 31
0.0000
  0
LINE
  5
366
  8
חשמל
 10
6686.9352
 20
-14514.3043
 30
0.0000
 11
6688.3239
 21
-14511.7917
 31
0.0000
  0
LINE
  5
367
  8
חשמל
 10
6688.3239
 20
-14511.7917
 30
0.0000
 11
6689.9851
 21
-14509.4504
 31
0.0000
  0
LINE
  5
368
  8
חשמל
 10
6689.9851
 20
-14509.4504
 30
0.0000
 11
6691.8981
 21
-14507.3098
 31
0.0000
  0
LINE
  5
369
  8
חשמל
 10
6691.8981
 20
-14507.3098
 30
0.0000
 11
6694.0387
 21
-14505.3968
 31
0.0000
  0
LINE
  5
36A
  8
חשמל
 10
6694.0387
 20
-14505.3968
 30
0.0000
 11
6696.3800
 21
-14503.7355
 31
0.0000
  0
LINE
  5
36B
  8
חשמל
 10
6696.3800
 20
-14503.7355
 30
0.0000
 11
6698.8926
 21
-14502.3469
 31
0.0000
  0
LINE
  5
36C
  8
חשמל
 10
6698.8926
 20
-14502.3469
 30
0.0000
 11
6701.5449
 21
-14501.2483
 31
0.0000
  0
LINE
  5
36D
  8
חשמל
 10
6701.5449
 20
-14501.2483
 30
0.0000
 11
6704.3035
 21
-14500.4535
 31
0.0000
  0
LINE
  5
36E
  8
חשמל
 10
6704.3035
 20
-14500.4535
 30
0.0000
 11
6707.1337
 21
-14499.9727
 31
0.0000
  0
LINE
  5
36F
  8
חשמל
 10
6707.1337
 20
-14499.9727
 30
0.0000
 11
6710.0000
 21
-14499.8117
 31
0.0000
  0
LINE
  5
370
  8
חשמל
 10
6710.0000
 20
-14499.8117
 30
0.0000
 11
6712.8663
 21
-14499.9727
 31
0.0000
  0
LINE
  5
371
  8
חשמל
 10
6712.8663
 20
-14499.9727
 30
0.0000
 11
6715.6965
 21
-14500.4535
 31
0.0000
  0
LINE
  5
372
  8
חשמל
 10
6715.6965
 20
-14500.4535
 30
0.0000
 11
6718.4551
 21
-14501.2483
 31
0.0000
  0
LINE
  5
373
  8
חשמל
 10
6718.4551
 20
-14501.2483
 30
0.0000
 11
6721.1074
 21
-14502.3469
 31
0.0000
  0
LINE
  5
374
  8
חשמל
 10
6721.1074
 20
-14502.3469
 30
0.0000
 11
6723.6200
 21
-14503.7355
 31
0.0000
  0
LINE
  5
375
  8
חשמל
 10
6723.6200
 20
-14503.7355
 30
0.0000
 11
6725.9613
 21
-14505.3968
 31
0.0000
  0
LINE
  5
376
  8
חשמל
 10
6725.9613
 20
-14505.3968
 30
0.0000
 11
6728.1019
 21
-14507.3098
 31
0.0000
  0
LINE
  5
377
  8
חשמל
 10
6728.1019
 20
-14507.3098
 30
0.0000
 11
6730.0149
 21
-14509.4504
 31
0.0000
  0
LINE
  5
378
  8
חשמל
 10
6730.0149
 20
-14509.4504
 30
0.0000
 11
6731.6761
 21
-14511.7917
 31
0.0000
  0
LINE
  5
379
  8
חשמל
 10
6731.6761
 20
-14511.7917
 30
0.0000
 11
6733.0648
 21
-14514.3043
 31
0.0000
  0
LINE
  5
37A
  8
חשמל
 10
6733.0648
 20
-14514.3043
 30
0.0000
 11
6734.1634
 21
-14516.9565
 31
0.0000
  0
LINE
  5
37B
  8
חשמל
 10
6734.1634
 20
-14516.9565
 30
0.0000
 11
6734.9582
 21
-14519.7152
 31
0.0000
  0
LINE
  5
37C
  8
חשמל
 10
6734.9582
 20
-14519.7152
 30
0.0000
 11
6735.4390
 21
-14522.5454
 31
0.0000
  0
LINE
  5
37D
  8
חשמל
 10
6735.4390
 20
-14522.5454
 30
0.0000
 11
6735.6000
 21
-14525.4117
 31
0.0000
  0
LINE
  5
37E
  8
חשמל
 10
6684.4000
 20
-14525.4117
 30
0.0000
 11
6735.6000
 21
-14525.4117
 31
0.0000
  0
LINE
  5
37F
  8
חשמל - מידות
 10
6249.0000
 20
-16286.2117
 30
0.0000
 11
6249.0000
 21
-18868.7117
 31
0.0000
  0
LINE
  5
380
  8
חשמל - מידות
 10
6710.0000
 20
-16286.2117
 30
0.0000
 11
6710.0000
 21
-18868.7117
 31
0.0000
  0
LINE
  5
381
  8
חשמל - מידות
 10
6249.0000
 20
-18808.7117
 30
0.0000
 11
6710.0000
 21
-18808.7117
 31
0.0000
  0
SOLID
  5
382
  8
חשמל - מידות
 10
6249.0000
 20
-18808.7117
 30
0.0000
 11
6134.0000
 21
-18840.7117
 31
0.0000
 12
6134.0000
 22
-18776.7117
 32
0.0000
 13
6134.0000
 23
-18776.7117
 33
0.0000
  0
SOLID
  5
383
  8
חשמל - מידות
 10
6710.0000
 20
-18808.7117
 30
0.0000
 11
6825.0000
 21
-18840.7117
 31
0.0000
 12
6825.0000
 22
-18776.7117
 32
0.0000
 13
6825.0000
 23
-18776.7117
 33
0.0000
  0
TEXT
  5
384
  8
חשמל - מידות
 10
6479.5000
 20
-18903.7117
 30
0.0000
 40
100.0000
  1
46.1
 50
0.0000
  7
SOLINE
 72
1
 73
2
 11
6479.5000
 21
-18903.7117
 31
0.0000
  0
LINE
  5
385
  8
חשמל - מידות
 10
6750.0000
 20
-16246.2117
 30
0.0000
 11
6997.5000
 21
-16246.2117
 31
0.0000
  0
LINE
  5
386
  8
חשמל - מידות
 10
6750.0000
 20
-14522.2117
 30
0.0000
 11
6997.5000
 21
-14522.2117
 31
0.0000
  0
LINE
  5
387
  8
חשמל - מידות
 10
6937.5000
 20
-16246.2117
 30
0.0000
 11
6937.5000
 21
-14522.2117
 31
0.0000
  0
SOLID
  5
388
  8
חשמל - מידות
 10
6937.5000
 20
-16246.2117
 30
0.0000
 11
6969.5000
 21
-16361.2117
 31
0.0000
 12
6905.5000
 22
-16361.2117
 32
0.0000
 13
6905.5000
 23
-16361.2117
 33
0.0000
  0
SOLID
  5
389
  8
חשמל - מידות
 10
6937.5000
 20
-14522.2117
 30
0.0000
 11
6969.5000
 21
-14407.2117
 31
0.0000
 12
6905.5000
 22
-14407.2117
 32
0.0000
 13
6905.5000
 23
-14407.2117
 33
0.0000
  0
TEXT
  5
38A
  8
חשמל - מידות
 10
7032.5000
 20
-15384.2117
 30
0.0000
 40
100.0000
  1
172.4
 50
90.0000
  7
SOLINE
 72
1
 73
2
 11
7032.5000
 21
-15384.2117
 31
0.0000
  0
LINE
  5
38B
  8
חשמל
 10
7337.0000
 20
-14719.2117
 30
0.0000
 11
7417.0000
 21
-14719.2117
 31
0.0000
  0
LINE
  5
38C
  8
חשמל
 10
7417.0000
 20
-14719.2117
 30
0.0000
 11
7417.0000
 21
-14639.2117
 31
0.0000
  0
LINE
  5
38D
  8
חשמל
 10
7417.0000
 20
-14639.2117
 30
0.0000
 11
7337.0000
 21
-14639.2117
 31
0.0000
  0
LINE
  5
38E
  8
חשמל
 10
7337.0000
 20
-14639.2117
 30
0.0000
 11
7337.0000
 21
-14719.2117
 31
0.0000
  0
LINE
  5
38F
  8
חשמל
 10
7377.0000
 20
-14719.2117
 30
0.0000
 11
7377.0000
 21
-14682.4117
 31
0.0000
  0
LINE
  5
390
  8
חשמל
 10
7351.4000
 20
-14682.4117
 30
0.0000
 11
7351.5610
 21
-14679.5454
 31
0.0000
  0
LINE
  5
391
  8
חשמל
 10
7351.5610
 20
-14679.5454
 30
0.0000
 11
7352.0418
 21
-14676.7152
 31
0.0000
  0
LINE
  5
392
  8
חשמל
 10
7352.0418
 20
-14676.7152
 30
0.0000
 11
7352.8366
 21
-14673.9565
 31
0.0000
  0
LINE
  5
393
  8
חשמל
 10
7352.8366
 20
-14673.9565
 30
0.0000
 11
7353.9352
 21
-14671.3043
 31
0.0000
  0
LINE
  5
394
  8
חשמל
 10
7353.9352
 20
-14671.3043
 30
0.0000
 11
7355.3239
 21
-14668.7917
 31
0.0000
  0
LINE
  5
395
  8
חשמל
 10
7355.3239
 20
-14668.7917
 30
0.0000
 11
7356.9851
 21
-14666.4504
 31
0.0000
  0
LINE
  5
396
  8
חשמל
 10
7356.9851
 20
-14666.4504
 30
0.0000
 11
7358.8981
 21
-14664.3098
 31
0.0000
  0
LINE
  5
397
  8
חשמל
 10
7358.8981
 20
-14664.3098
 30
0.0000
 11
7361.0387
 21
-14662.3968
 31
0.0000
  0
LINE
  5
398
  8
חשמל
 10
7361.0387
 20
-14662.3968
 30
0.0000
 11
7363.3800
 21
-14660.7355
 31
0.0000
  0
LINE
  5
399
  8
חשמל
 10
7363.3800
 20
-14660.7355
 30
0.0000
 11
7365.8926
 21
-14659.3469
 31
0.0000
  0
LINE
  5
39A
  8
חשמל
 10
7365.8926
 20
-14659.3469
 30
0.0000
 11
7368.5449
 21
-14658.2483
 31
0.0000
  0
LINE
  5
39B
  8
חשמל
 10
7368.5449
 20
-14658.2483
 30
0.0000
 11
7371.3035
 21
-14657.4535
 31
0.0000
  0
LINE
  5
39C
  8
חשמל
 10
7371.3035
 20
-14657.4535
 30
0.0000
 11
7374.1337
 21
-14656.9727
 31
0.0000
  0
LINE
  5
39D
  8
חשמל
 10
7374.1337
 20
-14656.9727
 30
0.0000
 11
7377.0000
 21
-14656.8117
 31
0.0000
  0
LINE
  5
39E
  8
חשמל
 10
7377.0000
 20
-14656.8117
 30
0.0000
 11
7379.8663
 21
-14656.9727
 31
0.0000
  0
LINE
  5
39F
  8
חשמל
 10
7379.8663
 20
-14656.9727
 30
0.0000
 11
7382.6965
 21
-14657.4535
 31
0.0000
  0
LINE
  5
3A0
  8
חשמל
 10
7382.6965
 20
-14657.4535
 30
0.0000
 11
7385.4551
 21
-14658.2483
 31
0.0000
  0
LINE
  5
3A1
  8
חשמל
 10
7385.4551
 20
-14658.2483
 30
0.0000
 11
7388.1074
 21
-14659.3469
 31
0.0000
  0
LINE
  5
3A2
  8
חשמל
 10
7388.1074
 20
-14659.3469
 30
0.0000
 11
7390.6200
 21
-14660.7355
 31
0.0000
  0
LINE
  5
3A3
  8
חשמל
 10
7390.6200
 20
-14660.7355
 30
0.0000
 11
7392.9613
 21
-14662.3968
 31
0.0000
  0
LINE
  5
3A4
  8
חשמל
 10
7392.9613
 20
-14662.3968
 30
0.0000
 11
7395.1019
 21
-14664.3098
 31
0.0000
  0
LINE
  5
3A5
  8
חשמל
 10
7395.1019
 20
-14664.3098
 30
0.0000
 11
7397.0149
 21
-14666.4504
 31
0.0000
  0
LINE
  5
3A6
  8
חשמל
 10
7397.0149
 20
-14666.4504
 30
0.0000
 11
7398.6761
 21
-14668.7917
 31
0.0000
  0
LINE
  5
3A7
  8
חשמל
 10
7398.6761
 20
-14668.7917
 30
0.0000
 11
7400.0648
 21
-14671.3043
 31
0.0000
  0
LINE
  5
3A8
  8
חשמל
 10
7400.0648
 20
-14671.3043
 30
0.0000
 11
7401.1634
 21
-14673.9565
 31
0.0000
  0
LINE
  5
3A9
  8
חשמל
 10
7401.1634
 20
-14673.9565
 30
0.0000
 11
7401.9582
 21
-14676.7152
 31
0.0000
  0
LINE
  5
3AA
  8
חשמל
 10
7401.9582
 20
-14676.7152
 30
0.0000
 11
7402.4390
 21
-14679.5454
 31
0.0000
  0
LINE
  5
3AB
  8
חשמל
 10
7402.4390
 20
-14679.5454
 30
0.0000
 11
7402.6000
 21
-14682.4117
 31
0.0000
  0
LINE
  5
3AC
  8
חשמל
 10
7351.4000
 20
-14682.4117
 30
0.0000
 11
7402.6000
 21
-14682.4117
 31
0.0000
  0
LINE
  5
3AD
  8
חשמל - מידות
 10
6249.0000
 20
-16286.2117
 30
0.0000
 11
6249.0000
 21
-19218.7117
 31
0.0000
  0
LINE
  5
3AE
  8
חשמל - מידות
 10
7377.0000
 20
-16286.2117
 30
0.0000
 11
7377.0000
 21
-19218.7117
 31
0.0000
  0
LINE
  5
3AF
  8
חשמל - מידות
 10
6249.0000
 20
-19158.7117
 30
0.0000
 11
7377.0000
 21
-19158.7117
 31
0.0000
  0
SOLID
  5
3B0
  8
חשמל - מידות
 10
6249.0000
 20
-19158.7117
 30
0.0000
 11
6134.0000
 21
-19190.7117
 31
0.0000
 12
6134.0000
 22
-19126.7117
 32
0.0000
 13
6134.0000
 23
-19126.7117
 33
0.0000
  0
SOLID
  5
3B1
  8
חשמל - מידות
 10
7377.0000
 20
-19158.7117
 30
0.0000
 11
7492.0000
 21
-19190.7117
 31
0.0000
 12
7492.0000
 22
-19126.7117
 32
0.0000
 13
7492.0000
 23
-19126.7117
 33
0.0000
  0
TEXT
  5
3B2
  8
חשמל - מידות
 10
6813.0000
 20
-19253.7117
 30
0.0000
 40
100.0000
  1
112.8
 50
0.0000
  7
SOLINE
 72
1
 73
2
 11
6813.0000
 21
-19253.7117
 31
0.0000
  0
LINE
  5
3B3
  8
חשמל - מידות
 10
7337.0000
 20
-16246.2117
 30
0.0000
 11
7089.5000
 21
-16246.2117
 31
0.0000
  0
LINE
  5
3B4
  8
חשמל - מידות
 10
7337.0000
 20
-14679.2117
 30
0.0000
 11
7089.5000
 21
-14679.2117
 31
0.0000
  0
LINE
  5
3B5
  8
חשמל - מידות
 10
7149.5000
 20
-16246.2117
 30
0.0000
 11
7149.5000
 21
-14679.2117
 31
0.0000
  0
SOLID
  5
3B6
  8
חשמל - מידות
 10
7149.5000
 20
-16246.2117
 30
0.0000
 11
7117.5000
 21
-16361.2117
 31
0.0000
 12
7181.5000
 22
-16361.2117
 32
0.0000
 13
7181.5000
 23
-16361.2117
 33
0.0000
  0
SOLID
  5
3B7
  8
חשמל - מידות
 10
7149.5000
 20
-14679.2117
 30
0.0000
 11
7117.5000
 21
-14564.2117
 31
0.0000
 12
7181.5000
 22
-14564.2117
 32
0.0000
 13
7181.5000
 23
-14564.2117
 33
0.0000
  0
TEXT
  5
3B8
  8
חשמל - מידות
 10
7054.5000
 20
-15462.7117
 30
0.0000
 40
100.0000
  1
156.7
 50
90.0000
  7
SOLINE
 72
1
 73
2
 11
7054.5000
 21
-15462.7117
 31
0.0000
  0
LINE
  5
3B9
  8
חשמל
 10
7490.0000
 20
-14720.2117
 30
0.0000
 11
7570.0000
 21
-14720.2117
 31
0.0000
  0
LINE
  5
3BA
  8
חשמל
 10
7570.0000
 20
-14720.2117
 30
0.0000
 11
7570.0000
 21
-14640.2117
 31
0.0000
  0
LINE
  5
3BB
  8
חשמל
 10
7570.0000
 20
-14640.2117
 30
0.0000
 11
7490.0000
 21
-14640.2117
 31
0.0000
  0
LINE
  5
3BC
  8
חשמל
 10
7490.0000
 20
-14640.2117
 30
0.0000
 11
7490.0000
 21
-14720.2117
 31
0.0000
  0
LINE
  5
3BD
  8
חשמל
 10
7530.0000
 20
-14720.2117
 30
0.0000
 11
7530.0000
 21
-14683.4117
 31
0.0000
  0
LINE
  5
3BE
  8
חשמל
 10
7504.4000
 20
-14683.4117
 30
0.0000
 11
7504.5610
 21
-14680.5454
 31
0.0000
  0
LINE
  5
3BF
  8
חשמל
 10
7504.5610
 20
-14680.5454
 30
0.0000
 11
7505.0418
 21
-14677.7152
 31
0.0000
  0
LINE
  5
3C0
  8
חשמל
 10
7505.0418
 20
-14677.7152
 30
0.0000
 11
7505.8366
 21
-14674.9565
 31
0.0000
  0
LINE
  5
3C1
  8
חשמל
 10
7505.8366
 20
-14674.9565
 30
0.0000
 11
7506.9352
 21
-14672.3043
 31
0.0000
  0
LINE
  5
3C2
  8
חשמל
 10
7506.9352
 20
-14672.3043
 30
0.0000
 11
7508.3239
 21
-14669.7917
 31
0.0000
  0
LINE
  5
3C3
  8
חשמל
 10
7508.3239
 20
-14669.7917
 30
0.0000
 11
7509.9851
 21
-14667.4504
 31
0.0000
  0
LINE
  5
3C4
  8
חשמל
 10
7509.9851
 20
-14667.4504
 30
0.0000
 11
7511.8981
 21
-14665.3098
 31
0.0000
  0
LINE
  5
3C5
  8
חשמל
 10
7511.8981
 20
-14665.3098
 30
0.0000
 11
7514.0387
 21
-14663.3968
 31
0.0000
  0
LINE
  5
3C6
  8
חשמל
 10
7514.0387
 20
-14663.3968
 30
0.0000
 11
7516.3800
 21
-14661.7355
 31
0.0000
  0
LINE
  5
3C7
  8
חשמל
 10
7516.3800
 20
-14661.7355
 30
0.0000
 11
7518.8926
 21
-14660.3469
 31
0.0000
  0
LINE
  5
3C8
  8
חשמל
 10
7518.8926
 20
-14660.3469
 30
0.0000
 11
7521.5449
 21
-14659.2483
 31
0.0000
  0
LINE
  5
3C9
  8
חשמל
 10
7521.5449
 20
-14659.2483
 30
0.0000
 11
7524.3035
 21
-14658.4535
 31
0.0000
  0
LINE
  5
3CA
  8
חשמל
 10
7524.3035
 20
-14658.4535
 30
0.0000
 11
7527.1337
 21
-14657.9727
 31
0.0000
  0
LINE
  5
3CB
  8
חשמל
 10
7527.1337
 20
-14657.9727
 30
0.0000
 11
7530.0000
 21
-14657.8117
 31
0.0000
  0
LINE
  5
3CC
  8
חשמל
 10
7530.0000
 20
-14657.8117
 30
0.0000
 11
7532.8663
 21
-14657.9727
 31
0.0000
  0
LINE
  5
3CD
  8
חשמל
 10
7532.8663
 20
-14657.9727
 30
0.0000
 11
7535.6965
 21
-14658.4535
 31
0.0000
  0
LINE
  5
3CE
  8
חשמל
 10
7535.6965
 20
-14658.4535
 30
0.0000
 11
7538.4551
 21
-14659.2483
 31
0.0000
  0
LINE
  5
3CF
  8
חשמל
 10
7538.4551
 20
-14659.2483
 30
0.0000
 11
7541.1074
 21
-14660.3469
 31
0.0000
  0
LINE
  5
3D0
  8
חשמל
 10
7541.1074
 20
-14660.3469
 30
0.0000
 11
7543.6200
 21
-14661.7355
 31
0.0000
  0
LINE
  5
3D1
  8
חשמל
 10
7543.6200
 20
-14661.7355
 30
0.0000
 11
7545.9613
 21
-14663.3968
 31
0.0000
  0
LINE
  5
3D2
  8
חשמל
 10
7545.9613
 20
-14663.3968
 30
0.0000
 11
7548.1019
 21
-14665.3098
 31
0.0000
  0
LINE
  5
3D3
  8
חשמל
 10
7548.1019
 20
-14665.3098
 30
0.0000
 11
7550.0149
 21
-14667.4504
 31
0.0000
  0
LINE
  5
3D4
  8
חשמל
 10
7550.0149
 20
-14667.4504
 30
0.0000
 11
7551.6761
 21
-14669.7917
 31
0.0000
  0
LINE
  5
3D5
  8
חשמל
 10
7551.6761
 20
-14669.7917
 30
0.0000
 11
7553.0648
 21
-14672.3043
 31
0.0000
  0
LINE
  5
3D6
  8
חשמל
 10
7553.0648
 20
-14672.3043
 30
0.0000
 11
7554.1634
 21
-14674.9565
 31
0.0000
  0
LINE
  5
3D7
  8
חשמל
 10
7554.1634
 20
-14674.9565
 30
0.0000
 11
7554.9582
 21
-14677.7152
 31
0.0000
  0
LINE
  5
3D8
  8
חשמל
 10
7554.9582
 20
-14677.7152
 30
0.0000
 11
7555.4390
 21
-14680.5454
 31
0.0000
  0
LINE
  5
3D9
  8
חשמל
 10
7555.4390
 20
-14680.5454
 30
0.0000
 11
7555.6000
 21
-14683.4117
 31
0.0000
  0
LINE
  5
3DA
  8
חשמל
 10
7504.4000
 20
-14683.4117
 30
0.0000
 11
7555.6000
 21
-14683.4117
 31
0.0000
  0
LINE
  5
3DB
  8
חשמל - מידות
 10
6249.0000
 20
-16286.2117
 30
0.0000
 11
6249.0000
 21
-19568.7117
 31
0.0000
  0
LINE
  5
3DC
  8
חשמל - מידות
 10
7530.0000
 20
-16286.2117
 30
0.0000
 11
7530.0000
 21
-19568.7117
 31
0.0000
  0
LINE
  5
3DD
  8
חשמל - מידות
 10
6249.0000
 20
-19508.7117
 30
0.0000
 11
7530.0000
 21
-19508.7117
 31
0.0000
  0
SOLID
  5
3DE
  8
חשמל - מידות
 10
6249.0000
 20
-19508.7117
 30
0.0000
 11
6134.0000
 21
-19540.7117
 31
0.0000
 12
6134.0000
 22
-19476.7117
 32
0.0000
 13
6134.0000
 23
-19476.7117
 33
0.0000
  0
SOLID
  5
3DF
  8
חשמל - מידות
 10
7530.0000
 20
-19508.7117
 30
0.0000
 11
7645.0000
 21
-19540.7117
 31
0.0000
 12
7645.0000
 22
-19476.7117
 32
0.0000
 13
7645.0000
 23
-19476.7117
 33
0.0000
  0
TEXT
  5
3E0
  8
חשמל - מידות
 10
6889.5000
 20
-19603.7117
 30
0.0000
 40
100.0000
  1
128.1
 50
0.0000
  7
SOLINE
 72
1
 73
2
 11
6889.5000
 21
-19603.7117
 31
0.0000
  0
LINE
  5
3E1
  8
חשמל - מידות
 10
7570.0000
 20
-16246.2117
 30
0.0000
 11
7817.5000
 21
-16246.2117
 31
0.0000
  0
LINE
  5
3E2
  8
חשמל - מידות
 10
7570.0000
 20
-14680.2117
 30
0.0000
 11
7817.5000
 21
-14680.2117
 31
0.0000
  0
LINE
  5
3E3
  8
חשמל - מידות
 10
7757.5000
 20
-16246.2117
 30
0.0000
 11
7757.5000
 21
-14680.2117
 31
0.0000
  0
SOLID
  5
3E4
  8
חשמל - מידות
 10
7757.5000
 20
-16246.2117
 30
0.0000
 11
7789.5000
 21
-16361.2117
 31
0.0000
 12
7725.5000
 22
-16361.2117
 32
0.0000
 13
7725.5000
 23
-16361.2117
 33
0.0000
  0
SOLID
  5
3E5
  8
חשמל - מידות
 10
7757.5000
 20
-14680.2117
 30
0.0000
 11
7789.5000
 21
-14565.2117
 31
0.0000
 12
7725.5000
 22
-14565.2117
 32
0.0000
 13
7725.5000
 23
-14565.2117
 33
0.0000
  0
TEXT
  5
3E6
  8
חשמל - מידות
 10
7852.5000
 20
-15463.2117
 30
0.0000
 40
100.0000
  1
156.6
 50
90.0000
  7
SOLINE
 72
1
 73
2
 11
7852.5000
 21
-15463.2117
 31
0.0000
  0
LINE
  5
3E7
  8
חשמל
 10
7969.0000
 20
-15173.2117
 30
0.0000
 11
8129.0000
 21
-15173.2117
 31
0.0000
  0
LINE
  5
3E8
  8
חשמל
 10
8129.0000
 20
-15173.2117
 30
0.0000
 11
8129.0000
 21
-15093.2117
 31
0.0000
  0
LINE
  5
3E9
  8
חשמל
 10
8129.0000
 20
-15093.2117
 30
0.0000
 11
7969.0000
 21
-15093.2117
 31
0.0000
  0
LINE
  5
3EA
  8
חשמל
 10
7969.0000
 20
-15093.2117
 30
0.0000
 11
7969.0000
 21
-15173.2117
 31
0.0000
  0
LINE
  5
3EB
  8
חשמל
 10
8049.0000
 20
-15173.2117
 30
0.0000
 11
8049.0000
 21
-15136.4117
 31
0.0000
  0
LINE
  5
3EC
  8
חשמל
 10
7969.8960
 20
-15136.4117
 30
0.0000
 11
7970.1375
 21
-15134.2620
 31
0.0000
  0
LINE
  5
3ED
  8
חשמל
 10
7970.1375
 20
-15134.2620
 30
0.0000
 11
7970.8588
 21
-15132.1393
 31
0.0000
  0
LINE
  5
3EE
  8
חשמל
 10
7970.8588
 20
-15132.1393
 30
0.0000
 11
7972.0509
 21
-15130.0703
 31
0.0000
  0
LINE
  5
3EF
  8
חשמל
 10
7972.0509
 20
-15130.0703
 30
0.0000
 11
7973.6988
 21
-15128.0811
 31
0.0000
  0
LINE
  5
3F0
  8
חשמל
 10
7973.6988
 20
-15128.0811
 30
0.0000
 11
7975.7818
 21
-15126.1967
 31
0.0000
  0
LINE
  5
3F1
  8
חשמל
 10
7975.7818
 20
-15126.1967
 30
0.0000
 11
7978.2737
 21
-15124.4407
 31
0.0000
  0
LINE
  5
3F2
  8
חשמל
 10
7978.2737
 20
-15124.4407
 30
0.0000
 11
7981.1431
 21
-15122.8352
 31
0.0000
  0
LINE
  5
3F3
  8
חשמל
 10
7981.1431
 20
-15122.8352
 30
0.0000
 11
7984.3540
 21
-15121.4005
 31
0.0000
  0
LINE
  5
3F4
  8
חשמל
 10
7984.3540
 20
-15121.4005
 30
0.0000
 11
7987.8660
 21
-15120.1546
 31
0.0000
  0
LINE
  5
3F5
  8
חשמל
 10
7987.8660
 20
-15120.1546
 30
0.0000
 11
7991.6349
 21
-15119.1131
 31
0.0000
  0
LINE
  5
3F6
  8
חשמל
 10
7991.6349
 20
-15119.1131
 30
0.0000
 11
7995.6133
 21
-15118.2891
 31
0.0000
  0
LINE
  5
3F7
  8
חשמל
 10
7995.6133
 20
-15118.2891
 30
0.0000
 11
7999.7512
 21
-15117.6931
 31
0.0000
  0
LINE
  5
3F8
  8
חשמל
 10
7999.7512
 20
-15117.6931
 30
0.0000
 11
8003.9966
 21
-15117.3324
 31
0.0000
  0
LINE
  5
3F9
  8
חשמל
 10
8003.9966
 20
-15117.3324
 30
0.0000
 11
8008.2960
 21
-15117.2117
 31
0.0000
  0
LINE
  5
3FA
  8
חשמל
 10
8008.2960
 20
-15117.2117
 30
0.0000
 11
8012.5954
 21
-15117.3324
 31
0.0000
  0
LINE
  5
3FB
  8
חשמל
 10
8012.5954
 20
-15117.3324
 30
0.0000
 11
8016.8408
 21
-15117.6931
 31
0.0000
  0
LINE
  5
3FC
  8
חשמל
 10
8016.8408
 20
-15117.6931
 30
0.0000
 11
8020.9787
 21
-15118.2891
 31
0.0000
  0
LINE
  5
3FD
  8
חשמל
 10
8020.9787
 20
-15118.2891
 30
0.0000
 11
8024.9571
 21
-15119.1131
 31
0.0000
  0
LINE
  5
3FE
  8
חשמל
 10
8024.9571
 20
-15119.1131
 30
0.0000
 11
8028.7260
 21
-15120.1546
 31
0.0000
  0
LINE
  5
3FF
  8
חשמל
 10
8028.7260
 20
-15120.1546
 30
0.0000
 11
8032.2380
 21
-15121.4005
 31
0.0000
  0
LINE
  5
400
  8
חשמל
 10
8032.2380
 20
-15121.4005
 30
0.0000
 11
8035.4489
 21
-15122.8352
 31
0.0000
  0
LINE
  5
401
  8
חשמל
 10
8035.4489
 20
-15122.8352
 30
0.0000
 11
8038.3183
 21
-15124.4407
 31
0.0000
  0
LINE
  5
402
  8
חשמל
 10
8038.3183
 20
-15124.4407
 30
0.0000
 11
8040.8102
 21
-15126.1967
 31
0.0000
  0
LINE
  5
403
  8
חשמל
 10
8040.8102
 20
-15126.1967
 30
0.0000
 11
8042.8932
 21
-15128.0811
 31
0.0000
  0
LINE
  5
404
  8
חשמל
 10
8042.8932
 20
-15128.0811
 30
0.0000
 11
8044.5411
 21
-15130.0703
 31
0.0000
  0
LINE
  5
405
  8
חשמל
 10
8044.5411
 20
-15130.0703
 30
0.0000
 11
8045.7332
 21
-15132.1393
 31
0.0000
  0
LINE
  5
406
  8
חשמל
 10
8045.7332
 20
-15132.1393
 30
0.0000
 11
8046.4545
 21
-15134.2620
 31
0.0000
  0
LINE
  5
407
  8
חשמל
 10
8046.4545
 20
-15134.2620
 30
0.0000
 11
8046.6960
 21
-15136.4117
 31
0.0000
  0
LINE
  5
408
  8
חשמל
 10
7969.8960
 20
-15136.4117
 30
0.0000
 11
8046.6960
 21
-15136.4117
 31
0.0000
  0
LINE
  5
409
  8
חשמל
 10
8051.3040
 20
-15136.4117
 30
0.0000
 11
8051.5455
 21
-15134.2620
 31
0.0000
  0
LINE
  5
40A
  8
חשמל
 10
8051.5455
 20
-15134.2620
 30
0.0000
 11
8052.2668
 21
-15132.1393
 31
0.0000
  0
LINE
  5
40B
  8
חשמל
 10
8052.2668
 20
-15132.1393
 30
0.0000
 11
8053.4589
 21
-15130.0703
 31
0.0000
  0
LINE
  5
40C
  8
חשמל
 10
8053.4589
 20
-15130.0703
 30
0.0000
 11
8055.1068
 21
-15128.0811
 31
0.0000
  0
LINE
  5
40D
  8
חשמל
 10
8055.1068
 20
-15128.0811
 30
0.0000
 11
8057.1898
 21
-15126.1967
 31
0.0000
  0
LINE
  5
40E
  8
חשמל
 10
8057.1898
 20
-15126.1967
 30
0.0000
 11
8059.6817
 21
-15124.4407
 31
0.0000
  0
LINE
  5
40F
  8
חשמל
 10
8059.6817
 20
-15124.4407
 30
0.0000
 11
8062.5511
 21
-15122.8352
 31
0.0000
  0
LINE
  5
410
  8
חשמל
 10
8062.5511
 20
-15122.8352
 30
0.0000
 11
8065.7620
 21
-15121.4005
 31
0.0000
  0
LINE
  5
411
  8
חשמל
 10
8065.7620
 20
-15121.4005
 30
0.0000
 11
8069.2740
 21
-15120.1546
 31
0.0000
  0
LINE
  5
412
  8
חשמל
 10
8069.2740
 20
-15120.1546
 30
0.0000
 11
8073.0429
 21
-15119.1131
 31
0.0000
  0
LINE
  5
413
  8
חשמל
 10
8073.0429
 20
-15119.1131
 30
0.0000
 11
8077.0213
 21
-15118.2891
 31
0.0000
  0
LINE
  5
414
  8
חשמל
 10
8077.0213
 20
-15118.2891
 30
0.0000
 11
8081.1592
 21
-15117.6931
 31
0.0000
  0
LINE
  5
415
  8
חשמל
 10
8081.1592
 20
-15117.6931
 30
0.0000
 11
8085.4046
 21
-15117.3324
 31
0.0000
  0
LINE
  5
416
  8
חשמל
 10
8085.4046
 20
-15117.3324
 30
0.0000
 11
8089.7040
 21
-15117.2117
 31
0.0000
  0
LINE
  5
417
  8
חשמל
 10
8089.7040
 20
-15117.2117
 30
0.0000
 11
8094.0034
 21
-15117.3324
 31
0.0000
  0
LINE
  5
418
  8
חשמל
 10
8094.0034
 20
-15117.3324
 30
0.0000
 11
8098.2488
 21
-15117.6931
 31
0.0000
  0
LINE
  5
419
  8
חשמל
 10
8098.2488
 20
-15117.6931
 30
0.0000
 11
8102.3867
 21
-15118.2891
 31
0.0000
  0
LINE
  5
41A
  8
חשמל
 10
8102.3867
 20
-15118.2891
 30
0.0000
 11
8106.3651
 21
-15119.1131
 31
0.0000
  0
LINE
  5
41B
  8
חשמל
 10
8106.3651
 20
-15119.1131
 30
0.0000
 11
8110.1340
 21
-15120.1546
 31
0.0000
  0
LINE
  5
41C
  8
חשמל
 10
8110.1340
 20
-15120.1546
 30
0.0000
 11
8113.6460
 21
-15121.4005
 31
0.0000
  0
LINE
  5
41D
  8
חשמל
 10
8113.6460
 20
-15121.4005
 30
0.0000
 11
8116.8569
 21
-15122.8352
 31
0.0000
  0
LINE
  5
41E
  8
חשמל
 10
8116.8569
 20
-15122.8352
 30
0.0000
 11
8119.7263
 21
-15124.4407
 31
0.0000
  0
LINE
  5
41F
  8
חשמל
 10
8119.7263
 20
-15124.4407
 30
0.0000
 11
8122.2182
 21
-15126.1967
 31
0.0000
  0
LINE
  5
420
  8
חשמל
 10
8122.2182
 20
-15126.1967
 30
0.0000
 11
8124.3012
 21
-15128.0811
 31
0.0000
  0
LINE
  5
421
  8
חשמל
 10
8124.3012
 20
-15128.0811
 30
0.0000
 11
8125.9491
 21
-15130.0703
 31
0.0000
  0
LINE
  5
422
  8
חשמל
 10
8125.9491
 20
-15130.0703
 30
0.0000
 11
8127.1412
 21
-15132.1393
 31
0.0000
  0
LINE
  5
423
  8
חשמל
 10
8127.1412
 20
-15132.1393
 30
0.0000
 11
8127.8625
 21
-15134.2620
 31
0.0000
  0
LINE
  5
424
  8
חשמל
 10
8127.8625
 20
-15134.2620
 30
0.0000
 11
8128.1040
 21
-15136.4117
 31
0.0000
  0
LINE
  5
425
  8
חשמל
 10
8051.3040
 20
-15136.4117
 30
0.0000
 11
8128.1040
 21
-15136.4117
 31
0.0000
  0
LINE
  5
426
  8
חשמל - מידות
 10
6249.0000
 20
-16286.2117
 30
0.0000
 11
6249.0000
 21
-19918.7117
 31
0.0000
  0
LINE
  5
427
  8
חשמל - מידות
 10
8049.0000
 20
-16286.2117
 30
0.0000
 11
8049.0000
 21
-19918.7117
 31
0.0000
  0
LINE
  5
428
  8
חשמל - מידות
 10
6249.0000
 20
-19858.7117
 30
0.0000
 11
8049.0000
 21
-19858.7117
 31
0.0000
  0
SOLID
  5
429
  8
חשמל - מידות
 10
6249.0000
 20
-19858.7117
 30
0.0000
 11
6134.0000
 21
-19890.7117
 31
0.0000
 12
6134.0000
 22
-19826.7117
 32
0.0000
 13
6134.0000
 23
-19826.7117
 33
0.0000
  0
SOLID
  5
42A
  8
חשמל - מידות
 10
8049.0000
 20
-19858.7117
 30
0.0000
 11
8164.0000
 21
-19890.7117
 31
0.0000
 12
8164.0000
 22
-19826.7117
 32
0.0000
 13
8164.0000
 23
-19826.7117
 33
0.0000
  0
TEXT
  5
42B
  8
חשמל - מידות
 10
7149.0000
 20
-19953.7117
 30
0.0000
 40
100.0000
  1
180
 50
0.0000
  7
SOLINE
 72
1
 73
2
 11
7149.0000
 21
-19953.7117
 31
0.0000
  0
LINE
  5
42C
  8
חשמל - מידות
 10
8009.0000
 20
-16246.2117
 30
0.0000
 11
7721.5000
 21
-16246.2117
 31
0.0000
  0
LINE
  5
42D
  8
חשמל - מידות
 10
8009.0000
 20
-15133.2117
 30
0.0000
 11
7721.5000
 21
-15133.2117
 31
0.0000
  0
LINE
  5
42E
  8
חשמל - מידות
 10
7781.5000
 20
-16246.2117
 30
0.0000
 11
7781.5000
 21
-15133.2117
 31
0.0000
  0
SOLID
  5
42F
  8
חשמל - מידות
 10
7781.5000
 20
-16246.2117
 30
0.0000
 11
7749.5000
 21
-16361.2117
 31
0.0000
 12
7813.5000
 22
-16361.2117
 32
0.0000
 13
7813.5000
 23
-16361.2117
 33
0.0000
  0
SOLID
  5
430
  8
חשמל - מידות
 10
7781.5000
 20
-15133.2117
 30
0.0000
 11
7749.5000
 21
-15018.2117
 31
0.0000
 12
7813.5000
 22
-15018.2117
 32
0.0000
 13
7813.5000
 23
-15018.2117
 33
0.0000
  0
TEXT
  5
431
  8
חשמל - מידות
 10
7686.5000
 20
-15689.7117
 30
0.0000
 40
100.0000
  1
111.3
 50
90.0000
  7
SOLINE
 72
1
 73
2
 11
7686.5000
 21
-15689.7117
 31
0.0000
  0
LINE
  5
432
  8
חשמל
 10
7565.0000
 20
-14048.2117
 30
0.0000
 11
7645.0000
 21
-14048.2117
 31
0.0000
  0
LINE
  5
433
  8
חשמל
 10
7645.0000
 20
-14048.2117
 30
0.0000
 11
7645.0000
 21
-13968.2117
 31
0.0000
  0
LINE
  5
434
  8
חשמל
 10
7645.0000
 20
-13968.2117
 30
0.0000
 11
7565.0000
 21
-13968.2117
 31
0.0000
  0
LINE
  5
435
  8
חשמל
 10
7565.0000
 20
-13968.2117
 30
0.0000
 11
7565.0000
 21
-14048.2117
 31
0.0000
  0
LINE
  5
436
  8
חשמל
 10
7605.0000
 20
-14048.2117
 30
0.0000
 11
7605.0000
 21
-13992.2117
 31
0.0000
  0
ARC
  5
437
  8
חשמל
 10
7605.0000
 20
-14008.2117
 30
0.0000
 40
14.4000
 50
0.0000
 51
360.0000
  0
ARC
  5
438
  8
חשמל
 10
7605.0000
 20
-14008.2117
 30
0.0000
 40
4.0000
 50
0.0000
 51
360.0000
  0
LINE
  5
439
  8
חשמל - מידות
 10
6249.0000
 20
-16286.2117
 30
0.0000
 11
6249.0000
 21
-20268.7117
 31
0.0000
  0
LINE
  5
43A
  8
חשמל - מידות
 10
7605.0000
 20
-16286.2117
 30
0.0000
 11
7605.0000
 21
-20268.7117
 31
0.0000
  0
LINE
  5
43B
  8
חשמל - מידות
 10
6249.0000
 20
-20208.7117
 30
0.0000
 11
7605.0000
 21
-20208.7117
 31
0.0000
  0
SOLID
  5
43C
  8
חשמל - מידות
 10
6249.0000
 20
-20208.7117
 30
0.0000
 11
6134.0000
 21
-20240.7117
 31
0.0000
 12
6134.0000
 22
-20176.7117
 32
0.0000
 13
6134.0000
 23
-20176.7117
 33
0.0000
  0
SOLID
  5
43D
  8
חשמל - מידות
 10
7605.0000
 20
-20208.7117
 30
0.0000
 11
7720.0000
 21
-20240.7117
 31
0.0000
 12
7720.0000
 22
-20176.7117
 32
0.0000
 13
7720.0000
 23
-20176.7117
 33
0.0000
  0
TEXT
  5
43E
  8
חשמל - מידות
 10
6927.0000
 20
-20303.7117
 30
0.0000
 40
100.0000
  1
135.6
 50
0.0000
  7
SOLINE
 72
1
 73
2
 11
6927.0000
 21
-20303.7117
 31
0.0000
  0
LINE
  5
43F
  8
חשמל - מידות
 10
7645.0000
 20
-16246.2117
 30
0.0000
 11
7892.5000
 21
-16246.2117
 31
0.0000
  0
LINE
  5
440
  8
חשמל - מידות
 10
7645.0000
 20
-14008.2117
 30
0.0000
 11
7892.5000
 21
-14008.2117
 31
0.0000
  0
LINE
  5
441
  8
חשמל - מידות
 10
7832.5000
 20
-16246.2117
 30
0.0000
 11
7832.5000
 21
-14008.2117
 31
0.0000
  0
SOLID
  5
442
  8
חשמל - מידות
 10
7832.5000
 20
-16246.2117
 30
0.0000
 11
7864.5000
 21
-16361.2117
 31
0.0000
 12
7800.5000
 22
-16361.2117
 32
0.0000
 13
7800.5000
 23
-16361.2117
 33
0.0000
  0
SOLID
  5
443
  8
חשמל - מידות
 10
7832.5000
 20
-14008.2117
 30
0.0000
 11
7864.5000
 21
-13893.2117
 31
0.0000
 12
7800.5000
 22
-13893.2117
 32
0.0000
 13
7800.5000
 23
-13893.2117
 33
0.0000
  0
TEXT
  5
444
  8
חשמל - מידות
 10
7927.5000
 20
-15127.2117
 30
0.0000
 40
100.0000
  1
223.8
 50
90.0000
  7
SOLINE
 72
1
 73
2
 11
7927.5000
 21
-15127.2117
 31
0.0000
  0
LINE
  5
445
  8
תאורה
 10
7713.0000
 20
-13501.2117
 30
0.0000
 11
7813.0000
 21
-13501.2117
 31
0.0000
  0
LINE
  5
446
  8
תאורה
 10
7813.0000
 20
-13501.2117
 30
0.0000
 11
7813.0000
 21
-13471.2117
 31
0.0000
  0
LINE
  5
447
  8
תאורה
 10
7813.0000
 20
-13471.2117
 30
0.0000
 11
7713.0000
 21
-13471.2117
 31
0.0000
  0
LINE
  5
448
  8
תאורה
 10
7713.0000
 20
-13471.2117
 30
0.0000
 11
7713.0000
 21
-13501.2117
 31
0.0000
  0
LINE
  5
449
  8
תאורה
 10
7793.0000
 20
-13486.2117
 30
0.0000
 11
7792.4236
 21
-13487.9675
 31
0.0000
  0
LINE
  5
44A
  8
תאורה
 10
7792.4236
 20
-13487.9675
 30
0.0000
 11
7790.7164
 21
-13489.6558
 31
0.0000
  0
LINE
  5
44B
  8
תאורה
 10
7790.7164
 20
-13489.6558
 30
0.0000
 11
7787.9441
 21
-13491.2118
 31
0.0000
  0
LINE
  5
44C
  8
תאורה
 10
7787.9441
 20
-13491.2118
 30
0.0000
 11
7784.2132
 21
-13492.5757
 31
0.0000
  0
LINE
  5
44D
  8
תאורה
 10
7784.2132
 20
-13492.5757
 30
0.0000
 11
7779.6671
 21
-13493.6949
 31
0.0000
  0
LINE
  5
44E
  8
תאורה
 10
7779.6671
 20
-13493.6949
 30
0.0000
 11
7774.4805
 21
-13494.5266
 31
0.0000
  0
LINE
  5
44F
  8
תאורה
 10
7774.4805
 20
-13494.5266
 30
0.0000
 11
7768.8527
 21
-13495.0388
 31
0.0000
  0
LINE
  5
450
  8
תאורה
 10
7768.8527
 20
-13495.0388
 30
0.0000
 11
7763.0000
 21
-13495.2117
 31
0.0000
  0
LINE
  5
451
  8
תאורה
 10
7763.0000
 20
-13495.2117
 30
0.0000
 11
7757.1473
 21
-13495.0388
 31
0.0000
  0
LINE
  5
452
  8
תאורה
 10
7757.1473
 20
-13495.0388
 30
0.0000
 11
7751.5195
 21
-13494.5266
 31
0.0000
  0
LINE
  5
453
  8
תאורה
 10
7751.5195
 20
-13494.5266
 30
0.0000
 11
7746.3329
 21
-13493.6949
 31
0.0000
  0
LINE
  5
454
  8
תאורה
 10
7746.3329
 20
-13493.6949
 30
0.0000
 11
7741.7868
 21
-13492.5757
 31
0.0000
  0
LINE
  5
455
  8
תאורה
 10
7741.7868
 20
-13492.5757
 30
0.0000
 11
7738.0559
 21
-13491.2118
 31
0.0000
  0
LINE
  5
456
  8
תאורה
 10
7738.0559
 20
-13491.2118
 30
0.0000
 11
7735.2836
 21
-13489.6558
 31
0.0000
  0
LINE
  5
457
  8
תאורה
 10
7735.2836
 20
-13489.6558
 30
0.0000
 11
7733.5764
 21
-13487.9675
 31
0.0000
  0
LINE
  5
458
  8
תאורה
 10
7733.5764
 20
-13487.9675
 30
0.0000
 11
7733.0000
 21
-13486.2117
 31
0.0000
  0
LINE
  5
459
  8
תאורה
 10
7733.0000
 20
-13486.2117
 30
0.0000
 11
7733.5764
 21
-13484.4559
 31
0.0000
  0
LINE
  5
45A
  8
תאורה
 10
7733.5764
 20
-13484.4559
 30
0.0000
 11
7735.2836
 21
-13482.7675
 31
0.0000
  0
LINE
  5
45B
  8
תאורה
 10
7735.2836
 20
-13482.7675
 30
0.0000
 11
7738.0559
 21
-13481.2116
 31
0.0000
  0
LINE
  5
45C
  8
תאורה
 10
7738.0559
 20
-13481.2116
 30
0.0000
 11
7741.7868
 21
-13479.8477
 31
0.0000
  0
LINE
  5
45D
  8
תאורה
 10
7741.7868
 20
-13479.8477
 30
0.0000
 11
7746.3329
 21
-13478.7285
 31
0.0000
  0
LINE
  5
45E
  8
תאורה
 10
7746.3329
 20
-13478.7285
 30
0.0000
 11
7751.5195
 21
-13477.8968
 31
0.0000
  0
LINE
  5
45F
  8
תאורה
 10
7751.5195
 20
-13477.8968
 30
0.0000
 11
7757.1473
 21
-13477.3846
 31
0.0000
  0
LINE
  5
460
  8
תאורה
 10
7757.1473
 20
-13477.3846
 30
0.0000
 11
7763.0000
 21
-13477.2117
 31
0.0000
  0
LINE
  5
461
  8
תאורה
 10
7763.0000
 20
-13477.2117
 30
0.0000
 11
7768.8527
 21
-13477.3846
 31
0.0000
  0
LINE
  5
462
  8
תאורה
 10
7768.8527
 20
-13477.3846
 30
0.0000
 11
7774.4805
 21
-13477.8968
 31
0.0000
  0
LINE
  5
463
  8
תאורה
 10
7774.4805
 20
-13477.8968
 30
0.0000
 11
7779.6671
 21
-13478.7285
 31
0.0000
  0
LINE
  5
464
  8
תאורה
 10
7779.6671
 20
-13478.7285
 30
0.0000
 11
7784.2132
 21
-13479.8477
 31
0.0000
  0
LINE
  5
465
  8
תאורה
 10
7784.2132
 20
-13479.8477
 30
0.0000
 11
7787.9441
 21
-13481.2116
 31
0.0000
  0
LINE
  5
466
  8
תאורה
 10
7787.9441
 20
-13481.2116
 30
0.0000
 11
7790.7164
 21
-13482.7675
 31
0.0000
  0
LINE
  5
467
  8
תאורה
 10
7790.7164
 20
-13482.7675
 30
0.0000
 11
7792.4236
 21
-13484.4559
 31
0.0000
  0
LINE
  5
468
  8
תאורה
 10
7792.4236
 20
-13484.4559
 30
0.0000
 11
7793.0000
 21
-13486.2117
 31
0.0000
  0
LINE
  5
469
  8
תאורה
 10
7742.0000
 20
-13479.9117
 30
0.0000
 11
7784.0000
 21
-13492.5117
 31
0.0000
  0
LINE
  5
46A
  8
תאורה
 10
7784.0000
 20
-13479.9117
 30
0.0000
 11
7742.0000
 21
-13492.5117
 31
0.0000
  0
LINE
  5
46B
  8
תאורה - מידות
 10
6249.0000
 20
-16286.2117
 30
0.0000
 11
6249.0000
 21
-20618.7117
 31
0.0000
  0
LINE
  5
46C
  8
תאורה - מידות
 10
7763.0000
 20
-16286.2117
 30
0.0000
 11
7763.0000
 21
-20618.7117
 31
0.0000
  0
LINE
  5
46D
  8
תאורה - מידות
 10
6249.0000
 20
-20558.7117
 30
0.0000
 11
7763.0000
 21
-20558.7117
 31
0.0000
  0
SOLID
  5
46E
  8
תאורה - מידות
 10
6249.0000
 20
-20558.7117
 30
0.0000
 11
6134.0000
 21
-20590.7117
 31
0.0000
 12
6134.0000
 22
-20526.7117
 32
0.0000
 13
6134.0000
 23
-20526.7117
 33
0.0000
  0
SOLID
  5
46F
  8
תאורה - מידות
 10
7763.0000
 20
-20558.7117
 30
0.0000
 11
7878.0000
 21
-20590.7117
 31
0.0000
 12
7878.0000
 22
-20526.7117
 32
0.0000
 13
7878.0000
 23
-20526.7117
 33
0.0000
  0
TEXT
  5
470
  8
תאורה - מידות
 10
7006.0000
 20
-20653.7117
 30
0.0000
 40
100.0000
  1
151.4
 50
0.0000
  7
SOLINE
 72
1
 73
2
 11
7006.0000
 21
-20653.7117
 31
0.0000
  0
LINE
  5
471
  8
תאורה - מידות
 10
7723.0000
 20
-16246.2117
 30
0.0000
 11
7465.5000
 21
-16246.2117
 31
0.0000
  0
LINE
  5
472
  8
תאורה - מידות
 10
7723.0000
 20
-13486.2117
 30
0.0000
 11
7465.5000
 21
-13486.2117
 31
0.0000
  0
LINE
  5
473
  8
תאורה - מידות
 10
7525.5000
 20
-16246.2117
 30
0.0000
 11
7525.5000
 21
-13486.2117
 31
0.0000
  0
SOLID
  5
474
  8
תאורה - מידות
 10
7525.5000
 20
-16246.2117
 30
0.0000
 11
7493.5000
 21
-16361.2117
 31
0.0000
 12
7557.5000
 22
-16361.2117
 32
0.0000
 13
7557.5000
 23
-16361.2117
 33
0.0000
  0
SOLID
  5
475
  8
תאורה - מידות
 10
7525.5000
 20
-13486.2117
 30
0.0000
 11
7493.5000
 21
-13371.2117
 31
0.0000
 12
7557.5000
 22
-13371.2117
 32
0.0000
 13
7557.5000
 23
-13371.2117
 33
0.0000
  0
TEXT
  5
476
  8
תאורה - מידות
 10
7430.5000
 20
-14866.2117
 30
0.0000
 40
100.0000
  1
276
 50
90.0000
  7
SOLINE
 72
1
 73
2
 11
7430.5000
 21
-14866.2117
 31
0.0000
  0
LINE
  5
477
  8
תאורה
 10
9152.0000
 20
-13501.2117
 30
0.0000
 11
9252.0000
 21
-13501.2117
 31
0.0000
  0
LINE
  5
478
  8
תאורה
 10
9252.0000
 20
-13501.2117
 30
0.0000
 11
9252.0000
 21
-13471.2117
 31
0.0000
  0
LINE
  5
479
  8
תאורה
 10
9252.0000
 20
-13471.2117
 30
0.0000
 11
9152.0000
 21
-13471.2117
 31
0.0000
  0
LINE
  5
47A
  8
תאורה
 10
9152.0000
 20
-13471.2117
 30
0.0000
 11
9152.0000
 21
-13501.2117
 31
0.0000
  0
LINE
  5
47B
  8
תאורה
 10
9232.0000
 20
-13486.2117
 30
0.0000
 11
9231.4236
 21
-13487.9675
 31
0.0000
  0
LINE
  5
47C
  8
תאורה
 10
9231.4236
 20
-13487.9675
 30
0.0000
 11
9229.7164
 21
-13489.6558
 31
0.0000
  0
LINE
  5
47D
  8
תאורה
 10
9229.7164
 20
-13489.6558
 30
0.0000
 11
9226.9441
 21
-13491.2118
 31
0.0000
  0
LINE
  5
47E
  8
תאורה
 10
9226.9441
 20
-13491.2118
 30
0.0000
 11
9223.2132
 21
-13492.5757
 31
0.0000
  0
LINE
  5
47F
  8
תאורה
 10
9223.2132
 20
-13492.5757
 30
0.0000
 11
9218.6671
 21
-13493.6949
 31
0.0000
  0
LINE
  5
480
  8
תאורה
 10
9218.6671
 20
-13493.6949
 30
0.0000
 11
9213.4805
 21
-13494.5266
 31
0.0000
  0
LINE
  5
481
  8
תאורה
 10
9213.4805
 20
-13494.5266
 30
0.0000
 11
9207.8527
 21
-13495.0388
 31
0.0000
  0
LINE
  5
482
  8
תאורה
 10
9207.8527
 20
-13495.0388
 30
0.0000
 11
9202.0000
 21
-13495.2117
 31
0.0000
  0
LINE
  5
483
  8
תאורה
 10
9202.0000
 20
-13495.2117
 30
0.0000
 11
9196.1473
 21
-13495.0388
 31
0.0000
  0
LINE
  5
484
  8
תאורה
 10
9196.1473
 20
-13495.0388
 30
0.0000
 11
9190.5195
 21
-13494.5266
 31
0.0000
  0
LINE
  5
485
  8
תאורה
 10
9190.5195
 20
-13494.5266
 30
0.0000
 11
9185.3329
 21
-13493.6949
 31
0.0000
  0
LINE
  5
486
  8
תאורה
 10
9185.3329
 20
-13493.6949
 30
0.0000
 11
9180.7868
 21
-13492.5757
 31
0.0000
  0
LINE
  5
487
  8
תאורה
 10
9180.7868
 20
-13492.5757
 30
0.0000
 11
9177.0559
 21
-13491.2118
 31
0.0000
  0
LINE
  5
488
  8
תאורה
 10
9177.0559
 20
-13491.2118
 30
0.0000
 11
9174.2836
 21
-13489.6558
 31
0.0000
  0
LINE
  5
489
  8
תאורה
 10
9174.2836
 20
-13489.6558
 30
0.0000
 11
9172.5764
 21
-13487.9675
 31
0.0000
  0
LINE
  5
48A
  8
תאורה
 10
9172.5764
 20
-13487.9675
 30
0.0000
 11
9172.0000
 21
-13486.2117
 31
0.0000
  0
LINE
  5
48B
  8
תאורה
 10
9172.0000
 20
-13486.2117
 30
0.0000
 11
9172.5764
 21
-13484.4559
 31
0.0000
  0
LINE
  5
48C
  8
תאורה
 10
9172.5764
 20
-13484.4559
 30
0.0000
 11
9174.2836
 21
-13482.7675
 31
0.0000
  0
LINE
  5
48D
  8
תאורה
 10
9174.2836
 20
-13482.7675
 30
0.0000
 11
9177.0559
 21
-13481.2116
 31
0.0000
  0
LINE
  5
48E
  8
תאורה
 10
9177.0559
 20
-13481.2116
 30
0.0000
 11
9180.7868
 21
-13479.8477
 31
0.0000
  0
LINE
  5
48F
  8
תאורה
 10
9180.7868
 20
-13479.8477
 30
0.0000
 11
9185.3329
 21
-13478.7285
 31
0.0000
  0
LINE
  5
490
  8
תאורה
 10
9185.3329
 20
-13478.7285
 30
0.0000
 11
9190.5195
 21
-13477.8968
 31
0.0000
  0
LINE
  5
491
  8
תאורה
 10
9190.5195
 20
-13477.8968
 30
0.0000
 11
9196.1473
 21
-13477.3846
 31
0.0000
  0
LINE
  5
492
  8
תאורה
 10
9196.1473
 20
-13477.3846
 30
0.0000
 11
9202.0000
 21
-13477.2117
 31
0.0000
  0
LINE
  5
493
  8
תאורה
 10
9202.0000
 20
-13477.2117
 30
0.0000
 11
9207.8527
 21
-13477.3846
 31
0.0000
  0
LINE
  5
494
  8
תאורה
 10
9207.8527
 20
-13477.3846
 30
0.0000
 11
9213.4805
 21
-13477.8968
 31
0.0000
  0
LINE
  5
495
  8
תאורה
 10
9213.4805
 20
-13477.8968
 30
0.0000
 11
9218.6671
 21
-13478.7285
 31
0.0000
  0
LINE
  5
496
  8
תאורה
 10
9218.6671
 20
-13478.7285
 30
0.0000
 11
9223.2132
 21
-13479.8477
 31
0.0000
  0
LINE
  5
497
  8
תאורה
 10
9223.2132
 20
-13479.8477
 30
0.0000
 11
9226.9441
 21
-13481.2116
 31
0.0000
  0
LINE
  5
498
  8
תאורה
 10
9226.9441
 20
-13481.2116
 30
0.0000
 11
9229.7164
 21
-13482.7675
 31
0.0000
  0
LINE
  5
499
  8
תאורה
 10
9229.7164
 20
-13482.7675
 30
0.0000
 11
9231.4236
 21
-13484.4559
 31
0.0000
  0
LINE
  5
49A
  8
תאורה
 10
9231.4236
 20
-13484.4559
 30
0.0000
 11
9232.0000
 21
-13486.2117
 31
0.0000
  0
LINE
  5
49B
  8
תאורה
 10
9181.0000
 20
-13479.9117
 30
0.0000
 11
9223.0000
 21
-13492.5117
 31
0.0000
  0
LINE
  5
49C
  8
תאורה
 10
9223.0000
 20
-13479.9117
 30
0.0000
 11
9181.0000
 21
-13492.5117
 31
0.0000
  0
LINE
  5
49D
  8
תאורה - מידות
 10
10734.0000
 20
-16206.2117
 30
0.0000
 11
10734.0000
 21
-11523.7117
 31
0.0000
  0
LINE
  5
49E
  8
תאורה - מידות
 10
9202.0000
 20
-16206.2117
 30
0.0000
 11
9202.0000
 21
-11523.7117
 31
0.0000
  0
LINE
  5
49F
  8
תאורה - מידות
 10
10734.0000
 20
-11583.7117
 30
0.0000
 11
9202.0000
 21
-11583.7117
 31
0.0000
  0
SOLID
  5
4A0
  8
תאורה - מידות
 10
10734.0000
 20
-11583.7117
 30
0.0000
 11
10849.0000
 21
-11551.7117
 31
0.0000
 12
10849.0000
 22
-11615.7117
 32
0.0000
 13
10849.0000
 23
-11615.7117
 33
0.0000
  0
SOLID
  5
4A1
  8
תאורה - מידות
 10
9202.0000
 20
-11583.7117
 30
0.0000
 11
9087.0000
 21
-11551.7117
 31
0.0000
 12
9087.0000
 22
-11615.7117
 32
0.0000
 13
9087.0000
 23
-11615.7117
 33
0.0000
  0
TEXT
  5
4A2
  8
תאורה - מידות
 10
9968.0000
 20
-11488.7117
 30
0.0000
 40
100.0000
  1
153.2
 50
360.0000
  7
SOLINE
 72
1
 73
2
 11
9968.0000
 21
-11488.7117
 31
0.0000
  0
LINE
  5
4A3
  8
תאורה - מידות
 10
9242.0000
 20
-16246.2117
 30
0.0000
 11
9499.5000
 21
-16246.2117
 31
0.0000
  0
LINE
  5
4A4
  8
תאורה - מידות
 10
9242.0000
 20
-13486.2117
 30
0.0000
 11
9499.5000
 21
-13486.2117
 31
0.0000
  0
LINE
  5
4A5
  8
תאורה - מידות
 10
9439.5000
 20
-16246.2117
 30
0.0000
 11
9439.5000
 21
-13486.2117
 31
0.0000
  0
SOLID
  5
4A6
  8
תאורה - מידות
 10
9439.5000
 20
-16246.2117
 30
0.0000
 11
9471.5000
 21
-16361.2117
 31
0.0000
 12
9407.5000
 22
-16361.2117
 32
0.0000
 13
9407.5000
 23
-16361.2117
 33
0.0000
  0
SOLID
  5
4A7
  8
תאורה - מידות
 10
9439.5000
 20
-13486.2117
 30
0.0000
 11
9471.5000
 21
-13371.2117
 31
0.0000
 12
9407.5000
 22
-13371.2117
 32
0.0000
 13
9407.5000
 23
-13371.2117
 33
0.0000
  0
TEXT
  5
4A8
  8
תאורה - מידות
 10
9534.5000
 20
-14866.2117
 30
0.0000
 40
100.0000
  1
276
 50
90.0000
  7
SOLINE
 72
1
 73
2
 11
9534.5000
 21
-14866.2117
 31
0.0000
  0
TEXT
  5
4A9
  8
קירות - טקסט
 10
8491.5000
 20
-17183.7117
 30
0.0000
 40
162.5000
  1
W2
 50
0.0000
  7
SOLINE
 72
1
 73
2
 11
8491.5000
 21
-17183.7117
 31
0.0000
  0
LINE
  5
4AA
  8
קירות
 10
13234.0000
 20
-16246.2117
 30
0.0000
 11
15239.0000
 21
-16246.2117
 31
0.0000
  0
LINE
  5
4AB
  8
קירות
 10
15239.0000
 20
-16246.2117
 30
0.0000
 11
15239.0000
 21
-13461.2117
 31
0.0000
  0
LINE
  5
4AC
  8
קירות
 10
15239.0000
 20
-13461.2117
 30
0.0000
 11
13234.0000
 21
-13461.2117
 31
0.0000
  0
LINE
  5
4AD
  8
קירות
 10
13234.0000
 20
-13461.2117
 30
0.0000
 11
13234.0000
 21
-16246.2117
 31
0.0000
  0
LINE
  5
4AE
  8
מידות - חוץ
 10
13234.0000
 20
-16296.2117
 30
0.0000
 11
13234.0000
 21
-16696.2117
 31
0.0000
  0
LINE
  5
4AF
  8
מידות - חוץ
 10
15239.0000
 20
-16296.2117
 30
0.0000
 11
15239.0000
 21
-16696.2117
 31
0.0000
  0
LINE
  5
4B0
  8
מידות - חוץ
 10
13234.0000
 20
-16621.2117
 30
0.0000
 11
15239.0000
 21
-16621.2117
 31
0.0000
  0
SOLID
  5
4B1
  8
מידות - חוץ
 10
13234.0000
 20
-16621.2117
 30
0.0000
 11
13090.2500
 21
-16661.2117
 31
0.0000
 12
13090.2500
 22
-16581.2117
 32
0.0000
 13
13090.2500
 23
-16581.2117
 33
0.0000
  0
SOLID
  5
4B2
  8
מידות - חוץ
 10
15239.0000
 20
-16621.2117
 30
0.0000
 11
15382.7500
 21
-16661.2117
 31
0.0000
 12
15382.7500
 22
-16581.2117
 32
0.0000
 13
15382.7500
 23
-16581.2117
 33
0.0000
  0
TEXT
  5
4B3
  8
מידות - חוץ
 10
14236.5000
 20
-16739.9617
 30
0.0000
 40
125.0000
  1
200.5
 50
0.0000
  7
SOLINE
 72
1
 73
2
 11
14236.5000
 21
-16739.9617
 31
0.0000
  0
LINE
  5
4B4
  8
מידות - חוץ
 10
13184.0000
 20
-16246.2117
 30
0.0000
 11
12784.0000
 21
-16246.2117
 31
0.0000
  0
LINE
  5
4B5
  8
מידות - חוץ
 10
13184.0000
 20
-13461.2117
 30
0.0000
 11
12784.0000
 21
-13461.2117
 31
0.0000
  0
LINE
  5
4B6
  8
מידות - חוץ
 10
12859.0000
 20
-16246.2117
 30
0.0000
 11
12859.0000
 21
-13461.2117
 31
0.0000
  0
SOLID
  5
4B7
  8
מידות - חוץ
 10
12859.0000
 20
-16246.2117
 30
0.0000
 11
12819.0000
 21
-16389.9617
 31
0.0000
 12
12899.0000
 22
-16389.9617
 32
0.0000
 13
12899.0000
 23
-16389.9617
 33
0.0000
  0
SOLID
  5
4B8
  8
מידות - חוץ
 10
12859.0000
 20
-13461.2117
 30
0.0000
 11
12819.0000
 21
-13317.4617
 31
0.0000
 12
12899.0000
 22
-13317.4617
 32
0.0000
 13
12899.0000
 23
-13317.4617
 33
0.0000
  0
TEXT
  5
4B9
  8
מידות - חוץ
 10
12740.2500
 20
-14853.7117
 30
0.0000
 40
125.0000
  1
278.5
 50
90.0000
  7
SOLINE
 72
1
 73
2
 11
12740.2500
 21
-14853.7117
 31
0.0000
  0
LINE
  5
4BA
  8
חשמל
 10
14500.0187
 20
-15805.2117
 30
0.0000
 11
14580.0187
 21
-15805.2117
 31
0.0000
  0
LINE
  5
4BB
  8
חשמל
 10
14580.0187
 20
-15805.2117
 30
0.0000
 11
14580.0187
 21
-15725.2117
 31
0.0000
  0
LINE
  5
4BC
  8
חשמל
 10
14580.0187
 20
-15725.2117
 30
0.0000
 11
14500.0187
 21
-15725.2117
 31
0.0000
  0
LINE
  5
4BD
  8
חשמל
 10
14500.0187
 20
-15725.2117
 30
0.0000
 11
14500.0187
 21
-15805.2117
 31
0.0000
  0
LINE
  5
4BE
  8
חשמל
 10
14540.0187
 20
-15805.2117
 30
0.0000
 11
14540.0187
 21
-15768.4117
 31
0.0000
  0
LINE
  5
4BF
  8
חשמל
 10
14514.4187
 20
-15768.4117
 30
0.0000
 11
14514.5797
 21
-15765.5454
 31
0.0000
  0
LINE
  5
4C0
  8
חשמל
 10
14514.5797
 20
-15765.5454
 30
0.0000
 11
14515.0606
 21
-15762.7152
 31
0.0000
  0
LINE
  5
4C1
  8
חשמל
 10
14515.0606
 20
-15762.7152
 30
0.0000
 11
14515.8553
 21
-15759.9565
 31
0.0000
  0
LINE
  5
4C2
  8
חשמל
 10
14515.8553
 20
-15759.9565
 30
0.0000
 11
14516.9539
 21
-15757.3043
 31
0.0000
  0
LINE
  5
4C3
  8
חשמל
 10
14516.9539
 20
-15757.3043
 30
0.0000
 11
14518.3426
 21
-15754.7917
 31
0.0000
  0
LINE
  5
4C4
  8
חשמל
 10
14518.3426
 20
-15754.7917
 30
0.0000
 11
14520.0039
 21
-15752.4504
 31
0.0000
  0
LINE
  5
4C5
  8
חשמל
 10
14520.0039
 20
-15752.4504
 30
0.0000
 11
14521.9168
 21
-15750.3098
 31
0.0000
  0
LINE
  5
4C6
  8
חשמל
 10
14521.9168
 20
-15750.3098
 30
0.0000
 11
14524.0574
 21
-15748.3968
 31
0.0000
  0
LINE
  5
4C7
  8
חשמל
 10
14524.0574
 20
-15748.3968
 30
0.0000
 11
14526.3987
 21
-15746.7355
 31
0.0000
  0
LINE
  5
4C8
  8
חשמל
 10
14526.3987
 20
-15746.7355
 30
0.0000
 11
14528.9113
 21
-15745.3469
 31
0.0000
  0
LINE
  5
4C9
  8
חשמל
 10
14528.9113
 20
-15745.3469
 30
0.0000
 11
14531.5636
 21
-15744.2483
 31
0.0000
  0
LINE
  5
4CA
  8
חשמל
 10
14531.5636
 20
-15744.2483
 30
0.0000
 11
14534.3222
 21
-15743.4535
 31
0.0000
  0
LINE
  5
4CB
  8
חשמל
 10
14534.3222
 20
-15743.4535
 30
0.0000
 11
14537.1525
 21
-15742.9727
 31
0.0000
  0
LINE
  5
4CC
  8
חשמל
 10
14537.1525
 20
-15742.9727
 30
0.0000
 11
14540.0187
 21
-15742.8117
 31
0.0000
  0
LINE
  5
4CD
  8
חשמל
 10
14540.0187
 20
-15742.8117
 30
0.0000
 11
14542.8850
 21
-15742.9727
 31
0.0000
  0
LINE
  5
4CE
  8
חשמל
 10
14542.8850
 20
-15742.9727
 30
0.0000
 11
14545.7153
 21
-15743.4535
 31
0.0000
  0
LINE
  5
4CF
  8
חשמל
 10
14545.7153
 20
-15743.4535
 30
0.0000
 11
14548.4739
 21
-15744.2483
 31
0.0000
  0
LINE
  5
4D0
  8
חשמל
 10
14548.4739
 20
-15744.2483
 30
0.0000
 11
14551.1262
 21
-15745.3469
 31
0.0000
  0
LINE
  5
4D1
  8
חשמל
 10
14551.1262
 20
-15745.3469
 30
0.0000
 11
14553.6388
 21
-15746.7355
 31
0.0000
  0
LINE
  5
4D2
  8
חשמל
 10
14553.6388
 20
-15746.7355
 30
0.0000
 11
14555.9801
 21
-15748.3968
 31
0.0000
  0
LINE
  5
4D3
  8
חשמל
 10
14555.9801
 20
-15748.3968
 30
0.0000
 11
14558.1207
 21
-15750.3098
 31
0.0000
  0
LINE
  5
4D4
  8
חשמל
 10
14558.1207
 20
-15750.3098
 30
0.0000
 11
14560.0336
 21
-15752.4504
 31
0.0000
  0
LINE
  5
4D5
  8
חשמל
 10
14560.0336
 20
-15752.4504
 30
0.0000
 11
14561.6949
 21
-15754.7917
 31
0.0000
  0
LINE
  5
4D6
  8
חשמל
 10
14561.6949
 20
-15754.7917
 30
0.0000
 11
14563.0836
 21
-15757.3043
 31
0.0000
  0
LINE
  5
4D7
  8
חשמל
 10
14563.0836
 20
-15757.3043
 30
0.0000
 11
14564.1822
 21
-15759.9565
 31
0.0000
  0
LINE
  5
4D8
  8
חשמל
 10
14564.1822
 20
-15759.9565
 30
0.0000
 11
14564.9769
 21
-15762.7152
 31
0.0000
  0
LINE
  5
4D9
  8
חשמל
 10
14564.9769
 20
-15762.7152
 30
0.0000
 11
14565.4578
 21
-15765.5454
 31
0.0000
  0
LINE
  5
4DA
  8
חשמל
 10
14565.4578
 20
-15765.5454
 30
0.0000
 11
14565.6187
 21
-15768.4117
 31
0.0000
  0
LINE
  5
4DB
  8
חשמל
 10
14514.4187
 20
-15768.4117
 30
0.0000
 11
14565.6187
 21
-15768.4117
 31
0.0000
  0
LINE
  5
4DC
  8
חשמל - מידות
 10
15239.0000
 20
-16206.2117
 30
0.0000
 11
15239.0000
 21
-15373.7117
 31
0.0000
  0
LINE
  5
4DD
  8
חשמל - מידות
 10
14540.0187
 20
-16206.2117
 30
0.0000
 11
14540.0187
 21
-15373.7117
 31
0.0000
  0
LINE
  5
4DE
  8
חשמל - מידות
 10
15239.0000
 20
-15433.7117
 30
0.0000
 11
14540.0187
 21
-15433.7117
 31
0.0000
  0
SOLID
  5
4DF
  8
חשמל - מידות
 10
15239.0000
 20
-15433.7117
 30
0.0000
 11
15354.0000
 21
-15401.7117
 31
0.0000
 12
15354.0000
 22
-15465.7117
 32
0.0000
 13
15354.0000
 23
-15465.7117
 33
0.0000
  0
SOLID
  5
4E0
  8
חשמל - מידות
 10
14540.0187
 20
-15433.7117
 30
0.0000
 11
14425.0187
 21
-15401.7117
 31
0.0000
 12
14425.0187
 22
-15465.7117
 32
0.0000
 13
14425.0187
 23
-15465.7117
 33
0.0000
  0
TEXT
  5
4E1
  8
חשמל - מידות
 10
14889.5094
 20
-15338.7117
 30
0.0000
 40
100.0000
  1
69.9
 50
360.0000
  7
SOLINE
 72
1
 73
2
 11
14889.5094
 21
-15338.7117
 31
0.0000
  0
LINE
  5
4E2
  8
חשמל - מידות
 10
14500.0187
 20
-16246.2117
 30
0.0000
 11
14252.5187
 21
-16246.2117
 31
0.0000
  0
LINE
  5
4E3
  8
חשמל - מידות
 10
14500.0187
 20
-15765.2117
 30
0.0000
 11
14252.5187
 21
-15765.2117
 31
0.0000
  0
LINE
  5
4E4
  8
חשמל - מידות
 10
14312.5187
 20
-16246.2117
 30
0.0000
 11
14312.5187
 21
-15765.2117
 31
0.0000
  0
SOLID
  5
4E5
  8
חשמל - מידות
 10
14312.5187
 20
-16246.2117
 30
0.0000
 11
14280.5187
 21
-16361.2117
 31
0.0000
 12
14344.5187
 22
-16361.2117
 32
0.0000
 13
14344.5187
 23
-16361.2117
 33
0.0000
  0
SOLID
  5
4E6
  8
חשמל - מידות
 10
14312.5187
 20
-15765.2117
 30
0.0000
 11
14280.5187
 21
-15650.2117
 31
0.0000
 12
14344.5187
 22
-15650.2117
 32
0.0000
 13
14344.5187
 23
-15650.2117
 33
0.0000
  0
TEXT
  5
4E7
  8
חשמל - מידות
 10
14217.5187
 20
-16005.7117
 30
0.0000
 40
100.0000
  1
48.1
 50
90.0000
  7
SOLINE
 72
1
 73
2
 11
14217.5187
 21
-16005.7117
 31
0.0000
  0
LINE
  5
4E8
  8
מים
 10
14364.0158
 20
-15737.2117
 30
0.0000
 11
14384.0158
 21
-15737.2117
 31
0.0000
  0
LINE
  5
4E9
  8
מים
 10
14384.0158
 20
-15737.2117
 30
0.0000
 11
14384.0158
 21
-15717.2117
 31
0.0000
  0
LINE
  5
4EA
  8
מים
 10
14384.0158
 20
-15717.2117
 30
0.0000
 11
14364.0158
 21
-15717.2117
 31
0.0000
  0
LINE
  5
4EB
  8
מים
 10
14364.0158
 20
-15717.2117
 30
0.0000
 11
14364.0158
 21
-15737.2117
 31
0.0000
  0
LINE
  5
4EC
  8
מים
 10
14374.0158
 20
-15737.2117
 30
0.0000
 11
14374.0158
 21
-15731.6117
 31
0.0000
  0
LINE
  5
4ED
  8
מים
 10
14369.6158
 20
-15722.8117
 30
0.0000
 11
14378.4158
 21
-15722.8117
 31
0.0000
  0
LINE
  5
4EE
  8
מים
 10
14378.4158
 20
-15722.8117
 30
0.0000
 11
14374.0158
 21
-15727.2117
 31
0.0000
  0
LINE
  5
4EF
  8
מים
 10
14374.0158
 20
-15727.2117
 30
0.0000
 11
14369.6158
 21
-15722.8117
 31
0.0000
  0
LINE
  5
4F0
  8
מים
 10
14369.6158
 20
-15731.6117
 30
0.0000
 11
14378.4158
 21
-15731.6117
 31
0.0000
  0
LINE
  5
4F1
  8
מים
 10
14378.4158
 20
-15731.6117
 30
0.0000
 11
14374.0158
 21
-15727.2117
 31
0.0000
  0
LINE
  5
4F2
  8
מים
 10
14374.0158
 20
-15727.2117
 30
0.0000
 11
14369.6158
 21
-15731.6117
 31
0.0000
  0
ARC
  5
4F3
  8
מים
 10
14374.0158
 20
-15727.2117
 30
0.0000
 40
0.9000
 50
0.0000
 51
360.0000
  0
LINE
  5
4F4
  8
מים - מידות
 10
15239.0000
 20
-16206.2117
 30
0.0000
 11
15239.0000
 21
-15023.7117
 31
0.0000
  0
LINE
  5
4F5
  8
מים - מידות
 10
14374.0158
 20
-16206.2117
 30
0.0000
 11
14374.0158
 21
-15023.7117
 31
0.0000
  0
LINE
  5
4F6
  8
מים - מידות
 10
15239.0000
 20
-15083.7117
 30
0.0000
 11
14374.0158
 21
-15083.7117
 31
0.0000
  0
SOLID
  5
4F7
  8
מים - מידות
 10
15239.0000
 20
-15083.7117
 30
0.0000
 11
15354.0000
 21
-15051.7117
 31
0.0000
 12
15354.0000
 22
-15115.7117
 32
0.0000
 13
15354.0000
 23
-15115.7117
 33
0.0000
  0
SOLID
  5
4F8
  8
מים - מידות
 10
14374.0158
 20
-15083.7117
 30
0.0000
 11
14259.0158
 21
-15051.7117
 31
0.0000
 12
14259.0158
 22
-15115.7117
 32
0.0000
 13
14259.0158
 23
-15115.7117
 33
0.0000
  0
TEXT
  5
4F9
  8
מים - מידות
 10
14806.5079
 20
-14988.7117
 30
0.0000
 40
100.0000
  1
86.5
 50
360.0000
  7
SOLINE
 72
1
 73
2
 11
14806.5079
 21
-14988.7117
 31
0.0000
  0
LINE
  5
4FA
  8
מים - מידות
 10
14414.0158
 20
-16246.2117
 30
0.0000
 11
14631.5158
 21
-16246.2117
 31
0.0000
  0
LINE
  5
4FB
  8
מים - מידות
 10
14414.0158
 20
-15727.2117
 30
0.0000
 11
14631.5158
 21
-15727.2117
 31
0.0000
  0
LINE
  5
4FC
  8
מים - מידות
 10
14571.5158
 20
-16246.2117
 30
0.0000
 11
14571.5158
 21
-15727.2117
 31
0.0000
  0
SOLID
  5
4FD
  8
מים - מידות
 10
14571.5158
 20
-16246.2117
 30
0.0000
 11
14603.5158
 21
-16361.2117
 31
0.0000
 12
14539.5158
 22
-16361.2117
 32
0.0000
 13
14539.5158
 23
-16361.2117
 33
0.0000
  0
SOLID
  5
4FE
  8
מים - מידות
 10
14571.5158
 20
-15727.2117
 30
0.0000
 11
14603.5158
 21
-15612.2117
 31
0.0000
 12
14539.5158
 22
-15612.2117
 32
0.0000
 13
14539.5158
 23
-15612.2117
 33
0.0000
  0
TEXT
  5
4FF
  8
מים - מידות
 10
14666.5158
 20
-15986.7117
 30
0.0000
 40
100.0000
  1
51.9
 50
90.0000
  7
SOLINE
 72
1
 73
2
 11
14666.5158
 21
-15986.7117
 31
0.0000
  0
LINE
  5
500
  8
מים
 10
14213.0126
 20
-15724.2117
 30
0.0000
 11
14233.0126
 21
-15724.2117
 31
0.0000
  0
LINE
  5
501
  8
מים
 10
14233.0126
 20
-15724.2117
 30
0.0000
 11
14233.0126
 21
-15704.2117
 31
0.0000
  0
LINE
  5
502
  8
מים
 10
14233.0126
 20
-15704.2117
 30
0.0000
 11
14213.0126
 21
-15704.2117
 31
0.0000
  0
LINE
  5
503
  8
מים
 10
14213.0126
 20
-15704.2117
 30
0.0000
 11
14213.0126
 21
-15724.2117
 31
0.0000
  0
LINE
  5
504
  8
מים
 10
14223.0126
 20
-15724.2117
 30
0.0000
 11
14223.0126
 21
-15718.6117
 31
0.0000
  0
LINE
  5
505
  8
מים
 10
14218.6126
 20
-15709.8117
 30
0.0000
 11
14227.4126
 21
-15709.8117
 31
0.0000
  0
LINE
  5
506
  8
מים
 10
14227.4126
 20
-15709.8117
 30
0.0000
 11
14223.0126
 21
-15714.2117
 31
0.0000
  0
LINE
  5
507
  8
מים
 10
14223.0126
 20
-15714.2117
 30
0.0000
 11
14218.6126
 21
-15709.8117
 31
0.0000
  0
LINE
  5
508
  8
מים
 10
14218.6126
 20
-15718.6117
 30
0.0000
 11
14227.4126
 21
-15718.6117
 31
0.0000
  0
LINE
  5
509
  8
מים
 10
14227.4126
 20
-15718.6117
 30
0.0000
 11
14223.0126
 21
-15714.2117
 31
0.0000
  0
LINE
  5
50A
  8
מים
 10
14223.0126
 20
-15714.2117
 30
0.0000
 11
14218.6126
 21
-15718.6117
 31
0.0000
  0
ARC
  5
50B
  8
מים
 10
14223.0126
 20
-15714.2117
 30
0.0000
 40
0.9000
 50
0.0000
 51
360.0000
  0
LINE
  5
50C
  8
מים - מידות
 10
13234.0000
 20
-16286.2117
 30
0.0000
 11
13234.0000
 21
-17818.7117
 31
0.0000
  0
LINE
  5
50D
  8
מים - מידות
 10
14223.0126
 20
-16286.2117
 30
0.0000
 11
14223.0126
 21
-17818.7117
 31
0.0000
  0
LINE
  5
50E
  8
מים - מידות
 10
13234.0000
 20
-17758.7117
 30
0.0000
 11
14223.0126
 21
-17758.7117
 31
0.0000
  0
SOLID
  5
50F
  8
מים - מידות
 10
13234.0000
 20
-17758.7117
 30
0.0000
 11
13119.0000
 21
-17790.7117
 31
0.0000
 12
13119.0000
 22
-17726.7117
 32
0.0000
 13
13119.0000
 23
-17726.7117
 33
0.0000
  0
SOLID
  5
510
  8
מים - מידות
 10
14223.0126
 20
-17758.7117
 30
0.0000
 11
14338.0126
 21
-17790.7117
 31
0.0000
 12
14338.0126
 22
-17726.7117
 32
0.0000
 13
14338.0126
 23
-17726.7117
 33
0.0000
  0
TEXT
  5
511
  8
מים - מידות
 10
13728.5063
 20
-17853.7117
 30
0.0000
 40
100.0000
  1
98.9
 50
0.0000
  7
SOLINE
 72
1
 73
2
 11
13728.5063
 21
-17853.7117
 31
0.0000
  0
LINE
  5
512
  8
מים - מידות
 10
14183.0126
 20
-16246.2117
 30
0.0000
 11
13965.5126
 21
-16246.2117
 31
0.0000
  0
LINE
  5
513
  8
מים - מידות
 10
14183.0126
 20
-15714.2117
 30
0.0000
 11
13965.5126
 21
-15714.2117
 31
0.0000
  0
LINE
  5
514
  8
מים - מידות
 10
14025.5126
 20
-16246.2117
 30
0.0000
 11
14025.5126
 21
-15714.2117
 31
0.0000
  0
SOLID
  5
515
  8
מים - מידות
 10
14025.5126
 20
-16246.2117
 30
0.0000
 11
13993.5126
 21
-16361.2117
 31
0.0000
 12
14057.5126
 22
-16361.2117
 32
0.0000
 13
14057.5126
 23
-16361.2117
 33
0.0000
  0
SOLID
  5
516
  8
מים - מידות
 10
14025.5126
 20
-15714.2117
 30
0.0000
 11
13993.5126
 21
-15599.2117
 31
0.0000
 12
14057.5126
 22
-15599.2117
 32
0.0000
 13
14057.5126
 23
-15599.2117
 33
0.0000
  0
TEXT
  5
517
  8
מים - מידות
 10
13930.5126
 20
-15980.2117
 30
0.0000
 40
100.0000
  1
53.2
 50
90.0000
  7
SOLINE
 72
1
 73
2
 11
13930.5126
 21
-15980.2117
 31
0.0000
  0
LINE
  5
518
  8
מים
 10
14079.0092
 20
-15751.2117
 30
0.0000
 11
14099.0092
 21
-15751.2117
 31
0.0000
  0
LINE
  5
519
  8
מים
 10
14099.0092
 20
-15751.2117
 30
0.0000
 11
14099.0092
 21
-15731.2117
 31
0.0000
  0
LINE
  5
51A
  8
מים
 10
14099.0092
 20
-15731.2117
 30
0.0000
 11
14079.0092
 21
-15731.2117
 31
0.0000
  0
LINE
  5
51B
  8
מים
 10
14079.0092
 20
-15731.2117
 30
0.0000
 11
14079.0092
 21
-15751.2117
 31
0.0000
  0
LINE
  5
51C
  8
מים
 10
14089.0092
 20
-15751.2117
 30
0.0000
 11
14089.0092
 21
-15745.6117
 31
0.0000
  0
LINE
  5
51D
  8
מים
 10
14084.6092
 20
-15736.8117
 30
0.0000
 11
14093.4092
 21
-15736.8117
 31
0.0000
  0
LINE
  5
51E
  8
מים
 10
14093.4092
 20
-15736.8117
 30
0.0000
 11
14089.0092
 21
-15741.2117
 31
0.0000
  0
LINE
  5
51F
  8
מים
 10
14089.0092
 20
-15741.2117
 30
0.0000
 11
14084.6092
 21
-15736.8117
 31
0.0000
  0
LINE
  5
520
  8
מים
 10
14084.6092
 20
-15745.6117
 30
0.0000
 11
14093.4092
 21
-15745.6117
 31
0.0000
  0
LINE
  5
521
  8
מים
 10
14093.4092
 20
-15745.6117
 30
0.0000
 11
14089.0092
 21
-15741.2117
 31
0.0000
  0
LINE
  5
522
  8
מים
 10
14089.0092
 20
-15741.2117
 30
0.0000
 11
14084.6092
 21
-15745.6117
 31
0.0000
  0
ARC
  5
523
  8
מים
 10
14089.0092
 20
-15741.2117
 30
0.0000
 40
0.9000
 50
0.0000
 51
360.0000
  0
LINE
  5
524
  8
מים - מידות
 10
13234.0000
 20
-16286.2117
 30
0.0000
 11
13234.0000
 21
-18168.7117
 31
0.0000
  0
LINE
  5
525
  8
מים - מידות
 10
14089.0092
 20
-16286.2117
 30
0.0000
 11
14089.0092
 21
-18168.7117
 31
0.0000
  0
LINE
  5
526
  8
מים - מידות
 10
13234.0000
 20
-18108.7117
 30
0.0000
 11
14089.0092
 21
-18108.7117
 31
0.0000
  0
SOLID
  5
527
  8
מים - מידות
 10
13234.0000
 20
-18108.7117
 30
0.0000
 11
13119.0000
 21
-18140.7117
 31
0.0000
 12
13119.0000
 22
-18076.7117
 32
0.0000
 13
13119.0000
 23
-18076.7117
 33
0.0000
  0
SOLID
  5
528
  8
מים - מידות
 10
14089.0092
 20
-18108.7117
 30
0.0000
 11
14204.0092
 21
-18140.7117
 31
0.0000
 12
14204.0092
 22
-18076.7117
 32
0.0000
 13
14204.0092
 23
-18076.7117
 33
0.0000
  0
TEXT
  5
529
  8
מים - מידות
 10
13661.5046
 20
-18203.7117
 30
0.0000
 40
100.0000
  1
85.5
 50
0.0000
  7
SOLINE
 72
1
 73
2
 11
13661.5046
 21
-18203.7117
 31
0.0000
  0
LINE
  5
52A
  8
מים - מידות
 10
14129.0092
 20
-16246.2117
 30
0.0000
 11
14346.5092
 21
-16246.2117
 31
0.0000
  0
LINE
  5
52B
  8
מים - מידות
 10
14129.0092
 20
-15741.2117
 30
0.0000
 11
14346.5092
 21
-15741.2117
 31
0.0000
  0
LINE
  5
52C
  8
מים - מידות
 10
14286.5092
 20
-16246.2117
 30
0.0000
 11
14286.5092
 21
-15741.2117
 31
0.0000
  0
SOLID
  5
52D
  8
מים - מידות
 10
14286.5092
 20
-16246.2117
 30
0.0000
 11
14318.5092
 21
-16361.2117
 31
0.0000
 12
14254.5092
 22
-16361.2117
 32
0.0000
 13
14254.5092
 23
-16361.2117
 33
0.0000
  0
SOLID
  5
52E
  8
מים - מידות
 10
14286.5092
 20
-15741.2117
 30
0.0000
 11
14318.5092
 21
-15626.2117
 31
0.0000
 12
14254.5092
 22
-15626.2117
 32
0.0000
 13
14254.5092
 23
-15626.2117
 33
0.0000
  0
TEXT
  5
52F
  8
מים - מידות
 10
14381.5092
 20
-15993.7117
 30
0.0000
 40
100.0000
  1
50.5
 50
90.0000
  7
SOLINE
 72
1
 73
2
 11
14381.5092
 21
-15993.7117
 31
0.0000
  0
LINE
  5
530
  8
ניקוז
 10
14238.0121
 20
-16246.2117
 30
0.0000
 11
14288.0121
 21
-16246.2117
 31
0.0000
  0
LINE
  5
531
  8
ניקוז
 10
14288.0121
 20
-16246.2117
 30
0.0000
 11
14288.0121
 21
-16196.2117
 31
0.0000
  0
LINE
  5
532
  8
ניקוז
 10
14288.0121
 20
-16196.2117
 30
0.0000
 11
14238.0121
 21
-16196.2117
 31
0.0000
  0
LINE
  5
533
  8
ניקוז
 10
14238.0121
 20
-16196.2117
 30
0.0000
 11
14238.0121
 21
-16246.2117
 31
0.0000
  0
LINE
  5
534
  8
ניקוז
 10
14263.0121
 20
-16246.2117
 30
0.0000
 11
14263.0121
 21
-16207.2117
 31
0.0000
  0
ARC
  5
535
  8
ניקוז
 10
14263.0121
 20
-16221.2117
 30
0.0000
 40
15.0000
 50
0.0000
 51
360.0000
  0
LINE
  5
536
  8
ניקוז
 10
14254.0121
 20
-16224.2117
 30
0.0000
 11
14259.0121
 21
-16218.2117
 31
0.0000
  0
LINE
  5
537
  8
ניקוז
 10
14259.0121
 20
-16218.2117
 30
0.0000
 11
14263.0121
 21
-16224.2117
 31
0.0000
  0
LINE
  5
538
  8
ניקוז
 10
14263.0121
 20
-16224.2117
 30
0.0000
 11
14267.0121
 21
-16218.2117
 31
0.0000
  0
LINE
  5
539
  8
ניקוז
 10
14267.0121
 20
-16218.2117
 30
0.0000
 11
14272.0121
 21
-16224.2117
 31
0.0000
  0
LINE
  5
53A
  8
ניקוז - מידות
 10
15239.0000
 20
-16206.2117
 30
0.0000
 11
15239.0000
 21
-13973.7117
 31
0.0000
  0
LINE
  5
53B
  8
ניקוז - מידות
 10
14263.0121
 20
-16206.2117
 30
0.0000
 11
14263.0121
 21
-13973.7117
 31
0.0000
  0
LINE
  5
53C
  8
ניקוז - מידות
 10
15239.0000
 20
-14033.7117
 30
0.0000
 11
14263.0121
 21
-14033.7117
 31
0.0000
  0
SOLID
  5
53D
  8
ניקוז - מידות
 10
15239.0000
 20
-14033.7117
 30
0.0000
 11
15354.0000
 21
-14001.7117
 31
0.0000
 12
15354.0000
 22
-14065.7117
 32
0.0000
 13
15354.0000
 23
-14065.7117
 33
0.0000
  0
SOLID
  5
53E
  8
ניקוז - מידות
 10
14263.0121
 20
-14033.7117
 30
0.0000
 11
14148.0121
 21
-14001.7117
 31
0.0000
 12
14148.0121
 22
-14065.7117
 32
0.0000
 13
14148.0121
 23
-14065.7117
 33
0.0000
  0
TEXT
  5
53F
  8
ניקוז - מידות
 10
14751.0060
 20
-13938.7117
 30
0.0000
 40
100.0000
  1
97.6
 50
360.0000
  7
SOLINE
 72
1
 73
2
 11
14751.0060
 21
-13938.7117
 31
0.0000
  0
LINE
  5
540
  8
ניקוז - מידות
 10
14263.0121
 20
-16246.2117
 30
0.0000
 11
14263.0121
 21
-16246.2117
 31
0.0000
  0
LINE
  5
541
  8
ניקוז - מידות
 10
14263.0121
 20
-16246.2117
 30
0.0000
 11
14263.0121
 21
-16246.2117
 31
0.0000
  0
LINE
  5
542
  8
ניקוז - מידות
 10
14263.0121
 20
-16246.2117
 30
0.0000
 11
14263.0121
 21
-16246.2117
 31
0.0000
  0
SOLID
  5
543
  8
ניקוז - מידות
 10
14263.0121
 20
-16246.2117
 30
0.0000
 11
14263.0121
 21
-16246.2117
 31
0.0000
 12
14263.0121
 22
-16246.2117
 32
0.0000
 13
14263.0121
 23
-16246.2117
 33
0.0000
  0
SOLID
  5
544
  8
ניקוז - מידות
 10
14263.0121
 20
-16246.2117
 30
0.0000
 11
14263.0121
 21
-16246.2117
 31
0.0000
 12
14263.0121
 22
-16246.2117
 32
0.0000
 13
14263.0121
 23
-16246.2117
 33
0.0000
  0
TEXT
  5
545
  8
ניקוז - מידות
 10
14263.0121
 20
-16246.2117
 30
0.0000
 40
100.0000
  1
0.1
 50
0.0000
  7
SOLINE
 72
1
 73
2
 11
14263.0121
 21
-16246.2117
 31
0.0000
  0
LINE
  5
546
  8
חשמל
 10
13450.0017
 20
-15186.2117
 30
0.0000
 11
13530.0017
 21
-15186.2117
 31
0.0000
  0
LINE
  5
547
  8
חשמל
 10
13530.0017
 20
-15186.2117
 30
0.0000
 11
13530.0017
 21
-15106.2117
 31
0.0000
  0
LINE
  5
548
  8
חשמל
 10
13530.0017
 20
-15106.2117
 30
0.0000
 11
13450.0017
 21
-15106.2117
 31
0.0000
  0
LINE
  5
549
  8
חשמל
 10
13450.0017
 20
-15106.2117
 30
0.0000
 11
13450.0017
 21
-15186.2117
 31
0.0000
  0
LINE
  5
54A
  8
חשמל
 10
13490.0017
 20
-15186.2117
 30
0.0000
 11
13490.0017
 21
-15149.4117
 31
0.0000
  0
LINE
  5
54B
  8
חשמל
 10
13464.4017
 20
-15149.4117
 30
0.0000
 11
13464.5627
 21
-15146.5454
 31
0.0000
  0
LINE
  5
54C
  8
חשמל
 10
13464.5627
 20
-15146.5454
 30
0.0000
 11
13465.0436
 21
-15143.7152
 31
0.0000
  0
LINE
  5
54D
  8
חשמל
 10
13465.0436
 20
-15143.7152
 30
0.0000
 11
13465.8383
 21
-15140.9565
 31
0.0000
  0
LINE
  5
54E
  8
חשמל
 10
13465.8383
 20
-15140.9565
 30
0.0000
 11
13466.9369
 21
-15138.3043
 31
0.0000
  0
LINE
  5
54F
  8
חשמל
 10
13466.9369
 20
-15138.3043
 30
0.0000
 11
13468.3256
 21
-15135.7917
 31
0.0000
  0
LINE
  5
550
  8
חשמל
 10
13468.3256
 20
-15135.7917
 30
0.0000
 11
13469.9868
 21
-15133.4504
 31
0.0000
  0
LINE
  5
551
  8
חשמל
 10
13469.9868
 20
-15133.4504
 30
0.0000
 11
13471.8998
 21
-15131.3098
 31
0.0000
  0
LINE
  5
552
  8
חשמל
 10
13471.8998
 20
-15131.3098
 30
0.0000
 11
13474.0404
 21
-15129.3968
 31
0.0000
  0
LINE
  5
553
  8
חשמל
 10
13474.0404
 20
-15129.3968
 30
0.0000
 11
13476.3817
 21
-15127.7355
 31
0.0000
  0
LINE
  5
554
  8
חשמל
 10
13476.3817
 20
-15127.7355
 30
0.0000
 11
13478.8943
 21
-15126.3469
 31
0.0000
  0
LINE
  5
555
  8
חשמל
 10
13478.8943
 20
-15126.3469
 30
0.0000
 11
13481.5466
 21
-15125.2483
 31
0.0000
  0
LINE
  5
556
  8
חשמל
 10
13481.5466
 20
-15125.2483
 30
0.0000
 11
13484.3052
 21
-15124.4535
 31
0.0000
  0
LINE
  5
557
  8
חשמל
 10
13484.3052
 20
-15124.4535
 30
0.0000
 11
13487.1354
 21
-15123.9727
 31
0.0000
  0
LINE
  5
558
  8
חשמל
 10
13487.1354
 20
-15123.9727
 30
0.0000
 11
13490.0017
 21
-15123.8117
 31
0.0000
  0
LINE
  5
559
  8
חשמל
 10
13490.0017
 20
-15123.8117
 30
0.0000
 11
13492.8680
 21
-15123.9727
 31
0.0000
  0
LINE
  5
55A
  8
חשמל
 10
13492.8680
 20
-15123.9727
 30
0.0000
 11
13495.6983
 21
-15124.4535
 31
0.0000
  0
LINE
  5
55B
  8
חשמל
 10
13495.6983
 20
-15124.4535
 30
0.0000
 11
13498.4569
 21
-15125.2483
 31
0.0000
  0
LINE
  5
55C
  8
חשמל
 10
13498.4569
 20
-15125.2483
 30
0.0000
 11
13501.1092
 21
-15126.3469
 31
0.0000
  0
LINE
  5
55D
  8
חשמל
 10
13501.1092
 20
-15126.3469
 30
0.0000
 11
13503.6217
 21
-15127.7355
 31
0.0000
  0
LINE
  5
55E
  8
חשמל
 10
13503.6217
 20
-15127.7355
 30
0.0000
 11
13505.9631
 21
-15129.3968
 31
0.0000
  0
LINE
  5
55F
  8
חשמל
 10
13505.9631
 20
-15129.3968
 30
0.0000
 11
13508.1037
 21
-15131.3098
 31
0.0000
  0
LINE
  5
560
  8
חשמל
 10
13508.1037
 20
-15131.3098
 30
0.0000
 11
13510.0166
 21
-15133.4504
 31
0.0000
  0
LINE
  5
561
  8
חשמל
 10
13510.0166
 20
-15133.4504
 30
0.0000
 11
13511.6779
 21
-15135.7917
 31
0.0000
  0
LINE
  5
562
  8
חשמל
 10
13511.6779
 20
-15135.7917
 30
0.0000
 11
13513.0665
 21
-15138.3043
 31
0.0000
  0
LINE
  5
563
  8
חשמל
 10
13513.0665
 20
-15138.3043
 30
0.0000
 11
13514.1651
 21
-15140.9565
 31
0.0000
  0
LINE
  5
564
  8
חשמל
 10
13514.1651
 20
-15140.9565
 30
0.0000
 11
13514.9599
 21
-15143.7152
 31
0.0000
  0
LINE
  5
565
  8
חשמל
 10
13514.9599
 20
-15143.7152
 30
0.0000
 11
13515.4408
 21
-15146.5454
 31
0.0000
  0
LINE
  5
566
  8
חשמל
 10
13515.4408
 20
-15146.5454
 30
0.0000
 11
13515.6017
 21
-15149.4117
 31
0.0000
  0
LINE
  5
567
  8
חשמל
 10
13464.4017
 20
-15149.4117
 30
0.0000
 11
13515.6017
 21
-15149.4117
 31
0.0000
  0
LINE
  5
568
  8
חשמל - מידות
 10
13234.0000
 20
-16286.2117
 30
0.0000
 11
13234.0000
 21
-18868.7117
 31
0.0000
  0
LINE
  5
569
  8
חשמל - מידות
 10
13490.0017
 20
-16286.2117
 30
0.0000
 11
13490.0017
 21
-18868.7117
 31
0.0000
  0
LINE
  5
56A
  8
חשמל - מידות
 10
13234.0000
 20
-18808.7117
 30
0.0000
 11
13490.0017
 21
-18808.7117
 31
0.0000
  0
SOLID
  5
56B
  8
חשמל - מידות
 10
13234.0000
 20
-18808.7117
 30
0.0000
 11
13119.0000
 21
-18840.7117
 31
0.0000
 12
13119.0000
 22
-18776.7117
 32
0.0000
 13
13119.0000
 23
-18776.7117
 33
0.0000
  0
SOLID
  5
56C
  8
חשמל - מידות
 10
13490.0017
 20
-18808.7117
 30
0.0000
 11
13605.0017
 21
-18840.7117
 31
0.0000
 12
13605.0017
 22
-18776.7117
 32
0.0000
 13
13605.0017
 23
-18776.7117
 33
0.0000
  0
TEXT
  5
56D
  8
חשמל - מידות
 10
13362.0009
 20
-18903.7117
 30
0.0000
 40
100.0000
  1
25.6
 50
0.0000
  7
SOLINE
 72
1
 73
2
 11
13362.0009
 21
-18903.7117
 31
0.0000
  0
LINE
  5
56E
  8
חשמל - מידות
 10
13530.0017
 20
-16246.2117
 30
0.0000
 11
13777.5017
 21
-16246.2117
 31
0.0000
  0
LINE
  5
56F
  8
חשמל - מידות
 10
13530.0017
 20
-15146.2117
 30
0.0000
 11
13777.5017
 21
-15146.2117
 31
0.0000
  0
LINE
  5
570
  8
חשמל - מידות
 10
13717.5017
 20
-16246.2117
 30
0.0000
 11
13717.5017
 21
-15146.2117
 31
0.0000
  0
SOLID
  5
571
  8
חשמל - מידות
 10
13717.5017
 20
-16246.2117
 30
0.0000
 11
13749.5017
 21
-16361.2117
 31
0.0000
 12
13685.5017
 22
-16361.2117
 32
0.0000
 13
13685.5017
 23
-16361.2117
 33
0.0000
  0
SOLID
  5
572
  8
חשמל - מידות
 10
13717.5017
 20
-15146.2117
 30
0.0000
 11
13749.5017
 21
-15031.2117
 31
0.0000
 12
13685.5017
 22
-15031.2117
 32
0.0000
 13
13685.5017
 23
-15031.2117
 33
0.0000
  0
TEXT
  5
573
  8
חשמל - מידות
 10
13812.5017
 20
-15696.2117
 30
0.0000
 40
100.0000
  1
110
 50
90.0000
  7
SOLINE
 72
1
 73
2
 11
13812.5017
 21
-15696.2117
 31
0.0000
  0
LINE
  5
574
  8
חשמל
 10
13492.0064
 20
-14113.2117
 30
0.0000
 11
13572.0064
 21
-14113.2117
 31
0.0000
  0
LINE
  5
575
  8
חשמל
 10
13572.0064
 20
-14113.2117
 30
0.0000
 11
13572.0064
 21
-14033.2117
 31
0.0000
  0
LINE
  5
576
  8
חשמל
 10
13572.0064
 20
-14033.2117
 30
0.0000
 11
13492.0064
 21
-14033.2117
 31
0.0000
  0
LINE
  5
577
  8
חשמל
 10
13492.0064
 20
-14033.2117
 30
0.0000
 11
13492.0064
 21
-14113.2117
 31
0.0000
  0
LINE
  5
578
  8
חשמל
 10
13532.0064
 20
-14113.2117
 30
0.0000
 11
13532.0064
 21
-14057.2117
 31
0.0000
  0
ARC
  5
579
  8
חשמל
 10
13532.0064
 20
-14073.2117
 30
0.0000
 40
14.4000
 50
0.0000
 51
360.0000
  0
ARC
  5
57A
  8
חשמל
 10
13532.0064
 20
-14073.2117
 30
0.0000
 40
4.0000
 50
0.0000
 51
360.0000
  0
LINE
  5
57B
  8
חשמל - מידות
 10
13234.0000
 20
-16286.2117
 30
0.0000
 11
13234.0000
 21
-19218.7117
 31
0.0000
  0
LINE
  5
57C
  8
חשמל - מידות
 10
13532.0064
 20
-16286.2117
 30
0.0000
 11
13532.0064
 21
-19218.7117
 31
0.0000
  0
LINE
  5
57D
  8
חשמל - מידות
 10
13234.0000
 20
-19158.7117
 30
0.0000
 11
13532.0064
 21
-19158.7117
 31
0.0000
  0
SOLID
  5
57E
  8
חשמל - מידות
 10
13234.0000
 20
-19158.7117
 30
0.0000
 11
13119.0000
 21
-19190.7117
 31
0.0000
 12
13119.0000
 22
-19126.7117
 32
0.0000
 13
13119.0000
 23
-19126.7117
 33
0.0000
  0
SOLID
  5
57F
  8
חשמל - מידות
 10
13532.0064
 20
-19158.7117
 30
0.0000
 11
13647.0064
 21
-19190.7117
 31
0.0000
 12
13647.0064
 22
-19126.7117
 32
0.0000
 13
13647.0064
 23
-19126.7117
 33
0.0000
  0
TEXT
  5
580
  8
חשמל - מידות
 10
13383.0032
 20
-19253.7117
 30
0.0000
 40
100.0000
  1
29.8
 50
0.0000
  7
SOLINE
 72
1
 73
2
 11
13383.0032
 21
-19253.7117
 31
0.0000
  0
LINE
  5
581
  8
חשמל - מידות
 10
13492.0064
 20
-16246.2117
 30
0.0000
 11
13244.5064
 21
-16246.2117
 31
0.0000
  0
LINE
  5
582
  8
חשמל - מידות
 10
13492.0064
 20
-14073.2117
 30
0.0000
 11
13244.5064
 21
-14073.2117
 31
0.0000
  0
LINE
  5
583
  8
חשמל - מידות
 10
13304.5064
 20
-16246.2117
 30
0.0000
 11
13304.5064
 21
-14073.2117
 31
0.0000
  0
SOLID
  5
584
  8
חשמל - מידות
 10
13304.5064
 20
-16246.2117
 30
0.0000
 11
13272.5064
 21
-16361.2117
 31
0.0000
 12
13336.5064
 22
-16361.2117
 32
0.0000
 13
13336.5064
 23
-16361.2117
 33
0.0000
  0
SOLID
  5
585
  8
חשמל - מידות
 10
13304.5064
 20
-14073.2117
 30
0.0000
 11
13272.5064
 21
-13958.2117
 31
0.0000
 12
13336.5064
 22
-13958.2117
 32
0.0000
 13
13336.5064
 23
-13958.2117
 33
0.0000
  0
TEXT
  5
586
  8
חשמל - מידות
 10
13209.5064
 20
-15159.7117
 30
0.0000
 40
100.0000
  1
217.3
 50
90.0000
  7
SOLINE
 72
1
 73
2
 11
13209.5064
 21
-15159.7117
 31
0.0000
  0
LINE
  5
587
  8
חלונות
 10
12933.0045
 20
-15176.2117
 30
0.0000
 11
14407.0045
 21
-15176.2117
 31
0.0000
  0
LINE
  5
588
  8
חלונות
 10
14407.0045
 20
-15176.2117
 30
0.0000
 11
14407.0045
 21
-13856.2117
 31
0.0000
  0
LINE
  5
589
  8
חלונות
 10
14407.0045
 20
-13856.2117
 30
0.0000
 11
12933.0045
 21
-13856.2117
 31
0.0000
  0
LINE
  5
58A
  8
חלונות
 10
12933.0045
 20
-13856.2117
 30
0.0000
 11
12933.0045
 21
-15176.2117
 31
0.0000
  0
LINE
  5
58B
  8
חלונות
 10
12933.0045
 20
-14331.4117
 30
0.0000
 11
14407.0045
 21
-14331.4117
 31
0.0000
  0
LINE
  5
58C
  8
חלונות
 10
14407.0045
 20
-14331.4117
 30
0.0000
 11
14407.0045
 21
-14701.0117
 31
0.0000
  0
LINE
  5
58D
  8
חלונות
 10
14407.0045
 20
-14701.0117
 30
0.0000
 11
12933.0045
 21
-14701.0117
 31
0.0000
  0
LINE
  5
58E
  8
חלונות
 10
12933.0045
 20
-14701.0117
 30
0.0000
 11
12933.0045
 21
-14331.4117
 31
0.0000
  0
LINE
  5
58F
  8
חלונות
 10
12933.0045
 20
-14457.0757
 30
0.0000
 11
14407.0045
 21
-14457.0757
 31
0.0000
  0
LINE
  5
590
  8
חלונות
 10
12933.0045
 20
-14575.3477
 30
0.0000
 11
14407.0045
 21
-14575.3477
 31
0.0000
  0
LINE
  5
591
  8
חלונות - מידות
 10
13234.0000
 20
-16206.2117
 30
0.0000
 11
13234.0000
 21
-12923.7117
 31
0.0000
  0
LINE
  5
592
  8
חלונות - מידות
 10
12933.0045
 20
-16206.2117
 30
0.0000
 11
12933.0045
 21
-12923.7117
 31
0.0000
  0
LINE
  5
593
  8
חלונות - מידות
 10
13234.0000
 20
-12983.7117
 30
0.0000
 11
12933.0045
 21
-12983.7117
 31
0.0000
  0
SOLID
  5
594
  8
חלונות - מידות
 10
13234.0000
 20
-12983.7117
 30
0.0000
 11
13349.0000
 21
-12951.7117
 31
0.0000
 12
13349.0000
 22
-13015.7117
 32
0.0000
 13
13349.0000
 23
-13015.7117
 33
0.0000
  0
SOLID
  5
595
  8
חלונות - מידות
 10
12933.0045
 20
-12983.7117
 30
0.0000
 11
12818.0045
 21
-12951.7117
 31
0.0000
 12
12818.0045
 22
-13015.7117
 32
0.0000
 13
12818.0045
 23
-13015.7117
 33
0.0000
  0
TEXT
  5
596
  8
חלונות - מידות
 10
13083.5022
 20
-12888.7117
 30
0.0000
 40
100.0000
  1
30.1
 50
360.0000
  7
SOLINE
 72
1
 73
2
 11
13083.5022
 21
-12888.7117
 31
0.0000
  0
LINE
  5
597
  8
חלונות - מידות
 10
12933.0045
 20
-13816.2117
 30
0.0000
 11
12933.0045
 21
-13572.7117
 31
0.0000
  0
LINE
  5
598
  8
חלונות - מידות
 10
14407.0045
 20
-13816.2117
 30
0.0000
 11
14407.0045
 21
-13572.7117
 31
0.0000
  0
LINE
  5
599
  8
חלונות - מידות
 10
12933.0045
 20
-13631.2117
 30
0.0000
 11
14407.0045
 21
-13631.2117
 31
0.0000
  0
SOLID
  5
59A
  8
חלונות - מידות
 10
12933.0045
 20
-13631.2117
 30
0.0000
 11
12820.8795
 21
-13600.0117
 31
0.0000
 12
12820.8795
 22
-13662.4117
 32
0.0000
 13
12820.8795
 23
-13662.4117
 33
0.0000
  0
SOLID
  5
59B
  8
חלונות - מידות
 10
14407.0045
 20
-13631.2117
 30
0.0000
 11
14519.1295
 21
-13600.0117
 31
0.0000
 12
14519.1295
 22
-13662.4117
 32
0.0000
 13
14519.1295
 23
-13662.4117
 33
0.0000
  0
TEXT
  5
59C
  8
חלונות - מידות
 10
13670.0045
 20
-13538.5867
 30
0.0000
 40
97.5000
  1
147.4
 50
0.0000
  7
SOLINE
 72
1
 73
2
 11
13670.0045
 21
-13538.5867
 31
0.0000
  0
LINE
  5
59D
  8
חלונות - מידות
 10
12893.0045
 20
-16246.2117
 30
0.0000
 11
12687.0045
 21
-16246.2117
 31
0.0000
  0
LINE
  5
59E
  8
חלונות - מידות
 10
12893.0045
 20
-15176.2117
 30
0.0000
 11
12687.0045
 21
-15176.2117
 31
0.0000
  0
LINE
  5
59F
  8
חלונות - מידות
 10
12745.5045
 20
-16246.2117
 30
0.0000
 11
12745.5045
 21
-15176.2117
 31
0.0000
  0
SOLID
  5
5A0
  8
חלונות - מידות
 10
12745.5045
 20
-16246.2117
 30
0.0000
 11
12714.3045
 21
-16358.3367
 31
0.0000
 12
12776.7045
 22
-16358.3367
 32
0.0000
 13
12776.7045
 23
-16358.3367
 33
0.0000
  0
SOLID
  5
5A1
  8
חלונות - מידות
 10
12745.5045
 20
-15176.2117
 30
0.0000
 11
12714.3045
 21
-15064.0867
 31
0.0000
 12
12776.7045
 22
-15064.0867
 32
0.0000
 13
12776.7045
 23
-15064.0867
 33
0.0000
  0
TEXT
  5
5A2
  8
חלונות - מידות
 10
12652.8795
 20
-15711.2117
 30
0.0000
 40
97.5000
  1
107
 50
90.0000
  7
SOLINE
 72
1
 73
2
 11
12652.8795
 21
-15711.2117
 31
0.0000
  0
LINE
  5
5A3
  8
חלונות - מידות
 10
12893.0045
 20
-15176.2117
 30
0.0000
 11
12349.5045
 21
-15176.2117
 31
0.0000
  0
LINE
  5
5A4
  8
חלונות - מידות
 10
12893.0045
 20
-13856.2117
 30
0.0000
 11
12349.5045
 21
-13856.2117
 31
0.0000
  0
LINE
  5
5A5
  8
חלונות - מידות
 10
12408.0045
 20
-15176.2117
 30
0.0000
 11
12408.0045
 21
-13856.2117
 31
0.0000
  0
SOLID
  5
5A6
  8
חלונות - מידות
 10
12408.0045
 20
-15176.2117
 30
0.0000
 11
12376.8045
 21
-15288.3367
 31
0.0000
 12
12439.2045
 22
-15288.3367
 32
0.0000
 13
12439.2045
 23
-15288.3367
 33
0.0000
  0
SOLID
  5
5A7
  8
חלונות - מידות
 10
12408.0045
 20
-13856.2117
 30
0.0000
 11
12376.8045
 21
-13744.0867
 31
0.0000
 12
12439.2045
 22
-13744.0867
 32
0.0000
 13
12439.2045
 23
-13744.0867
 33
0.0000
  0
TEXT
  5
5A8
  8
חלונות - מידות
 10
12315.3795
 20
-14516.2117
 30
0.0000
 40
97.5000
  1
132
 50
90.0000
  7
SOLINE
 72
1
 73
2
 11
12315.3795
 21
-14516.2117
 31
0.0000
  0
LINE
  5
5A9
  8
חלונות - מידות
 10
14447.0045
 20
-16246.2117
 30
0.0000
 11
14653.0045
 21
-16246.2117
 31
0.0000
  0
LINE
  5
5AA
  8
חלונות - מידות
 10
14447.0045
 20
-13856.2117
 30
0.0000
 11
14653.0045
 21
-13856.2117
 31
0.0000
  0
LINE
  5
5AB
  8
חלונות - מידות
 10
14594.5045
 20
-16246.2117
 30
0.0000
 11
14594.5045
 21
-13856.2117
 31
0.0000
  0
SOLID
  5
5AC
  8
חלונות - מידות
 10
14594.5045
 20
-16246.2117
 30
0.0000
 11
14625.7045
 21
-16358.3367
 31
0.0000
 12
14563.3045
 22
-16358.3367
 32
0.0000
 13
14563.3045
 23
-16358.3367
 33
0.0000
  0
SOLID
  5
5AD
  8
חלונות - מידות
 10
14594.5045
 20
-13856.2117
 30
0.0000
 11
14625.7045
 21
-13744.0867
 31
0.0000
 12
14563.3045
 22
-13744.0867
 32
0.0000
 13
14563.3045
 23
-13744.0867
 33
0.0000
  0
TEXT
  5
5AE
  8
חלונות - מידות
 10
14687.1295
 20
-15051.2117
 30
0.0000
 40
97.5000
  1
239
 50
90.0000
  7
SOLINE
 72
1
 73
2
 11
14687.1295
 21
-15051.2117
 31
0.0000
  0
LINE
  5
5AF
  8
חלונות - מידות
 10
14447.0045
 20
-13856.2117
 30
0.0000
 11
14990.5045
 21
-13856.2117
 31
0.0000
  0
LINE
  5
5B0
  8
חלונות - מידות
 10
14447.0045
 20
-13461.2117
 30
0.0000
 11
14990.5045
 21
-13461.2117
 31
0.0000
  0
LINE
  5
5B1
  8
חלונות - מידות
 10
14932.0045
 20
-13856.2117
 30
0.0000
 11
14932.0045
 21
-13461.2117
 31
0.0000
  0
SOLID
  5
5B2
  8
חלונות - מידות
 10
14932.0045
 20
-13856.2117
 30
0.0000
 11
14963.2045
 21
-13968.3367
 31
0.0000
 12
14900.8045
 22
-13968.3367
 32
0.0000
 13
14900.8045
 23
-13968.3367
 33
0.0000
  0
SOLID
  5
5B3
  8
חלונות - מידות
 10
14932.0045
 20
-13461.2117
 30
0.0000
 11
14963.2045
 21
-13349.0867
 31
0.0000
 12
14900.8045
 22
-13349.0867
 32
0.0000
 13
14900.8045
 23
-13349.0867
 33
0.0000
  0
TEXT
  5
5B4
  8
חלונות - מידות
 10
15024.6295
 20
-13658.7117
 30
0.0000
 40
97.5000
  1
39.5
 50
90.0000
  7
SOLINE
 72
1
 73
2
 11
15024.6295
 21
-13658.7117
 31
0.0000
  0
TEXT
  5
5B5
  8
קירות - טקסט
 10
14236.5000
 20
-17183.7117
 30
0.0000
 40
162.5000
  1
W3
 50
0.0000
  7
SOLINE
 72
1
 73
2
 11
14236.5000
 21
-17183.7117
 31
0.0000
  0
LINE
  5
5B6
  8
קירות
 10
17739.0000
 20
-16246.2117
 30
0.0000
 11
18824.0000
 21
-16246.2117
 31
0.0000
  0
LINE
  5
5B7
  8
קירות
 10
18824.0000
 20
-16246.2117
 30
0.0000
 11
18824.0000
 21
-13461.2117
 31
0.0000
  0
LINE
  5
5B8
  8
קירות
 10
18824.0000
 20
-13461.2117
 30
0.0000
 11
17739.0000
 21
-13461.2117
 31
0.0000
  0
LINE
  5
5B9
  8
קירות
 10
17739.0000
 20
-13461.2117
 30
0.0000
 11
17739.0000
 21
-16246.2117
 31
0.0000
  0
LINE
  5
5BA
  8
מידות - חוץ
 10
17739.0000
 20
-16296.2117
 30
0.0000
 11
17739.0000
 21
-16696.2117
 31
0.0000
  0
LINE
  5
5BB
  8
מידות - חוץ
 10
18824.0000
 20
-16296.2117
 30
0.0000
 11
18824.0000
 21
-16696.2117
 31
0.0000
  0
LINE
  5
5BC
  8
מידות - חוץ
 10
17739.0000
 20
-16621.2117
 30
0.0000
 11
18824.0000
 21
-16621.2117
 31
0.0000
  0
SOLID
  5
5BD
  8
מידות - חוץ
 10
17739.0000
 20
-16621.2117
 30
0.0000
 11
17595.2500
 21
-16661.2117
 31
0.0000
 12
17595.2500
 22
-16581.2117
 32
0.0000
 13
17595.2500
 23
-16581.2117
 33
0.0000
  0
SOLID
  5
5BE
  8
מידות - חוץ
 10
18824.0000
 20
-16621.2117
 30
0.0000
 11
18967.7500
 21
-16661.2117
 31
0.0000
 12
18967.7500
 22
-16581.2117
 32
0.0000
 13
18967.7500
 23
-16581.2117
 33
0.0000
  0
TEXT
  5
5BF
  8
מידות - חוץ
 10
18281.5000
 20
-16739.9617
 30
0.0000
 40
125.0000
  1
108.5
 50
0.0000
  7
SOLINE
 72
1
 73
2
 11
18281.5000
 21
-16739.9617
 31
0.0000
  0
LINE
  5
5C0
  8
מידות - חוץ
 10
17689.0000
 20
-16246.2117
 30
0.0000
 11
17289.0000
 21
-16246.2117
 31
0.0000
  0
LINE
  5
5C1
  8
מידות - חוץ
 10
17689.0000
 20
-13461.2117
 30
0.0000
 11
17289.0000
 21
-13461.2117
 31
0.0000
  0
LINE
  5
5C2
  8
מידות - חוץ
 10
17364.0000
 20
-16246.2117
 30
0.0000
 11
17364.0000
 21
-13461.2117
 31
0.0000
  0
SOLID
  5
5C3
  8
מידות - חוץ
 10
17364.0000
 20
-16246.2117
 30
0.0000
 11
17324.0000
 21
-16389.9617
 31
0.0000
 12
17404.0000
 22
-16389.9617
 32
0.0000
 13
17404.0000
 23
-16389.9617
 33
0.0000
  0
SOLID
  5
5C4
  8
מידות - חוץ
 10
17364.0000
 20
-13461.2117
 30
0.0000
 11
17324.0000
 21
-13317.4617
 31
0.0000
 12
17404.0000
 22
-13317.4617
 32
0.0000
 13
17404.0000
 23
-13317.4617
 33
0.0000
  0
TEXT
  5
5C5
  8
מידות - חוץ
 10
17245.2500
 20
-14853.7117
 30
0.0000
 40
125.0000
  1
278.5
 50
90.0000
  7
SOLINE
 72
1
 73
2
 11
17245.2500
 21
-14853.7117
 31
0.0000
  0
LINE
  5
5C6
  8
חשמל
 10
17818.5048
 20
-15175.2117
 30
0.0000
 11
17978.5048
 21
-15175.2117
 31
0.0000
  0
LINE
  5
5C7
  8
חשמל
 10
17978.5048
 20
-15175.2117
 30
0.0000
 11
17978.5048
 21
-15095.2117
 31
0.0000
  0
LINE
  5
5C8
  8
חשמל
 10
17978.5048
 20
-15095.2117
 30
0.0000
 11
17818.5048
 21
-15095.2117
 31
0.0000
  0
LINE
  5
5C9
  8
חשמל
 10
17818.5048
 20
-15095.2117
 30
0.0000
 11
17818.5048
 21
-15175.2117
 31
0.0000
  0
LINE
  5
5CA
  8
חשמל
 10
17898.5048
 20
-15175.2117
 30
0.0000
 11
17898.5048
 21
-15138.4117
 31
0.0000
  0
LINE
  5
5CB
  8
חשמל
 10
17819.4008
 20
-15138.4117
 30
0.0000
 11
17819.6422
 21
-15136.2620
 31
0.0000
  0
LINE
  5
5CC
  8
חשמל
 10
17819.6422
 20
-15136.2620
 30
0.0000
 11
17820.3636
 21
-15134.1393
 31
0.0000
  0
LINE
  5
5CD
  8
חשמל
 10
17820.3636
 20
-15134.1393
 30
0.0000
 11
17821.5557
 21
-15132.0703
 31
0.0000
  0
LINE
  5
5CE
  8
חשמל
 10
17821.5557
 20
-15132.0703
 30
0.0000
 11
17823.2036
 21
-15130.0811
 31
0.0000
  0
LINE
  5
5CF
  8
חשמל
 10
17823.2036
 20
-15130.0811
 30
0.0000
 11
17825.2866
 21
-15128.1967
 31
0.0000
  0
LINE
  5
5D0
  8
חשמל
 10
17825.2866
 20
-15128.1967
 30
0.0000
 11
17827.7785
 21
-15126.4407
 31
0.0000
  0
LINE
  5
5D1
  8
חשמל
 10
17827.7785
 20
-15126.4407
 30
0.0000
 11
17830.6479
 21
-15124.8352
 31
0.0000
  0
LINE
  5
5D2
  8
חשמל
 10
17830.6479
 20
-15124.8352
 30
0.0000
 11
17833.8588
 21
-15123.4005
 31
0.0000
  0
LINE
  5
5D3
  8
חשמל
 10
17833.8588
 20
-15123.4005
 30
0.0000
 11
17837.3708
 21
-15122.1546
 31
0.0000
  0
LINE
  5
5D4
  8
חשמל
 10
17837.3708
 20
-15122.1546
 30
0.0000
 11
17841.1397
 21
-15121.1131
 31
0.0000
  0
LINE
  5
5D5
  8
חשמל
 10
17841.1397
 20
-15121.1131
 30
0.0000
 11
17845.1181
 21
-15120.2891
 31
0.0000
  0
LINE
  5
5D6
  8
חשמל
 10
17845.1181
 20
-15120.2891
 30
0.0000
 11
17849.2560
 21
-15119.6931
 31
0.0000
  0
LINE
  5
5D7
  8
חשמל
 10
17849.2560
 20
-15119.6931
 30
0.0000
 11
17853.5014
 21
-15119.3324
 31
0.0000
  0
LINE
  5
5D8
  8
חשמל
 10
17853.5014
 20
-15119.3324
 30
0.0000
 11
17857.8008
 21
-15119.2117
 31
0.0000
  0
LINE
  5
5D9
  8
חשמל
 10
17857.8008
 20
-15119.2117
 30
0.0000
 11
17862.1002
 21
-15119.3324
 31
0.0000
  0
LINE
  5
5DA
  8
חשמל
 10
17862.1002
 20
-15119.3324
 30
0.0000
 11
17866.3456
 21
-15119.6931
 31
0.0000
  0
LINE
  5
5DB
  8
חשמל
 10
17866.3456
 20
-15119.6931
 30
0.0000
 11
17870.4835
 21
-15120.2891
 31
0.0000
  0
LINE
  5
5DC
  8
חשמל
 10
17870.4835
 20
-15120.2891
 30
0.0000
 11
17874.4619
 21
-15121.1131
 31
0.0000
  0
LINE
  5
5DD
  8
חשמל
 10
17874.4619
 20
-15121.1131
 30
0.0000
 11
17878.2308
 21
-15122.1546
 31
0.0000
  0
LINE
  5
5DE
  8
חשמל
 10
17878.2308
 20
-15122.1546
 30
0.0000
 11
17881.7428
 21
-15123.4005
 31
0.0000
  0
LINE
  5
5DF
  8
חשמל
 10
17881.7428
 20
-15123.4005
 30
0.0000
 11
17884.9537
 21
-15124.8352
 31
0.0000
  0
LINE
  5
5E0
  8
חשמל
 10
17884.9537
 20
-15124.8352
 30
0.0000
 11
17887.8231
 21
-15126.4407
 31
0.0000
  0
LINE
  5
5E1
  8
חשמל
 10
17887.8231
 20
-15126.4407
 30
0.0000
 11
17890.3150
 21
-15128.1967
 31
0.0000
  0
LINE
  5
5E2
  8
חשמל
 10
17890.3150
 20
-15128.1967
 30
0.0000
 11
17892.3980
 21
-15130.0811
 31
0.0000
  0
LINE
  5
5E3
  8
חשמל
 10
17892.3980
 20
-15130.0811
 30
0.0000
 11
17894.0459
 21
-15132.0703
 31
0.0000
  0
LINE
  5
5E4
  8
חשמל
 10
17894.0459
 20
-15132.0703
 30
0.0000
 11
17895.2380
 21
-15134.1393
 31
0.0000
  0
LINE
  5
5E5
  8
חשמל
 10
17895.2380
 20
-15134.1393
 30
0.0000
 11
17895.9593
 21
-15136.2620
 31
0.0000
  0
LINE
  5
5E6
  8
חשמל
 10
17895.9593
 20
-15136.2620
 30
0.0000
 11
17896.2008
 21
-15138.4117
 31
0.0000
  0
LINE
  5
5E7
  8
חשמל
 10
17819.4008
 20
-15138.4117
 30
0.0000
 11
17896.2008
 21
-15138.4117
 31
0.0000
  0
LINE
  5
5E8
  8
חשמל
 10
17900.8088
 20
-15138.4117
 30
0.0000
 11
17901.0502
 21
-15136.2620
 31
0.0000
  0
LINE
  5
5E9
  8
חשמל
 10
17901.0502
 20
-15136.2620
 30
0.0000
 11
17901.7716
 21
-15134.1393
 31
0.0000
  0
LINE
  5
5EA
  8
חשמל
 10
17901.7716
 20
-15134.1393
 30
0.0000
 11
17902.9637
 21
-15132.0703
 31
0.0000
  0
LINE
  5
5EB
  8
חשמל
 10
17902.9637
 20
-15132.0703
 30
0.0000
 11
17904.6116
 21
-15130.0811
 31
0.0000
  0
LINE
  5
5EC
  8
חשמל
 10
17904.6116
 20
-15130.0811
 30
0.0000
 11
17906.6946
 21
-15128.1967
 31
0.0000
  0
LINE
  5
5ED
  8
חשמל
 10
17906.6946
 20
-15128.1967
 30
0.0000
 11
17909.1865
 21
-15126.4407
 31
0.0000
  0
LINE
  5
5EE
  8
חשמל
 10
17909.1865
 20
-15126.4407
 30
0.0000
 11
17912.0559
 21
-15124.8352
 31
0.0000
  0
LINE
  5
5EF
  8
חשמל
 10
17912.0559
 20
-15124.8352
 30
0.0000
 11
17915.2668
 21
-15123.4005
 31
0.0000
  0
LINE
  5
5F0
  8
חשמל
 10
17915.2668
 20
-15123.4005
 30
0.0000
 11
17918.7788
 21
-15122.1546
 31
0.0000
  0
LINE
  5
5F1
  8
חשמל
 10
17918.7788
 20
-15122.1546
 30
0.0000
 11
17922.5477
 21
-15121.1131
 31
0.0000
  0
LINE
  5
5F2
  8
חשמל
 10
17922.5477
 20
-15121.1131
 30
0.0000
 11
17926.5261
 21
-15120.2891
 31
0.0000
  0
LINE
  5
5F3
  8
חשמל
 10
17926.5261
 20
-15120.2891
 30
0.0000
 11
17930.6640
 21
-15119.6931
 31
0.0000
  0
LINE
  5
5F4
  8
חשמל
 10
17930.6640
 20
-15119.6931
 30
0.0000
 11
17934.9094
 21
-15119.3324
 31
0.0000
  0
LINE
  5
5F5
  8
חשמל
 10
17934.9094
 20
-15119.3324
 30
0.0000
 11
17939.2088
 21
-15119.2117
 31
0.0000
  0
LINE
  5
5F6
  8
חשמל
 10
17939.2088
 20
-15119.2117
 30
0.0000
 11
17943.5082
 21
-15119.3324
 31
0.0000
  0
LINE
  5
5F7
  8
חשמל
 10
17943.5082
 20
-15119.3324
 30
0.0000
 11
17947.7536
 21
-15119.6931
 31
0.0000
  0
LINE
  5
5F8
  8
חשמל
 10
17947.7536
 20
-15119.6931
 30
0.0000
 11
17951.8915
 21
-15120.2891
 31
0.0000
  0
LINE
  5
5F9
  8
חשמל
 10
17951.8915
 20
-15120.2891
 30
0.0000
 11
17955.8699
 21
-15121.1131
 31
0.0000
  0
LINE
  5
5FA
  8
חשמל
 10
17955.8699
 20
-15121.1131
 30
0.0000
 11
17959.6388
 21
-15122.1546
 31
0.0000
  0
LINE
  5
5FB
  8
חשמל
 10
17959.6388
 20
-15122.1546
 30
0.0000
 11
17963.1508
 21
-15123.4005
 31
0.0000
  0
LINE
  5
5FC
  8
חשמל
 10
17963.1508
 20
-15123.4005
 30
0.0000
 11
17966.3617
 21
-15124.8352
 31
0.0000
  0
LINE
  5
5FD
  8
חשמל
 10
17966.3617
 20
-15124.8352
 30
0.0000
 11
17969.2311
 21
-15126.4407
 31
0.0000
  0
LINE
  5
5FE
  8
חשמל
 10
17969.2311
 20
-15126.4407
 30
0.0000
 11
17971.7230
 21
-15128.1967
 31
0.0000
  0
LINE
  5
5FF
  8
חשמל
 10
17971.7230
 20
-15128.1967
 30
0.0000
 11
17973.8060
 21
-15130.0811
 31
0.0000
  0
LINE
  5
600
  8
חשמל
 10
17973.8060
 20
-15130.0811
 30
0.0000
 11
17975.4539
 21
-15132.0703
 31
0.0000
  0
LINE
  5
601
  8
חשמל
 10
17975.4539
 20
-15132.0703
 30
0.0000
 11
17976.6460
 21
-15134.1393
 31
0.0000
  0
LINE
  5
602
  8
חשמל
 10
17976.6460
 20
-15134.1393
 30
0.0000
 11
17977.3673
 21
-15136.2620
 31
0.0000
  0
LINE
  5
603
  8
חשמל
 10
17977.3673
 20
-15136.2620
 30
0.0000
 11
17977.6088
 21
-15138.4117
 31
0.0000
  0
LINE
  5
604
  8
חשמל
 10
17900.8088
 20
-15138.4117
 30
0.0000
 11
17977.6088
 21
-15138.4117
 31
0.0000
  0
LINE
  5
605
  8
חשמל - מידות
 10
17739.0000
 20
-16286.2117
 30
0.0000
 11
17739.0000
 21
-17118.7117
 31
0.0000
  0
LINE
  5
606
  8
חשמל - מידות
 10
17898.5048
 20
-16286.2117
 30
0.0000
 11
17898.5048
 21
-17118.7117
 31
0.0000
  0
LINE
  5
607
  8
חשמל - מידות
 10
17739.0000
 20
-17058.7117
 30
0.0000
 11
17898.5048
 21
-17058.7117
 31
0.0000
  0
SOLID
  5
608
  8
חשמל - מידות
 10
17739.0000
 20
-17058.7117
 30
0.0000
 11
17624.0000
 21
-17090.7117
 31
0.0000
 12
17624.0000
 22
-17026.7117
 32
0.0000
 13
17624.0000
 23
-17026.7117
 33
0.0000
  0
SOLID
  5
609
  8
חשמל - מידות
 10
17898.5048
 20
-17058.7117
 30
0.0000
 11
18013.5048
 21
-17090.7117
 31
0.0000
 12
18013.5048
 22
-17026.7117
 32
0.0000
 13
18013.5048
 23
-17026.7117
 33
0.0000
  0
TEXT
  5
60A
  8
חשמל - מידות
 10
17818.7524
 20
-17153.7117
 30
0.0000
 40
100.0000
  1
16
 50
0.0000
  7
SOLINE
 72
1
 73
2
 11
17818.7524
 21
-17153.7117
 31
0.0000
  0
LINE
  5
60B
  8
חשמל - מידות
 10
17858.5048
 20
-16246.2117
 30
0.0000
 11
17571.0048
 21
-16246.2117
 31
0.0000
  0
LINE
  5
60C
  8
חשמל - מידות
 10
17858.5048
 20
-15135.2117
 30
0.0000
 11
17571.0048
 21
-15135.2117
 31
0.0000
  0
LINE
  5
60D
  8
חשמל - מידות
 10
17631.0048
 20
-16246.2117
 30
0.0000
 11
17631.0048
 21
-15135.2117
 31
0.0000
  0
SOLID
  5
60E
  8
חשמל - מידות
 10
17631.0048
 20
-16246.2117
 30
0.0000
 11
17599.0048
 21
-16361.2117
 31
0.0000
 12
17663.0048
 22
-16361.2117
 32
0.0000
 13
17663.0048
 23
-16361.2117
 33
0.0000
  0
SOLID
  5
60F
  8
חשמל - מידות
 10
17631.0048
 20
-15135.2117
 30
0.0000
 11
17599.0048
 21
-15020.2117
 31
0.0000
 12
17663.0048
 22
-15020.2117
 32
0.0000
 13
17663.0048
 23
-15020.2117
 33
0.0000
  0
TEXT
  5
610
  8
חשמל - מידות
 10
17536.0048
 20
-15690.7117
 30
0.0000
 40
100.0000
  1
111.1
 50
90.0000
  7
SOLINE
 72
1
 73
2
 11
17536.0048
 21
-15690.7117
 31
0.0000
  0
LINE
  5
611
  8
חשמל
 10
17926.5039
 20
-14132.2117
 30
0.0000
 11
18006.5039
 21
-14132.2117
 31
0.0000
  0
LINE
  5
612
  8
חשמל
 10
18006.5039
 20
-14132.2117
 30
0.0000
 11
18006.5039
 21
-14052.2117
 31
0.0000
  0
LINE
  5
613
  8
חשמל
 10
18006.5039
 20
-14052.2117
 30
0.0000
 11
17926.5039
 21
-14052.2117
 31
0.0000
  0
LINE
  5
614
  8
חשמל
 10
17926.5039
 20
-14052.2117
 30
0.0000
 11
17926.5039
 21
-14132.2117
 31
0.0000
  0
LINE
  5
615
  8
חשמל
 10
17966.5039
 20
-14132.2117
 30
0.0000
 11
17966.5039
 21
-14076.2117
 31
0.0000
  0
ARC
  5
616
  8
חשמל
 10
17966.5039
 20
-14092.2117
 30
0.0000
 40
14.4000
 50
0.0000
 51
360.0000
  0
ARC
  5
617
  8
חשמל
 10
17966.5039
 20
-14092.2117
 30
0.0000
 40
4.0000
 50
0.0000
 51
360.0000
  0
LINE
  5
618
  8
חשמל - מידות
 10
17739.0000
 20
-16286.2117
 30
0.0000
 11
17739.0000
 21
-17468.7117
 31
0.0000
  0
LINE
  5
619
  8
חשמל - מידות
 10
17966.5039
 20
-16286.2117
 30
0.0000
 11
17966.5039
 21
-17468.7117
 31
0.0000
  0
LINE
  5
61A
  8
חשמל - מידות
 10
17739.0000
 20
-17408.7117
 30
0.0000
 11
17966.5039
 21
-17408.7117
 31
0.0000
  0
SOLID
  5
61B
  8
חשמל - מידות
 10
17739.0000
 20
-17408.7117
 30
0.0000
 11
17624.0000
 21
-17440.7117
 31
0.0000
 12
17624.0000
 22
-17376.7117
 32
0.0000
 13
17624.0000
 23
-17376.7117
 33
0.0000
  0
SOLID
  5
61C
  8
חשמל - מידות
 10
17966.5039
 20
-17408.7117
 30
0.0000
 11
18081.5039
 21
-17440.7117
 31
0.0000
 12
18081.5039
 22
-17376.7117
 32
0.0000
 13
18081.5039
 23
-17376.7117
 33
0.0000
  0
TEXT
  5
61D
  8
חשמל - מידות
 10
17852.7519
 20
-17503.7117
 30
0.0000
 40
100.0000
  1
22.8
 50
0.0000
  7
SOLINE
 72
1
 73
2
 11
17852.7519
 21
-17503.7117
 31
0.0000
  0
LINE
  5
61E
  8
חשמל - מידות
 10
18006.5039
 20
-16246.2117
 30
0.0000
 11
18254.0039
 21
-16246.2117
 31
0.0000
  0
LINE
  5
61F
  8
חשמל - מידות
 10
18006.5039
 20
-14092.2117
 30
0.0000
 11
18254.0039
 21
-14092.2117
 31
0.0000
  0
LINE
  5
620
  8
חשמל - מידות
 10
18194.0039
 20
-16246.2117
 30
0.0000
 11
18194.0039
 21
-14092.2117
 31
0.0000
  0
SOLID
  5
621
  8
חשמל - מידות
 10
18194.0039
 20
-16246.2117
 30
0.0000
 11
18226.0039
 21
-16361.2117
 31
0.0000
 12
18162.0039
 22
-16361.2117
 32
0.0000
 13
18162.0039
 23
-16361.2117
 33
0.0000
  0
SOLID
  5
622
  8
חשמל - מידות
 10
18194.0039
 20
-14092.2117
 30
0.0000
 11
18226.0039
 21
-13977.2117
 31
0.0000
 12
18162.0039
 22
-13977.2117
 32
0.0000
 13
18162.0039
 23
-13977.2117
 33
0.0000
  0
TEXT
  5
623
  8
חשמל - מידות
 10
18289.0039
 20
-15169.2117
 30
0.0000
 40
100.0000
  1
215.4
 50
90.0000
  7
SOLINE
 72
1
 73
2
 11
18289.0039
 21
-15169.2117
 31
0.0000
  0
TEXT
  5
624
  8
קירות - טקסט
 10
18281.5000
 20
-17183.7117
 30
0.0000
 40
162.5000
  1
W4
 50
0.0000
  7
SOLINE
 72
1
 73
2
 11
18281.5000
 21
-17183.7117
 31
0.0000
  0
LINE
  5
625
  8
קירות
 10
21324.0000
 20
-16246.2117
 30
0.0000
 11
27146.0000
 21
-16246.2117
 31
0.0000
  0
LINE
  5
626
  8
קירות
 10
27146.0000
 20
-16246.2117
 30
0.0000
 11
27146.0000
 21
-13461.2117
 31
0.0000
  0
LINE
  5
627
  8
קירות
 10
27146.0000
 20
-13461.2117
 30
0.0000
 11
21324.0000
 21
-13461.2117
 31
0.0000
  0
LINE
  5
628
  8
קירות
 10
21324.0000
 20
-13461.2117
 30
0.0000
 11
21324.0000
 21
-16246.2117
 31
0.0000
  0
LINE
  5
629
  8
מידות - חוץ
 10
21324.0000
 20
-16296.2117
 30
0.0000
 11
21324.0000
 21
-16696.2117
 31
0.0000
  0
LINE
  5
62A
  8
מידות - חוץ
 10
27146.0000
 20
-16296.2117
 30
0.0000
 11
27146.0000
 21
-16696.2117
 31
0.0000
  0
LINE
  5
62B
  8
מידות - חוץ
 10
21324.0000
 20
-16621.2117
 30
0.0000
 11
27146.0000
 21
-16621.2117
 31
0.0000
  0
SOLID
  5
62C
  8
מידות - חוץ
 10
21324.0000
 20
-16621.2117
 30
0.0000
 11
21180.2500
 21
-16661.2117
 31
0.0000
 12
21180.2500
 22
-16581.2117
 32
0.0000
 13
21180.2500
 23
-16581.2117
 33
0.0000
  0
SOLID
  5
62D
  8
מידות - חוץ
 10
27146.0000
 20
-16621.2117
 30
0.0000
 11
27289.7500
 21
-16661.2117
 31
0.0000
 12
27289.7500
 22
-16581.2117
 32
0.0000
 13
27289.7500
 23
-16581.2117
 33
0.0000
  0
TEXT
  5
62E
  8
מידות - חוץ
 10
24235.0000
 20
-16739.9617
 30
0.0000
 40
125.0000
  1
582.2
 50
0.0000
  7
SOLINE
 72
1
 73
2
 11
24235.0000
 21
-16739.9617
 31
0.0000
  0
LINE
  5
62F
  8
מידות - חוץ
 10
21274.0000
 20
-16246.2117
 30
0.0000
 11
20874.0000
 21
-16246.2117
 31
0.0000
  0
LINE
  5
630
  8
מידות - חוץ
 10
21274.0000
 20
-13461.2117
 30
0.0000
 11
20874.0000
 21
-13461.2117
 31
0.0000
  0
LINE
  5
631
  8
מידות - חוץ
 10
20949.0000
 20
-16246.2117
 30
0.0000
 11
20949.0000
 21
-13461.2117
 31
0.0000
  0
SOLID
  5
632
  8
מידות - חוץ
 10
20949.0000
 20
-16246.2117
 30
0.0000
 11
20909.0000
 21
-16389.9617
 31
0.0000
 12
20989.0000
 22
-16389.9617
 32
0.0000
 13
20989.0000
 23
-16389.9617
 33
0.0000
  0
SOLID
  5
633
  8
מידות - חוץ
 10
20949.0000
 20
-13461.2117
 30
0.0000
 11
20909.0000
 21
-13317.4617
 31
0.0000
 12
20989.0000
 22
-13317.4617
 32
0.0000
 13
20989.0000
 23
-13317.4617
 33
0.0000
  0
TEXT
  5
634
  8
מידות - חוץ
 10
20830.2500
 20
-14853.7117
 30
0.0000
 40
125.0000
  1
278.5
 50
90.0000
  7
SOLINE
 72
1
 73
2
 11
20830.2500
 21
-14853.7117
 31
0.0000
  0
LINE
  5
635
  8
חשמל
 10
21628.7117
 20
-15176.2117
 30
0.0000
 11
21708.7117
 21
-15176.2117
 31
0.0000
  0
LINE
  5
636
  8
חשמל
 10
21708.7117
 20
-15176.2117
 30
0.0000
 11
21708.7117
 21
-15096.2117
 31
0.0000
  0
LINE
  5
637
  8
חשמל
 10
21708.7117
 20
-15096.2117
 30
0.0000
 11
21628.7117
 21
-15096.2117
 31
0.0000
  0
LINE
  5
638
  8
חשמל
 10
21628.7117
 20
-15096.2117
 30
0.0000
 11
21628.7117
 21
-15176.2117
 31
0.0000
  0
LINE
  5
639
  8
חשמל
 10
21668.7117
 20
-15176.2117
 30
0.0000
 11
21668.7117
 21
-15139.4117
 31
0.0000
  0
LINE
  5
63A
  8
חשמל
 10
21643.1117
 20
-15139.4117
 30
0.0000
 11
21643.2727
 21
-15136.5454
 31
0.0000
  0
LINE
  5
63B
  8
חשמל
 10
21643.2727
 20
-15136.5454
 30
0.0000
 11
21643.7536
 21
-15133.7152
 31
0.0000
  0
LINE
  5
63C
  8
חשמל
 10
21643.7536
 20
-15133.7152
 30
0.0000
 11
21644.5483
 21
-15130.9565
 31
0.0000
  0
LINE
  5
63D
  8
חשמל
 10
21644.5483
 20
-15130.9565
 30
0.0000
 11
21645.6469
 21
-15128.3043
 31
0.0000
  0
LINE
  5
63E
  8
חשמל
 10
21645.6469
 20
-15128.3043
 30
0.0000
 11
21647.0356
 21
-15125.7917
 31
0.0000
  0
LINE
  5
63F
  8
חשמל
 10
21647.0356
 20
-15125.7917
 30
0.0000
 11
21648.6968
 21
-15123.4504
 31
0.0000
  0
LINE
  5
640
  8
חשמל
 10
21648.6968
 20
-15123.4504
 30
0.0000
 11
21650.6098
 21
-15121.3098
 31
0.0000
  0
LINE
  5
641
  8
חשמל
 10
21650.6098
 20
-15121.3098
 30
0.0000
 11
21652.7504
 21
-15119.3968
 31
0.0000
  0
LINE
  5
642
  8
חשמל
 10
21652.7504
 20
-15119.3968
 30
0.0000
 11
21655.0917
 21
-15117.7355
 31
0.0000
  0
LINE
  5
643
  8
חשמל
 10
21655.0917
 20
-15117.7355
 30
0.0000
 11
21657.6043
 21
-15116.3469
 31
0.0000
  0
LINE
  5
644
  8
חשמל
 10
21657.6043
 20
-15116.3469
 30
0.0000
 11
21660.2566
 21
-15115.2483
 31
0.0000
  0
LINE
  5
645
  8
חשמל
 10
21660.2566
 20
-15115.2483
 30
0.0000
 11
21663.0152
 21
-15114.4535
 31
0.0000
  0
LINE
  5
646
  8
חשמל
 10
21663.0152
 20
-15114.4535
 30
0.0000
 11
21665.8454
 21
-15113.9727
 31
0.0000
  0
LINE
  5
647
  8
חשמל
 10
21665.8454
 20
-15113.9727
 30
0.0000
 11
21668.7117
 21
-15113.8117
 31
0.0000
  0
LINE
  5
648
  8
חשמל
 10
21668.7117
 20
-15113.8117
 30
0.0000
 11
21671.5780
 21
-15113.9727
 31
0.0000
  0
LINE
  5
649
  8
חשמל
 10
21671.5780
 20
-15113.9727
 30
0.0000
 11
21674.4083
 21
-15114.4535
 31
0.0000
  0
LINE
  5
64A
  8
חשמל
 10
21674.4083
 20
-15114.4535
 30
0.0000
 11
21677.1669
 21
-15115.2483
 31
0.0000
  0
LINE
  5
64B
  8
חשמל
 10
21677.1669
 20
-15115.2483
 30
0.0000
 11
21679.8191
 21
-15116.3469
 31
0.0000
  0
LINE
  5
64C
  8
חשמל
 10
21679.8191
 20
-15116.3469
 30
0.0000
 11
21682.3317
 21
-15117.7355
 31
0.0000
  0
LINE
  5
64D
  8
חשמל
 10
21682.3317
 20
-15117.7355
 30
0.0000
 11
21684.6731
 21
-15119.3968
 31
0.0000
  0
LINE
  5
64E
  8
חשמל
 10
21684.6731
 20
-15119.3968
 30
0.0000
 11
21686.8137
 21
-15121.3098
 31
0.0000
  0
LINE
  5
64F
  8
חשמל
 10
21686.8137
 20
-15121.3098
 30
0.0000
 11
21688.7266
 21
-15123.4504
 31
0.0000
  0
LINE
  5
650
  8
חשמל
 10
21688.7266
 20
-15123.4504
 30
0.0000
 11
21690.3879
 21
-15125.7917
 31
0.0000
  0
LINE
  5
651
  8
חשמל
 10
21690.3879
 20
-15125.7917
 30
0.0000
 11
21691.7765
 21
-15128.3043
 31
0.0000
  0
LINE
  5
652
  8
חשמל
 10
21691.7765
 20
-15128.3043
 30
0.0000
 11
21692.8751
 21
-15130.9565
 31
0.0000
  0
LINE
  5
653
  8
חשמל
 10
21692.8751
 20
-15130.9565
 30
0.0000
 11
21693.6699
 21
-15133.7152
 31
0.0000
  0
LINE
  5
654
  8
חשמל
 10
21693.6699
 20
-15133.7152
 30
0.0000
 11
21694.1508
 21
-15136.5454
 31
0.0000
  0
LINE
  5
655
  8
חשמל
 10
21694.1508
 20
-15136.5454
 30
0.0000
 11
21694.3117
 21
-15139.4117
 31
0.0000
  0
LINE
  5
656
  8
חשמל
 10
21643.1117
 20
-15139.4117
 30
0.0000
 11
21694.3117
 21
-15139.4117
 31
0.0000
  0
LINE
  5
657
  8
חשמל - מידות
 10
21324.0000
 20
-16286.2117
 30
0.0000
 11
21324.0000
 21
-17118.7117
 31
0.0000
  0
LINE
  5
658
  8
חשמל - מידות
 10
21668.7117
 20
-16286.2117
 30
0.0000
 11
21668.7117
 21
-17118.7117
 31
0.0000
  0
LINE
  5
659
  8
חשמל - מידות
 10
21324.0000
 20
-17058.7117
 30
0.0000
 11
21668.7117
 21
-17058.7117
 31
0.0000
  0
SOLID
  5
65A
  8
חשמל - מידות
 10
21324.0000
 20
-17058.7117
 30
0.0000
 11
21209.0000
 21
-17090.7117
 31
0.0000
 12
21209.0000
 22
-17026.7117
 32
0.0000
 13
21209.0000
 23
-17026.7117
 33
0.0000
  0
SOLID
  5
65B
  8
חשמל - מידות
 10
21668.7117
 20
-17058.7117
 30
0.0000
 11
21783.7117
 21
-17090.7117
 31
0.0000
 12
21783.7117
 22
-17026.7117
 32
0.0000
 13
21783.7117
 23
-17026.7117
 33
0.0000
  0
TEXT
  5
65C
  8
חשמל - מידות
 10
21496.3559
 20
-17153.7117
 30
0.0000
 40
100.0000
  1
34.5
 50
0.0000
  7
SOLINE
 72
1
 73
2
 11
21496.3559
 21
-17153.7117
 31
0.0000
  0
LINE
  5
65D
  8
חשמל - מידות
 10
21628.7117
 20
-16246.2117
 30
0.0000
 11
21381.2117
 21
-16246.2117
 31
0.0000
  0
LINE
  5
65E
  8
חשמל - מידות
 10
21628.7117
 20
-15136.2117
 30
0.0000
 11
21381.2117
 21
-15136.2117
 31
0.0000
  0
LINE
  5
65F
  8
חשמל - מידות
 10
21441.2117
 20
-16246.2117
 30
0.0000
 11
21441.2117
 21
-15136.2117
 31
0.0000
  0
SOLID
  5
660
  8
חשמל - מידות
 10
21441.2117
 20
-16246.2117
 30
0.0000
 11
21409.2117
 21
-16361.2117
 31
0.0000
 12
21473.2117
 22
-16361.2117
 32
0.0000
 13
21473.2117
 23
-16361.2117
 33
0.0000
  0
SOLID
  5
661
  8
חשמל - מידות
 10
21441.2117
 20
-15136.2117
 30
0.0000
 11
21409.2117
 21
-15021.2117
 31
0.0000
 12
21473.2117
 22
-15021.2117
 32
0.0000
 13
21473.2117
 23
-15021.2117
 33
0.0000
  0
TEXT
  5
662
  8
חשמל - מידות
 10
21346.2117
 20
-15691.2117
 30
0.0000
 40
100.0000
  1
111
 50
90.0000
  7
SOLINE
 72
1
 73
2
 11
21346.2117
 21
-15691.2117
 31
0.0000
  0
LINE
  5
663
  8
חשמל
 10
23108.7333
 20
-15061.2117
 30
0.0000
 11
23188.7333
 21
-15061.2117
 31
0.0000
  0
LINE
  5
664
  8
חשמל
 10
23188.7333
 20
-15061.2117
 30
0.0000
 11
23188.7333
 21
-14981.2117
 31
0.0000
  0
LINE
  5
665
  8
חשמל
 10
23188.7333
 20
-14981.2117
 30
0.0000
 11
23108.7333
 21
-14981.2117
 31
0.0000
  0
LINE
  5
666
  8
חשמל
 10
23108.7333
 20
-14981.2117
 30
0.0000
 11
23108.7333
 21
-15061.2117
 31
0.0000
  0
LINE
  5
667
  8
חשמל
 10
23148.7333
 20
-15061.2117
 30
0.0000
 11
23148.7333
 21
-15024.4117
 31
0.0000
  0
LINE
  5
668
  8
חשמל
 10
23123.1333
 20
-15024.4117
 30
0.0000
 11
23123.2943
 21
-15021.5454
 31
0.0000
  0
LINE
  5
669
  8
חשמל
 10
23123.2943
 20
-15021.5454
 30
0.0000
 11
23123.7752
 21
-15018.7152
 31
0.0000
  0
LINE
  5
66A
  8
חשמל
 10
23123.7752
 20
-15018.7152
 30
0.0000
 11
23124.5699
 21
-15015.9565
 31
0.0000
  0
LINE
  5
66B
  8
חשמל
 10
23124.5699
 20
-15015.9565
 30
0.0000
 11
23125.6685
 21
-15013.3043
 31
0.0000
  0
LINE
  5
66C
  8
חשמל
 10
23125.6685
 20
-15013.3043
 30
0.0000
 11
23127.0572
 21
-15010.7917
 31
0.0000
  0
LINE
  5
66D
  8
חשמל
 10
23127.0572
 20
-15010.7917
 30
0.0000
 11
23128.7184
 21
-15008.4504
 31
0.0000
  0
LINE
  5
66E
  8
חשמל
 10
23128.7184
 20
-15008.4504
 30
0.0000
 11
23130.6314
 21
-15006.3098
 31
0.0000
  0
LINE
  5
66F
  8
חשמל
 10
23130.6314
 20
-15006.3098
 30
0.0000
 11
23132.7720
 21
-15004.3968
 31
0.0000
  0
LINE
  5
670
  8
חשמל
 10
23132.7720
 20
-15004.3968
 30
0.0000
 11
23135.1133
 21
-15002.7355
 31
0.0000
  0
LINE
  5
671
  8
חשמל
 10
23135.1133
 20
-15002.7355
 30
0.0000
 11
23137.6259
 21
-15001.3469
 31
0.0000
  0
LINE
  5
672
  8
חשמל
 10
23137.6259
 20
-15001.3469
 30
0.0000
 11
23140.2782
 21
-15000.2483
 31
0.0000
  0
LINE
  5
673
  8
חשמל
 10
23140.2782
 20
-15000.2483
 30
0.0000
 11
23143.0368
 21
-14999.4535
 31
0.0000
  0
LINE
  5
674
  8
חשמל
 10
23143.0368
 20
-14999.4535
 30
0.0000
 11
23145.8670
 21
-14998.9727
 31
0.0000
  0
LINE
  5
675
  8
חשמל
 10
23145.8670
 20
-14998.9727
 30
0.0000
 11
23148.7333
 21
-14998.8117
 31
0.0000
  0
LINE
  5
676
  8
חשמל
 10
23148.7333
 20
-14998.8117
 30
0.0000
 11
23151.5996
 21
-14998.9727
 31
0.0000
  0
LINE
  5
677
  8
חשמל
 10
23151.5996
 20
-14998.9727
 30
0.0000
 11
23154.4299
 21
-14999.4535
 31
0.0000
  0
LINE
  5
678
  8
חשמל
 10
23154.4299
 20
-14999.4535
 30
0.0000
 11
23157.1885
 21
-15000.2483
 31
0.0000
  0
LINE
  5
679
  8
חשמל
 10
23157.1885
 20
-15000.2483
 30
0.0000
 11
23159.8407
 21
-15001.3469
 31
0.0000
  0
LINE
  5
67A
  8
חשמל
 10
23159.8407
 20
-15001.3469
 30
0.0000
 11
23162.3533
 21
-15002.7355
 31
0.0000
  0
LINE
  5
67B
  8
חשמל
 10
23162.3533
 20
-15002.7355
 30
0.0000
 11
23164.6947
 21
-15004.3968
 31
0.0000
  0
LINE
  5
67C
  8
חשמל
 10
23164.6947
 20
-15004.3968
 30
0.0000
 11
23166.8353
 21
-15006.3098
 31
0.0000
  0
LINE
  5
67D
  8
חשמל
 10
23166.8353
 20
-15006.3098
 30
0.0000
 11
23168.7482
 21
-15008.4504
 31
0.0000
  0
LINE
  5
67E
  8
חשמל
 10
23168.7482
 20
-15008.4504
 30
0.0000
 11
23170.4095
 21
-15010.7917
 31
0.0000
  0
LINE
  5
67F
  8
חשמל
 10
23170.4095
 20
-15010.7917
 30
0.0000
 11
23171.7981
 21
-15013.3043
 31
0.0000
  0
LINE
  5
680
  8
חשמל
 10
23171.7981
 20
-15013.3043
 30
0.0000
 11
23172.8967
 21
-15015.9565
 31
0.0000
  0
LINE
  5
681
  8
חשמל
 10
23172.8967
 20
-15015.9565
 30
0.0000
 11
23173.6915
 21
-15018.7152
 31
0.0000
  0
LINE
  5
682
  8
חשמל
 10
23173.6915
 20
-15018.7152
 30
0.0000
 11
23174.1724
 21
-15021.5454
 31
0.0000
  0
LINE
  5
683
  8
חשמל
 10
23174.1724
 20
-15021.5454
 30
0.0000
 11
23174.3333
 21
-15024.4117
 31
0.0000
  0
LINE
  5
684
  8
חשמל
 10
23123.1333
 20
-15024.4117
 30
0.0000
 11
23174.3333
 21
-15024.4117
 31
0.0000
  0
LINE
  5
685
  8
חשמל - מידות
 10
21324.0000
 20
-16286.2117
 30
0.0000
 11
21324.0000
 21
-17468.7117
 31
0.0000
  0
LINE
  5
686
  8
חשמל - מידות
 10
23148.7333
 20
-16286.2117
 30
0.0000
 11
23148.7333
 21
-17468.7117
 31
0.0000
  0
LINE
  5
687
  8
חשמל - מידות
 10
21324.0000
 20
-17408.7117
 30
0.0000
 11
23148.7333
 21
-17408.7117
 31
0.0000
  0
SOLID
  5
688
  8
חשמל - מידות
 10
21324.0000
 20
-17408.7117
 30
0.0000
 11
21209.0000
 21
-17440.7117
 31
0.0000
 12
21209.0000
 22
-17376.7117
 32
0.0000
 13
21209.0000
 23
-17376.7117
 33
0.0000
  0
SOLID
  5
689
  8
חשמל - מידות
 10
23148.7333
 20
-17408.7117
 30
0.0000
 11
23263.7333
 21
-17440.7117
 31
0.0000
 12
23263.7333
 22
-17376.7117
 32
0.0000
 13
23263.7333
 23
-17376.7117
 33
0.0000
  0
TEXT
  5
68A
  8
חשמל - מידות
 10
22236.3667
 20
-17503.7117
 30
0.0000
 40
100.0000
  1
182.5
 50
0.0000
  7
SOLINE
 72
1
 73
2
 11
22236.3667
 21
-17503.7117
 31
0.0000
  0
LINE
  5
68B
  8
חשמל - מידות
 10
23188.7333
 20
-16246.2117
 30
0.0000
 11
23436.2333
 21
-16246.2117
 31
0.0000
  0
LINE
  5
68C
  8
חשמל - מידות
 10
23188.7333
 20
-15021.2117
 30
0.0000
 11
23436.2333
 21
-15021.2117
 31
0.0000
  0
LINE
  5
68D
  8
חשמל - מידות
 10
23376.2333
 20
-16246.2117
 30
0.0000
 11
23376.2333
 21
-15021.2117
 31
0.0000
  0
SOLID
  5
68E
  8
חשמל - מידות
 10
23376.2333
 20
-16246.2117
 30
0.0000
 11
23408.2333
 21
-16361.2117
 31
0.0000
 12
23344.2333
 22
-16361.2117
 32
0.0000
 13
23344.2333
 23
-16361.2117
 33
0.0000
  0
SOLID
  5
68F
  8
חשמל - מידות
 10
23376.2333
 20
-15021.2117
 30
0.0000
 11
23408.2333
 21
-14906.2117
 31
0.0000
 12
23344.2333
 22
-14906.2117
 32
0.0000
 13
23344.2333
 23
-14906.2117
 33
0.0000
  0
TEXT
  5
690
  8
חשמל - מידות
 10
23471.2333
 20
-15633.7117
 30
0.0000
 40
100.0000
  1
122.5
 50
90.0000
  7
SOLINE
 72
1
 73
2
 11
23471.2333
 21
-15633.7117
 31
0.0000
  0
LINE
  5
691
  8
חלונות
 10
22219.2396
 20
-16246.2117
 30
0.0000
 11
24690.2396
 21
-16246.2117
 31
0.0000
  0
LINE
  5
692
  8
חלונות
 10
24690.2396
 20
-16246.2117
 30
0.0000
 11
24690.2396
 21
-13850.2117
 31
0.0000
  0
LINE
  5
693
  8
חלונות
 10
24690.2396
 20
-13850.2117
 30
0.0000
 11
22219.2396
 21
-13850.2117
 31
0.0000
  0
LINE
  5
694
  8
חלונות
 10
22219.2396
 20
-13850.2117
 30
0.0000
 11
22219.2396
 21
-16246.2117
 31
0.0000
  0
LINE
  5
695
  8
חלונות
 10
22219.2396
 20
-14712.7717
 30
0.0000
 11
24690.2396
 21
-14712.7717
 31
0.0000
  0
LINE
  5
696
  8
חלונות
 10
24690.2396
 20
-14712.7717
 30
0.0000
 11
24690.2396
 21
-15383.6517
 31
0.0000
  0
LINE
  5
697
  8
חלונות
 10
24690.2396
 20
-15383.6517
 30
0.0000
 11
22219.2396
 21
-15383.6517
 31
0.0000
  0
LINE
  5
698
  8
חלונות
 10
22219.2396
 20
-15383.6517
 30
0.0000
 11
22219.2396
 21
-14712.7717
 31
0.0000
  0
LINE
  5
699
  8
חלונות
 10
22219.2396
 20
-14940.8709
 30
0.0000
 11
24690.2396
 21
-14940.8709
 31
0.0000
  0
LINE
  5
69A
  8
חלונות
 10
22219.2396
 20
-15155.5525
 30
0.0000
 11
24690.2396
 21
-15155.5525
 31
0.0000
  0
LINE
  5
69B
  8
חלונות - מידות
 10
21324.0000
 20
-16286.2117
 30
0.0000
 11
21324.0000
 21
-17818.7117
 31
0.0000
  0
LINE
  5
69C
  8
חלונות - מידות
 10
22219.2396
 20
-16286.2117
 30
0.0000
 11
22219.2396
 21
-17818.7117
 31
0.0000
  0
LINE
  5
69D
  8
חלונות - מידות
 10
21324.0000
 20
-17758.7117
 30
0.0000
 11
22219.2396
 21
-17758.7117
 31
0.0000
  0
SOLID
  5
69E
  8
חלונות - מידות
 10
21324.0000
 20
-17758.7117
 30
0.0000
 11
21209.0000
 21
-17790.7117
 31
0.0000
 12
21209.0000
 22
-17726.7117
 32
0.0000
 13
21209.0000
 23
-17726.7117
 33
0.0000
  0
SOLID
  5
69F
  8
חלונות - מידות
 10
22219.2396
 20
-17758.7117
 30
0.0000
 11
22334.2396
 21
-17790.7117
 31
0.0000
 12
22334.2396
 22
-17726.7117
 32
0.0000
 13
22334.2396
 23
-17726.7117
 33
0.0000
  0
TEXT
  5
6A0
  8
חלונות - מידות
 10
21771.6198
 20
-17853.7117
 30
0.0000
 40
100.0000
  1
89.5
 50
0.0000
  7
SOLINE
 72
1
 73
2
 11
21771.6198
 21
-17853.7117
 31
0.0000
  0
LINE
  5
6A1
  8
חלונות - מידות
 10
22219.2396
 20
-13810.2117
 30
0.0000
 11
22219.2396
 21
-13566.7117
 31
0.0000
  0
LINE
  5
6A2
  8
חלונות - מידות
 10
24690.2396
 20
-13810.2117
 30
0.0000
 11
24690.2396
 21
-13566.7117
 31
0.0000
  0
LINE
  5
6A3
  8
חלונות - מידות
 10
22219.2396
 20
-13625.2117
 30
0.0000
 11
24690.2396
 21
-13625.2117
 31
0.0000
  0
SOLID
  5
6A4
  8
חלונות - מידות
 10
22219.2396
 20
-13625.2117
 30
0.0000
 11
22107.1146
 21
-13594.0117
 31
0.0000
 12
22107.1146
 22
-13656.4117
 32
0.0000
 13
22107.1146
 23
-13656.4117
 33
0.0000
  0
SOLID
  5
6A5
  8
חלונות - מידות
 10
24690.2396
 20
-13625.2117
 30
0.0000
 11
24802.3646
 21
-13594.0117
 31
0.0000
 12
24802.3646
 22
-13656.4117
 32
0.0000
 13
24802.3646
 23
-13656.4117
 33
0.0000
  0
TEXT
  5
6A6
  8
חלונות - מידות
 10
23454.7396
 20
-13532.5867
 30
0.0000
 40
97.5000
  1
247.1
 50
0.0000
  7
SOLINE
 72
1
 73
2
 11
23454.7396
 21
-13532.5867
 31
0.0000
  0
LINE
  5
6A7
  8
חלונות - מידות
 10
22179.2396
 20
-16246.2117
 30
0.0000
 11
21635.7396
 21
-16246.2117
 31
0.0000
  0
LINE
  5
6A8
  8
חלונות - מידות
 10
22179.2396
 20
-13850.2117
 30
0.0000
 11
21635.7396
 21
-13850.2117
 31
0.0000
  0
LINE
  5
6A9
  8
חלונות - מידות
 10
21694.2396
 20
-16246.2117
 30
0.0000
 11
21694.2396
 21
-13850.2117
 31
0.0000
  0
SOLID
  5
6AA
  8
חלונות - מידות
 10
21694.2396
 20
-16246.2117
 30
0.0000
 11
21663.0396
 21
-16358.3367
 31
0.0000
 12
21725.4396
 22
-16358.3367
 32
0.0000
 13
21725.4396
 23
-16358.3367
 33
0.0000
  0
SOLID
  5
6AB
  8
חלונות - מידות
 10
21694.2396
 20
-13850.2117
 30
0.0000
 11
21663.0396
 21
-13738.0867
 31
0.0000
 12
21725.4396
 22
-13738.0867
 32
0.0000
 13
21725.4396
 23
-13738.0867
 33
0.0000
  0
TEXT
  5
6AC
  8
חלונות - מידות
 10
21601.6146
 20
-15048.2117
 30
0.0000
 40
97.5000
  1
239.6
 50
90.0000
  7
SOLINE
 72
1
 73
2
 11
21601.6146
 21
-15048.2117
 31
0.0000
  0
LINE
  5
6AD
  8
חלונות - מידות
 10
24730.2396
 20
-16246.2117
 30
0.0000
 11
24936.2396
 21
-16246.2117
 31
0.0000
  0
LINE
  5
6AE
  8
חלונות - מידות
 10
24730.2396
 20
-13850.2117
 30
0.0000
 11
24936.2396
 21
-13850.2117
 31
0.0000
  0
LINE
  5
6AF
  8
חלונות - מידות
 10
24877.7396
 20
-16246.2117
 30
0.0000
 11
24877.7396
 21
-13850.2117
 31
0.0000
  0
SOLID
  5
6B0
  8
חלונות - מידות
 10
24877.7396
 20
-16246.2117
 30
0.0000
 11
24908.9396
 21
-16358.3367
 31
0.0000
 12
24846.5396
 22
-16358.3367
 32
0.0000
 13
24846.5396
 23
-16358.3367
 33
0.0000
  0
SOLID
  5
6B1
  8
חלונות - מידות
 10
24877.7396
 20
-13850.2117
 30
0.0000
 11
24908.9396
 21
-13738.0867
 31
0.0000
 12
24846.5396
 22
-13738.0867
 32
0.0000
 13
24846.5396
 23
-13738.0867
 33
0.0000
  0
TEXT
  5
6B2
  8
חלונות - מידות
 10
24970.3646
 20
-15048.2117
 30
0.0000
 40
97.5000
  1
239.6
 50
90.0000
  7
SOLINE
 72
1
 73
2
 11
24970.3646
 21
-15048.2117
 31
0.0000
  0
LINE
  5
6B3
  8
חלונות - מידות
 10
24730.2396
 20
-13850.2117
 30
0.0000
 11
25273.7396
 21
-13850.2117
 31
0.0000
  0
LINE
  5
6B4
  8
חלונות - מידות
 10
24730.2396
 20
-13461.2117
 30
0.0000
 11
25273.7396
 21
-13461.2117
 31
0.0000
  0
LINE
  5
6B5
  8
חלונות - מידות
 10
25215.2396
 20
-13850.2117
 30
0.0000
 11
25215.2396
 21
-13461.2117
 31
0.0000
  0
SOLID
  5
6B6
  8
חלונות - מידות
 10
25215.2396
 20
-13850.2117
 30
0.0000
 11
25246.4396
 21
-13962.3367
 31
0.0000
 12
25184.0396
 22
-13962.3367
 32
0.0000
 13
25184.0396
 23
-13962.3367
 33
0.0000
  0
SOLID
  5
6B7
  8
חלונות - מידות
 10
25215.2396
 20
-13461.2117
 30
0.0000
 11
25246.4396
 21
-13349.0867
 31
0.0000
 12
25184.0396
 22
-13349.0867
 32
0.0000
 13
25184.0396
 23
-13349.0867
 33
0.0000
  0
TEXT
  5
6B8
  8
חלונות - מידות
 10
25307.8646
 20
-13655.7117
 30
0.0000
 40
97.5000
  1
38.9
 50
90.0000
  7
SOLINE
 72
1
 73
2
 11
25307.8646
 21
-13655.7117
 31
0.0000
  0
TEXT
  5
6B9
  8
קירות - טקסט
 10
24235.0000
 20
-17183.7117
 30
0.0000
 40
162.5000
  1
W5
 50
0.0000
  7
SOLINE
 72
1
 73
2
 11
24235.0000
 21
-17183.7117
 31
0.0000
  0
LINE
  5
6BA
  8
גבול גיליון
 10
1370.0000
 20
-18233.7117
 30
0.0000
 11
27546.0000
 21
-18233.7117
 31
0.0000
  0
LINE
  5
6BB
  8
גבול גיליון
 10
27546.0000
 20
-18233.7117
 30
0.0000
 11
27546.0000
 21
-702.0000
 31
0.0000
  0
LINE
  5
6BC
  8
גבול גיליון
 10
27546.0000
 20
-702.0000
 30
0.0000
 11
1370.0000
 21
-702.0000
 31
0.0000
  0
LINE
  5
6BD
  8
גבול גיליון
 10
1370.0000
 20
-702.0000
 30
0.0000
 11
1370.0000
 21
-18233.7117
 31
0.0000
  0
ENDSEC
  0
EOF
