0
SECTION
2
HEADER
9
$ACADVER
1
AC1009
9
$INSUNITS
70
4
0
ENDSEC
0
SECTION
2
TABLES
0
TABLE
2
LTYPE
70
1
0
LTYPE
2
CONTINUOUS
70
0
3
Solid line
72
65
73
0
40
0.0
0
ENDTAB
0
TABLE
2
STYLE
70
1
0
STYLE
2
HEB
70
0
40
0.0
41
1.0
50
0.0
71
0
42
2.5
3
Arial.ttf
4

0
ENDTAB
0
TABLE
2
LAYER
70
18
0
LAYER
2
0
70
0
62
7
6
CONTINUOUS
0
LAYER
2
ELEC-SOCKETS
70
0
62
1
6
CONTINUOUS
0
LAYER
2
ELEC-SWITCHES
70
0
62
2
6
CONTINUOUS
0
LAYER
2
ELEC-APPLIANCE-OUTLETS
70
0
62
3
6
CONTINUOUS
0
LAYER
2
ELEC-PANELS-PROTECTION
70
0
62
4
6
CONTINUOUS
0
LAYER
2
LIGHTING
70
0
62
5
6
CONTINUOUS
0
LAYER
2
COMM-MULTIMEDIA
70
0
62
6
6
CONTINUOUS
0
LAYER
2
SMART-HOME-CONTROL
70
0
62
30
6
CONTINUOUS
0
LAYER
2
SAFETY-SECURITY
70
0
62
40
6
CONTINUOUS
0
LAYER
2
PLUMBING-WATER
70
0
62
50
6
CONTINUOUS
0
LAYER
2
PLUMBING-DRAINAGE
70
0
62
60
6
CONTINUOUS
0
LAYER
2
GAS
70
0
62
90
6
CONTINUOUS
0
LAYER
2
HVAC-VENTILATION
70
0
62
140
6
CONTINUOUS
0
LAYER
2
HEATING-THERMAL
70
0
62
170
6
CONTINUOUS
0
LAYER
2
RENEWABLE-ENERGY-STORAGE
70
0
62
200
6
CONTINUOUS
0
LAYER
2
ARCH-OPENINGS-STRUCTURE
70
0
62
210
6
CONTINUOUS
0
LAYER
2
FRAME
70
0
62
8
6
CONTINUOUS
0
LAYER
2
LEGEND
70
0
62
7
6
CONTINUOUS
0
ENDTAB
0
ENDSEC
0
SECTION
2
ENTITIES
0
LINE
8
FRAME
10
1407.500
20
-1487.500
30
0.0
11
1487.500
21
-1487.500
31
0.0
0
LINE
8
FRAME
10
1487.500
20
-1487.500
30
0.0
11
1487.500
21
-1407.500
31
0.0
0
LINE
8
FRAME
10
1487.500
20
-1407.500
30
0.0
11
1407.500
21
-1407.500
31
0.0
0
LINE
8
FRAME
10
1407.500
20
-1407.500
30
0.0
11
1407.500
21
-1487.500
31
0.0
0
LINE
8
ELEC-SOCKETS
10
1418.700
20
-1469.260
30
0.0
11
1476.300
21
-1469.260
31
0.0
0
LINE
8
ELEC-SOCKETS
10
1469.260
20
-1469.260
30
0.0
11
1468.220
21
-1462.540
31
0.0
0
LINE
8
ELEC-SOCKETS
10
1468.220
20
-1462.540
30
0.0
11
1465.100
21
-1456.460
31
0.0
0
LINE
8
ELEC-SOCKETS
10
1465.100
20
-1456.460
30
0.0
11
1460.300
21
-1451.660
31
0.0
0
LINE
8
ELEC-SOCKETS
10
1460.300
20
-1451.660
30
0.0
11
1454.220
21
-1448.540
31
0.0
0
LINE
8
ELEC-SOCKETS
10
1454.220
20
-1448.540
30
0.0
11
1447.500
21
-1447.500
31
0.0
0
LINE
8
ELEC-SOCKETS
10
1447.500
20
-1447.500
30
0.0
11
1440.780
21
-1448.540
31
0.0
0
LINE
8
ELEC-SOCKETS
10
1440.780
20
-1448.540
30
0.0
11
1434.700
21
-1451.660
31
0.0
0
LINE
8
ELEC-SOCKETS
10
1434.700
20
-1451.660
30
0.0
11
1429.900
21
-1456.460
31
0.0
0
LINE
8
ELEC-SOCKETS
10
1429.900
20
-1456.460
30
0.0
11
1426.780
21
-1462.540
31
0.0
0
LINE
8
ELEC-SOCKETS
10
1426.780
20
-1462.540
30
0.0
11
1425.740
21
-1469.260
31
0.0
0
LINE
8
ELEC-SOCKETS
10
1425.740
20
-1469.260
30
0.0
11
1469.260
21
-1469.260
31
0.0
0
LINE
8
ELEC-SOCKETS
10
1447.500
20
-1469.260
30
0.0
11
1447.500
21
-1447.500
31
0.0
0
TEXT
8
LEGEND
10
144.750
20
-3103.440
30
0.0
40
173.700
1
\U+05E9\U+05E7\U+05E2 \U+05D9\U+05D7\U+05D9\U+05D3
7
HEB
0
LINE
8
FRAME
10
4262.500
20
-1487.500
30
0.0
11
4422.500
21
-1487.500
31
0.0
0
LINE
8
FRAME
10
4422.500
20
-1487.500
30
0.0
11
4422.500
21
-1407.500
31
0.0
0
LINE
8
FRAME
10
4422.500
20
-1407.500
30
0.0
11
4262.500
21
-1407.500
31
0.0
0
LINE
8
FRAME
10
4262.500
20
-1407.500
30
0.0
11
4262.500
21
-1487.500
31
0.0
0
LINE
8
ELEC-SOCKETS
10
4283.620
20
-1458.380
30
0.0
11
4401.380
21
-1458.380
31
0.0
0
LINE
8
ELEC-SOCKETS
10
4336.100
20
-1458.380
30
0.0
11
4334.980
21
-1455.020
31
0.0
0
LINE
8
ELEC-SOCKETS
10
4334.980
20
-1455.020
30
0.0
11
4331.940
21
-1451.980
31
0.0
0
LINE
8
ELEC-SOCKETS
10
4331.940
20
-1451.980
30
0.0
11
4327.140
21
-1449.580
31
0.0
0
LINE
8
ELEC-SOCKETS
10
4327.140
20
-1449.580
30
0.0
11
4321.060
21
-1448.060
31
0.0
0
LINE
8
ELEC-SOCKETS
10
4321.060
20
-1448.060
30
0.0
11
4314.340
21
-1447.500
31
0.0
0
LINE
8
ELEC-SOCKETS
10
4314.340
20
-1447.500
30
0.0
11
4307.620
21
-1448.060
31
0.0
0
LINE
8
ELEC-SOCKETS
10
4307.620
20
-1448.060
30
0.0
11
4301.540
21
-1449.580
31
0.0
0
LINE
8
ELEC-SOCKETS
10
4301.540
20
-1449.580
30
0.0
11
4296.740
21
-1451.980
31
0.0
0
LINE
8
ELEC-SOCKETS
10
4296.740
20
-1451.980
30
0.0
11
4293.700
21
-1455.020
31
0.0
0
LINE
8
ELEC-SOCKETS
10
4293.700
20
-1455.020
30
0.0
11
4292.580
21
-1458.380
31
0.0
0
LINE
8
ELEC-SOCKETS
10
4292.580
20
-1458.380
30
0.0
11
4336.100
21
-1458.380
31
0.0
0
LINE
8
ELEC-SOCKETS
10
4314.340
20
-1458.380
30
0.0
11
4314.340
21
-1447.500
31
0.0
0
LINE
8
ELEC-SOCKETS
10
4392.420
20
-1458.380
30
0.0
11
4391.300
21
-1455.020
31
0.0
0
LINE
8
ELEC-SOCKETS
10
4391.300
20
-1455.020
30
0.0
11
4388.260
21
-1451.980
31
0.0
0
LINE
8
ELEC-SOCKETS
10
4388.260
20
-1451.980
30
0.0
11
4383.460
21
-1449.580
31
0.0
0
LINE
8
ELEC-SOCKETS
10
4383.460
20
-1449.580
30
0.0
11
4377.380
21
-1448.060
31
0.0
0
LINE
8
ELEC-SOCKETS
10
4377.380
20
-1448.060
30
0.0
11
4370.660
21
-1447.500
31
0.0
0
LINE
8
ELEC-SOCKETS
10
4370.660
20
-1447.500
30
0.0
11
4363.940
21
-1448.060
31
0.0
0
LINE
8
ELEC-SOCKETS
10
4363.940
20
-1448.060
30
0.0
11
4357.860
21
-1449.580
31
0.0
0
LINE
8
ELEC-SOCKETS
10
4357.860
20
-1449.580
30
0.0
11
4353.060
21
-1451.980
31
0.0
0
LINE
8
ELEC-SOCKETS
10
4353.060
20
-1451.980
30
0.0
11
4350.020
21
-1455.020
31
0.0
0
LINE
8
ELEC-SOCKETS
10
4350.020
20
-1455.020
30
0.0
11
4348.900
21
-1458.380
31
0.0
0
LINE
8
ELEC-SOCKETS
10
4348.900
20
-1458.380
30
0.0
11
4392.420
21
-1458.380
31
0.0
0
LINE
8
ELEC-SOCKETS
10
4370.660
20
-1458.380
30
0.0
11
4370.660
21
-1447.500
31
0.0
0
TEXT
8
LEGEND
10
3039.750
20
-3103.440
30
0.0
40
173.700
1
\U+05E9\U+05E7\U+05E2 \U+05DB\U+05E4\U+05D5\U+05DC
7
HEB
0
LINE
8
FRAME
10
7117.500
20
-1487.500
30
0.0
11
7357.500
21
-1487.500
31
0.0
0
LINE
8
FRAME
10
7357.500
20
-1487.500
30
0.0
11
7357.500
21
-1407.500
31
0.0
0
LINE
8
FRAME
10
7357.500
20
-1407.500
30
0.0
11
7117.500
21
-1407.500
31
0.0
0
LINE
8
FRAME
10
7117.500
20
-1407.500
30
0.0
11
7117.500
21
-1487.500
31
0.0
0
LINE
8
ELEC-SOCKETS
10
7147.260
20
-1454.780
30
0.0
11
7327.740
21
-1454.780
31
0.0
0
LINE
8
ELEC-SOCKETS
10
7195.260
20
-1454.780
30
0.0
11
7194.300
21
-1452.540
31
0.0
0
LINE
8
ELEC-SOCKETS
10
7194.300
20
-1452.540
30
0.0
11
7191.180
21
-1450.460
31
0.0
0
LINE
8
ELEC-SOCKETS
10
7191.180
20
-1450.460
30
0.0
11
7186.380
21
-1448.860
31
0.0
0
LINE
8
ELEC-SOCKETS
10
7186.380
20
-1448.860
30
0.0
11
7180.140
21
-1447.820
31
0.0
0
LINE
8
ELEC-SOCKETS
10
7180.140
20
-1447.820
30
0.0
11
7173.420
21
-1447.500
31
0.0
0
LINE
8
ELEC-SOCKETS
10
7173.420
20
-1447.500
30
0.0
11
7166.700
21
-1447.820
31
0.0
0
LINE
8
ELEC-SOCKETS
10
7166.700
20
-1447.820
30
0.0
11
7160.700
21
-1448.860
31
0.0
0
LINE
8
ELEC-SOCKETS
10
7160.700
20
-1448.860
30
0.0
11
7155.900
21
-1450.460
31
0.0
0
LINE
8
ELEC-SOCKETS
10
7155.900
20
-1450.460
30
0.0
11
7152.780
21
-1452.540
31
0.0
0
LINE
8
ELEC-SOCKETS
10
7152.780
20
-1452.540
30
0.0
11
7151.820
21
-1454.780
31
0.0
0
LINE
8
ELEC-SOCKETS
10
7151.820
20
-1454.780
30
0.0
11
7195.260
21
-1454.780
31
0.0
0
LINE
8
ELEC-SOCKETS
10
7173.420
20
-1454.780
30
0.0
11
7173.420
21
-1447.500
31
0.0
0
LINE
8
ELEC-SOCKETS
10
7259.340
20
-1454.780
30
0.0
11
7258.140
21
-1452.540
31
0.0
0
LINE
8
ELEC-SOCKETS
10
7258.140
20
-1452.540
30
0.0
11
7255.020
21
-1450.460
31
0.0
0
LINE
8
ELEC-SOCKETS
10
7255.020
20
-1450.460
30
0.0
11
7250.220
21
-1448.860
31
0.0
0
LINE
8
ELEC-SOCKETS
10
7250.220
20
-1448.860
30
0.0
11
7244.220
21
-1447.820
31
0.0
0
LINE
8
ELEC-SOCKETS
10
7244.220
20
-1447.820
30
0.0
11
7237.500
21
-1447.500
31
0.0
0
LINE
8
ELEC-SOCKETS
10
7237.500
20
-1447.500
30
0.0
11
7230.780
21
-1447.820
31
0.0
0
LINE
8
ELEC-SOCKETS
10
7230.780
20
-1447.820
30
0.0
11
7224.780
21
-1448.860
31
0.0
0
LINE
8
ELEC-SOCKETS
10
7224.780
20
-1448.860
30
0.0
11
7219.980
21
-1450.460
31
0.0
0
LINE
8
ELEC-SOCKETS
10
7219.980
20
-1450.460
30
0.0
11
7216.860
21
-1452.540
31
0.0
0
LINE
8
ELEC-SOCKETS
10
7216.860
20
-1452.540
30
0.0
11
7215.660
21
-1454.780
31
0.0
0
LINE
8
ELEC-SOCKETS
10
7215.660
20
-1454.780
30
0.0
11
7259.340
21
-1454.780
31
0.0
0
LINE
8
ELEC-SOCKETS
10
7237.500
20
-1454.780
30
0.0
11
7237.500
21
-1447.500
31
0.0
0
LINE
8
ELEC-SOCKETS
10
7323.180
20
-1454.780
30
0.0
11
7322.220
21
-1452.540
31
0.0
0
LINE
8
ELEC-SOCKETS
10
7322.220
20
-1452.540
30
0.0
11
7319.100
21
-1450.460
31
0.0
0
LINE
8
ELEC-SOCKETS
10
7319.100
20
-1450.460
30
0.0
11
7314.300
21
-1448.860
31
0.0
0
LINE
8
ELEC-SOCKETS
10
7314.300
20
-1448.860
30
0.0
11
7308.300
21
-1447.820
31
0.0
0
LINE
8
ELEC-SOCKETS
10
7308.300
20
-1447.820
30
0.0
11
7301.580
21
-1447.500
31
0.0
0
LINE
8
ELEC-SOCKETS
10
7301.580
20
-1447.500
30
0.0
11
7294.860
21
-1447.820
31
0.0
0
LINE
8
ELEC-SOCKETS
10
7294.860
20
-1447.820
30
0.0
11
7288.620
21
-1448.860
31
0.0
0
LINE
8
ELEC-SOCKETS
10
7288.620
20
-1448.860
30
0.0
11
7283.820
21
-1450.460
31
0.0
0
LINE
8
ELEC-SOCKETS
10
7283.820
20
-1450.460
30
0.0
11
7280.700
21
-1452.540
31
0.0
0
LINE
8
ELEC-SOCKETS
10
7280.700
20
-1452.540
30
0.0
11
7279.740
21
-1454.780
31
0.0
0
LINE
8
ELEC-SOCKETS
10
7279.740
20
-1454.780
30
0.0
11
7323.180
21
-1454.780
31
0.0
0
LINE
8
ELEC-SOCKETS
10
7301.580
20
-1454.780
30
0.0
11
7301.580
21
-1447.500
31
0.0
0
TEXT
8
LEGEND
10
5934.750
20
-3103.440
30
0.0
40
173.700
1
\U+05E9\U+05E7\U+05E2 \U+05DE\U+05E9\U+05D5\U+05DC\U+05E9
7
HEB
0
LINE
8
FRAME
10
10052.500
20
-1487.500
30
0.0
11
10212.500
21
-1487.500
31
0.0
0
LINE
8
FRAME
10
10212.500
20
-1487.500
30
0.0
11
10212.500
21
-1407.500
31
0.0
0
LINE
8
FRAME
10
10212.500
20
-1407.500
30
0.0
11
10052.500
21
-1407.500
31
0.0
0
LINE
8
FRAME
10
10052.500
20
-1407.500
30
0.0
11
10052.500
21
-1487.500
31
0.0
0
LINE
8
ELEC-SOCKETS
10
10073.620
20
-1459.020
30
0.0
11
10191.380
21
-1459.020
31
0.0
0
LINE
8
ELEC-SOCKETS
10
10124.820
20
-1459.020
30
0.0
11
10124.020
21
-1456.220
31
0.0
0
LINE
8
ELEC-SOCKETS
10
10124.020
20
-1456.220
30
0.0
11
10121.460
21
-1453.740
31
0.0
0
LINE
8
ELEC-SOCKETS
10
10121.460
20
-1453.740
30
0.0
11
10117.460
21
-1451.740
31
0.0
0
LINE
8
ELEC-SOCKETS
10
10117.460
20
-1451.740
30
0.0
11
10112.500
21
-1450.460
31
0.0
0
LINE
8
ELEC-SOCKETS
10
10112.500
20
-1450.460
30
0.0
11
10106.900
21
-1450.060
31
0.0
0
LINE
8
ELEC-SOCKETS
10
10106.900
20
-1450.060
30
0.0
11
10101.300
21
-1450.460
31
0.0
0
LINE
8
ELEC-SOCKETS
10
10101.300
20
-1450.460
30
0.0
11
10096.340
21
-1451.740
31
0.0
0
LINE
8
ELEC-SOCKETS
10
10096.340
20
-1451.740
30
0.0
11
10092.340
21
-1453.740
31
0.0
0
LINE
8
ELEC-SOCKETS
10
10092.340
20
-1453.740
30
0.0
11
10089.780
21
-1456.220
31
0.0
0
LINE
8
ELEC-SOCKETS
10
10089.780
20
-1456.220
30
0.0
11
10088.980
21
-1459.020
31
0.0
0
LINE
8
ELEC-SOCKETS
10
10088.980
20
-1459.020
30
0.0
11
10124.820
21
-1459.020
31
0.0
0
LINE
8
ELEC-SOCKETS
10
10106.900
20
-1459.020
30
0.0
11
10106.900
21
-1450.060
31
0.0
0
LINE
8
ELEC-SOCKETS
10
10176.020
20
-1459.020
30
0.0
11
10175.220
21
-1456.220
31
0.0
0
LINE
8
ELEC-SOCKETS
10
10175.220
20
-1456.220
30
0.0
11
10172.660
21
-1453.740
31
0.0
0
LINE
8
ELEC-SOCKETS
10
10172.660
20
-1453.740
30
0.0
11
10168.660
21
-1451.740
31
0.0
0
LINE
8
ELEC-SOCKETS
10
10168.660
20
-1451.740
30
0.0
11
10163.700
21
-1450.460
31
0.0
0
LINE
8
ELEC-SOCKETS
10
10163.700
20
-1450.460
30
0.0
11
10158.100
21
-1450.060
31
0.0
0
LINE
8
ELEC-SOCKETS
10
10158.100
20
-1450.060
30
0.0
11
10152.500
21
-1450.460
31
0.0
0
LINE
8
ELEC-SOCKETS
10
10152.500
20
-1450.460
30
0.0
11
10147.540
21
-1451.740
31
0.0
0
LINE
8
ELEC-SOCKETS
10
10147.540
20
-1451.740
30
0.0
11
10143.540
21
-1453.740
31
0.0
0
LINE
8
ELEC-SOCKETS
10
10143.540
20
-1453.740
30
0.0
11
10140.980
21
-1456.220
31
0.0
0
LINE
8
ELEC-SOCKETS
10
10140.980
20
-1456.220
30
0.0
11
10140.180
21
-1459.020
31
0.0
0
LINE
8
ELEC-SOCKETS
10
10140.180
20
-1459.020
30
0.0
11
10176.020
21
-1459.020
31
0.0
0
LINE
8
ELEC-SOCKETS
10
10158.100
20
-1459.020
30
0.0
11
10158.100
21
-1450.060
31
0.0
0
LINE
8
ELEC-SOCKETS
10
10083.860
20
-1434.700
30
0.0
11
10181.140
21
-1434.700
31
0.0
0
LINE
8
ELEC-SOCKETS
10
10083.860
20
-1434.700
30
0.0
11
10083.860
21
-1438.540
31
0.0
0
LINE
8
ELEC-SOCKETS
10
10181.140
20
-1434.700
30
0.0
11
10181.140
21
-1438.540
31
0.0
0
TEXT
8
LEGEND
10
8829.750
20
-3103.440
30
0.0
40
173.700
1
\U+05E9\U+05E7\U+05E2 \U+05DE\U+05E2\U+05DC \U+05E9\U+05D9\U+05E9 (\U+05DE\U+05D8\U+05D1\U+05D7)
7
HEB
0
LINE
8
FRAME
10
12947.500
20
-1487.500
30
0.0
11
13107.500
21
-1487.500
31
0.0
0
LINE
8
FRAME
10
13107.500
20
-1487.500
30
0.0
11
13107.500
21
-1407.500
31
0.0
0
LINE
8
FRAME
10
13107.500
20
-1407.500
30
0.0
11
12947.500
21
-1407.500
31
0.0
0
LINE
8
FRAME
10
12947.500
20
-1407.500
30
0.0
11
12947.500
21
-1487.500
31
0.0
0
LINE
8
ELEC-SOCKETS
10
12968.620
20
-1459.020
30
0.0
11
13086.380
21
-1459.020
31
0.0
0
LINE
8
ELEC-SOCKETS
10
13019.820
20
-1459.020
30
0.0
11
13019.020
21
-1456.220
31
0.0
0
LINE
8
ELEC-SOCKETS
10
13019.020
20
-1456.220
30
0.0
11
13016.460
21
-1453.740
31
0.0
0
LINE
8
ELEC-SOCKETS
10
13016.460
20
-1453.740
30
0.0
11
13012.460
21
-1451.740
31
0.0
0
LINE
8
ELEC-SOCKETS
10
13012.460
20
-1451.740
30
0.0
11
13007.500
21
-1450.460
31
0.0
0
LINE
8
ELEC-SOCKETS
10
13007.500
20
-1450.460
30
0.0
11
13001.900
21
-1450.060
31
0.0
0
LINE
8
ELEC-SOCKETS
10
13001.900
20
-1450.060
30
0.0
11
12996.300
21
-1450.460
31
0.0
0
LINE
8
ELEC-SOCKETS
10
12996.300
20
-1450.460
30
0.0
11
12991.340
21
-1451.740
31
0.0
0
LINE
8
ELEC-SOCKETS
10
12991.340
20
-1451.740
30
0.0
11
12987.340
21
-1453.740
31
0.0
0
LINE
8
ELEC-SOCKETS
10
12987.340
20
-1453.740
30
0.0
11
12984.780
21
-1456.220
31
0.0
0
LINE
8
ELEC-SOCKETS
10
12984.780
20
-1456.220
30
0.0
11
12983.980
21
-1459.020
31
0.0
0
LINE
8
ELEC-SOCKETS
10
12983.980
20
-1459.020
30
0.0
11
13019.820
21
-1459.020
31
0.0
0
LINE
8
ELEC-SOCKETS
10
13001.900
20
-1459.020
30
0.0
11
13001.900
21
-1450.060
31
0.0
0
LINE
8
ELEC-SOCKETS
10
13071.020
20
-1459.020
30
0.0
11
13070.220
21
-1456.220
31
0.0
0
LINE
8
ELEC-SOCKETS
10
13070.220
20
-1456.220
30
0.0
11
13067.660
21
-1453.740
31
0.0
0
LINE
8
ELEC-SOCKETS
10
13067.660
20
-1453.740
30
0.0
11
13063.660
21
-1451.740
31
0.0
0
LINE
8
ELEC-SOCKETS
10
13063.660
20
-1451.740
30
0.0
11
13058.700
21
-1450.460
31
0.0
0
LINE
8
ELEC-SOCKETS
10
13058.700
20
-1450.460
30
0.0
11
13053.100
21
-1450.060
31
0.0
0
LINE
8
ELEC-SOCKETS
10
13053.100
20
-1450.060
30
0.0
11
13047.500
21
-1450.460
31
0.0
0
LINE
8
ELEC-SOCKETS
10
13047.500
20
-1450.460
30
0.0
11
13042.540
21
-1451.740
31
0.0
0
LINE
8
ELEC-SOCKETS
10
13042.540
20
-1451.740
30
0.0
11
13038.540
21
-1453.740
31
0.0
0
LINE
8
ELEC-SOCKETS
10
13038.540
20
-1453.740
30
0.0
11
13035.980
21
-1456.220
31
0.0
0
LINE
8
ELEC-SOCKETS
10
13035.980
20
-1456.220
30
0.0
11
13035.180
21
-1459.020
31
0.0
0
LINE
8
ELEC-SOCKETS
10
13035.180
20
-1459.020
30
0.0
11
13071.020
21
-1459.020
31
0.0
0
LINE
8
ELEC-SOCKETS
10
13053.100
20
-1459.020
30
0.0
11
13053.100
21
-1450.060
31
0.0
0
LINE
8
ELEC-SOCKETS
10
12976.300
20
-1434.700
30
0.0
11
13078.700
21
-1434.700
31
0.0
0
LINE
8
ELEC-SOCKETS
10
12976.300
20
-1434.700
30
0.0
11
12976.300
21
-1437.900
31
0.0
0
LINE
8
ELEC-SOCKETS
10
13078.700
20
-1434.700
30
0.0
11
13078.700
21
-1437.900
31
0.0
0
LINE
8
ELEC-SOCKETS
10
13022.380
20
-1439.500
30
0.0
11
13032.620
21
-1439.500
31
0.0
0
LINE
8
ELEC-SOCKETS
10
13023.820
20
-1441.340
30
0.0
11
13031.180
21
-1437.660
31
0.0
0
LINE
8
ELEC-SOCKETS
10
13027.500
20
-1442.060
30
0.0
11
13027.500
21
-1436.940
31
0.0
0
LINE
8
ELEC-SOCKETS
10
13031.180
20
-1441.340
30
0.0
11
13023.820
21
-1437.660
31
0.0
0
TEXT
8
LEGEND
10
11724.750
20
-3103.440
30
0.0
40
173.700
1
\U+05E9\U+05E7\U+05E2 \U+05E9\U+05D9\U+05E8\U+05D5\U+05EA
7
HEB
0
LINE
8
FRAME
10
15872.500
20
-1497.500
30
0.0
11
15972.500
21
-1497.500
31
0.0
0
LINE
8
FRAME
10
15972.500
20
-1497.500
30
0.0
11
15972.500
21
-1397.500
31
0.0
0
LINE
8
FRAME
10
15972.500
20
-1397.500
30
0.0
11
15872.500
21
-1397.500
31
0.0
0
LINE
8
FRAME
10
15872.500
20
-1397.500
30
0.0
11
15872.500
21
-1497.500
31
0.0
0
LINE
8
ELEC-SOCKETS
10
15886.500
20
-1459.500
30
0.0
11
15958.500
21
-1459.500
31
0.0
0
LINE
8
ELEC-SOCKETS
10
15910.500
20
-1459.500
30
0.0
11
15934.500
21
-1459.500
31
0.0
0
LINE
8
ELEC-SOCKETS
10
15934.500
20
-1459.500
30
0.0
11
15934.500
21
-1429.900
31
0.0
0
LINE
8
ELEC-SOCKETS
10
15934.500
20
-1429.900
30
0.0
11
15910.500
21
-1429.900
31
0.0
0
LINE
8
ELEC-SOCKETS
10
15910.500
20
-1429.900
30
0.0
11
15910.500
21
-1459.500
31
0.0
0
LINE
8
ELEC-SOCKETS
10
15916.100
20
-1447.500
30
0.0
11
15928.900
21
-1447.500
31
0.0
0
LINE
8
ELEC-SOCKETS
10
15922.500
20
-1429.900
30
0.0
11
15922.500
21
-1411.500
31
0.0
0
LINE
8
ELEC-SOCKETS
10
15922.500
20
-1411.500
30
0.0
11
15925.900
21
-1418.800
31
0.0
0
LINE
8
ELEC-SOCKETS
10
15922.500
20
-1411.500
30
0.0
11
15919.100
21
-1418.800
31
0.0
0
TEXT
8
LEGEND
10
14619.750
20
-3103.440
30
0.0
40
173.700
1
\U+05E9\U+05E7\U+05E2 \U+05E4\U+05D5\U+05E4\U+05D0\U+05E4 (\U+05E0\U+05E9\U+05DC\U+05E3 \U+05DE\U+05E9\U+05D9\U+05E9)
7
HEB
0
LINE
8
FRAME
10
18730.000
20
-1482.500
30
0.0
11
18905.000
21
-1482.500
31
0.0
0
LINE
8
FRAME
10
18905.000
20
-1482.500
30
0.0
11
18905.000
21
-1412.500
31
0.0
0
LINE
8
FRAME
10
18905.000
20
-1412.500
30
0.0
11
18730.000
21
-1412.500
31
0.0
0
LINE
8
FRAME
10
18730.000
20
-1412.500
30
0.0
11
18730.000
21
-1482.500
31
0.0
0
LINE
8
ELEC-SOCKETS
10
18754.500
20
-1454.220
30
0.0
11
18880.500
21
-1454.220
31
0.0
0
LINE
8
ELEC-SOCKETS
10
18845.500
20
-1454.220
30
0.0
11
18844.100
21
-1450.790
31
0.0
0
LINE
8
ELEC-SOCKETS
10
18844.100
20
-1450.790
30
0.0
11
18840.075
21
-1447.640
31
0.0
0
LINE
8
ELEC-SOCKETS
10
18840.075
20
-1447.640
30
0.0
11
18833.950
21
-1445.190
31
0.0
0
LINE
8
ELEC-SOCKETS
10
18833.950
20
-1445.190
30
0.0
11
18826.075
21
-1443.580
31
0.0
0
LINE
8
ELEC-SOCKETS
10
18826.075
20
-1443.580
30
0.0
11
18817.500
21
-1443.020
31
0.0
0
LINE
8
ELEC-SOCKETS
10
18817.500
20
-1443.020
30
0.0
11
18808.925
21
-1443.580
31
0.0
0
LINE
8
ELEC-SOCKETS
10
18808.925
20
-1443.580
30
0.0
11
18801.050
21
-1445.190
31
0.0
0
LINE
8
ELEC-SOCKETS
10
18801.050
20
-1445.190
30
0.0
11
18794.925
21
-1447.640
31
0.0
0
LINE
8
ELEC-SOCKETS
10
18794.925
20
-1447.640
30
0.0
11
18790.900
21
-1450.790
31
0.0
0
LINE
8
ELEC-SOCKETS
10
18790.900
20
-1450.790
30
0.0
11
18789.500
21
-1454.220
31
0.0
0
LINE
8
ELEC-SOCKETS
10
18789.500
20
-1454.220
30
0.0
11
18845.500
21
-1454.220
31
0.0
0
LINE
8
ELEC-SOCKETS
10
18817.500
20
-1454.220
30
0.0
11
18817.500
21
-1443.020
31
0.0
0
LINE
8
ELEC-SOCKETS
10
18858.100
20
-1449.880
30
0.0
11
18854.775
21
-1446.450
31
0.0
0
LINE
8
ELEC-SOCKETS
10
18854.775
20
-1446.450
30
0.0
11
18849.700
21
-1443.440
31
0.0
0
LINE
8
ELEC-SOCKETS
10
18849.700
20
-1443.440
30
0.0
11
18843.050
21
-1440.920
31
0.0
0
LINE
8
ELEC-SOCKETS
10
18843.050
20
-1440.920
30
0.0
11
18835.175
21
-1438.960
31
0.0
0
LINE
8
ELEC-SOCKETS
10
18835.175
20
-1438.960
30
0.0
11
18826.600
21
-1437.840
31
0.0
0
LINE
8
ELEC-SOCKETS
10
18826.600
20
-1437.840
30
0.0
11
18817.500
21
-1437.420
31
0.0
0
LINE
8
ELEC-SOCKETS
10
18817.500
20
-1437.420
30
0.0
11
18808.400
21
-1437.840
31
0.0
0
LINE
8
ELEC-SOCKETS
10
18808.400
20
-1437.840
30
0.0
11
18799.825
21
-1438.960
31
0.0
0
LINE
8
ELEC-SOCKETS
10
18799.825
20
-1438.960
30
0.0
11
18791.950
21
-1440.920
31
0.0
0
LINE
8
ELEC-SOCKETS
10
18791.950
20
-1440.920
30
0.0
11
18785.300
21
-1443.440
31
0.0
0
LINE
8
ELEC-SOCKETS
10
18785.300
20
-1443.440
30
0.0
11
18780.225
21
-1446.450
31
0.0
0
LINE
8
ELEC-SOCKETS
10
18780.225
20
-1446.450
30
0.0
11
18776.900
21
-1449.880
31
0.0
0
LINE
8
ELEC-SOCKETS
10
18776.900
20
-1449.880
30
0.0
11
18789.500
21
-1454.220
31
0.0
0
LINE
8
ELEC-SOCKETS
10
18858.100
20
-1449.880
30
0.0
11
18845.500
21
-1454.220
31
0.0
0
TEXT
8
LEGEND
10
17514.750
20
-3103.440
30
0.0
40
173.700
1
\U+05E9\U+05E7\U+05E2 \U+05DE\U+05D5\U+05D2\U+05DF \U+05DE\U+05D9\U+05DD IP44
7
HEB
0
LINE
8
FRAME
10
21662.500
20
-1497.500
30
0.0
11
21762.500
21
-1497.500
31
0.0
0
LINE
8
FRAME
10
21762.500
20
-1497.500
30
0.0
11
21762.500
21
-1397.500
31
0.0
0
LINE
8
FRAME
10
21762.500
20
-1397.500
30
0.0
11
21662.500
21
-1397.500
31
0.0
0
LINE
8
FRAME
10
21662.500
20
-1397.500
30
0.0
11
21662.500
21
-1497.500
31
0.0
0
LINE
8
ELEC-SOCKETS
10
21741.300
20
-1447.500
30
0.0
11
21739.100
21
-1436.500
31
0.0
0
LINE
8
ELEC-SOCKETS
10
21739.100
20
-1436.500
30
0.0
11
21732.900
21
-1427.100
31
0.0
0
LINE
8
ELEC-SOCKETS
10
21732.900
20
-1427.100
30
0.0
11
21723.500
21
-1420.900
31
0.0
0
LINE
8
ELEC-SOCKETS
10
21723.500
20
-1420.900
30
0.0
11
21712.500
21
-1418.700
31
0.0
0
LINE
8
ELEC-SOCKETS
10
21712.500
20
-1418.700
30
0.0
11
21701.500
21
-1420.900
31
0.0
0
LINE
8
ELEC-SOCKETS
10
21701.500
20
-1420.900
30
0.0
11
21692.100
21
-1427.100
31
0.0
0
LINE
8
ELEC-SOCKETS
10
21692.100
20
-1427.100
30
0.0
11
21685.900
21
-1436.500
31
0.0
0
LINE
8
ELEC-SOCKETS
10
21685.900
20
-1436.500
30
0.0
11
21683.700
21
-1447.500
31
0.0
0
LINE
8
ELEC-SOCKETS
10
21683.700
20
-1447.500
30
0.0
11
21685.900
21
-1458.500
31
0.0
0
LINE
8
ELEC-SOCKETS
10
21685.900
20
-1458.500
30
0.0
11
21692.100
21
-1467.900
31
0.0
0
LINE
8
ELEC-SOCKETS
10
21692.100
20
-1467.900
30
0.0
11
21701.500
21
-1474.100
31
0.0
0
LINE
8
ELEC-SOCKETS
10
21701.500
20
-1474.100
30
0.0
11
21712.500
21
-1476.300
31
0.0
0
LINE
8
ELEC-SOCKETS
10
21712.500
20
-1476.300
30
0.0
11
21723.500
21
-1474.100
31
0.0
0
LINE
8
ELEC-SOCKETS
10
21723.500
20
-1474.100
30
0.0
11
21732.900
21
-1467.900
31
0.0
0
LINE
8
ELEC-SOCKETS
10
21732.900
20
-1467.900
30
0.0
11
21739.100
21
-1458.500
31
0.0
0
LINE
8
ELEC-SOCKETS
10
21739.100
20
-1458.500
30
0.0
11
21741.300
21
-1447.500
31
0.0
0
LINE
8
ELEC-SOCKETS
10
21712.500
20
-1447.500
30
0.0
11
21712.500
21
-1418.700
31
0.0
0
LINE
8
ELEC-SOCKETS
10
21712.500
20
-1447.500
30
0.0
11
21687.600
21
-1461.900
31
0.0
0
LINE
8
ELEC-SOCKETS
10
21712.500
20
-1447.500
30
0.0
11
21737.400
21
-1461.900
31
0.0
0
TEXT
8
LEGEND
10
20409.750
20
-3103.440
30
0.0
40
173.700
1
\U+05E9\U+05E7\U+05E2 \U+05DB\U+05D5\U+05D7 \U+05EA\U+05DC\U+05EA-\U+05E4\U+05D0\U+05D6\U+05D9
7
HEB
0
LINE
8
FRAME
10
24567.500
20
-1487.500
30
0.0
11
24647.500
21
-1487.500
31
0.0
0
LINE
8
FRAME
10
24647.500
20
-1487.500
30
0.0
11
24647.500
21
-1407.500
31
0.0
0
LINE
8
FRAME
10
24647.500
20
-1407.500
30
0.0
11
24567.500
21
-1407.500
31
0.0
0
LINE
8
FRAME
10
24567.500
20
-1407.500
30
0.0
11
24567.500
21
-1487.500
31
0.0
0
LINE
8
ELEC-SOCKETS
10
24580.620
20
-1474.380
30
0.0
11
24634.380
21
-1474.380
31
0.0
0
LINE
8
ELEC-SOCKETS
10
24634.380
20
-1474.380
30
0.0
11
24634.380
21
-1420.620
31
0.0
0
LINE
8
ELEC-SOCKETS
10
24634.380
20
-1420.620
30
0.0
11
24580.620
21
-1420.620
31
0.0
0
LINE
8
ELEC-SOCKETS
10
24580.620
20
-1420.620
30
0.0
11
24580.620
21
-1474.380
31
0.0
0
LINE
8
ELEC-SOCKETS
10
24607.500
20
-1461.580
30
0.0
11
24607.500
21
-1433.420
31
0.0
0
LINE
8
ELEC-SOCKETS
10
24605.580
20
-1459.020
30
0.0
11
24607.500
21
-1462.860
31
0.0
0
LINE
8
ELEC-SOCKETS
10
24607.500
20
-1462.860
30
0.0
11
24609.420
21
-1459.020
31
0.0
0
LINE
8
ELEC-SOCKETS
10
24607.500
20
-1444.300
30
0.0
11
24597.900
21
-1450.700
31
0.0
0
LINE
8
ELEC-SOCKETS
10
24599.820
20
-1450.700
30
0.0
11
24599.260
21
-1449.340
31
0.0
0
LINE
8
ELEC-SOCKETS
10
24599.260
20
-1449.340
30
0.0
11
24597.900
21
-1448.780
31
0.0
0
LINE
8
ELEC-SOCKETS
10
24597.900
20
-1448.780
30
0.0
11
24596.540
21
-1449.340
31
0.0
0
LINE
8
ELEC-SOCKETS
10
24596.540
20
-1449.340
30
0.0
11
24595.980
21
-1450.700
31
0.0
0
LINE
8
ELEC-SOCKETS
10
24595.980
20
-1450.700
30
0.0
11
24596.540
21
-1452.060
31
0.0
0
LINE
8
ELEC-SOCKETS
10
24596.540
20
-1452.060
30
0.0
11
24597.900
21
-1452.620
31
0.0
0
LINE
8
ELEC-SOCKETS
10
24597.900
20
-1452.620
30
0.0
11
24599.260
21
-1452.060
31
0.0
0
LINE
8
ELEC-SOCKETS
10
24599.260
20
-1452.060
30
0.0
11
24599.820
21
-1450.700
31
0.0
0
LINE
8
ELEC-SOCKETS
10
24607.500
20
-1447.500
30
0.0
11
24617.100
21
-1453.900
31
0.0
0
LINE
8
ELEC-SOCKETS
10
24614.540
20
-1456.460
30
0.0
11
24619.660
21
-1456.460
31
0.0
0
LINE
8
ELEC-SOCKETS
10
24619.660
20
-1456.460
30
0.0
11
24619.660
21
-1451.340
31
0.0
0
LINE
8
ELEC-SOCKETS
10
24619.660
20
-1451.340
30
0.0
11
24614.540
21
-1451.340
31
0.0
0
LINE
8
ELEC-SOCKETS
10
24614.540
20
-1451.340
30
0.0
11
24614.540
21
-1456.460
31
0.0
0
TEXT
8
LEGEND
10
23304.750
20
-3103.440
30
0.0
40
173.700
1
\U+05E9\U+05E7\U+05E2 USB / USB-C \U+05DE\U+05E9\U+05D5\U+05DC\U+05D1
7
HEB
0
LINE
8
FRAME
10
27442.500
20
-1507.500
30
0.0
11
27562.500
21
-1507.500
31
0.0
0
LINE
8
FRAME
10
27562.500
20
-1507.500
30
0.0
11
27562.500
21
-1387.500
31
0.0
0
LINE
8
FRAME
10
27562.500
20
-1387.500
30
0.0
11
27442.500
21
-1387.500
31
0.0
0
LINE
8
FRAME
10
27442.500
20
-1387.500
30
0.0
11
27442.500
21
-1507.500
31
0.0
0
LINE
8
ELEC-SOCKETS
10
27466.020
20
-1483.980
30
0.0
11
27538.980
21
-1483.980
31
0.0
0
LINE
8
ELEC-SOCKETS
10
27538.980
20
-1483.980
30
0.0
11
27538.980
21
-1411.020
31
0.0
0
LINE
8
ELEC-SOCKETS
10
27538.980
20
-1411.020
30
0.0
11
27466.020
21
-1411.020
31
0.0
0
LINE
8
ELEC-SOCKETS
10
27466.020
20
-1411.020
30
0.0
11
27466.020
21
-1483.980
31
0.0
0
LINE
8
ELEC-SOCKETS
10
27477.540
20
-1472.460
30
0.0
11
27527.460
21
-1472.460
31
0.0
0
LINE
8
ELEC-SOCKETS
10
27527.460
20
-1472.460
30
0.0
11
27527.460
21
-1422.540
31
0.0
0
LINE
8
ELEC-SOCKETS
10
27527.460
20
-1422.540
30
0.0
11
27477.540
21
-1422.540
31
0.0
0
LINE
8
ELEC-SOCKETS
10
27477.540
20
-1422.540
30
0.0
11
27477.540
21
-1472.460
31
0.0
0
LINE
8
ELEC-SOCKETS
10
27477.540
20
-1472.460
30
0.0
11
27527.460
21
-1422.540
31
0.0
0
LINE
8
ELEC-SOCKETS
10
27477.540
20
-1422.540
30
0.0
11
27527.460
21
-1472.460
31
0.0
0
LINE
8
ELEC-SOCKETS
10
27508.260
20
-1447.500
30
0.0
11
27507.540
21
-1444.620
31
0.0
0
LINE
8
ELEC-SOCKETS
10
27507.540
20
-1444.620
30
0.0
11
27505.380
21
-1442.460
31
0.0
0
LINE
8
ELEC-SOCKETS
10
27505.380
20
-1442.460
30
0.0
11
27502.500
21
-1441.740
31
0.0
0
LINE
8
ELEC-SOCKETS
10
27502.500
20
-1441.740
30
0.0
11
27499.620
21
-1442.460
31
0.0
0
LINE
8
ELEC-SOCKETS
10
27499.620
20
-1442.460
30
0.0
11
27497.460
21
-1444.620
31
0.0
0
LINE
8
ELEC-SOCKETS
10
27497.460
20
-1444.620
30
0.0
11
27496.740
21
-1447.500
31
0.0
0
LINE
8
ELEC-SOCKETS
10
27496.740
20
-1447.500
30
0.0
11
27497.460
21
-1450.380
31
0.0
0
LINE
8
ELEC-SOCKETS
10
27497.460
20
-1450.380
30
0.0
11
27499.620
21
-1452.540
31
0.0
0
LINE
8
ELEC-SOCKETS
10
27499.620
20
-1452.540
30
0.0
11
27502.500
21
-1453.260
31
0.0
0
LINE
8
ELEC-SOCKETS
10
27502.500
20
-1453.260
30
0.0
11
27505.380
21
-1452.540
31
0.0
0
LINE
8
ELEC-SOCKETS
10
27505.380
20
-1452.540
30
0.0
11
27507.540
21
-1450.380
31
0.0
0
LINE
8
ELEC-SOCKETS
10
27507.540
20
-1450.380
30
0.0
11
27508.260
21
-1447.500
31
0.0
0
TEXT
8
LEGEND
10
26199.750
20
-3103.440
30
0.0
40
173.700
1
\U+05E9\U+05E7\U+05E2 \U+05E8\U+05E6\U+05E4\U+05D4 (\U+05E7\U+05D5\U+05E4\U+05E1\U+05EA \U+05E8\U+05E6\U+05E4\U+05D4)
7
HEB
0
LINE
8
FRAME
10
30357.500
20
-1487.500
30
0.0
11
30437.500
21
-1487.500
31
0.0
0
LINE
8
FRAME
10
30437.500
20
-1487.500
30
0.0
11
30437.500
21
-1407.500
31
0.0
0
LINE
8
FRAME
10
30437.500
20
-1407.500
30
0.0
11
30357.500
21
-1407.500
31
0.0
0
LINE
8
FRAME
10
30357.500
20
-1407.500
30
0.0
11
30357.500
21
-1487.500
31
0.0
0
LINE
8
ELEC-SWITCHES
10
30391.100
20
-1461.580
30
0.0
11
30390.060
21
-1457.740
31
0.0
0
LINE
8
ELEC-SWITCHES
10
30390.060
20
-1457.740
30
0.0
11
30387.260
21
-1454.940
31
0.0
0
LINE
8
ELEC-SWITCHES
10
30387.260
20
-1454.940
30
0.0
11
30383.420
21
-1453.900
31
0.0
0
LINE
8
ELEC-SWITCHES
10
30383.420
20
-1453.900
30
0.0
11
30379.580
21
-1454.940
31
0.0
0
LINE
8
ELEC-SWITCHES
10
30379.580
20
-1454.940
30
0.0
11
30376.780
21
-1457.740
31
0.0
0
LINE
8
ELEC-SWITCHES
10
30376.780
20
-1457.740
30
0.0
11
30375.740
21
-1461.580
31
0.0
0
LINE
8
ELEC-SWITCHES
10
30375.740
20
-1461.580
30
0.0
11
30376.780
21
-1465.420
31
0.0
0
LINE
8
ELEC-SWITCHES
10
30376.780
20
-1465.420
30
0.0
11
30379.580
21
-1468.220
31
0.0
0
LINE
8
ELEC-SWITCHES
10
30379.580
20
-1468.220
30
0.0
11
30383.420
21
-1469.260
31
0.0
0
LINE
8
ELEC-SWITCHES
10
30383.420
20
-1469.260
30
0.0
11
30387.260
21
-1468.220
31
0.0
0
LINE
8
ELEC-SWITCHES
10
30387.260
20
-1468.220
30
0.0
11
30390.060
21
-1465.420
31
0.0
0
LINE
8
ELEC-SWITCHES
10
30390.060
20
-1465.420
30
0.0
11
30391.100
21
-1461.580
31
0.0
0
LINE
8
ELEC-SWITCHES
10
30383.420
20
-1461.580
30
0.0
11
30406.140
21
-1429.100
31
0.0
0
TEXT
8
LEGEND
10
29094.750
20
-3103.440
30
0.0
40
173.700
1
\U+05DE\U+05E4\U+05E1\U+05E7 \U+05D7\U+05D3-\U+05E7\U+05D5\U+05D8\U+05D1\U+05D9
7
HEB
0
LINE
8
FRAME
10
33252.500
20
-1487.500
30
0.0
11
33332.500
21
-1487.500
31
0.0
0
LINE
8
FRAME
10
33332.500
20
-1487.500
30
0.0
11
33332.500
21
-1407.500
31
0.0
0
LINE
8
FRAME
10
33332.500
20
-1407.500
30
0.0
11
33252.500
21
-1407.500
31
0.0
0
LINE
8
FRAME
10
33252.500
20
-1407.500
30
0.0
11
33252.500
21
-1487.500
31
0.0
0
LINE
8
ELEC-SWITCHES
10
33286.100
20
-1461.580
30
0.0
11
33285.060
21
-1457.740
31
0.0
0
LINE
8
ELEC-SWITCHES
10
33285.060
20
-1457.740
30
0.0
11
33282.260
21
-1454.940
31
0.0
0
LINE
8
ELEC-SWITCHES
10
33282.260
20
-1454.940
30
0.0
11
33278.420
21
-1453.900
31
0.0
0
LINE
8
ELEC-SWITCHES
10
33278.420
20
-1453.900
30
0.0
11
33274.580
21
-1454.940
31
0.0
0
LINE
8
ELEC-SWITCHES
10
33274.580
20
-1454.940
30
0.0
11
33271.780
21
-1457.740
31
0.0
0
LINE
8
ELEC-SWITCHES
10
33271.780
20
-1457.740
30
0.0
11
33270.740
21
-1461.580
31
0.0
0
LINE
8
ELEC-SWITCHES
10
33270.740
20
-1461.580
30
0.0
11
33271.780
21
-1465.420
31
0.0
0
LINE
8
ELEC-SWITCHES
10
33271.780
20
-1465.420
30
0.0
11
33274.580
21
-1468.220
31
0.0
0
LINE
8
ELEC-SWITCHES
10
33274.580
20
-1468.220
30
0.0
11
33278.420
21
-1469.260
31
0.0
0
LINE
8
ELEC-SWITCHES
10
33278.420
20
-1469.260
30
0.0
11
33282.260
21
-1468.220
31
0.0
0
LINE
8
ELEC-SWITCHES
10
33282.260
20
-1468.220
30
0.0
11
33285.060
21
-1465.420
31
0.0
0
LINE
8
ELEC-SWITCHES
10
33285.060
20
-1465.420
30
0.0
11
33286.100
21
-1461.580
31
0.0
0
LINE
8
ELEC-SWITCHES
10
33278.420
20
-1461.580
30
0.0
11
33303.140
21
-1432.140
31
0.0
0
LINE
8
ELEC-SWITCHES
10
33286.100
20
-1463.900
30
0.0
11
33310.820
21
-1434.460
31
0.0
0
TEXT
8
LEGEND
10
31989.750
20
-3103.440
30
0.0
40
173.700
1
\U+05DE\U+05E4\U+05E1\U+05E7 \U+05D3\U+05D5-\U+05E7\U+05D5\U+05D8\U+05D1\U+05D9 / \U+05DB\U+05E4\U+05D5\U+05DC
7
HEB
0
LINE
8
FRAME
10
1407.500
20
-4382.500
30
0.0
11
1487.500
21
-4382.500
31
0.0
0
LINE
8
FRAME
10
1487.500
20
-4382.500
30
0.0
11
1487.500
21
-4302.500
31
0.0
0
LINE
8
FRAME
10
1487.500
20
-4302.500
30
0.0
11
1407.500
21
-4302.500
31
0.0
0
LINE
8
FRAME
10
1407.500
20
-4302.500
30
0.0
11
1407.500
21
-4382.500
31
0.0
0
LINE
8
ELEC-SWITCHES
10
1441.100
20
-4356.580
30
0.0
11
1440.060
21
-4352.740
31
0.0
0
LINE
8
ELEC-SWITCHES
10
1440.060
20
-4352.740
30
0.0
11
1437.260
21
-4349.940
31
0.0
0
LINE
8
ELEC-SWITCHES
10
1437.260
20
-4349.940
30
0.0
11
1433.420
21
-4348.900
31
0.0
0
LINE
8
ELEC-SWITCHES
10
1433.420
20
-4348.900
30
0.0
11
1429.580
21
-4349.940
31
0.0
0
LINE
8
ELEC-SWITCHES
10
1429.580
20
-4349.940
30
0.0
11
1426.780
21
-4352.740
31
0.0
0
LINE
8
ELEC-SWITCHES
10
1426.780
20
-4352.740
30
0.0
11
1425.740
21
-4356.580
31
0.0
0
LINE
8
ELEC-SWITCHES
10
1425.740
20
-4356.580
30
0.0
11
1426.780
21
-4360.420
31
0.0
0
LINE
8
ELEC-SWITCHES
10
1426.780
20
-4360.420
30
0.0
11
1429.580
21
-4363.220
31
0.0
0
LINE
8
ELEC-SWITCHES
10
1429.580
20
-4363.220
30
0.0
11
1433.420
21
-4364.260
31
0.0
0
LINE
8
ELEC-SWITCHES
10
1433.420
20
-4364.260
30
0.0
11
1437.260
21
-4363.220
31
0.0
0
LINE
8
ELEC-SWITCHES
10
1437.260
20
-4363.220
30
0.0
11
1440.060
21
-4360.420
31
0.0
0
LINE
8
ELEC-SWITCHES
10
1440.060
20
-4360.420
30
0.0
11
1441.100
21
-4356.580
31
0.0
0
LINE
8
ELEC-SWITCHES
10
1433.420
20
-4356.580
30
0.0
11
1456.940
21
-4330.420
31
0.0
0
LINE
8
ELEC-SWITCHES
10
1440.300
20
-4358.500
30
0.0
11
1463.900
21
-4332.340
31
0.0
0
LINE
8
ELEC-SWITCHES
10
1447.260
20
-4360.420
30
0.0
11
1470.780
21
-4334.260
31
0.0
0
TEXT
8
LEGEND
10
144.750
20
-5998.440
30
0.0
40
173.700
1
\U+05DE\U+05E4\U+05E1\U+05E7 \U+05EA\U+05DC\U+05EA-\U+05E7\U+05D5\U+05D8\U+05D1\U+05D9
7
HEB
0
LINE
8
FRAME
10
4302.500
20
-4382.500
30
0.0
11
4382.500
21
-4382.500
31
0.0
0
LINE
8
FRAME
10
4382.500
20
-4382.500
30
0.0
11
4382.500
21
-4302.500
31
0.0
0
LINE
8
FRAME
10
4382.500
20
-4302.500
30
0.0
11
4302.500
21
-4302.500
31
0.0
0
LINE
8
FRAME
10
4302.500
20
-4302.500
30
0.0
11
4302.500
21
-4382.500
31
0.0
0
LINE
8
ELEC-SWITCHES
10
4336.100
20
-4356.580
30
0.0
11
4335.060
21
-4352.740
31
0.0
0
LINE
8
ELEC-SWITCHES
10
4335.060
20
-4352.740
30
0.0
11
4332.260
21
-4349.940
31
0.0
0
LINE
8
ELEC-SWITCHES
10
4332.260
20
-4349.940
30
0.0
11
4328.420
21
-4348.900
31
0.0
0
LINE
8
ELEC-SWITCHES
10
4328.420
20
-4348.900
30
0.0
11
4324.580
21
-4349.940
31
0.0
0
LINE
8
ELEC-SWITCHES
10
4324.580
20
-4349.940
30
0.0
11
4321.780
21
-4352.740
31
0.0
0
LINE
8
ELEC-SWITCHES
10
4321.780
20
-4352.740
30
0.0
11
4320.740
21
-4356.580
31
0.0
0
LINE
8
ELEC-SWITCHES
10
4320.740
20
-4356.580
30
0.0
11
4321.780
21
-4360.420
31
0.0
0
LINE
8
ELEC-SWITCHES
10
4321.780
20
-4360.420
30
0.0
11
4324.580
21
-4363.220
31
0.0
0
LINE
8
ELEC-SWITCHES
10
4324.580
20
-4363.220
30
0.0
11
4328.420
21
-4364.260
31
0.0
0
LINE
8
ELEC-SWITCHES
10
4328.420
20
-4364.260
30
0.0
11
4332.260
21
-4363.220
31
0.0
0
LINE
8
ELEC-SWITCHES
10
4332.260
20
-4363.220
30
0.0
11
4335.060
21
-4360.420
31
0.0
0
LINE
8
ELEC-SWITCHES
10
4335.060
20
-4360.420
30
0.0
11
4336.100
21
-4356.580
31
0.0
0
LINE
8
ELEC-SWITCHES
10
4328.420
20
-4356.580
30
0.0
11
4351.140
21
-4324.100
31
0.0
0
LINE
8
ELEC-SWITCHES
10
4351.140
20
-4324.100
30
0.0
11
4344.740
21
-4324.100
31
0.0
0
LINE
8
ELEC-SWITCHES
10
4351.140
20
-4324.100
30
0.0
11
4351.140
21
-4330.500
31
0.0
0
TEXT
8
LEGEND
10
3039.750
20
-5998.440
30
0.0
40
173.700
1
\U+05DE\U+05E4\U+05E1\U+05E7 \U+05DE\U+05D7\U+05DC\U+05D9\U+05E3 (\U+05D7\U+05D9\U+05DC\U+05D5\U+05E3)
7
HEB
0
LINE
8
FRAME
10
7197.500
20
-4382.500
30
0.0
11
7277.500
21
-4382.500
31
0.0
0
LINE
8
FRAME
10
7277.500
20
-4382.500
30
0.0
11
7277.500
21
-4302.500
31
0.0
0
LINE
8
FRAME
10
7277.500
20
-4302.500
30
0.0
11
7197.500
21
-4302.500
31
0.0
0
LINE
8
FRAME
10
7197.500
20
-4302.500
30
0.0
11
7197.500
21
-4382.500
31
0.0
0
LINE
8
ELEC-SWITCHES
10
7231.100
20
-4356.580
30
0.0
11
7230.060
21
-4352.740
31
0.0
0
LINE
8
ELEC-SWITCHES
10
7230.060
20
-4352.740
30
0.0
11
7227.260
21
-4349.940
31
0.0
0
LINE
8
ELEC-SWITCHES
10
7227.260
20
-4349.940
30
0.0
11
7223.420
21
-4348.900
31
0.0
0
LINE
8
ELEC-SWITCHES
10
7223.420
20
-4348.900
30
0.0
11
7219.580
21
-4349.940
31
0.0
0
LINE
8
ELEC-SWITCHES
10
7219.580
20
-4349.940
30
0.0
11
7216.780
21
-4352.740
31
0.0
0
LINE
8
ELEC-SWITCHES
10
7216.780
20
-4352.740
30
0.0
11
7215.740
21
-4356.580
31
0.0
0
LINE
8
ELEC-SWITCHES
10
7215.740
20
-4356.580
30
0.0
11
7216.780
21
-4360.420
31
0.0
0
LINE
8
ELEC-SWITCHES
10
7216.780
20
-4360.420
30
0.0
11
7219.580
21
-4363.220
31
0.0
0
LINE
8
ELEC-SWITCHES
10
7219.580
20
-4363.220
30
0.0
11
7223.420
21
-4364.260
31
0.0
0
LINE
8
ELEC-SWITCHES
10
7223.420
20
-4364.260
30
0.0
11
7227.260
21
-4363.220
31
0.0
0
LINE
8
ELEC-SWITCHES
10
7227.260
20
-4363.220
30
0.0
11
7230.060
21
-4360.420
31
0.0
0
LINE
8
ELEC-SWITCHES
10
7230.060
20
-4360.420
30
0.0
11
7231.100
21
-4356.580
31
0.0
0
LINE
8
ELEC-SWITCHES
10
7223.420
20
-4356.580
30
0.0
11
7245.420
21
-4325.140
31
0.0
0
LINE
8
ELEC-SWITCHES
10
7230.220
20
-4344.100
30
0.0
11
7243.020
21
-4331.300
31
0.0
0
LINE
8
ELEC-SWITCHES
10
7230.220
20
-4331.300
30
0.0
11
7243.020
21
-4344.100
31
0.0
0
TEXT
8
LEGEND
10
5934.750
20
-5998.440
30
0.0
40
173.700
1
\U+05DE\U+05E4\U+05E1\U+05E7 \U+05E6\U+05DC\U+05D1
7
HEB
0
LINE
8
FRAME
10
10092.500
20
-4382.500
30
0.0
11
10172.500
21
-4382.500
31
0.0
0
LINE
8
FRAME
10
10172.500
20
-4382.500
30
0.0
11
10172.500
21
-4302.500
31
0.0
0
LINE
8
FRAME
10
10172.500
20
-4302.500
30
0.0
11
10092.500
21
-4302.500
31
0.0
0
LINE
8
FRAME
10
10092.500
20
-4302.500
30
0.0
11
10092.500
21
-4382.500
31
0.0
0
LINE
8
ELEC-SWITCHES
10
10126.100
20
-4356.580
30
0.0
11
10125.060
21
-4352.740
31
0.0
0
LINE
8
ELEC-SWITCHES
10
10125.060
20
-4352.740
30
0.0
11
10122.260
21
-4349.940
31
0.0
0
LINE
8
ELEC-SWITCHES
10
10122.260
20
-4349.940
30
0.0
11
10118.420
21
-4348.900
31
0.0
0
LINE
8
ELEC-SWITCHES
10
10118.420
20
-4348.900
30
0.0
11
10114.580
21
-4349.940
31
0.0
0
LINE
8
ELEC-SWITCHES
10
10114.580
20
-4349.940
30
0.0
11
10111.780
21
-4352.740
31
0.0
0
LINE
8
ELEC-SWITCHES
10
10111.780
20
-4352.740
30
0.0
11
10110.740
21
-4356.580
31
0.0
0
LINE
8
ELEC-SWITCHES
10
10110.740
20
-4356.580
30
0.0
11
10111.780
21
-4360.420
31
0.0
0
LINE
8
ELEC-SWITCHES
10
10111.780
20
-4360.420
30
0.0
11
10114.580
21
-4363.220
31
0.0
0
LINE
8
ELEC-SWITCHES
10
10114.580
20
-4363.220
30
0.0
11
10118.420
21
-4364.260
31
0.0
0
LINE
8
ELEC-SWITCHES
10
10118.420
20
-4364.260
30
0.0
11
10122.260
21
-4363.220
31
0.0
0
LINE
8
ELEC-SWITCHES
10
10122.260
20
-4363.220
30
0.0
11
10125.060
21
-4360.420
31
0.0
0
LINE
8
ELEC-SWITCHES
10
10125.060
20
-4360.420
30
0.0
11
10126.100
21
-4356.580
31
0.0
0
LINE
8
ELEC-SWITCHES
10
10118.420
20
-4356.580
30
0.0
11
10139.700
21
-4326.180
31
0.0
0
LINE
8
ELEC-SWITCHES
10
10135.700
20
-4339.300
30
0.0
11
10156.180
21
-4339.300
31
0.0
0
LINE
8
ELEC-SWITCHES
10
10156.180
20
-4339.300
30
0.0
11
10156.180
21
-4321.380
31
0.0
0
LINE
8
ELEC-SWITCHES
10
10156.180
20
-4321.380
30
0.0
11
10135.700
21
-4339.300
31
0.0
0
TEXT
8
LEGEND
10
8829.750
20
-5998.440
30
0.0
40
173.700
1
\U+05D3\U+05D9\U+05DE\U+05E8 (\U+05E2\U+05DE\U+05E2\U+05DD)
7
HEB
0
LINE
8
FRAME
10
12987.500
20
-4382.500
30
0.0
11
13067.500
21
-4382.500
31
0.0
0
LINE
8
FRAME
10
13067.500
20
-4382.500
30
0.0
11
13067.500
21
-4302.500
31
0.0
0
LINE
8
FRAME
10
13067.500
20
-4302.500
30
0.0
11
12987.500
21
-4302.500
31
0.0
0
LINE
8
FRAME
10
12987.500
20
-4302.500
30
0.0
11
12987.500
21
-4382.500
31
0.0
0
LINE
8
ELEC-SWITCHES
10
13046.700
20
-4342.500
30
0.0
11
13044.780
21
-4334.180
31
0.0
0
LINE
8
ELEC-SWITCHES
10
13044.780
20
-4334.180
30
0.0
11
13039.500
21
-4327.460
31
0.0
0
LINE
8
ELEC-SWITCHES
10
13039.500
20
-4327.460
30
0.0
11
13031.740
21
-4323.780
31
0.0
0
LINE
8
ELEC-SWITCHES
10
13031.740
20
-4323.780
30
0.0
11
13023.260
21
-4323.780
31
0.0
0
LINE
8
ELEC-SWITCHES
10
13023.260
20
-4323.780
30
0.0
11
13015.500
21
-4327.460
31
0.0
0
LINE
8
ELEC-SWITCHES
10
13015.500
20
-4327.460
30
0.0
11
13010.220
21
-4334.180
31
0.0
0
LINE
8
ELEC-SWITCHES
10
13010.220
20
-4334.180
30
0.0
11
13008.300
21
-4342.500
31
0.0
0
LINE
8
ELEC-SWITCHES
10
13008.300
20
-4342.500
30
0.0
11
13010.220
21
-4350.820
31
0.0
0
LINE
8
ELEC-SWITCHES
10
13010.220
20
-4350.820
30
0.0
11
13015.500
21
-4357.540
31
0.0
0
LINE
8
ELEC-SWITCHES
10
13015.500
20
-4357.540
30
0.0
11
13023.260
21
-4361.220
31
0.0
0
LINE
8
ELEC-SWITCHES
10
13023.260
20
-4361.220
30
0.0
11
13031.740
21
-4361.220
31
0.0
0
LINE
8
ELEC-SWITCHES
10
13031.740
20
-4361.220
30
0.0
11
13039.500
21
-4357.540
31
0.0
0
LINE
8
ELEC-SWITCHES
10
13039.500
20
-4357.540
30
0.0
11
13044.780
21
-4350.820
31
0.0
0
LINE
8
ELEC-SWITCHES
10
13044.780
20
-4350.820
30
0.0
11
13046.700
21
-4342.500
31
0.0
0
LINE
8
ELEC-SWITCHES
10
13035.180
20
-4342.500
30
0.0
11
13033.740
21
-4338.020
31
0.0
0
LINE
8
ELEC-SWITCHES
10
13033.740
20
-4338.020
30
0.0
11
13029.900
21
-4335.220
31
0.0
0
LINE
8
ELEC-SWITCHES
10
13029.900
20
-4335.220
30
0.0
11
13025.100
21
-4335.220
31
0.0
0
LINE
8
ELEC-SWITCHES
10
13025.100
20
-4335.220
30
0.0
11
13021.260
21
-4338.020
31
0.0
0
LINE
8
ELEC-SWITCHES
10
13021.260
20
-4338.020
30
0.0
11
13019.820
21
-4342.500
31
0.0
0
LINE
8
ELEC-SWITCHES
10
13019.820
20
-4342.500
30
0.0
11
13021.260
21
-4346.980
31
0.0
0
LINE
8
ELEC-SWITCHES
10
13021.260
20
-4346.980
30
0.0
11
13025.100
21
-4349.780
31
0.0
0
LINE
8
ELEC-SWITCHES
10
13025.100
20
-4349.780
30
0.0
11
13029.900
21
-4349.780
31
0.0
0
LINE
8
ELEC-SWITCHES
10
13029.900
20
-4349.780
30
0.0
11
13033.740
21
-4346.980
31
0.0
0
LINE
8
ELEC-SWITCHES
10
13033.740
20
-4346.980
30
0.0
11
13035.180
21
-4342.500
31
0.0
0
TEXT
8
LEGEND
10
11724.750
20
-5998.440
30
0.0
40
173.700
1
\U+05DC\U+05D7\U+05E6\U+05DF (\U+05DE\U+05D9\U+05D9\U+05D3\U+05D9)
7
HEB
0
LINE
8
FRAME
10
15882.500
20
-4382.500
30
0.0
11
15962.500
21
-4382.500
31
0.0
0
LINE
8
FRAME
10
15962.500
20
-4382.500
30
0.0
11
15962.500
21
-4302.500
31
0.0
0
LINE
8
FRAME
10
15962.500
20
-4302.500
30
0.0
11
15882.500
21
-4302.500
31
0.0
0
LINE
8
FRAME
10
15882.500
20
-4302.500
30
0.0
11
15882.500
21
-4382.500
31
0.0
0
LINE
8
ELEC-SWITCHES
10
15936.580
20
-4328.420
30
0.0
11
15934.660
21
-4321.380
31
0.0
0
LINE
8
ELEC-SWITCHES
10
15934.660
20
-4321.380
30
0.0
11
15929.540
21
-4316.260
31
0.0
0
LINE
8
ELEC-SWITCHES
10
15929.540
20
-4316.260
30
0.0
11
15922.500
21
-4314.340
31
0.0
0
LINE
8
ELEC-SWITCHES
10
15922.500
20
-4314.340
30
0.0
11
15915.460
21
-4316.260
31
0.0
0
LINE
8
ELEC-SWITCHES
10
15915.460
20
-4316.260
30
0.0
11
15910.340
21
-4321.380
31
0.0
0
LINE
8
ELEC-SWITCHES
10
15910.340
20
-4321.380
30
0.0
11
15908.420
21
-4328.420
31
0.0
0
LINE
8
ELEC-SWITCHES
10
15908.420
20
-4328.420
30
0.0
11
15910.340
21
-4335.460
31
0.0
0
LINE
8
ELEC-SWITCHES
10
15910.340
20
-4335.460
30
0.0
11
15915.460
21
-4340.580
31
0.0
0
LINE
8
ELEC-SWITCHES
10
15915.460
20
-4340.580
30
0.0
11
15922.500
21
-4342.500
31
0.0
0
LINE
8
ELEC-SWITCHES
10
15922.500
20
-4342.500
30
0.0
11
15929.540
21
-4340.580
31
0.0
0
LINE
8
ELEC-SWITCHES
10
15929.540
20
-4340.580
30
0.0
11
15934.660
21
-4335.460
31
0.0
0
LINE
8
ELEC-SWITCHES
10
15934.660
20
-4335.460
30
0.0
11
15936.580
21
-4328.420
31
0.0
0
LINE
8
ELEC-SWITCHES
10
15922.500
20
-4342.500
30
0.0
11
15922.500
21
-4346.980
31
0.0
0
LINE
8
ELEC-SWITCHES
10
15922.500
20
-4350.820
30
0.0
11
15922.500
21
-4355.300
31
0.0
0
LINE
8
ELEC-SWITCHES
10
15922.500
20
-4359.140
30
0.0
11
15922.500
21
-4363.620
31
0.0
0
LINE
8
ELEC-SWITCHES
10
15922.500
20
-4367.460
30
0.0
11
15922.500
21
-4371.940
31
0.0
0
LINE
8
ELEC-SWITCHES
10
15929.540
20
-4369.380
30
0.0
11
15927.460
21
-4364.420
31
0.0
0
LINE
8
ELEC-SWITCHES
10
15927.460
20
-4364.420
30
0.0
11
15922.500
21
-4362.340
31
0.0
0
LINE
8
ELEC-SWITCHES
10
15922.500
20
-4362.340
30
0.0
11
15917.540
21
-4364.420
31
0.0
0
LINE
8
ELEC-SWITCHES
10
15917.540
20
-4364.420
30
0.0
11
15915.460
21
-4369.380
31
0.0
0
LINE
8
ELEC-SWITCHES
10
15915.460
20
-4369.380
30
0.0
11
15917.540
21
-4374.340
31
0.0
0
LINE
8
ELEC-SWITCHES
10
15917.540
20
-4374.340
30
0.0
11
15922.500
21
-4376.420
31
0.0
0
LINE
8
ELEC-SWITCHES
10
15922.500
20
-4376.420
30
0.0
11
15927.460
21
-4374.340
31
0.0
0
LINE
8
ELEC-SWITCHES
10
15927.460
20
-4374.340
30
0.0
11
15929.540
21
-4369.380
31
0.0
0
TEXT
8
LEGEND
10
14619.750
20
-5998.440
30
0.0
40
173.700
1
\U+05DE\U+05E4\U+05E1\U+05E7 \U+05D7\U+05D1\U+05DC \U+05DE\U+05E9\U+05D9\U+05DB\U+05D4
7
HEB
0
LINE
8
FRAME
10
18767.500
20
-4392.500
30
0.0
11
18867.500
21
-4392.500
31
0.0
0
LINE
8
FRAME
10
18867.500
20
-4392.500
30
0.0
11
18867.500
21
-4292.500
31
0.0
0
LINE
8
FRAME
10
18867.500
20
-4292.500
30
0.0
11
18767.500
21
-4292.500
31
0.0
0
LINE
8
FRAME
10
18767.500
20
-4292.500
30
0.0
11
18767.500
21
-4392.500
31
0.0
0
LINE
8
ELEC-APPLIANCE-OUTLETS
10
18787.900
20
-4369.700
30
0.0
11
18847.100
21
-4369.700
31
0.0
0
LINE
8
ELEC-APPLIANCE-OUTLETS
10
18833.500
20
-4369.700
30
0.0
11
18832.700
21
-4364.800
31
0.0
0
LINE
8
ELEC-APPLIANCE-OUTLETS
10
18832.700
20
-4364.800
30
0.0
11
18830.400
21
-4360.300
31
0.0
0
LINE
8
ELEC-APPLIANCE-OUTLETS
10
18830.400
20
-4360.300
30
0.0
11
18826.900
21
-4356.800
31
0.0
0
LINE
8
ELEC-APPLIANCE-OUTLETS
10
18826.900
20
-4356.800
30
0.0
11
18822.400
21
-4354.500
31
0.0
0
LINE
8
ELEC-APPLIANCE-OUTLETS
10
18822.400
20
-4354.500
30
0.0
11
18817.500
21
-4353.700
31
0.0
0
LINE
8
ELEC-APPLIANCE-OUTLETS
10
18817.500
20
-4353.700
30
0.0
11
18812.600
21
-4354.500
31
0.0
0
LINE
8
ELEC-APPLIANCE-OUTLETS
10
18812.600
20
-4354.500
30
0.0
11
18808.100
21
-4356.800
31
0.0
0
LINE
8
ELEC-APPLIANCE-OUTLETS
10
18808.100
20
-4356.800
30
0.0
11
18804.600
21
-4360.300
31
0.0
0
LINE
8
ELEC-APPLIANCE-OUTLETS
10
18804.600
20
-4360.300
30
0.0
11
18802.300
21
-4364.800
31
0.0
0
LINE
8
ELEC-APPLIANCE-OUTLETS
10
18802.300
20
-4364.800
30
0.0
11
18801.500
21
-4369.700
31
0.0
0
LINE
8
ELEC-APPLIANCE-OUTLETS
10
18817.500
20
-4369.700
30
0.0
11
18817.500
21
-4353.700
31
0.0
0
LINE
8
ELEC-APPLIANCE-OUTLETS
10
18803.900
20
-4343.300
30
0.0
11
18831.100
21
-4343.300
31
0.0
0
LINE
8
ELEC-APPLIANCE-OUTLETS
10
18831.100
20
-4343.300
30
0.0
11
18831.100
21
-4316.100
31
0.0
0
LINE
8
ELEC-APPLIANCE-OUTLETS
10
18831.100
20
-4316.100
30
0.0
11
18803.900
21
-4316.100
31
0.0
0
LINE
8
ELEC-APPLIANCE-OUTLETS
10
18803.900
20
-4316.100
30
0.0
11
18803.900
21
-4343.300
31
0.0
0
LINE
8
ELEC-APPLIANCE-OUTLETS
10
18803.900
20
-4324.300
30
0.0
11
18831.100
21
-4324.300
31
0.0
0
LINE
8
ELEC-APPLIANCE-OUTLETS
10
18809.300
20
-4333.100
30
0.0
11
18811.400
21
-4330.700
31
0.0
0
LINE
8
ELEC-APPLIANCE-OUTLETS
10
18811.400
20
-4330.700
30
0.0
11
18813.400
21
-4330.300
31
0.0
0
LINE
8
ELEC-APPLIANCE-OUTLETS
10
18813.400
20
-4330.300
30
0.0
11
18815.500
21
-4332.200
31
0.0
0
LINE
8
ELEC-APPLIANCE-OUTLETS
10
18815.500
20
-4332.200
30
0.0
11
18817.500
21
-4334.900
31
0.0
0
LINE
8
ELEC-APPLIANCE-OUTLETS
10
18817.500
20
-4334.900
30
0.0
11
18819.500
21
-4336.100
31
0.0
0
LINE
8
ELEC-APPLIANCE-OUTLETS
10
18819.500
20
-4336.100
30
0.0
11
18821.600
21
-4334.900
31
0.0
0
LINE
8
ELEC-APPLIANCE-OUTLETS
10
18821.600
20
-4334.900
30
0.0
11
18823.600
21
-4332.200
31
0.0
0
LINE
8
ELEC-APPLIANCE-OUTLETS
10
18823.600
20
-4332.200
30
0.0
11
18825.700
21
-4330.300
31
0.0
0
TEXT
8
LEGEND
10
17514.750
20
-5998.440
30
0.0
40
173.700
1
\U+05D9\U+05E6\U+05D9\U+05D0\U+05EA \U+05D7\U+05E9\U+05DE\U+05DC \U+05DC\U+05EA\U+05E0\U+05D5\U+05E8 \U+05D0\U+05E4\U+05D9\U+05D9\U+05D4
7
HEB
0
LINE
8
FRAME
10
21662.500
20
-4392.500
30
0.0
11
21762.500
21
-4392.500
31
0.0
0
LINE
8
FRAME
10
21762.500
20
-4392.500
30
0.0
11
21762.500
21
-4292.500
31
0.0
0
LINE
8
FRAME
10
21762.500
20
-4292.500
30
0.0
11
21662.500
21
-4292.500
31
0.0
0
LINE
8
FRAME
10
21662.500
20
-4292.500
30
0.0
11
21662.500
21
-4392.500
31
0.0
0
LINE
8
ELEC-APPLIANCE-OUTLETS
10
21682.900
20
-4369.700
30
0.0
11
21742.100
21
-4369.700
31
0.0
0
LINE
8
ELEC-APPLIANCE-OUTLETS
10
21728.500
20
-4369.700
30
0.0
11
21727.700
21
-4364.800
31
0.0
0
LINE
8
ELEC-APPLIANCE-OUTLETS
10
21727.700
20
-4364.800
30
0.0
11
21725.400
21
-4360.300
31
0.0
0
LINE
8
ELEC-APPLIANCE-OUTLETS
10
21725.400
20
-4360.300
30
0.0
11
21721.900
21
-4356.800
31
0.0
0
LINE
8
ELEC-APPLIANCE-OUTLETS
10
21721.900
20
-4356.800
30
0.0
11
21717.400
21
-4354.500
31
0.0
0
LINE
8
ELEC-APPLIANCE-OUTLETS
10
21717.400
20
-4354.500
30
0.0
11
21712.500
21
-4353.700
31
0.0
0
LINE
8
ELEC-APPLIANCE-OUTLETS
10
21712.500
20
-4353.700
30
0.0
11
21707.600
21
-4354.500
31
0.0
0
LINE
8
ELEC-APPLIANCE-OUTLETS
10
21707.600
20
-4354.500
30
0.0
11
21703.100
21
-4356.800
31
0.0
0
LINE
8
ELEC-APPLIANCE-OUTLETS
10
21703.100
20
-4356.800
30
0.0
11
21699.600
21
-4360.300
31
0.0
0
LINE
8
ELEC-APPLIANCE-OUTLETS
10
21699.600
20
-4360.300
30
0.0
11
21697.300
21
-4364.800
31
0.0
0
LINE
8
ELEC-APPLIANCE-OUTLETS
10
21697.300
20
-4364.800
30
0.0
11
21696.500
21
-4369.700
31
0.0
0
LINE
8
ELEC-APPLIANCE-OUTLETS
10
21712.500
20
-4369.700
30
0.0
11
21712.500
21
-4353.700
31
0.0
0
LINE
8
ELEC-APPLIANCE-OUTLETS
10
21710.700
20
-4323.600
30
0.0
11
21709.500
21
-4320.500
31
0.0
0
LINE
8
ELEC-APPLIANCE-OUTLETS
10
21709.500
20
-4320.500
30
0.0
11
21706.400
21
-4319.200
31
0.0
0
LINE
8
ELEC-APPLIANCE-OUTLETS
10
21706.400
20
-4319.200
30
0.0
11
21703.300
21
-4320.500
31
0.0
0
LINE
8
ELEC-APPLIANCE-OUTLETS
10
21703.300
20
-4320.500
30
0.0
11
21702.000
21
-4323.600
31
0.0
0
LINE
8
ELEC-APPLIANCE-OUTLETS
10
21702.000
20
-4323.600
30
0.0
11
21703.300
21
-4326.700
31
0.0
0
LINE
8
ELEC-APPLIANCE-OUTLETS
10
21703.300
20
-4326.700
30
0.0
11
21706.400
21
-4327.900
31
0.0
0
LINE
8
ELEC-APPLIANCE-OUTLETS
10
21706.400
20
-4327.900
30
0.0
11
21709.500
21
-4326.700
31
0.0
0
LINE
8
ELEC-APPLIANCE-OUTLETS
10
21709.500
20
-4326.700
30
0.0
11
21710.700
21
-4323.600
31
0.0
0
LINE
8
ELEC-APPLIANCE-OUTLETS
10
21723.000
20
-4323.600
30
0.0
11
21721.700
21
-4320.500
31
0.0
0
LINE
8
ELEC-APPLIANCE-OUTLETS
10
21721.700
20
-4320.500
30
0.0
11
21718.600
21
-4319.200
31
0.0
0
LINE
8
ELEC-APPLIANCE-OUTLETS
10
21718.600
20
-4319.200
30
0.0
11
21715.500
21
-4320.500
31
0.0
0
LINE
8
ELEC-APPLIANCE-OUTLETS
10
21715.500
20
-4320.500
30
0.0
11
21714.300
21
-4323.600
31
0.0
0
LINE
8
ELEC-APPLIANCE-OUTLETS
10
21714.300
20
-4323.600
30
0.0
11
21715.500
21
-4326.700
31
0.0
0
LINE
8
ELEC-APPLIANCE-OUTLETS
10
21715.500
20
-4326.700
30
0.0
11
21718.600
21
-4327.900
31
0.0
0
LINE
8
ELEC-APPLIANCE-OUTLETS
10
21718.600
20
-4327.900
30
0.0
11
21721.700
21
-4326.700
31
0.0
0
LINE
8
ELEC-APPLIANCE-OUTLETS
10
21721.700
20
-4326.700
30
0.0
11
21723.000
21
-4323.600
31
0.0
0
LINE
8
ELEC-APPLIANCE-OUTLETS
10
21710.700
20
-4335.800
30
0.0
11
21709.500
21
-4332.700
31
0.0
0
LINE
8
ELEC-APPLIANCE-OUTLETS
10
21709.500
20
-4332.700
30
0.0
11
21706.400
21
-4331.500
31
0.0
0
LINE
8
ELEC-APPLIANCE-OUTLETS
10
21706.400
20
-4331.500
30
0.0
11
21703.300
21
-4332.700
31
0.0
0
LINE
8
ELEC-APPLIANCE-OUTLETS
10
21703.300
20
-4332.700
30
0.0
11
21702.000
21
-4335.800
31
0.0
0
LINE
8
ELEC-APPLIANCE-OUTLETS
10
21702.000
20
-4335.800
30
0.0
11
21703.300
21
-4338.900
31
0.0
0
LINE
8
ELEC-APPLIANCE-OUTLETS
10
21703.300
20
-4338.900
30
0.0
11
21706.400
21
-4340.200
31
0.0
0
LINE
8
ELEC-APPLIANCE-OUTLETS
10
21706.400
20
-4340.200
30
0.0
11
21709.500
21
-4338.900
31
0.0
0
LINE
8
ELEC-APPLIANCE-OUTLETS
10
21709.500
20
-4338.900
30
0.0
11
21710.700
21
-4335.800
31
0.0
0
LINE
8
ELEC-APPLIANCE-OUTLETS
10
21723.000
20
-4335.800
30
0.0
11
21721.700
21
-4332.700
31
0.0
0
LINE
8
ELEC-APPLIANCE-OUTLETS
10
21721.700
20
-4332.700
30
0.0
11
21718.600
21
-4331.500
31
0.0
0
LINE
8
ELEC-APPLIANCE-OUTLETS
10
21718.600
20
-4331.500
30
0.0
11
21715.500
21
-4332.700
31
0.0
0
LINE
8
ELEC-APPLIANCE-OUTLETS
10
21715.500
20
-4332.700
30
0.0
11
21714.300
21
-4335.800
31
0.0
0
LINE
8
ELEC-APPLIANCE-OUTLETS
10
21714.300
20
-4335.800
30
0.0
11
21715.500
21
-4338.900
31
0.0
0
LINE
8
ELEC-APPLIANCE-OUTLETS
10
21715.500
20
-4338.900
30
0.0
11
21718.600
21
-4340.200
31
0.0
0
LINE
8
ELEC-APPLIANCE-OUTLETS
10
21718.600
20
-4340.200
30
0.0
11
21721.700
21
-4338.900
31
0.0
0
LINE
8
ELEC-APPLIANCE-OUTLETS
10
21721.700
20
-4338.900
30
0.0
11
21723.000
21
-4335.800
31
0.0
0
TEXT
8
LEGEND
10
20409.750
20
-5998.440
30
0.0
40
173.700
1
\U+05D9\U+05E6\U+05D9\U+05D0\U+05EA \U+05D7\U+05E9\U+05DE\U+05DC \U+05DC\U+05DB\U+05D9\U+05E8\U+05D9\U+05D9\U+05DD
7
HEB
0
LINE
8
FRAME
10
24567.500
20
-4382.500
30
0.0
11
24647.500
21
-4382.500
31
0.0
0
LINE
8
FRAME
10
24647.500
20
-4382.500
30
0.0
11
24647.500
21
-4302.500
31
0.0
0
LINE
8
FRAME
10
24647.500
20
-4302.500
30
0.0
11
24567.500
21
-4302.500
31
0.0
0
LINE
8
FRAME
10
24567.500
20
-4302.500
30
0.0
11
24567.500
21
-4382.500
31
0.0
0
LINE
8
ELEC-APPLIANCE-OUTLETS
10
24583.820
20
-4364.260
30
0.0
11
24631.180
21
-4364.260
31
0.0
0
LINE
8
ELEC-APPLIANCE-OUTLETS
10
24620.300
20
-4364.260
30
0.0
11
24619.660
21
-4360.340
31
0.0
0
LINE
8
ELEC-APPLIANCE-OUTLETS
10
24619.660
20
-4360.340
30
0.0
11
24617.820
21
-4356.740
31
0.0
0
LINE
8
ELEC-APPLIANCE-OUTLETS
10
24617.820
20
-4356.740
30
0.0
11
24615.020
21
-4353.940
31
0.0
0
LINE
8
ELEC-APPLIANCE-OUTLETS
10
24615.020
20
-4353.940
30
0.0
11
24611.420
21
-4352.100
31
0.0
0
LINE
8
ELEC-APPLIANCE-OUTLETS
10
24611.420
20
-4352.100
30
0.0
11
24607.500
21
-4351.460
31
0.0
0
LINE
8
ELEC-APPLIANCE-OUTLETS
10
24607.500
20
-4351.460
30
0.0
11
24603.580
21
-4352.100
31
0.0
0
LINE
8
ELEC-APPLIANCE-OUTLETS
10
24603.580
20
-4352.100
30
0.0
11
24599.980
21
-4353.940
31
0.0
0
LINE
8
ELEC-APPLIANCE-OUTLETS
10
24599.980
20
-4353.940
30
0.0
11
24597.180
21
-4356.740
31
0.0
0
LINE
8
ELEC-APPLIANCE-OUTLETS
10
24597.180
20
-4356.740
30
0.0
11
24595.340
21
-4360.340
31
0.0
0
LINE
8
ELEC-APPLIANCE-OUTLETS
10
24595.340
20
-4360.340
30
0.0
11
24594.700
21
-4364.260
31
0.0
0
LINE
8
ELEC-APPLIANCE-OUTLETS
10
24607.500
20
-4364.260
30
0.0
11
24607.500
21
-4351.460
31
0.0
0
LINE
8
ELEC-APPLIANCE-OUTLETS
10
24596.620
20
-4343.140
30
0.0
11
24618.380
21
-4343.140
31
0.0
0
LINE
8
ELEC-APPLIANCE-OUTLETS
10
24618.380
20
-4343.140
30
0.0
11
24618.380
21
-4321.380
31
0.0
0
LINE
8
ELEC-APPLIANCE-OUTLETS
10
24618.380
20
-4321.380
30
0.0
11
24596.620
21
-4321.380
31
0.0
0
LINE
8
ELEC-APPLIANCE-OUTLETS
10
24596.620
20
-4321.380
30
0.0
11
24596.620
21
-4343.140
31
0.0
0
LINE
8
ELEC-APPLIANCE-OUTLETS
10
24596.620
20
-4327.380
30
0.0
11
24618.380
21
-4327.380
31
0.0
0
LINE
8
ELEC-APPLIANCE-OUTLETS
10
24607.500
20
-4327.780
30
0.0
11
24609.100
21
-4330.980
31
0.0
0
LINE
8
ELEC-APPLIANCE-OUTLETS
10
24609.100
20
-4330.980
30
0.0
11
24610.300
21
-4331.860
31
0.0
0
LINE
8
ELEC-APPLIANCE-OUTLETS
10
24610.300
20
-4331.860
30
0.0
11
24611.100
21
-4333.060
31
0.0
0
LINE
8
ELEC-APPLIANCE-OUTLETS
10
24611.100
20
-4333.060
30
0.0
11
24611.340
21
-4334.500
31
0.0
0
LINE
8
ELEC-APPLIANCE-OUTLETS
10
24611.340
20
-4334.500
30
0.0
11
24611.020
21
-4335.940
31
0.0
0
LINE
8
ELEC-APPLIANCE-OUTLETS
10
24611.020
20
-4335.940
30
0.0
11
24610.140
21
-4337.140
31
0.0
0
LINE
8
ELEC-APPLIANCE-OUTLETS
10
24610.140
20
-4337.140
30
0.0
11
24608.940
21
-4337.940
31
0.0
0
LINE
8
ELEC-APPLIANCE-OUTLETS
10
24608.940
20
-4337.940
30
0.0
11
24607.500
21
-4338.260
31
0.0
0
LINE
8
ELEC-APPLIANCE-OUTLETS
10
24607.500
20
-4338.260
30
0.0
11
24606.060
21
-4337.940
31
0.0
0
LINE
8
ELEC-APPLIANCE-OUTLETS
10
24606.060
20
-4337.940
30
0.0
11
24604.860
21
-4337.140
31
0.0
0
LINE
8
ELEC-APPLIANCE-OUTLETS
10
24604.860
20
-4337.140
30
0.0
11
24603.980
21
-4335.940
31
0.0
0
LINE
8
ELEC-APPLIANCE-OUTLETS
10
24603.980
20
-4335.940
30
0.0
11
24603.660
21
-4334.500
31
0.0
0
LINE
8
ELEC-APPLIANCE-OUTLETS
10
24603.660
20
-4334.500
30
0.0
11
24603.900
21
-4333.060
31
0.0
0
LINE
8
ELEC-APPLIANCE-OUTLETS
10
24603.900
20
-4333.060
30
0.0
11
24604.700
21
-4331.860
31
0.0
0
LINE
8
ELEC-APPLIANCE-OUTLETS
10
24604.700
20
-4331.860
30
0.0
11
24605.900
21
-4330.980
31
0.0
0
LINE
8
ELEC-APPLIANCE-OUTLETS
10
24605.900
20
-4330.980
30
0.0
11
24607.500
21
-4327.780
31
0.0
0
TEXT
8
LEGEND
10
23304.750
20
-5998.440
30
0.0
40
173.700
1
\U+05D9\U+05E6\U+05D9\U+05D0\U+05EA \U+05D7\U+05E9\U+05DE\U+05DC \U+05DC\U+05DE\U+05D3\U+05D9\U+05D7 \U+05DB\U+05DC\U+05D9\U+05DD
7
HEB
0
LINE
8
FRAME
10
27462.500
20
-4382.500
30
0.0
11
27542.500
21
-4382.500
31
0.0
0
LINE
8
FRAME
10
27542.500
20
-4382.500
30
0.0
11
27542.500
21
-4302.500
31
0.0
0
LINE
8
FRAME
10
27542.500
20
-4302.500
30
0.0
11
27462.500
21
-4302.500
31
0.0
0
LINE
8
FRAME
10
27462.500
20
-4302.500
30
0.0
11
27462.500
21
-4382.500
31
0.0
0
LINE
8
ELEC-APPLIANCE-OUTLETS
10
27478.820
20
-4364.260
30
0.0
11
27526.180
21
-4364.260
31
0.0
0
LINE
8
ELEC-APPLIANCE-OUTLETS
10
27515.300
20
-4364.260
30
0.0
11
27514.660
21
-4360.340
31
0.0
0
LINE
8
ELEC-APPLIANCE-OUTLETS
10
27514.660
20
-4360.340
30
0.0
11
27512.820
21
-4356.740
31
0.0
0
LINE
8
ELEC-APPLIANCE-OUTLETS
10
27512.820
20
-4356.740
30
0.0
11
27510.020
21
-4353.940
31
0.0
0
LINE
8
ELEC-APPLIANCE-OUTLETS
10
27510.020
20
-4353.940
30
0.0
11
27506.420
21
-4352.100
31
0.0
0
LINE
8
ELEC-APPLIANCE-OUTLETS
10
27506.420
20
-4352.100
30
0.0
11
27502.500
21
-4351.460
31
0.0
0
LINE
8
ELEC-APPLIANCE-OUTLETS
10
27502.500
20
-4351.460
30
0.0
11
27498.580
21
-4352.100
31
0.0
0
LINE
8
ELEC-APPLIANCE-OUTLETS
10
27498.580
20
-4352.100
30
0.0
11
27494.980
21
-4353.940
31
0.0
0
LINE
8
ELEC-APPLIANCE-OUTLETS
10
27494.980
20
-4353.940
30
0.0
11
27492.180
21
-4356.740
31
0.0
0
LINE
8
ELEC-APPLIANCE-OUTLETS
10
27492.180
20
-4356.740
30
0.0
11
27490.340
21
-4360.340
31
0.0
0
LINE
8
ELEC-APPLIANCE-OUTLETS
10
27490.340
20
-4360.340
30
0.0
11
27489.700
21
-4364.260
31
0.0
0
LINE
8
ELEC-APPLIANCE-OUTLETS
10
27502.500
20
-4364.260
30
0.0
11
27502.500
21
-4351.460
31
0.0
0
LINE
8
ELEC-APPLIANCE-OUTLETS
10
27494.900
20
-4343.140
30
0.0
11
27510.100
21
-4343.140
31
0.0
0
LINE
8
ELEC-APPLIANCE-OUTLETS
10
27510.100
20
-4343.140
30
0.0
11
27510.100
21
-4321.380
31
0.0
0
LINE
8
ELEC-APPLIANCE-OUTLETS
10
27510.100
20
-4321.380
30
0.0
11
27494.900
21
-4321.380
31
0.0
0
LINE
8
ELEC-APPLIANCE-OUTLETS
10
27494.900
20
-4321.380
30
0.0
11
27494.900
21
-4343.140
31
0.0
0
LINE
8
ELEC-APPLIANCE-OUTLETS
10
27494.900
20
-4330.660
30
0.0
11
27510.100
21
-4330.660
31
0.0
0
TEXT
8
LEGEND
10
26199.750
20
-5998.440
30
0.0
40
173.700
1
\U+05D9\U+05E6\U+05D9\U+05D0\U+05EA \U+05D7\U+05E9\U+05DE\U+05DC \U+05DC\U+05DE\U+05E7\U+05E8\U+05E8
7
HEB
0
LINE
8
FRAME
10
30357.500
20
-4382.500
30
0.0
11
30437.500
21
-4382.500
31
0.0
0
LINE
8
FRAME
10
30437.500
20
-4382.500
30
0.0
11
30437.500
21
-4302.500
31
0.0
0
LINE
8
FRAME
10
30437.500
20
-4302.500
30
0.0
11
30357.500
21
-4302.500
31
0.0
0
LINE
8
FRAME
10
30357.500
20
-4302.500
30
0.0
11
30357.500
21
-4382.500
31
0.0
0
LINE
8
ELEC-APPLIANCE-OUTLETS
10
30373.820
20
-4364.260
30
0.0
11
30421.180
21
-4364.260
31
0.0
0
LINE
8
ELEC-APPLIANCE-OUTLETS
10
30410.300
20
-4364.260
30
0.0
11
30409.660
21
-4360.340
31
0.0
0
LINE
8
ELEC-APPLIANCE-OUTLETS
10
30409.660
20
-4360.340
30
0.0
11
30407.820
21
-4356.740
31
0.0
0
LINE
8
ELEC-APPLIANCE-OUTLETS
10
30407.820
20
-4356.740
30
0.0
11
30405.020
21
-4353.940
31
0.0
0
LINE
8
ELEC-APPLIANCE-OUTLETS
10
30405.020
20
-4353.940
30
0.0
11
30401.420
21
-4352.100
31
0.0
0
LINE
8
ELEC-APPLIANCE-OUTLETS
10
30401.420
20
-4352.100
30
0.0
11
30397.500
21
-4351.460
31
0.0
0
LINE
8
ELEC-APPLIANCE-OUTLETS
10
30397.500
20
-4351.460
30
0.0
11
30393.580
21
-4352.100
31
0.0
0
LINE
8
ELEC-APPLIANCE-OUTLETS
10
30393.580
20
-4352.100
30
0.0
11
30389.980
21
-4353.940
31
0.0
0
LINE
8
ELEC-APPLIANCE-OUTLETS
10
30389.980
20
-4353.940
30
0.0
11
30387.180
21
-4356.740
31
0.0
0
LINE
8
ELEC-APPLIANCE-OUTLETS
10
30387.180
20
-4356.740
30
0.0
11
30385.340
21
-4360.340
31
0.0
0
LINE
8
ELEC-APPLIANCE-OUTLETS
10
30385.340
20
-4360.340
30
0.0
11
30384.700
21
-4364.260
31
0.0
0
LINE
8
ELEC-APPLIANCE-OUTLETS
10
30397.500
20
-4364.260
30
0.0
11
30397.500
21
-4351.460
31
0.0
0
LINE
8
ELEC-APPLIANCE-OUTLETS
10
30386.620
20
-4340.420
30
0.0
11
30408.380
21
-4340.420
31
0.0
0
LINE
8
ELEC-APPLIANCE-OUTLETS
10
30408.380
20
-4340.420
30
0.0
11
30408.380
21
-4324.100
31
0.0
0
LINE
8
ELEC-APPLIANCE-OUTLETS
10
30408.380
20
-4324.100
30
0.0
11
30386.620
21
-4324.100
31
0.0
0
LINE
8
ELEC-APPLIANCE-OUTLETS
10
30386.620
20
-4324.100
30
0.0
11
30386.620
21
-4340.420
31
0.0
0
LINE
8
ELEC-APPLIANCE-OUTLETS
10
30401.820
20
-4340.420
30
0.0
11
30401.820
21
-4324.100
31
0.0
0
LINE
8
ELEC-APPLIANCE-OUTLETS
10
30388.780
20
-4337.700
30
0.0
11
30399.660
21
-4337.700
31
0.0
0
LINE
8
ELEC-APPLIANCE-OUTLETS
10
30399.660
20
-4337.700
30
0.0
11
30399.660
21
-4326.820
31
0.0
0
LINE
8
ELEC-APPLIANCE-OUTLETS
10
30399.660
20
-4326.820
30
0.0
11
30388.780
21
-4326.820
31
0.0
0
LINE
8
ELEC-APPLIANCE-OUTLETS
10
30388.780
20
-4326.820
30
0.0
11
30388.780
21
-4337.700
31
0.0
0
TEXT
8
LEGEND
10
29094.750
20
-5998.440
30
0.0
40
173.700
1
\U+05D9\U+05E6\U+05D9\U+05D0\U+05EA \U+05D7\U+05E9\U+05DE\U+05DC \U+05DC\U+05DE\U+05D9\U+05E7\U+05E8\U+05D5\U+05D2\U+05DC
7
HEB
0
LINE
8
FRAME
10
33252.500
20
-4382.500
30
0.0
11
33332.500
21
-4382.500
31
0.0
0
LINE
8
FRAME
10
33332.500
20
-4382.500
30
0.0
11
33332.500
21
-4302.500
31
0.0
0
LINE
8
FRAME
10
33332.500
20
-4302.500
30
0.0
11
33252.500
21
-4302.500
31
0.0
0
LINE
8
FRAME
10
33252.500
20
-4302.500
30
0.0
11
33252.500
21
-4382.500
31
0.0
0
LINE
8
ELEC-APPLIANCE-OUTLETS
10
33268.820
20
-4364.260
30
0.0
11
33316.180
21
-4364.260
31
0.0
0
LINE
8
ELEC-APPLIANCE-OUTLETS
10
33305.300
20
-4364.260
30
0.0
11
33304.660
21
-4360.340
31
0.0
0
LINE
8
ELEC-APPLIANCE-OUTLETS
10
33304.660
20
-4360.340
30
0.0
11
33302.820
21
-4356.740
31
0.0
0
LINE
8
ELEC-APPLIANCE-OUTLETS
10
33302.820
20
-4356.740
30
0.0
11
33300.020
21
-4353.940
31
0.0
0
LINE
8
ELEC-APPLIANCE-OUTLETS
10
33300.020
20
-4353.940
30
0.0
11
33296.420
21
-4352.100
31
0.0
0
LINE
8
ELEC-APPLIANCE-OUTLETS
10
33296.420
20
-4352.100
30
0.0
11
33292.500
21
-4351.460
31
0.0
0
LINE
8
ELEC-APPLIANCE-OUTLETS
10
33292.500
20
-4351.460
30
0.0
11
33288.580
21
-4352.100
31
0.0
0
LINE
8
ELEC-APPLIANCE-OUTLETS
10
33288.580
20
-4352.100
30
0.0
11
33284.980
21
-4353.940
31
0.0
0
LINE
8
ELEC-APPLIANCE-OUTLETS
10
33284.980
20
-4353.940
30
0.0
11
33282.180
21
-4356.740
31
0.0
0
LINE
8
ELEC-APPLIANCE-OUTLETS
10
33282.180
20
-4356.740
30
0.0
11
33280.340
21
-4360.340
31
0.0
0
LINE
8
ELEC-APPLIANCE-OUTLETS
10
33280.340
20
-4360.340
30
0.0
11
33279.700
21
-4364.260
31
0.0
0
LINE
8
ELEC-APPLIANCE-OUTLETS
10
33292.500
20
-4364.260
30
0.0
11
33292.500
21
-4351.460
31
0.0
0
LINE
8
ELEC-APPLIANCE-OUTLETS
10
33281.620
20
-4326.820
30
0.0
11
33303.380
21
-4326.820
31
0.0
0
LINE
8
ELEC-APPLIANCE-OUTLETS
10
33303.380
20
-4326.820
30
0.0
11
33299.060
21
-4337.700
31
0.0
0
LINE
8
ELEC-APPLIANCE-OUTLETS
10
33299.060
20
-4337.700
30
0.0
11
33285.940
21
-4337.700
31
0.0
0
LINE
8
ELEC-APPLIANCE-OUTLETS
10
33285.940
20
-4337.700
30
0.0
11
33281.620
21
-4326.820
31
0.0
0
TEXT
8
LEGEND
10
31989.750
20
-5998.440
30
0.0
40
173.700
1
\U+05D9\U+05E6\U+05D9\U+05D0\U+05EA \U+05D7\U+05E9\U+05DE\U+05DC \U+05DC\U+05E7\U+05D5\U+05DC\U+05D8 \U+05D0\U+05D3\U+05D9\U+05DD (\U+05D5\U+05E0\U+05D8\U+05D4)
7
HEB
0
LINE
8
FRAME
10
1407.500
20
-7277.500
30
0.0
11
1487.500
21
-7277.500
31
0.0
0
LINE
8
FRAME
10
1487.500
20
-7277.500
30
0.0
11
1487.500
21
-7197.500
31
0.0
0
LINE
8
FRAME
10
1487.500
20
-7197.500
30
0.0
11
1407.500
21
-7197.500
31
0.0
0
LINE
8
FRAME
10
1407.500
20
-7197.500
30
0.0
11
1407.500
21
-7277.500
31
0.0
0
LINE
8
ELEC-APPLIANCE-OUTLETS
10
1423.820
20
-7259.260
30
0.0
11
1471.180
21
-7259.260
31
0.0
0
LINE
8
ELEC-APPLIANCE-OUTLETS
10
1460.300
20
-7259.260
30
0.0
11
1459.660
21
-7255.340
31
0.0
0
LINE
8
ELEC-APPLIANCE-OUTLETS
10
1459.660
20
-7255.340
30
0.0
11
1457.820
21
-7251.740
31
0.0
0
LINE
8
ELEC-APPLIANCE-OUTLETS
10
1457.820
20
-7251.740
30
0.0
11
1455.020
21
-7248.940
31
0.0
0
LINE
8
ELEC-APPLIANCE-OUTLETS
10
1455.020
20
-7248.940
30
0.0
11
1451.420
21
-7247.100
31
0.0
0
LINE
8
ELEC-APPLIANCE-OUTLETS
10
1451.420
20
-7247.100
30
0.0
11
1447.500
21
-7246.460
31
0.0
0
LINE
8
ELEC-APPLIANCE-OUTLETS
10
1447.500
20
-7246.460
30
0.0
11
1443.580
21
-7247.100
31
0.0
0
LINE
8
ELEC-APPLIANCE-OUTLETS
10
1443.580
20
-7247.100
30
0.0
11
1439.980
21
-7248.940
31
0.0
0
LINE
8
ELEC-APPLIANCE-OUTLETS
10
1439.980
20
-7248.940
30
0.0
11
1437.180
21
-7251.740
31
0.0
0
LINE
8
ELEC-APPLIANCE-OUTLETS
10
1437.180
20
-7251.740
30
0.0
11
1435.340
21
-7255.340
31
0.0
0
LINE
8
ELEC-APPLIANCE-OUTLETS
10
1435.340
20
-7255.340
30
0.0
11
1434.700
21
-7259.260
31
0.0
0
LINE
8
ELEC-APPLIANCE-OUTLETS
10
1447.500
20
-7259.260
30
0.0
11
1447.500
21
-7246.460
31
0.0
0
LINE
8
ELEC-APPLIANCE-OUTLETS
10
1457.260
20
-7227.260
30
0.0
11
1455.980
21
-7222.380
31
0.0
0
LINE
8
ELEC-APPLIANCE-OUTLETS
10
1455.980
20
-7222.380
30
0.0
11
1452.380
21
-7218.780
31
0.0
0
LINE
8
ELEC-APPLIANCE-OUTLETS
10
1452.380
20
-7218.780
30
0.0
11
1447.500
21
-7217.500
31
0.0
0
LINE
8
ELEC-APPLIANCE-OUTLETS
10
1447.500
20
-7217.500
30
0.0
11
1442.620
21
-7218.780
31
0.0
0
LINE
8
ELEC-APPLIANCE-OUTLETS
10
1442.620
20
-7218.780
30
0.0
11
1439.020
21
-7222.380
31
0.0
0
LINE
8
ELEC-APPLIANCE-OUTLETS
10
1439.020
20
-7222.380
30
0.0
11
1437.740
21
-7227.260
31
0.0
0
LINE
8
ELEC-APPLIANCE-OUTLETS
10
1437.740
20
-7227.260
30
0.0
11
1439.020
21
-7232.140
31
0.0
0
LINE
8
ELEC-APPLIANCE-OUTLETS
10
1439.020
20
-7232.140
30
0.0
11
1442.620
21
-7235.740
31
0.0
0
LINE
8
ELEC-APPLIANCE-OUTLETS
10
1442.620
20
-7235.740
30
0.0
11
1447.500
21
-7237.020
31
0.0
0
LINE
8
ELEC-APPLIANCE-OUTLETS
10
1447.500
20
-7237.020
30
0.0
11
1452.380
21
-7235.740
31
0.0
0
LINE
8
ELEC-APPLIANCE-OUTLETS
10
1452.380
20
-7235.740
30
0.0
11
1455.980
21
-7232.140
31
0.0
0
LINE
8
ELEC-APPLIANCE-OUTLETS
10
1455.980
20
-7232.140
30
0.0
11
1457.260
21
-7227.260
31
0.0
0
LINE
8
ELEC-APPLIANCE-OUTLETS
10
1451.340
20
-7227.260
30
0.0
11
1450.220
21
-7224.540
31
0.0
0
LINE
8
ELEC-APPLIANCE-OUTLETS
10
1450.220
20
-7224.540
30
0.0
11
1447.500
21
-7223.420
31
0.0
0
LINE
8
ELEC-APPLIANCE-OUTLETS
10
1447.500
20
-7223.420
30
0.0
11
1444.780
21
-7224.540
31
0.0
0
LINE
8
ELEC-APPLIANCE-OUTLETS
10
1444.780
20
-7224.540
30
0.0
11
1443.660
21
-7227.260
31
0.0
0
LINE
8
ELEC-APPLIANCE-OUTLETS
10
1443.660
20
-7227.260
30
0.0
11
1444.780
21
-7229.980
31
0.0
0
LINE
8
ELEC-APPLIANCE-OUTLETS
10
1444.780
20
-7229.980
30
0.0
11
1447.500
21
-7231.100
31
0.0
0
LINE
8
ELEC-APPLIANCE-OUTLETS
10
1447.500
20
-7231.100
30
0.0
11
1450.220
21
-7229.980
31
0.0
0
LINE
8
ELEC-APPLIANCE-OUTLETS
10
1450.220
20
-7229.980
30
0.0
11
1451.340
21
-7227.260
31
0.0
0
TEXT
8
LEGEND
10
144.750
20
-8893.440
30
0.0
40
173.700
1
\U+05D9\U+05E6\U+05D9\U+05D0\U+05EA \U+05D7\U+05E9\U+05DE\U+05DC \U+05DC\U+05DE\U+05DB\U+05D5\U+05E0\U+05EA \U+05DB\U+05D1\U+05D9\U+05E1\U+05D4
7
HEB
0
LINE
8
FRAME
10
4302.500
20
-7277.500
30
0.0
11
4382.500
21
-7277.500
31
0.0
0
LINE
8
FRAME
10
4382.500
20
-7277.500
30
0.0
11
4382.500
21
-7197.500
31
0.0
0
LINE
8
FRAME
10
4382.500
20
-7197.500
30
0.0
11
4302.500
21
-7197.500
31
0.0
0
LINE
8
FRAME
10
4302.500
20
-7197.500
30
0.0
11
4302.500
21
-7277.500
31
0.0
0
LINE
8
ELEC-APPLIANCE-OUTLETS
10
4318.820
20
-7259.260
30
0.0
11
4366.180
21
-7259.260
31
0.0
0
LINE
8
ELEC-APPLIANCE-OUTLETS
10
4355.300
20
-7259.260
30
0.0
11
4354.660
21
-7255.340
31
0.0
0
LINE
8
ELEC-APPLIANCE-OUTLETS
10
4354.660
20
-7255.340
30
0.0
11
4352.820
21
-7251.740
31
0.0
0
LINE
8
ELEC-APPLIANCE-OUTLETS
10
4352.820
20
-7251.740
30
0.0
11
4350.020
21
-7248.940
31
0.0
0
LINE
8
ELEC-APPLIANCE-OUTLETS
10
4350.020
20
-7248.940
30
0.0
11
4346.420
21
-7247.100
31
0.0
0
LINE
8
ELEC-APPLIANCE-OUTLETS
10
4346.420
20
-7247.100
30
0.0
11
4342.500
21
-7246.460
31
0.0
0
LINE
8
ELEC-APPLIANCE-OUTLETS
10
4342.500
20
-7246.460
30
0.0
11
4338.580
21
-7247.100
31
0.0
0
LINE
8
ELEC-APPLIANCE-OUTLETS
10
4338.580
20
-7247.100
30
0.0
11
4334.980
21
-7248.940
31
0.0
0
LINE
8
ELEC-APPLIANCE-OUTLETS
10
4334.980
20
-7248.940
30
0.0
11
4332.180
21
-7251.740
31
0.0
0
LINE
8
ELEC-APPLIANCE-OUTLETS
10
4332.180
20
-7251.740
30
0.0
11
4330.340
21
-7255.340
31
0.0
0
LINE
8
ELEC-APPLIANCE-OUTLETS
10
4330.340
20
-7255.340
30
0.0
11
4329.700
21
-7259.260
31
0.0
0
LINE
8
ELEC-APPLIANCE-OUTLETS
10
4342.500
20
-7259.260
30
0.0
11
4342.500
21
-7246.460
31
0.0
0
LINE
8
ELEC-APPLIANCE-OUTLETS
10
4352.260
20
-7227.260
30
0.0
11
4350.980
21
-7222.380
31
0.0
0
LINE
8
ELEC-APPLIANCE-OUTLETS
10
4350.980
20
-7222.380
30
0.0
11
4347.380
21
-7218.780
31
0.0
0
LINE
8
ELEC-APPLIANCE-OUTLETS
10
4347.380
20
-7218.780
30
0.0
11
4342.500
21
-7217.500
31
0.0
0
LINE
8
ELEC-APPLIANCE-OUTLETS
10
4342.500
20
-7217.500
30
0.0
11
4337.620
21
-7218.780
31
0.0
0
LINE
8
ELEC-APPLIANCE-OUTLETS
10
4337.620
20
-7218.780
30
0.0
11
4334.020
21
-7222.380
31
0.0
0
LINE
8
ELEC-APPLIANCE-OUTLETS
10
4334.020
20
-7222.380
30
0.0
11
4332.740
21
-7227.260
31
0.0
0
LINE
8
ELEC-APPLIANCE-OUTLETS
10
4332.740
20
-7227.260
30
0.0
11
4334.020
21
-7232.140
31
0.0
0
LINE
8
ELEC-APPLIANCE-OUTLETS
10
4334.020
20
-7232.140
30
0.0
11
4337.620
21
-7235.740
31
0.0
0
LINE
8
ELEC-APPLIANCE-OUTLETS
10
4337.620
20
-7235.740
30
0.0
11
4342.500
21
-7237.020
31
0.0
0
LINE
8
ELEC-APPLIANCE-OUTLETS
10
4342.500
20
-7237.020
30
0.0
11
4347.380
21
-7235.740
31
0.0
0
LINE
8
ELEC-APPLIANCE-OUTLETS
10
4347.380
20
-7235.740
30
0.0
11
4350.980
21
-7232.140
31
0.0
0
LINE
8
ELEC-APPLIANCE-OUTLETS
10
4350.980
20
-7232.140
30
0.0
11
4352.260
21
-7227.260
31
0.0
0
LINE
8
ELEC-APPLIANCE-OUTLETS
10
4336.500
20
-7227.260
30
0.0
11
4338.020
21
-7225.020
31
0.0
0
LINE
8
ELEC-APPLIANCE-OUTLETS
10
4338.020
20
-7225.020
30
0.0
11
4339.540
21
-7225.580
31
0.0
0
LINE
8
ELEC-APPLIANCE-OUTLETS
10
4339.540
20
-7225.580
30
0.0
11
4340.980
21
-7228.140
31
0.0
0
LINE
8
ELEC-APPLIANCE-OUTLETS
10
4340.980
20
-7228.140
30
0.0
11
4342.500
21
-7229.660
31
0.0
0
LINE
8
ELEC-APPLIANCE-OUTLETS
10
4342.500
20
-7229.660
30
0.0
11
4344.020
21
-7228.140
31
0.0
0
LINE
8
ELEC-APPLIANCE-OUTLETS
10
4344.020
20
-7228.140
30
0.0
11
4345.460
21
-7225.580
31
0.0
0
LINE
8
ELEC-APPLIANCE-OUTLETS
10
4345.460
20
-7225.580
30
0.0
11
4346.980
21
-7225.020
31
0.0
0
LINE
8
ELEC-APPLIANCE-OUTLETS
10
4346.980
20
-7225.020
30
0.0
11
4348.500
21
-7227.260
31
0.0
0
TEXT
8
LEGEND
10
3039.750
20
-8893.440
30
0.0
40
173.700
1
\U+05D9\U+05E6\U+05D9\U+05D0\U+05EA \U+05D7\U+05E9\U+05DE\U+05DC \U+05DC\U+05DE\U+05D9\U+05D9\U+05D1\U+05E9 \U+05DB\U+05D1\U+05D9\U+05E1\U+05D4
7
HEB
0
LINE
8
FRAME
10
7187.500
20
-7287.500
30
0.0
11
7287.500
21
-7287.500
31
0.0
0
LINE
8
FRAME
10
7287.500
20
-7287.500
30
0.0
11
7287.500
21
-7187.500
31
0.0
0
LINE
8
FRAME
10
7287.500
20
-7187.500
30
0.0
11
7187.500
21
-7187.500
31
0.0
0
LINE
8
FRAME
10
7187.500
20
-7187.500
30
0.0
11
7187.500
21
-7287.500
31
0.0
0
LINE
8
ELEC-APPLIANCE-OUTLETS
10
7207.900
20
-7264.700
30
0.0
11
7267.100
21
-7264.700
31
0.0
0
LINE
8
ELEC-APPLIANCE-OUTLETS
10
7253.500
20
-7264.700
30
0.0
11
7252.700
21
-7259.800
31
0.0
0
LINE
8
ELEC-APPLIANCE-OUTLETS
10
7252.700
20
-7259.800
30
0.0
11
7250.400
21
-7255.300
31
0.0
0
LINE
8
ELEC-APPLIANCE-OUTLETS
10
7250.400
20
-7255.300
30
0.0
11
7246.900
21
-7251.800
31
0.0
0
LINE
8
ELEC-APPLIANCE-OUTLETS
10
7246.900
20
-7251.800
30
0.0
11
7242.400
21
-7249.500
31
0.0
0
LINE
8
ELEC-APPLIANCE-OUTLETS
10
7242.400
20
-7249.500
30
0.0
11
7237.500
21
-7248.700
31
0.0
0
LINE
8
ELEC-APPLIANCE-OUTLETS
10
7237.500
20
-7248.700
30
0.0
11
7232.600
21
-7249.500
31
0.0
0
LINE
8
ELEC-APPLIANCE-OUTLETS
10
7232.600
20
-7249.500
30
0.0
11
7228.100
21
-7251.800
31
0.0
0
LINE
8
ELEC-APPLIANCE-OUTLETS
10
7228.100
20
-7251.800
30
0.0
11
7224.600
21
-7255.300
31
0.0
0
LINE
8
ELEC-APPLIANCE-OUTLETS
10
7224.600
20
-7255.300
30
0.0
11
7222.300
21
-7259.800
31
0.0
0
LINE
8
ELEC-APPLIANCE-OUTLETS
10
7222.300
20
-7259.800
30
0.0
11
7221.500
21
-7264.700
31
0.0
0
LINE
8
ELEC-APPLIANCE-OUTLETS
10
7237.500
20
-7264.700
30
0.0
11
7237.500
21
-7248.700
31
0.0
0
LINE
8
ELEC-APPLIANCE-OUTLETS
10
7245.700
20
-7219.300
30
0.0
11
7245.000
21
-7216.100
31
0.0
0
LINE
8
ELEC-APPLIANCE-OUTLETS
10
7245.000
20
-7216.100
30
0.0
11
7243.300
21
-7213.500
31
0.0
0
LINE
8
ELEC-APPLIANCE-OUTLETS
10
7243.300
20
-7213.500
30
0.0
11
7240.600
21
-7211.700
31
0.0
0
LINE
8
ELEC-APPLIANCE-OUTLETS
10
7240.600
20
-7211.700
30
0.0
11
7237.500
21
-7211.100
31
0.0
0
LINE
8
ELEC-APPLIANCE-OUTLETS
10
7237.500
20
-7211.100
30
0.0
11
7234.400
21
-7211.700
31
0.0
0
LINE
8
ELEC-APPLIANCE-OUTLETS
10
7234.400
20
-7211.700
30
0.0
11
7231.700
21
-7213.500
31
0.0
0
LINE
8
ELEC-APPLIANCE-OUTLETS
10
7231.700
20
-7213.500
30
0.0
11
7230.000
21
-7216.100
31
0.0
0
LINE
8
ELEC-APPLIANCE-OUTLETS
10
7230.000
20
-7216.100
30
0.0
11
7229.300
21
-7219.300
31
0.0
0
LINE
8
ELEC-APPLIANCE-OUTLETS
10
7229.300
20
-7219.300
30
0.0
11
7229.300
21
-7234.200
31
0.0
0
LINE
8
ELEC-APPLIANCE-OUTLETS
10
7229.300
20
-7234.200
30
0.0
11
7245.700
21
-7234.200
31
0.0
0
LINE
8
ELEC-APPLIANCE-OUTLETS
10
7245.700
20
-7234.200
30
0.0
11
7245.700
21
-7219.300
31
0.0
0
TEXT
8
LEGEND
10
5934.750
20
-8893.440
30
0.0
40
173.700
1
\U+05D9\U+05E6\U+05D9\U+05D0\U+05EA \U+05D7\U+05E9\U+05DE\U+05DC \U+05DC\U+05D3\U+05D5\U+05D3 \U+05D7\U+05E9\U+05DE\U+05DC
7
HEB
0
LINE
8
FRAME
10
10092.500
20
-7277.500
30
0.0
11
10172.500
21
-7277.500
31
0.0
0
LINE
8
FRAME
10
10172.500
20
-7277.500
30
0.0
11
10172.500
21
-7197.500
31
0.0
0
LINE
8
FRAME
10
10172.500
20
-7197.500
30
0.0
11
10092.500
21
-7197.500
31
0.0
0
LINE
8
FRAME
10
10092.500
20
-7197.500
30
0.0
11
10092.500
21
-7277.500
31
0.0
0
LINE
8
ELEC-APPLIANCE-OUTLETS
10
10108.820
20
-7259.260
30
0.0
11
10156.180
21
-7259.260
31
0.0
0
LINE
8
ELEC-APPLIANCE-OUTLETS
10
10145.300
20
-7259.260
30
0.0
11
10144.660
21
-7255.340
31
0.0
0
LINE
8
ELEC-APPLIANCE-OUTLETS
10
10144.660
20
-7255.340
30
0.0
11
10142.820
21
-7251.740
31
0.0
0
LINE
8
ELEC-APPLIANCE-OUTLETS
10
10142.820
20
-7251.740
30
0.0
11
10140.020
21
-7248.940
31
0.0
0
LINE
8
ELEC-APPLIANCE-OUTLETS
10
10140.020
20
-7248.940
30
0.0
11
10136.420
21
-7247.100
31
0.0
0
LINE
8
ELEC-APPLIANCE-OUTLETS
10
10136.420
20
-7247.100
30
0.0
11
10132.500
21
-7246.460
31
0.0
0
LINE
8
ELEC-APPLIANCE-OUTLETS
10
10132.500
20
-7246.460
30
0.0
11
10128.580
21
-7247.100
31
0.0
0
LINE
8
ELEC-APPLIANCE-OUTLETS
10
10128.580
20
-7247.100
30
0.0
11
10124.980
21
-7248.940
31
0.0
0
LINE
8
ELEC-APPLIANCE-OUTLETS
10
10124.980
20
-7248.940
30
0.0
11
10122.180
21
-7251.740
31
0.0
0
LINE
8
ELEC-APPLIANCE-OUTLETS
10
10122.180
20
-7251.740
30
0.0
11
10120.340
21
-7255.340
31
0.0
0
LINE
8
ELEC-APPLIANCE-OUTLETS
10
10120.340
20
-7255.340
30
0.0
11
10119.700
21
-7259.260
31
0.0
0
LINE
8
ELEC-APPLIANCE-OUTLETS
10
10132.500
20
-7259.260
30
0.0
11
10132.500
21
-7246.460
31
0.0
0
LINE
8
ELEC-APPLIANCE-OUTLETS
10
10121.620
20
-7231.580
30
0.0
11
10143.380
21
-7231.580
31
0.0
0
LINE
8
ELEC-APPLIANCE-OUTLETS
10
10143.380
20
-7231.580
30
0.0
11
10143.380
21
-7222.940
31
0.0
0
LINE
8
ELEC-APPLIANCE-OUTLETS
10
10143.380
20
-7222.940
30
0.0
11
10121.620
21
-7222.940
31
0.0
0
LINE
8
ELEC-APPLIANCE-OUTLETS
10
10121.620
20
-7222.940
30
0.0
11
10121.620
21
-7231.580
31
0.0
0
LINE
8
ELEC-APPLIANCE-OUTLETS
10
10123.780
20
-7228.380
30
0.0
11
10141.220
21
-7228.380
31
0.0
0
TEXT
8
LEGEND
10
8829.750
20
-8893.440
30
0.0
40
173.700
1
\U+05D9\U+05E6\U+05D9\U+05D0\U+05EA \U+05D7\U+05E9\U+05DE\U+05DC \U+05DC\U+05DE\U+05D6\U+05D2\U+05DF (\U+05D9\U+05D7\U+05F3 \U+05E4\U+05E0\U+05D9\U+05DE\U+05D9\U+05EA)
7
HEB
0
LINE
8
FRAME
10
12977.500
20
-7287.500
30
0.0
11
13077.500
21
-7287.500
31
0.0
0
LINE
8
FRAME
10
13077.500
20
-7287.500
30
0.0
11
13077.500
21
-7187.500
31
0.0
0
LINE
8
FRAME
10
13077.500
20
-7187.500
30
0.0
11
12977.500
21
-7187.500
31
0.0
0
LINE
8
FRAME
10
12977.500
20
-7187.500
30
0.0
11
12977.500
21
-7287.500
31
0.0
0
LINE
8
ELEC-APPLIANCE-OUTLETS
10
12997.900
20
-7264.700
30
0.0
11
13057.100
21
-7264.700
31
0.0
0
LINE
8
ELEC-APPLIANCE-OUTLETS
10
13043.500
20
-7264.700
30
0.0
11
13042.700
21
-7259.800
31
0.0
0
LINE
8
ELEC-APPLIANCE-OUTLETS
10
13042.700
20
-7259.800
30
0.0
11
13040.400
21
-7255.300
31
0.0
0
LINE
8
ELEC-APPLIANCE-OUTLETS
10
13040.400
20
-7255.300
30
0.0
11
13036.900
21
-7251.800
31
0.0
0
LINE
8
ELEC-APPLIANCE-OUTLETS
10
13036.900
20
-7251.800
30
0.0
11
13032.400
21
-7249.500
31
0.0
0
LINE
8
ELEC-APPLIANCE-OUTLETS
10
13032.400
20
-7249.500
30
0.0
11
13027.500
21
-7248.700
31
0.0
0
LINE
8
ELEC-APPLIANCE-OUTLETS
10
13027.500
20
-7248.700
30
0.0
11
13022.600
21
-7249.500
31
0.0
0
LINE
8
ELEC-APPLIANCE-OUTLETS
10
13022.600
20
-7249.500
30
0.0
11
13018.100
21
-7251.800
31
0.0
0
LINE
8
ELEC-APPLIANCE-OUTLETS
10
13018.100
20
-7251.800
30
0.0
11
13014.600
21
-7255.300
31
0.0
0
LINE
8
ELEC-APPLIANCE-OUTLETS
10
13014.600
20
-7255.300
30
0.0
11
13012.300
21
-7259.800
31
0.0
0
LINE
8
ELEC-APPLIANCE-OUTLETS
10
13012.300
20
-7259.800
30
0.0
11
13011.500
21
-7264.700
31
0.0
0
LINE
8
ELEC-APPLIANCE-OUTLETS
10
13027.500
20
-7264.700
30
0.0
11
13027.500
21
-7248.700
31
0.0
0
LINE
8
ELEC-APPLIANCE-OUTLETS
10
13030.200
20
-7224.700
30
0.0
11
13028.900
21
-7222.300
31
0.0
0
LINE
8
ELEC-APPLIANCE-OUTLETS
10
13028.900
20
-7222.300
30
0.0
11
13026.100
21
-7222.300
31
0.0
0
LINE
8
ELEC-APPLIANCE-OUTLETS
10
13026.100
20
-7222.300
30
0.0
11
13024.800
21
-7224.700
31
0.0
0
LINE
8
ELEC-APPLIANCE-OUTLETS
10
13024.800
20
-7224.700
30
0.0
11
13026.100
21
-7227.100
31
0.0
0
LINE
8
ELEC-APPLIANCE-OUTLETS
10
13026.100
20
-7227.100
30
0.0
11
13028.900
21
-7227.100
31
0.0
0
LINE
8
ELEC-APPLIANCE-OUTLETS
10
13028.900
20
-7227.100
30
0.0
11
13030.200
21
-7224.700
31
0.0
0
LINE
8
ELEC-APPLIANCE-OUTLETS
10
13027.500
20
-7224.700
30
0.0
11
13040.800
21
-7227.500
31
0.0
0
LINE
8
ELEC-APPLIANCE-OUTLETS
10
13040.800
20
-7227.500
30
0.0
11
13040.800
21
-7221.900
31
0.0
0
LINE
8
ELEC-APPLIANCE-OUTLETS
10
13040.800
20
-7221.900
30
0.0
11
13027.500
21
-7224.700
31
0.0
0
LINE
8
ELEC-APPLIANCE-OUTLETS
10
13027.500
20
-7224.700
30
0.0
11
13023.300
21
-7211.800
31
0.0
0
LINE
8
ELEC-APPLIANCE-OUTLETS
10
13023.300
20
-7211.800
30
0.0
11
13018.400
21
-7214.600
31
0.0
0
LINE
8
ELEC-APPLIANCE-OUTLETS
10
13018.400
20
-7214.600
30
0.0
11
13027.500
21
-7224.700
31
0.0
0
LINE
8
ELEC-APPLIANCE-OUTLETS
10
13027.500
20
-7224.700
30
0.0
11
13018.400
21
-7234.800
31
0.0
0
LINE
8
ELEC-APPLIANCE-OUTLETS
10
13018.400
20
-7234.800
30
0.0
11
13023.300
21
-7237.600
31
0.0
0
LINE
8
ELEC-APPLIANCE-OUTLETS
10
13023.300
20
-7237.600
30
0.0
11
13027.500
21
-7224.700
31
0.0
0
TEXT
8
LEGEND
10
11724.750
20
-8893.440
30
0.0
40
173.700
1
\U+05D9\U+05E6\U+05D9\U+05D0\U+05EA \U+05DB\U+05D5\U+05D7 \U+05DC\U+05DE\U+05E2\U+05D1\U+05D4 \U+05DE\U+05D6\U+05D2\U+05DF
7
HEB
0
LINE
8
FRAME
10
15872.500
20
-7287.500
30
0.0
11
15972.500
21
-7287.500
31
0.0
0
LINE
8
FRAME
10
15972.500
20
-7287.500
30
0.0
11
15972.500
21
-7187.500
31
0.0
0
LINE
8
FRAME
10
15972.500
20
-7187.500
30
0.0
11
15872.500
21
-7187.500
31
0.0
0
LINE
8
FRAME
10
15872.500
20
-7187.500
30
0.0
11
15872.500
21
-7287.500
31
0.0
0
LINE
8
ELEC-APPLIANCE-OUTLETS
10
15927.300
20
-7237.500
30
0.0
11
15926.400
21
-7234.700
31
0.0
0
LINE
8
ELEC-APPLIANCE-OUTLETS
10
15926.400
20
-7234.700
30
0.0
11
15924.000
21
-7232.900
31
0.0
0
LINE
8
ELEC-APPLIANCE-OUTLETS
10
15924.000
20
-7232.900
30
0.0
11
15921.000
21
-7232.900
31
0.0
0
LINE
8
ELEC-APPLIANCE-OUTLETS
10
15921.000
20
-7232.900
30
0.0
11
15918.600
21
-7234.700
31
0.0
0
LINE
8
ELEC-APPLIANCE-OUTLETS
10
15918.600
20
-7234.700
30
0.0
11
15917.700
21
-7237.500
31
0.0
0
LINE
8
ELEC-APPLIANCE-OUTLETS
10
15917.700
20
-7237.500
30
0.0
11
15918.600
21
-7240.300
31
0.0
0
LINE
8
ELEC-APPLIANCE-OUTLETS
10
15918.600
20
-7240.300
30
0.0
11
15921.000
21
-7242.100
31
0.0
0
LINE
8
ELEC-APPLIANCE-OUTLETS
10
15921.000
20
-7242.100
30
0.0
11
15924.000
21
-7242.100
31
0.0
0
LINE
8
ELEC-APPLIANCE-OUTLETS
10
15924.000
20
-7242.100
30
0.0
11
15926.400
21
-7240.300
31
0.0
0
LINE
8
ELEC-APPLIANCE-OUTLETS
10
15926.400
20
-7240.300
30
0.0
11
15927.300
21
-7237.500
31
0.0
0
LINE
8
ELEC-APPLIANCE-OUTLETS
10
15922.500
20
-7237.500
30
0.0
11
15955.600
21
-7243.300
31
0.0
0
LINE
8
ELEC-APPLIANCE-OUTLETS
10
15955.600
20
-7243.300
30
0.0
11
15955.600
21
-7231.700
31
0.0
0
LINE
8
ELEC-APPLIANCE-OUTLETS
10
15955.600
20
-7231.700
30
0.0
11
15922.500
21
-7237.500
31
0.0
0
LINE
8
ELEC-APPLIANCE-OUTLETS
10
15922.500
20
-7237.500
30
0.0
11
15928.300
21
-7204.400
31
0.0
0
LINE
8
ELEC-APPLIANCE-OUTLETS
10
15928.300
20
-7204.400
30
0.0
11
15916.700
21
-7204.400
31
0.0
0
LINE
8
ELEC-APPLIANCE-OUTLETS
10
15916.700
20
-7204.400
30
0.0
11
15922.500
21
-7237.500
31
0.0
0
LINE
8
ELEC-APPLIANCE-OUTLETS
10
15922.500
20
-7237.500
30
0.0
11
15889.400
21
-7231.700
31
0.0
0
LINE
8
ELEC-APPLIANCE-OUTLETS
10
15889.400
20
-7231.700
30
0.0
11
15889.400
21
-7243.300
31
0.0
0
LINE
8
ELEC-APPLIANCE-OUTLETS
10
15889.400
20
-7243.300
30
0.0
11
15922.500
21
-7237.500
31
0.0
0
LINE
8
ELEC-APPLIANCE-OUTLETS
10
15922.500
20
-7237.500
30
0.0
11
15916.700
21
-7270.600
31
0.0
0
LINE
8
ELEC-APPLIANCE-OUTLETS
10
15916.700
20
-7270.600
30
0.0
11
15928.300
21
-7270.600
31
0.0
0
LINE
8
ELEC-APPLIANCE-OUTLETS
10
15928.300
20
-7270.600
30
0.0
11
15922.500
21
-7237.500
31
0.0
0
TEXT
8
LEGEND
10
14619.750
20
-8893.440
30
0.0
40
173.700
1
\U+05E0\U+05E7\U+05D5\U+05D3\U+05EA \U+05D7\U+05E9\U+05DE\U+05DC \U+05DC\U+05DE\U+05D0\U+05D5\U+05D5\U+05E8\U+05E8 \U+05EA\U+05E7\U+05E8\U+05D4
7
HEB
0
LINE
8
FRAME
10
18757.500
20
-7297.500
30
0.0
11
18877.500
21
-7297.500
31
0.0
0
LINE
8
FRAME
10
18877.500
20
-7297.500
30
0.0
11
18877.500
21
-7177.500
31
0.0
0
LINE
8
FRAME
10
18877.500
20
-7177.500
30
0.0
11
18757.500
21
-7177.500
31
0.0
0
LINE
8
FRAME
10
18757.500
20
-7177.500
30
0.0
11
18757.500
21
-7297.500
31
0.0
0
LINE
8
ELEC-APPLIANCE-OUTLETS
10
18777.180
20
-7277.820
30
0.0
11
18857.820
21
-7277.820
31
0.0
0
LINE
8
ELEC-APPLIANCE-OUTLETS
10
18857.820
20
-7277.820
30
0.0
11
18857.820
21
-7197.180
31
0.0
0
LINE
8
ELEC-APPLIANCE-OUTLETS
10
18857.820
20
-7197.180
30
0.0
11
18777.180
21
-7197.180
31
0.0
0
LINE
8
ELEC-APPLIANCE-OUTLETS
10
18777.180
20
-7197.180
30
0.0
11
18777.180
21
-7277.820
31
0.0
0
LINE
8
ELEC-APPLIANCE-OUTLETS
10
18792.540
20
-7227.900
30
0.0
11
18823.260
21
-7227.900
31
0.0
0
LINE
8
ELEC-APPLIANCE-OUTLETS
10
18800.220
20
-7241.220
30
0.0
11
18815.580
21
-7214.580
31
0.0
0
LINE
8
ELEC-APPLIANCE-OUTLETS
10
18815.580
20
-7241.220
30
0.0
11
18800.220
21
-7214.580
31
0.0
0
LINE
8
ELEC-APPLIANCE-OUTLETS
10
18823.260
20
-7227.900
30
0.0
11
18819.780
21
-7224.900
31
0.0
0
LINE
8
ELEC-APPLIANCE-OUTLETS
10
18823.260
20
-7227.900
30
0.0
11
18819.780
21
-7230.900
31
0.0
0
LINE
8
ELEC-APPLIANCE-OUTLETS
10
18815.580
20
-7214.580
30
0.0
11
18811.260
21
-7216.140
31
0.0
0
LINE
8
ELEC-APPLIANCE-OUTLETS
10
18815.580
20
-7214.580
30
0.0
11
18816.420
21
-7219.140
31
0.0
0
LINE
8
ELEC-APPLIANCE-OUTLETS
10
18800.220
20
-7214.580
30
0.0
11
18799.380
21
-7219.140
31
0.0
0
LINE
8
ELEC-APPLIANCE-OUTLETS
10
18800.220
20
-7214.580
30
0.0
11
18804.540
21
-7216.140
31
0.0
0
LINE
8
ELEC-APPLIANCE-OUTLETS
10
18792.540
20
-7227.900
30
0.0
11
18796.020
21
-7230.900
31
0.0
0
LINE
8
ELEC-APPLIANCE-OUTLETS
10
18792.540
20
-7227.900
30
0.0
11
18796.020
21
-7224.900
31
0.0
0
LINE
8
ELEC-APPLIANCE-OUTLETS
10
18800.220
20
-7241.220
30
0.0
11
18804.540
21
-7239.660
31
0.0
0
LINE
8
ELEC-APPLIANCE-OUTLETS
10
18800.220
20
-7241.220
30
0.0
11
18799.380
21
-7236.660
31
0.0
0
LINE
8
ELEC-APPLIANCE-OUTLETS
10
18815.580
20
-7241.220
30
0.0
11
18816.420
21
-7236.660
31
0.0
0
LINE
8
ELEC-APPLIANCE-OUTLETS
10
18815.580
20
-7241.220
30
0.0
11
18811.260
21
-7239.660
31
0.0
0
LINE
8
ELEC-APPLIANCE-OUTLETS
10
18838.620
20
-7209.180
30
0.0
11
18842.700
21
-7217.220
31
0.0
0
LINE
8
ELEC-APPLIANCE-OUTLETS
10
18842.700
20
-7217.220
30
0.0
11
18845.700
21
-7219.500
31
0.0
0
LINE
8
ELEC-APPLIANCE-OUTLETS
10
18845.700
20
-7219.500
30
0.0
11
18847.620
21
-7222.620
31
0.0
0
LINE
8
ELEC-APPLIANCE-OUTLETS
10
18847.620
20
-7222.620
30
0.0
11
18848.220
21
-7226.220
31
0.0
0
LINE
8
ELEC-APPLIANCE-OUTLETS
10
18848.220
20
-7226.220
30
0.0
11
18847.380
21
-7229.820
31
0.0
0
LINE
8
ELEC-APPLIANCE-OUTLETS
10
18847.380
20
-7229.820
30
0.0
11
18845.340
21
-7232.820
31
0.0
0
LINE
8
ELEC-APPLIANCE-OUTLETS
10
18845.340
20
-7232.820
30
0.0
11
18842.220
21
-7234.860
31
0.0
0
LINE
8
ELEC-APPLIANCE-OUTLETS
10
18842.220
20
-7234.860
30
0.0
11
18838.620
21
-7235.580
31
0.0
0
LINE
8
ELEC-APPLIANCE-OUTLETS
10
18838.620
20
-7235.580
30
0.0
11
18835.020
21
-7234.860
31
0.0
0
LINE
8
ELEC-APPLIANCE-OUTLETS
10
18835.020
20
-7234.860
30
0.0
11
18831.900
21
-7232.820
31
0.0
0
LINE
8
ELEC-APPLIANCE-OUTLETS
10
18831.900
20
-7232.820
30
0.0
11
18829.860
21
-7229.820
31
0.0
0
LINE
8
ELEC-APPLIANCE-OUTLETS
10
18829.860
20
-7229.820
30
0.0
11
18829.020
21
-7226.220
31
0.0
0
LINE
8
ELEC-APPLIANCE-OUTLETS
10
18829.020
20
-7226.220
30
0.0
11
18829.620
21
-7222.620
31
0.0
0
LINE
8
ELEC-APPLIANCE-OUTLETS
10
18829.620
20
-7222.620
30
0.0
11
18831.540
21
-7219.500
31
0.0
0
LINE
8
ELEC-APPLIANCE-OUTLETS
10
18831.540
20
-7219.500
30
0.0
11
18834.540
21
-7217.220
31
0.0
0
LINE
8
ELEC-APPLIANCE-OUTLETS
10
18834.540
20
-7217.220
30
0.0
11
18838.620
21
-7209.180
31
0.0
0
LINE
8
ELEC-APPLIANCE-OUTLETS
10
18817.500
20
-7256.700
30
0.0
11
18817.500
21
-7264.380
31
0.0
0
LINE
8
ELEC-APPLIANCE-OUTLETS
10
18823.260
20
-7264.380
30
0.0
11
18822.540
21
-7261.500
31
0.0
0
LINE
8
ELEC-APPLIANCE-OUTLETS
10
18822.540
20
-7261.500
30
0.0
11
18820.380
21
-7259.340
31
0.0
0
LINE
8
ELEC-APPLIANCE-OUTLETS
10
18820.380
20
-7259.340
30
0.0
11
18817.500
21
-7258.620
31
0.0
0
LINE
8
ELEC-APPLIANCE-OUTLETS
10
18817.500
20
-7258.620
30
0.0
11
18814.620
21
-7259.340
31
0.0
0
LINE
8
ELEC-APPLIANCE-OUTLETS
10
18814.620
20
-7259.340
30
0.0
11
18812.460
21
-7261.500
31
0.0
0
LINE
8
ELEC-APPLIANCE-OUTLETS
10
18812.460
20
-7261.500
30
0.0
11
18811.740
21
-7264.380
31
0.0
0
TEXT
8
LEGEND
10
17514.750
20
-8893.440
30
0.0
40
173.700
1
\U+05E0\U+05E7\U+05D5\U+05D3\U+05EA \U+05DE\U+05DB\U+05D5\U+05E0\U+05EA \U+05E7\U+05E8\U+05D7 (\U+05D0\U+05D9\U+05D9\U+05E1\U+05DE\U+05D9\U+05D9\U+05E7\U+05E8)
7
HEB
0
LINE
8
FRAME
10
21652.500
20
-7297.500
30
0.0
11
21772.500
21
-7297.500
31
0.0
0
LINE
8
FRAME
10
21772.500
20
-7297.500
30
0.0
11
21772.500
21
-7177.500
31
0.0
0
LINE
8
FRAME
10
21772.500
20
-7177.500
30
0.0
11
21652.500
21
-7177.500
31
0.0
0
LINE
8
FRAME
10
21652.500
20
-7177.500
30
0.0
11
21652.500
21
-7297.500
31
0.0
0
LINE
8
ELEC-APPLIANCE-OUTLETS
10
21727.860
20
-7237.500
30
0.0
11
21725.820
21
-7229.820
31
0.0
0
LINE
8
ELEC-APPLIANCE-OUTLETS
10
21725.820
20
-7229.820
30
0.0
11
21720.180
21
-7224.180
31
0.0
0
LINE
8
ELEC-APPLIANCE-OUTLETS
10
21720.180
20
-7224.180
30
0.0
11
21712.500
21
-7222.140
31
0.0
0
LINE
8
ELEC-APPLIANCE-OUTLETS
10
21712.500
20
-7222.140
30
0.0
11
21704.820
21
-7224.180
31
0.0
0
LINE
8
ELEC-APPLIANCE-OUTLETS
10
21704.820
20
-7224.180
30
0.0
11
21699.180
21
-7229.820
31
0.0
0
LINE
8
ELEC-APPLIANCE-OUTLETS
10
21699.180
20
-7229.820
30
0.0
11
21697.140
21
-7237.500
31
0.0
0
LINE
8
ELEC-APPLIANCE-OUTLETS
10
21697.140
20
-7237.500
30
0.0
11
21699.180
21
-7245.180
31
0.0
0
LINE
8
ELEC-APPLIANCE-OUTLETS
10
21699.180
20
-7245.180
30
0.0
11
21704.820
21
-7250.820
31
0.0
0
LINE
8
ELEC-APPLIANCE-OUTLETS
10
21704.820
20
-7250.820
30
0.0
11
21712.500
21
-7252.860
31
0.0
0
LINE
8
ELEC-APPLIANCE-OUTLETS
10
21712.500
20
-7252.860
30
0.0
11
21720.180
21
-7250.820
31
0.0
0
LINE
8
ELEC-APPLIANCE-OUTLETS
10
21720.180
20
-7250.820
30
0.0
11
21725.820
21
-7245.180
31
0.0
0
LINE
8
ELEC-APPLIANCE-OUTLETS
10
21725.820
20
-7245.180
30
0.0
11
21727.860
21
-7237.500
31
0.0
0
LINE
8
ELEC-APPLIANCE-OUTLETS
10
21727.380
20
-7233.540
30
0.0
11
21751.500
21
-7227.060
31
0.0
0
LINE
8
ELEC-APPLIANCE-OUTLETS
10
21716.460
20
-7222.620
30
0.0
11
21722.940
21
-7198.500
31
0.0
0
LINE
8
ELEC-APPLIANCE-OUTLETS
10
21701.580
20
-7226.580
30
0.0
11
21683.940
21
-7208.940
31
0.0
0
LINE
8
ELEC-APPLIANCE-OUTLETS
10
21697.620
20
-7241.460
30
0.0
11
21673.500
21
-7247.940
31
0.0
0
LINE
8
ELEC-APPLIANCE-OUTLETS
10
21708.540
20
-7252.380
30
0.0
11
21702.060
21
-7276.500
31
0.0
0
LINE
8
ELEC-APPLIANCE-OUTLETS
10
21723.420
20
-7248.420
30
0.0
11
21741.060
21
-7266.060
31
0.0
0
TEXT
8
LEGEND
10
20409.750
20
-8893.440
30
0.0
40
173.700
1
\U+05E6\U+05D5\U+05DE\U+05EA / \U+05E6\U+05DE\U+05EA \U+05D7\U+05E9\U+05DE\U+05DC (\U+05E8\U+05D9\U+05DB\U+05D5\U+05D6 \U+05DB\U+05D1\U+05DC\U+05D9\U+05DD)
7
HEB
0
LINE
8
FRAME
10
24432.500
20
-7462.500
30
0.0
11
24782.500
21
-7462.500
31
0.0
0
LINE
8
FRAME
10
24782.500
20
-7462.500
30
0.0
11
24782.500
21
-7012.500
31
0.0
0
LINE
8
FRAME
10
24782.500
20
-7012.500
30
0.0
11
24432.500
21
-7012.500
31
0.0
0
LINE
8
FRAME
10
24432.500
20
-7012.500
30
0.0
11
24432.500
21
-7462.500
31
0.0
0
LINE
8
ELEC-APPLIANCE-OUTLETS
10
24529.100
20
-7378.350
30
0.0
11
24685.900
21
-7378.350
31
0.0
0
LINE
8
ELEC-APPLIANCE-OUTLETS
10
24685.900
20
-7378.350
30
0.0
11
24685.900
21
-7096.650
31
0.0
0
LINE
8
ELEC-APPLIANCE-OUTLETS
10
24685.900
20
-7096.650
30
0.0
11
24529.100
21
-7096.650
31
0.0
0
LINE
8
ELEC-APPLIANCE-OUTLETS
10
24529.100
20
-7096.650
30
0.0
11
24529.100
21
-7378.350
31
0.0
0
LINE
8
ELEC-APPLIANCE-OUTLETS
10
24614.500
20
-7149.300
30
0.0
11
24597.000
21
-7194.300
31
0.0
0
LINE
8
ELEC-APPLIANCE-OUTLETS
10
24597.000
20
-7194.300
30
0.0
11
24611.000
21
-7194.300
31
0.0
0
LINE
8
ELEC-APPLIANCE-OUTLETS
10
24611.000
20
-7194.300
30
0.0
11
24600.500
21
-7239.300
31
0.0
0
LINE
8
ELEC-APPLIANCE-OUTLETS
10
24600.500
20
-7239.300
30
0.0
11
24619.750
21
-7198.800
31
0.0
0
LINE
8
ELEC-APPLIANCE-OUTLETS
10
24619.750
20
-7198.800
30
0.0
11
24605.750
21
-7198.800
31
0.0
0
LINE
8
ELEC-APPLIANCE-OUTLETS
10
24605.750
20
-7198.800
30
0.0
11
24614.500
21
-7149.300
31
0.0
0
LINE
8
ELEC-APPLIANCE-OUTLETS
10
24566.550
20
-7328.850
30
0.0
11
24564.100
21
-7311.300
31
0.0
0
LINE
8
ELEC-APPLIANCE-OUTLETS
10
24564.100
20
-7311.300
30
0.0
11
24565.500
21
-7294.200
31
0.0
0
LINE
8
ELEC-APPLIANCE-OUTLETS
10
24565.500
20
-7294.200
30
0.0
11
24571.450
21
-7278.000
31
0.0
0
LINE
8
ELEC-APPLIANCE-OUTLETS
10
24571.450
20
-7278.000
30
0.0
11
24580.550
21
-7265.400
31
0.0
0
LINE
8
ELEC-APPLIANCE-OUTLETS
10
24580.550
20
-7265.400
30
0.0
11
24592.450
21
-7256.850
31
0.0
0
LINE
8
ELEC-APPLIANCE-OUTLETS
10
24592.450
20
-7256.850
30
0.0
11
24606.100
21
-7253.700
31
0.0
0
LINE
8
ELEC-APPLIANCE-OUTLETS
10
24606.100
20
-7253.700
30
0.0
11
24619.400
21
-7255.500
31
0.0
0
LINE
8
ELEC-APPLIANCE-OUTLETS
10
24619.400
20
-7255.500
30
0.0
11
24632.000
21
-7263.150
31
0.0
0
LINE
8
ELEC-APPLIANCE-OUTLETS
10
24632.000
20
-7263.150
30
0.0
11
24641.800
21
-7274.850
31
0.0
0
LINE
8
ELEC-APPLIANCE-OUTLETS
10
24641.800
20
-7274.850
30
0.0
11
24648.450
21
-7290.150
31
0.0
0
LINE
8
ELEC-APPLIANCE-OUTLETS
10
24590.000
20
-7359.900
30
0.0
11
24625.000
21
-7359.900
31
0.0
0
LINE
8
ELEC-APPLIANCE-OUTLETS
10
24625.000
20
-7359.900
30
0.0
11
24625.000
21
-7331.100
31
0.0
0
LINE
8
ELEC-APPLIANCE-OUTLETS
10
24625.000
20
-7331.100
30
0.0
11
24590.000
21
-7331.100
31
0.0
0
LINE
8
ELEC-APPLIANCE-OUTLETS
10
24590.000
20
-7331.100
30
0.0
11
24590.000
21
-7359.900
31
0.0
0
TEXT
8
LEGEND
10
23304.750
20
-8893.440
30
0.0
40
173.700
1
\U+05E2\U+05DE\U+05D3\U+05EA \U+05D8\U+05E2\U+05D9\U+05E0\U+05EA \U+05E8\U+05DB\U+05D1 \U+05D7\U+05E9\U+05DE\U+05DC\U+05D9 (EV Wallbox)
7
HEB
0
LINE
8
FRAME
10
27462.500
20
-7277.500
30
0.0
11
27542.500
21
-7277.500
31
0.0
0
LINE
8
FRAME
10
27542.500
20
-7277.500
30
0.0
11
27542.500
21
-7197.500
31
0.0
0
LINE
8
FRAME
10
27542.500
20
-7197.500
30
0.0
11
27462.500
21
-7197.500
31
0.0
0
LINE
8
FRAME
10
27462.500
20
-7197.500
30
0.0
11
27462.500
21
-7277.500
31
0.0
0
LINE
8
ELEC-PANELS-PROTECTION
10
27482.020
20
-7257.980
30
0.0
11
27522.980
21
-7257.980
31
0.0
0
LINE
8
ELEC-PANELS-PROTECTION
10
27522.980
20
-7257.980
30
0.0
11
27522.980
21
-7217.020
31
0.0
0
LINE
8
ELEC-PANELS-PROTECTION
10
27522.980
20
-7217.020
30
0.0
11
27482.020
21
-7217.020
31
0.0
0
LINE
8
ELEC-PANELS-PROTECTION
10
27482.020
20
-7217.020
30
0.0
11
27482.020
21
-7257.980
31
0.0
0
LINE
8
ELEC-PANELS-PROTECTION
10
27482.020
20
-7257.980
30
0.0
11
27522.980
21
-7217.020
31
0.0
0
LINE
8
ELEC-PANELS-PROTECTION
10
27482.020
20
-7217.020
30
0.0
11
27522.980
21
-7257.980
31
0.0
0
TEXT
8
LEGEND
10
26199.750
20
-8893.440
30
0.0
40
173.700
1
\U+05E7\U+05D5\U+05E4\U+05E1\U+05EA \U+05D7\U+05D9\U+05D1\U+05D5\U+05E8\U+05D9\U+05DD (\U+05D2\U+05F3\U+05D0\U+05E0\U+05E7\U+05E9\U+05DF)
7
HEB
0
LINE
8
FRAME
10
30197.500
20
-7537.500
30
0.0
11
30597.500
21
-7537.500
31
0.0
0
LINE
8
FRAME
10
30597.500
20
-7537.500
30
0.0
11
30597.500
21
-6937.500
31
0.0
0
LINE
8
FRAME
10
30597.500
20
-6937.500
30
0.0
11
30197.500
21
-6937.500
31
0.0
0
LINE
8
FRAME
10
30197.500
20
-6937.500
30
0.0
11
30197.500
21
-7537.500
31
0.0
0
LINE
8
ELEC-PANELS-PROTECTION
10
30312.300
20
-7445.700
30
0.0
11
30482.700
21
-7445.700
31
0.0
0
LINE
8
ELEC-PANELS-PROTECTION
10
30482.700
20
-7445.700
30
0.0
11
30482.700
21
-7029.300
31
0.0
0
LINE
8
ELEC-PANELS-PROTECTION
10
30482.700
20
-7029.300
30
0.0
11
30312.300
21
-7029.300
31
0.0
0
LINE
8
ELEC-PANELS-PROTECTION
10
30312.300
20
-7029.300
30
0.0
11
30312.300
21
-7445.700
31
0.0
0
LINE
8
ELEC-PANELS-PROTECTION
10
30312.300
20
-7362.300
30
0.0
11
30482.700
21
-7362.300
31
0.0
0
LINE
8
ELEC-PANELS-PROTECTION
10
30312.300
20
-7278.900
30
0.0
11
30482.700
21
-7278.900
31
0.0
0
LINE
8
ELEC-PANELS-PROTECTION
10
30312.300
20
-7196.100
30
0.0
11
30482.700
21
-7196.100
31
0.0
0
LINE
8
ELEC-PANELS-PROTECTION
10
30312.300
20
-7112.700
30
0.0
11
30482.700
21
-7112.700
31
0.0
0
LINE
8
ELEC-PANELS-PROTECTION
10
30326.300
20
-7112.700
30
0.0
11
30326.300
21
-7029.300
31
0.0
0
LINE
8
ELEC-PANELS-PROTECTION
10
30354.700
20
-7112.700
30
0.0
11
30354.700
21
-7029.300
31
0.0
0
LINE
8
ELEC-PANELS-PROTECTION
10
30383.100
20
-7112.700
30
0.0
11
30383.100
21
-7029.300
31
0.0
0
LINE
8
ELEC-PANELS-PROTECTION
10
30411.900
20
-7112.700
30
0.0
11
30411.900
21
-7029.300
31
0.0
0
LINE
8
ELEC-PANELS-PROTECTION
10
30440.300
20
-7112.700
30
0.0
11
30440.300
21
-7029.300
31
0.0
0
LINE
8
ELEC-PANELS-PROTECTION
10
30468.700
20
-7112.700
30
0.0
11
30468.700
21
-7029.300
31
0.0
0
TEXT
8
LEGEND
10
29094.750
20
-8893.440
30
0.0
40
173.700
1
\U+05DC\U+05D5\U+05D7 \U+05D7\U+05E9\U+05DE\U+05DC \U+05D3\U+05D9\U+05E8\U+05EA\U+05D9
7
HEB
0
LINE
8
FRAME
10
33257.500
20
-7297.500
30
0.0
11
33327.500
21
-7297.500
31
0.0
0
LINE
8
FRAME
10
33327.500
20
-7297.500
30
0.0
11
33327.500
21
-7177.500
31
0.0
0
LINE
8
FRAME
10
33327.500
20
-7177.500
30
0.0
11
33257.500
21
-7177.500
31
0.0
0
LINE
8
FRAME
10
33257.500
20
-7177.500
30
0.0
11
33257.500
21
-7297.500
31
0.0
0
LINE
8
ELEC-PANELS-PROTECTION
10
33280.740
20
-7277.700
30
0.0
11
33304.260
21
-7277.700
31
0.0
0
LINE
8
ELEC-PANELS-PROTECTION
10
33304.260
20
-7277.700
30
0.0
11
33304.260
21
-7197.300
31
0.0
0
LINE
8
ELEC-PANELS-PROTECTION
10
33304.260
20
-7197.300
30
0.0
11
33280.740
21
-7197.300
31
0.0
0
LINE
8
ELEC-PANELS-PROTECTION
10
33280.740
20
-7197.300
30
0.0
11
33280.740
21
-7277.700
31
0.0
0
LINE
8
ELEC-PANELS-PROTECTION
10
33292.500
20
-7216.380
30
0.0
11
33286.620
21
-7254.780
31
0.0
0
LINE
8
ELEC-PANELS-PROTECTION
10
33286.620
20
-7254.780
30
0.0
11
33298.380
21
-7254.780
31
0.0
0
LINE
8
ELEC-PANELS-PROTECTION
10
33298.380
20
-7254.780
30
0.0
11
33292.500
21
-7216.380
31
0.0
0
LINE
8
ELEC-PANELS-PROTECTION
10
33289.910
20
-7242.300
30
0.0
11
33295.090
21
-7242.300
31
0.0
0
TEXT
8
LEGEND
10
31989.750
20
-8893.440
30
0.0
40
173.700
1
\U+05DE\U+05E4\U+05E1\U+05E7 \U+05E4\U+05D7\U+05EA (\U+05DE\U+05DE\U+05E1\U+05E8)
7
HEB
0
LINE
8
FRAME
10
1387.500
20
-10162.500
30
0.0
11
1507.500
21
-10162.500
31
0.0
0
LINE
8
FRAME
10
1507.500
20
-10162.500
30
0.0
11
1507.500
21
-10102.500
31
0.0
0
LINE
8
FRAME
10
1507.500
20
-10102.500
30
0.0
11
1387.500
21
-10102.500
31
0.0
0
LINE
8
FRAME
10
1387.500
20
-10102.500
30
0.0
11
1387.500
21
-10162.500
31
0.0
0
LINE
8
ELEC-PANELS-PROTECTION
10
1409.100
20
-10131.300
30
0.0
11
1485.900
21
-10131.300
31
0.0
0
LINE
8
ELEC-PANELS-PROTECTION
10
1485.900
20
-10131.300
30
0.0
11
1485.900
21
-10124.100
31
0.0
0
LINE
8
ELEC-PANELS-PROTECTION
10
1485.900
20
-10124.100
30
0.0
11
1409.100
21
-10124.100
31
0.0
0
LINE
8
ELEC-PANELS-PROTECTION
10
1409.100
20
-10124.100
30
0.0
11
1409.100
21
-10131.300
31
0.0
0
LINE
8
ELEC-PANELS-PROTECTION
10
1418.700
20
-10131.300
30
0.0
11
1418.700
21
-10134.420
31
0.0
0
LINE
8
ELEC-PANELS-PROTECTION
10
1437.900
20
-10131.300
30
0.0
11
1437.900
21
-10134.420
31
0.0
0
LINE
8
ELEC-PANELS-PROTECTION
10
1457.100
20
-10131.300
30
0.0
11
1457.100
21
-10134.420
31
0.0
0
LINE
8
ELEC-PANELS-PROTECTION
10
1476.300
20
-10131.300
30
0.0
11
1476.300
21
-10134.420
31
0.0
0
LINE
8
ELEC-PANELS-PROTECTION
10
1447.500
20
-10132.980
30
0.0
11
1447.500
21
-10135.860
31
0.0
0
LINE
8
ELEC-PANELS-PROTECTION
10
1423.500
20
-10135.860
30
0.0
11
1471.500
21
-10135.860
31
0.0
0
LINE
8
ELEC-PANELS-PROTECTION
10
1432.140
20
-10138.260
30
0.0
11
1462.860
21
-10138.260
31
0.0
0
LINE
8
ELEC-PANELS-PROTECTION
10
1440.780
20
-10140.660
30
0.0
11
1454.220
21
-10140.660
31
0.0
0
TEXT
8
LEGEND
10
144.750
20
-11788.440
30
0.0
40
173.700
1
\U+05E4\U+05E1 \U+05D4\U+05E9\U+05D5\U+05D5\U+05D0\U+05EA \U+05E4\U+05D5\U+05D8\U+05E0\U+05E6\U+05D9\U+05D0\U+05DC\U+05D9\U+05DD
7
HEB
0
LINE
8
FRAME
10
4322.500
20
-10152.500
30
0.0
11
4362.500
21
-10152.500
31
0.0
0
LINE
8
FRAME
10
4362.500
20
-10152.500
30
0.0
11
4362.500
21
-10112.500
31
0.0
0
LINE
8
FRAME
10
4362.500
20
-10112.500
30
0.0
11
4322.500
21
-10112.500
31
0.0
0
LINE
8
FRAME
10
4322.500
20
-10112.500
30
0.0
11
4322.500
21
-10152.500
31
0.0
0
LINE
8
ELEC-PANELS-PROTECTION
10
4342.500
20
-10124.740
30
0.0
11
4342.500
21
-10130.900
31
0.0
0
LINE
8
ELEC-PANELS-PROTECTION
10
4332.900
20
-10130.900
30
0.0
11
4352.100
21
-10130.900
31
0.0
0
LINE
8
ELEC-PANELS-PROTECTION
10
4336.340
20
-10136.020
30
0.0
11
4348.660
21
-10136.020
31
0.0
0
LINE
8
ELEC-PANELS-PROTECTION
10
4339.820
20
-10141.140
30
0.0
11
4345.180
21
-10141.140
31
0.0
0
TEXT
8
LEGEND
10
3039.750
20
-11788.440
30
0.0
40
173.700
1
\U+05E0\U+05E7\U+05D5\U+05D3\U+05EA \U+05D4\U+05D0\U+05E8\U+05E7\U+05D4
7
HEB
0
LINE
8
FRAME
10
7187.500
20
-10147.500
30
0.0
11
7287.500
21
-10147.500
31
0.0
0
LINE
8
FRAME
10
7287.500
20
-10147.500
30
0.0
11
7287.500
21
-10117.500
31
0.0
0
LINE
8
FRAME
10
7287.500
20
-10117.500
30
0.0
11
7187.500
21
-10117.500
31
0.0
0
LINE
8
FRAME
10
7187.500
20
-10117.500
30
0.0
11
7187.500
21
-10147.500
31
0.0
0
LINE
8
LIGHTING
10
7247.100
20
-10132.500
30
0.0
11
7246.400
21
-10131.390
31
0.0
0
LINE
8
LIGHTING
10
7246.400
20
-10131.390
30
0.0
11
7244.300
21
-10130.460
31
0.0
0
LINE
8
LIGHTING
10
7244.300
20
-10130.460
30
0.0
11
7241.200
21
-10129.830
31
0.0
0
LINE
8
LIGHTING
10
7241.200
20
-10129.830
30
0.0
11
7237.500
21
-10129.620
31
0.0
0
LINE
8
LIGHTING
10
7237.500
20
-10129.620
30
0.0
11
7233.800
21
-10129.830
31
0.0
0
LINE
8
LIGHTING
10
7233.800
20
-10129.830
30
0.0
11
7230.700
21
-10130.460
31
0.0
0
LINE
8
LIGHTING
10
7230.700
20
-10130.460
30
0.0
11
7228.600
21
-10131.390
31
0.0
0
LINE
8
LIGHTING
10
7228.600
20
-10131.390
30
0.0
11
7227.900
21
-10132.500
31
0.0
0
LINE
8
LIGHTING
10
7227.900
20
-10132.500
30
0.0
11
7228.600
21
-10133.610
31
0.0
0
LINE
8
LIGHTING
10
7228.600
20
-10133.610
30
0.0
11
7230.700
21
-10134.540
31
0.0
0
LINE
8
LIGHTING
10
7230.700
20
-10134.540
30
0.0
11
7233.800
21
-10135.170
31
0.0
0
LINE
8
LIGHTING
10
7233.800
20
-10135.170
30
0.0
11
7237.500
21
-10135.380
31
0.0
0
LINE
8
LIGHTING
10
7237.500
20
-10135.380
30
0.0
11
7241.200
21
-10135.170
31
0.0
0
LINE
8
LIGHTING
10
7241.200
20
-10135.170
30
0.0
11
7244.300
21
-10134.540
31
0.0
0
LINE
8
LIGHTING
10
7244.300
20
-10134.540
30
0.0
11
7246.400
21
-10133.610
31
0.0
0
LINE
8
LIGHTING
10
7246.400
20
-10133.610
30
0.0
11
7247.100
21
-10132.500
31
0.0
0
LINE
8
LIGHTING
10
7230.700
20
-10134.540
30
0.0
11
7244.300
21
-10130.460
31
0.0
0
LINE
8
LIGHTING
10
7230.700
20
-10130.460
30
0.0
11
7244.300
21
-10134.540
31
0.0
0
TEXT
8
LEGEND
10
5934.750
20
-11788.440
30
0.0
40
173.700
1
\U+05E1\U+05E4\U+05D5\U+05D8 \U+05E9\U+05E7\U+05D5\U+05E2 (\U+05D2\U+05D5\U+05E3 \U+05EA\U+05D0\U+05D5\U+05E8\U+05D4 \U+05E9\U+05E7\U+05D5\U+05E2)
7
HEB
0
LINE
8
FRAME
10
9982.500
20
-10282.500
30
0.0
11
10282.500
21
-10282.500
31
0.0
0
LINE
8
FRAME
10
10282.500
20
-10282.500
30
0.0
11
10282.500
21
-9982.500
31
0.0
0
LINE
8
FRAME
10
10282.500
20
-9982.500
30
0.0
11
9982.500
21
-9982.500
31
0.0
0
LINE
8
FRAME
10
9982.500
20
-9982.500
30
0.0
11
9982.500
21
-10282.500
31
0.0
0
LINE
8
LIGHTING
10
10228.500
20
-10132.500
30
0.0
11
10221.300
21
-10095.900
31
0.0
0
LINE
8
LIGHTING
10
10221.300
20
-10095.900
30
0.0
11
10200.300
21
-10064.700
31
0.0
0
LINE
8
LIGHTING
10
10200.300
20
-10064.700
30
0.0
11
10169.100
21
-10043.700
31
0.0
0
LINE
8
LIGHTING
10
10169.100
20
-10043.700
30
0.0
11
10132.500
21
-10036.500
31
0.0
0
LINE
8
LIGHTING
10
10132.500
20
-10036.500
30
0.0
11
10095.900
21
-10043.700
31
0.0
0
LINE
8
LIGHTING
10
10095.900
20
-10043.700
30
0.0
11
10064.700
21
-10064.700
31
0.0
0
LINE
8
LIGHTING
10
10064.700
20
-10064.700
30
0.0
11
10043.700
21
-10095.900
31
0.0
0
LINE
8
LIGHTING
10
10043.700
20
-10095.900
30
0.0
11
10036.500
21
-10132.500
31
0.0
0
LINE
8
LIGHTING
10
10036.500
20
-10132.500
30
0.0
11
10043.700
21
-10169.100
31
0.0
0
LINE
8
LIGHTING
10
10043.700
20
-10169.100
30
0.0
11
10064.700
21
-10200.300
31
0.0
0
LINE
8
LIGHTING
10
10064.700
20
-10200.300
30
0.0
11
10095.900
21
-10221.300
31
0.0
0
LINE
8
LIGHTING
10
10095.900
20
-10221.300
30
0.0
11
10132.500
21
-10228.500
31
0.0
0
LINE
8
LIGHTING
10
10132.500
20
-10228.500
30
0.0
11
10169.100
21
-10221.300
31
0.0
0
LINE
8
LIGHTING
10
10169.100
20
-10221.300
30
0.0
11
10200.300
21
-10200.300
31
0.0
0
LINE
8
LIGHTING
10
10200.300
20
-10200.300
30
0.0
11
10221.300
21
-10169.100
31
0.0
0
LINE
8
LIGHTING
10
10221.300
20
-10169.100
30
0.0
11
10228.500
21
-10132.500
31
0.0
0
LINE
8
LIGHTING
10
10185.300
20
-10132.500
30
0.0
11
10180.200
21
-10109.700
31
0.0
0
LINE
8
LIGHTING
10
10180.200
20
-10109.700
30
0.0
11
10165.500
21
-10091.100
31
0.0
0
LINE
8
LIGHTING
10
10165.500
20
-10091.100
30
0.0
11
10144.200
21
-10080.900
31
0.0
0
LINE
8
LIGHTING
10
10144.200
20
-10080.900
30
0.0
11
10120.800
21
-10080.900
31
0.0
0
LINE
8
LIGHTING
10
10120.800
20
-10080.900
30
0.0
11
10099.500
21
-10091.100
31
0.0
0
LINE
8
LIGHTING
10
10099.500
20
-10091.100
30
0.0
11
10084.800
21
-10109.700
31
0.0
0
LINE
8
LIGHTING
10
10084.800
20
-10109.700
30
0.0
11
10079.700
21
-10132.500
31
0.0
0
LINE
8
LIGHTING
10
10079.700
20
-10132.500
30
0.0
11
10084.800
21
-10155.300
31
0.0
0
LINE
8
LIGHTING
10
10084.800
20
-10155.300
30
0.0
11
10099.500
21
-10173.900
31
0.0
0
LINE
8
LIGHTING
10
10099.500
20
-10173.900
30
0.0
11
10120.800
21
-10184.100
31
0.0
0
LINE
8
LIGHTING
10
10120.800
20
-10184.100
30
0.0
11
10144.200
21
-10184.100
31
0.0
0
LINE
8
LIGHTING
10
10144.200
20
-10184.100
30
0.0
11
10165.500
21
-10173.900
31
0.0
0
LINE
8
LIGHTING
10
10165.500
20
-10173.900
30
0.0
11
10180.200
21
-10155.300
31
0.0
0
LINE
8
LIGHTING
10
10180.200
20
-10155.300
30
0.0
11
10185.300
21
-10132.500
31
0.0
0
LINE
8
LIGHTING
10
10064.700
20
-10200.300
30
0.0
11
10200.300
21
-10064.700
31
0.0
0
LINE
8
LIGHTING
10
10064.700
20
-10064.700
30
0.0
11
10200.300
21
-10200.300
31
0.0
0
TEXT
8
LEGEND
10
8829.750
20
-11788.440
30
0.0
40
173.700
1
\U+05D2\U+05D5\U+05E3 \U+05EA\U+05D0\U+05D5\U+05E8\U+05D4 \U+05E6\U+05DE\U+05D5\U+05D3 \U+05EA\U+05E7\U+05E8\U+05D4
7
HEB
0
LINE
8
FRAME
10
12902.500
20
-10282.500
30
0.0
11
13152.500
21
-10282.500
31
0.0
0
LINE
8
FRAME
10
13152.500
20
-10282.500
30
0.0
11
13152.500
21
-9982.500
31
0.0
0
LINE
8
FRAME
10
13152.500
20
-9982.500
30
0.0
11
12902.500
21
-9982.500
31
0.0
0
LINE
8
FRAME
10
12902.500
20
-9982.500
30
0.0
11
12902.500
21
-10282.500
31
0.0
0
LINE
8
LIGHTING
10
13027.500
20
-10024.500
30
0.0
11
13027.500
21
-10100.400
31
0.0
0
LINE
8
LIGHTING
10
13074.250
20
-10156.500
30
0.0
11
13070.500
21
-10135.200
31
0.0
0
LINE
8
LIGHTING
10
13070.500
20
-10135.200
30
0.0
11
13060.500
21
-10116.900
31
0.0
0
LINE
8
LIGHTING
10
13060.500
20
-10116.900
30
0.0
11
13045.250
21
-10104.900
31
0.0
0
LINE
8
LIGHTING
10
13045.250
20
-10104.900
30
0.0
11
13027.500
21
-10100.400
31
0.0
0
LINE
8
LIGHTING
10
13027.500
20
-10100.400
30
0.0
11
13009.750
21
-10104.900
31
0.0
0
LINE
8
LIGHTING
10
13009.750
20
-10104.900
30
0.0
11
12994.500
21
-10116.900
31
0.0
0
LINE
8
LIGHTING
10
12994.500
20
-10116.900
30
0.0
11
12984.500
21
-10135.200
31
0.0
0
LINE
8
LIGHTING
10
12984.500
20
-10135.200
30
0.0
11
12980.750
21
-10156.500
31
0.0
0
LINE
8
LIGHTING
10
12980.750
20
-10156.500
30
0.0
11
12984.500
21
-10177.800
31
0.0
0
LINE
8
LIGHTING
10
12984.500
20
-10177.800
30
0.0
11
12994.500
21
-10196.100
31
0.0
0
LINE
8
LIGHTING
10
12994.500
20
-10196.100
30
0.0
11
13009.750
21
-10208.100
31
0.0
0
LINE
8
LIGHTING
10
13009.750
20
-10208.100
30
0.0
11
13027.500
21
-10212.600
31
0.0
0
LINE
8
LIGHTING
10
13027.500
20
-10212.600
30
0.0
11
13045.250
21
-10208.100
31
0.0
0
LINE
8
LIGHTING
10
13045.250
20
-10208.100
30
0.0
11
13060.500
21
-10196.100
31
0.0
0
LINE
8
LIGHTING
10
13060.500
20
-10196.100
30
0.0
11
13070.500
21
-10177.800
31
0.0
0
LINE
8
LIGHTING
10
13070.500
20
-10177.800
30
0.0
11
13074.250
21
-10156.500
31
0.0
0
LINE
8
LIGHTING
10
12980.750
20
-10156.500
30
0.0
11
13074.250
21
-10156.500
31
0.0
0
TEXT
8
LEGEND
10
11724.750
20
-11788.440
30
0.0
40
173.700
1
\U+05DE\U+05E0\U+05D5\U+05E8\U+05D4 \U+05EA\U+05DC\U+05D5\U+05D9\U+05D4 (\U+05E4\U+05E0\U+05D3\U+05E0\U+05D8)
7
HEB
0
LINE
8
FRAME
10
15882.500
20
-10172.500
30
0.0
11
15962.500
21
-10172.500
31
0.0
0
LINE
8
FRAME
10
15962.500
20
-10172.500
30
0.0
11
15962.500
21
-10092.500
31
0.0
0
LINE
8
FRAME
10
15962.500
20
-10092.500
30
0.0
11
15882.500
21
-10092.500
31
0.0
0
LINE
8
FRAME
10
15882.500
20
-10092.500
30
0.0
11
15882.500
21
-10172.500
31
0.0
0
LINE
8
LIGHTING
10
15934.020
20
-10127.380
30
0.0
11
15932.340
21
-10120.180
31
0.0
0
LINE
8
LIGHTING
10
15932.340
20
-10120.180
30
0.0
11
15927.780
21
-10114.340
31
0.0
0
LINE
8
LIGHTING
10
15927.780
20
-10114.340
30
0.0
11
15921.060
21
-10111.140
31
0.0
0
LINE
8
LIGHTING
10
15921.060
20
-10111.140
30
0.0
11
15913.700
21
-10111.140
31
0.0
0
LINE
8
LIGHTING
10
15913.700
20
-10111.140
30
0.0
11
15906.980
21
-10114.340
31
0.0
0
LINE
8
LIGHTING
10
15906.980
20
-10114.340
30
0.0
11
15902.420
21
-10120.180
31
0.0
0
LINE
8
LIGHTING
10
15902.420
20
-10120.180
30
0.0
11
15900.740
21
-10127.380
31
0.0
0
LINE
8
LIGHTING
10
15900.740
20
-10127.380
30
0.0
11
15902.420
21
-10134.580
31
0.0
0
LINE
8
LIGHTING
10
15902.420
20
-10134.580
30
0.0
11
15906.980
21
-10140.420
31
0.0
0
LINE
8
LIGHTING
10
15906.980
20
-10140.420
30
0.0
11
15913.700
21
-10143.620
31
0.0
0
LINE
8
LIGHTING
10
15913.700
20
-10143.620
30
0.0
11
15921.060
21
-10143.620
31
0.0
0
LINE
8
LIGHTING
10
15921.060
20
-10143.620
30
0.0
11
15927.780
21
-10140.420
31
0.0
0
LINE
8
LIGHTING
10
15927.780
20
-10140.420
30
0.0
11
15932.340
21
-10134.580
31
0.0
0
LINE
8
LIGHTING
10
15932.340
20
-10134.580
30
0.0
11
15934.020
21
-10127.380
31
0.0
0
LINE
8
LIGHTING
10
15929.060
20
-10139.060
30
0.0
11
15948.100
21
-10151.700
31
0.0
0
LINE
8
LIGHTING
10
15948.100
20
-10151.700
30
0.0
11
15940.420
21
-10150.420
31
0.0
0
LINE
8
LIGHTING
10
15948.100
20
-10151.700
30
0.0
11
15946.820
21
-10144.020
31
0.0
0
TEXT
8
LEGEND
10
14619.750
20
-11788.440
30
0.0
40
173.700
1
\U+05D6\U+05E8\U+05E7\U+05D5\U+05E8 / \U+05E1\U+05E4\U+05D5\U+05D8 \U+05E6\U+05DE\U+05D5\U+05D3
7
HEB
0
LINE
8
FRAME
10
18757.500
20
-10232.500
30
0.0
11
18877.500
21
-10232.500
31
0.0
0
LINE
8
FRAME
10
18877.500
20
-10232.500
30
0.0
11
18877.500
21
-10032.500
31
0.0
0
LINE
8
FRAME
10
18877.500
20
-10032.500
30
0.0
11
18757.500
21
-10032.500
31
0.0
0
LINE
8
FRAME
10
18757.500
20
-10032.500
30
0.0
11
18757.500
21
-10232.500
31
0.0
0
LINE
8
LIGHTING
10
18794.460
20
-10132.500
30
0.0
11
18840.540
21
-10132.500
31
0.0
0
LINE
8
LIGHTING
10
18788.700
20
-10132.500
30
0.0
11
18790.140
21
-10147.300
31
0.0
0
LINE
8
LIGHTING
10
18790.140
20
-10147.300
30
0.0
11
18794.220
21
-10160.700
31
0.0
0
LINE
8
LIGHTING
10
18794.220
20
-10160.700
30
0.0
11
18800.580
21
-10171.300
31
0.0
0
LINE
8
LIGHTING
10
18800.580
20
-10171.300
30
0.0
11
18808.620
21
-10178.100
31
0.0
0
LINE
8
LIGHTING
10
18808.620
20
-10178.100
30
0.0
11
18817.500
21
-10180.500
31
0.0
0
LINE
8
LIGHTING
10
18817.500
20
-10180.500
30
0.0
11
18826.380
21
-10178.100
31
0.0
0
LINE
8
LIGHTING
10
18826.380
20
-10178.100
30
0.0
11
18834.420
21
-10171.300
31
0.0
0
LINE
8
LIGHTING
10
18834.420
20
-10171.300
30
0.0
11
18840.780
21
-10160.700
31
0.0
0
LINE
8
LIGHTING
10
18840.780
20
-10160.700
30
0.0
11
18844.860
21
-10147.300
31
0.0
0
LINE
8
LIGHTING
10
18844.860
20
-10147.300
30
0.0
11
18846.300
21
-10132.500
31
0.0
0
LINE
8
LIGHTING
10
18797.100
20
-10172.900
30
0.0
11
18789.780
21
-10187.700
31
0.0
0
LINE
8
LIGHTING
10
18817.500
20
-10185.300
30
0.0
11
18817.500
21
-10204.500
31
0.0
0
LINE
8
LIGHTING
10
18837.900
20
-10172.900
30
0.0
11
18845.220
21
-10187.700
31
0.0
0
TEXT
8
LEGEND
10
17514.750
20
-11788.440
30
0.0
40
173.700
1
\U+05EA\U+05D0\U+05D5\U+05E8\U+05EA \U+05E7\U+05D9\U+05E8 (\U+05D0\U+05E4\U+05DC\U+05D9\U+05E7)
7
HEB
0
LINE
8
FRAME
10
21712.500
20
-10137.500
30
0.0
11
21712.500
21
-10137.500
31
0.0
0
LINE
8
FRAME
10
21712.500
20
-10137.500
30
0.0
11
21712.500
21
-10127.500
31
0.0
0
LINE
8
FRAME
10
21712.500
20
-10127.500
30
0.0
11
21712.500
21
-10127.500
31
0.0
0
LINE
8
FRAME
10
21712.500
20
-10127.500
30
0.0
11
21712.500
21
-10137.500
31
0.0
0
LINE
8
LIGHTING
10
21712.500
20
-10132.540
30
0.0
11
21712.500
21
-10132.540
31
0.0
0
LINE
8
LIGHTING
10
21712.500
20
-10132.460
30
0.0
11
21712.500
21
-10132.460
31
0.0
0
LINE
8
LIGHTING
10
21712.500
20
-10132.540
30
0.0
11
21712.500
21
-10132.460
31
0.0
0
LINE
8
LIGHTING
10
21712.500
20
-10132.540
30
0.0
11
21712.500
21
-10132.460
31
0.0
0
LINE
8
LIGHTING
10
21712.500
20
-10132.540
30
0.0
11
21712.500
21
-10132.460
31
0.0
0
LINE
8
LIGHTING
10
21712.500
20
-10132.540
30
0.0
11
21712.500
21
-10132.460
31
0.0
0
LINE
8
LIGHTING
10
21712.500
20
-10132.540
30
0.0
11
21712.500
21
-10132.460
31
0.0
0
LINE
8
LIGHTING
10
21712.500
20
-10132.540
30
0.0
11
21712.500
21
-10132.460
31
0.0
0
LINE
8
LIGHTING
10
21712.500
20
-10132.540
30
0.0
11
21712.500
21
-10132.460
31
0.0
0
LINE
8
LIGHTING
10
21712.500
20
-10132.540
30
0.0
11
21712.500
21
-10132.460
31
0.0
0
LINE
8
LIGHTING
10
21712.500
20
-10132.540
30
0.0
11
21712.500
21
-10132.460
31
0.0
0
LINE
8
LIGHTING
10
21712.500
20
-10132.540
30
0.0
11
21712.500
21
-10132.460
31
0.0
0
LINE
8
LIGHTING
10
21712.500
20
-10132.540
30
0.0
11
21712.500
21
-10132.460
31
0.0
0
TEXT
8
LEGEND
10
20409.750
20
-11788.440
30
0.0
40
173.700
1
\U+05E4\U+05E1 \U+05EA\U+05D0\U+05D5\U+05E8\U+05D4 LED
7
HEB
0
LINE
8
FRAME
10
24607.500
20
-10140.000
30
0.0
11
24607.500
21
-10140.000
31
0.0
0
LINE
8
FRAME
10
24607.500
20
-10140.000
30
0.0
11
24607.500
21
-10125.000
31
0.0
0
LINE
8
FRAME
10
24607.500
20
-10125.000
30
0.0
11
24607.500
21
-10125.000
31
0.0
0
LINE
8
FRAME
10
24607.500
20
-10125.000
30
0.0
11
24607.500
21
-10140.000
31
0.0
0
LINE
8
LIGHTING
10
24607.500
20
-10132.320
30
0.0
11
24607.500
21
-10132.320
31
0.0
0
LINE
8
LIGHTING
10
24607.500
20
-10132.440
30
0.0
11
24607.500
21
-10132.680
31
0.0
0
LINE
8
LIGHTING
10
24607.500
20
-10132.440
30
0.0
11
24607.500
21
-10132.680
31
0.0
0
LINE
8
LIGHTING
10
24607.500
20
-10132.440
30
0.0
11
24607.500
21
-10132.680
31
0.0
0
LINE
8
LIGHTING
10
24607.500
20
-10132.440
30
0.0
11
24607.500
21
-10132.680
31
0.0
0
LINE
8
LIGHTING
10
24607.500
20
-10132.440
30
0.0
11
24607.500
21
-10132.680
31
0.0
0
LINE
8
LIGHTING
10
24607.500
20
-10132.440
30
0.0
11
24607.500
21
-10132.680
31
0.0
0
LINE
8
LIGHTING
10
24607.500
20
-10132.440
30
0.0
11
24607.500
21
-10132.680
31
0.0
0
LINE
8
LIGHTING
10
24607.500
20
-10132.440
30
0.0
11
24607.500
21
-10132.680
31
0.0
0
LINE
8
LIGHTING
10
24607.500
20
-10132.440
30
0.0
11
24607.500
21
-10132.680
31
0.0
0
TEXT
8
LEGEND
10
23304.750
20
-11788.440
30
0.0
40
173.700
1
\U+05EA\U+05D0\U+05D5\U+05E8\U+05EA \U+05D0\U+05E8\U+05D5\U+05DF \U+05E2\U+05DC\U+05D9\U+05D5\U+05DF (\U+05EA\U+05D7\U+05EA\U+05D9\U+05EA \U+05D0\U+05E8\U+05D5\U+05DF)
7
HEB
0
LINE
8
FRAME
10
27502.500
20
-10137.500
30
0.0
11
27502.500
21
-10137.500
31
0.0
0
LINE
8
FRAME
10
27502.500
20
-10137.500
30
0.0
11
27502.500
21
-10127.500
31
0.0
0
LINE
8
FRAME
10
27502.500
20
-10127.500
30
0.0
11
27502.500
21
-10127.500
31
0.0
0
LINE
8
FRAME
10
27502.500
20
-10127.500
30
0.0
11
27502.500
21
-10137.500
31
0.0
0
LINE
8
LIGHTING
10
27502.500
20
-10132.450
30
0.0
11
27502.500
21
-10132.450
31
0.0
0
LINE
8
LIGHTING
10
27502.500
20
-10132.490
30
0.0
11
27502.500
21
-10132.580
31
0.0
0
LINE
8
LIGHTING
10
27502.500
20
-10132.490
30
0.0
11
27502.500
21
-10132.580
31
0.0
0
LINE
8
LIGHTING
10
27502.500
20
-10132.490
30
0.0
11
27502.500
21
-10132.580
31
0.0
0
LINE
8
LIGHTING
10
27502.500
20
-10132.490
30
0.0
11
27502.500
21
-10132.580
31
0.0
0
LINE
8
LIGHTING
10
27502.500
20
-10132.490
30
0.0
11
27502.500
21
-10132.580
31
0.0
0
LINE
8
LIGHTING
10
27502.500
20
-10132.490
30
0.0
11
27502.500
21
-10132.580
31
0.0
0
LINE
8
LIGHTING
10
27502.500
20
-10132.490
30
0.0
11
27502.500
21
-10132.580
31
0.0
0
LINE
8
LIGHTING
10
27502.500
20
-10132.490
30
0.0
11
27502.500
21
-10132.580
31
0.0
0
LINE
8
LIGHTING
10
27502.500
20
-10132.490
30
0.0
11
27502.500
21
-10132.580
31
0.0
0
TEXT
8
LEGEND
10
26199.750
20
-11788.440
30
0.0
40
173.700
1
\U+05EA\U+05D0\U+05D5\U+05E8\U+05EA \U+05D0\U+05E8\U+05D5\U+05DF \U+05EA\U+05D7\U+05EA\U+05D5\U+05DF / \U+05E7\U+05D5\U+05E8\U+05E0\U+05D9\U+05E5
7
HEB
0
LINE
8
FRAME
10
30297.500
20
-10162.500
30
0.0
11
30497.500
21
-10162.500
31
0.0
0
LINE
8
FRAME
10
30497.500
20
-10162.500
30
0.0
11
30497.500
21
-10102.500
31
0.0
0
LINE
8
FRAME
10
30497.500
20
-10102.500
30
0.0
11
30297.500
21
-10102.500
31
0.0
0
LINE
8
FRAME
10
30297.500
20
-10102.500
30
0.0
11
30297.500
21
-10162.500
31
0.0
0
LINE
8
LIGHTING
10
30325.500
20
-10137.540
30
0.0
11
30469.500
21
-10137.540
31
0.0
0
LINE
8
LIGHTING
10
30469.500
20
-10137.540
30
0.0
11
30469.500
21
-10127.460
31
0.0
0
LINE
8
LIGHTING
10
30469.500
20
-10127.460
30
0.0
11
30325.500
21
-10127.460
31
0.0
0
LINE
8
LIGHTING
10
30325.500
20
-10127.460
30
0.0
11
30325.500
21
-10137.540
31
0.0
0
LINE
8
LIGHTING
10
30341.500
20
-10132.500
30
0.0
11
30344.700
21
-10131.300
31
0.0
0
LINE
8
LIGHTING
10
30344.700
20
-10131.300
30
0.0
11
30347.900
21
-10130.400
31
0.0
0
LINE
8
LIGHTING
10
30347.900
20
-10130.400
30
0.0
11
30351.100
21
-10129.920
31
0.0
0
LINE
8
LIGHTING
10
30351.100
20
-10129.920
30
0.0
11
30354.300
21
-10130.040
31
0.0
0
LINE
8
LIGHTING
10
30354.300
20
-10130.040
30
0.0
11
30357.500
21
-10130.640
31
0.0
0
LINE
8
LIGHTING
10
30357.500
20
-10130.640
30
0.0
11
30360.700
21
-10131.720
31
0.0
0
LINE
8
LIGHTING
10
30360.700
20
-10131.720
30
0.0
11
30363.900
21
-10132.920
31
0.0
0
LINE
8
LIGHTING
10
30363.900
20
-10132.920
30
0.0
11
30367.100
21
-10134.000
31
0.0
0
LINE
8
LIGHTING
10
30367.100
20
-10134.000
30
0.0
11
30370.300
21
-10134.780
31
0.0
0
LINE
8
LIGHTING
10
30370.300
20
-10134.780
30
0.0
11
30373.500
21
-10135.080
31
0.0
0
LINE
8
LIGHTING
10
30373.500
20
-10135.080
30
0.0
11
30376.700
21
-10134.780
31
0.0
0
LINE
8
LIGHTING
10
30376.700
20
-10134.780
30
0.0
11
30379.900
21
-10134.000
31
0.0
0
LINE
8
LIGHTING
10
30379.900
20
-10134.000
30
0.0
11
30383.100
21
-10132.920
31
0.0
0
LINE
8
LIGHTING
10
30383.100
20
-10132.920
30
0.0
11
30386.300
21
-10131.720
31
0.0
0
LINE
8
LIGHTING
10
30386.300
20
-10131.720
30
0.0
11
30389.500
21
-10130.640
31
0.0
0
LINE
8
LIGHTING
10
30389.500
20
-10130.640
30
0.0
11
30392.700
21
-10130.040
31
0.0
0
LINE
8
LIGHTING
10
30392.700
20
-10130.040
30
0.0
11
30395.900
21
-10129.920
31
0.0
0
LINE
8
LIGHTING
10
30395.900
20
-10129.920
30
0.0
11
30399.100
21
-10130.400
31
0.0
0
LINE
8
LIGHTING
10
30399.100
20
-10130.400
30
0.0
11
30402.300
21
-10131.300
31
0.0
0
LINE
8
LIGHTING
10
30402.300
20
-10131.300
30
0.0
11
30405.500
21
-10132.500
31
0.0
0
LINE
8
LIGHTING
10
30413.500
20
-10132.500
30
0.0
11
30469.500
21
-10132.500
31
0.0
0
LINE
8
LIGHTING
10
30432.700
20
-10133.940
30
0.0
11
30432.700
21
-10131.060
31
0.0
0
TEXT
8
LEGEND
10
29094.750
20
-11788.440
30
0.0
40
173.700
1
\U+05E9\U+05E0\U+05D0\U+05D9 / \U+05D3\U+05E8\U+05D9\U+05D9\U+05D1\U+05E8 LED
7
HEB
0
LINE
8
FRAME
10
33217.500
20
-10232.500
30
0.0
11
33367.500
21
-10232.500
31
0.0
0
LINE
8
FRAME
10
33367.500
20
-10232.500
30
0.0
11
33367.500
21
-10032.500
31
0.0
0
LINE
8
FRAME
10
33367.500
20
-10032.500
30
0.0
11
33217.500
21
-10032.500
31
0.0
0
LINE
8
FRAME
10
33217.500
20
-10032.500
30
0.0
11
33217.500
21
-10232.500
31
0.0
0
LINE
8
LIGHTING
10
33258.300
20
-10198.100
30
0.0
11
33326.700
21
-10198.100
31
0.0
0
LINE
8
LIGHTING
10
33326.700
20
-10198.100
30
0.0
11
33326.700
21
-10066.900
31
0.0
0
LINE
8
LIGHTING
10
33326.700
20
-10066.900
30
0.0
11
33258.300
21
-10066.900
31
0.0
0
LINE
8
LIGHTING
10
33258.300
20
-10066.900
30
0.0
11
33258.300
21
-10198.100
31
0.0
0
LINE
8
LIGHTING
10
33310.500
20
-10132.500
30
0.0
11
33308.700
21
-10122.100
31
0.0
0
LINE
8
LIGHTING
10
33308.700
20
-10122.100
30
0.0
11
33303.750
21
-10113.700
31
0.0
0
LINE
8
LIGHTING
10
33303.750
20
-10113.700
30
0.0
11
33296.550
21
-10109.100
31
0.0
0
LINE
8
LIGHTING
10
33296.550
20
-10109.100
30
0.0
11
33288.450
21
-10109.100
31
0.0
0
LINE
8
LIGHTING
10
33288.450
20
-10109.100
30
0.0
11
33281.250
21
-10113.700
31
0.0
0
LINE
8
LIGHTING
10
33281.250
20
-10113.700
30
0.0
11
33276.300
21
-10122.100
31
0.0
0
LINE
8
LIGHTING
10
33276.300
20
-10122.100
30
0.0
11
33274.500
21
-10132.500
31
0.0
0
LINE
8
LIGHTING
10
33274.500
20
-10132.500
30
0.0
11
33276.300
21
-10142.900
31
0.0
0
LINE
8
LIGHTING
10
33276.300
20
-10142.900
30
0.0
11
33281.250
21
-10151.300
31
0.0
0
LINE
8
LIGHTING
10
33281.250
20
-10151.300
30
0.0
11
33288.450
21
-10155.900
31
0.0
0
LINE
8
LIGHTING
10
33288.450
20
-10155.900
30
0.0
11
33296.550
21
-10155.900
31
0.0
0
LINE
8
LIGHTING
10
33296.550
20
-10155.900
30
0.0
11
33303.750
21
-10151.300
31
0.0
0
LINE
8
LIGHTING
10
33303.750
20
-10151.300
30
0.0
11
33308.700
21
-10142.900
31
0.0
0
LINE
8
LIGHTING
10
33308.700
20
-10142.900
30
0.0
11
33310.500
21
-10132.500
31
0.0
0
LINE
8
LIGHTING
10
33313.200
20
-10132.500
30
0.0
11
33321.300
21
-10132.500
31
0.0
0
LINE
8
LIGHTING
10
33307.200
20
-10112.900
30
0.0
11
33312.900
21
-10105.300
31
0.0
0
LINE
8
LIGHTING
10
33292.500
20
-10104.900
30
0.0
11
33292.500
21
-10094.100
31
0.0
0
LINE
8
LIGHTING
10
33277.800
20
-10112.900
30
0.0
11
33272.100
21
-10105.300
31
0.0
0
LINE
8
LIGHTING
10
33271.800
20
-10132.500
30
0.0
11
33263.700
21
-10132.500
31
0.0
0
LINE
8
LIGHTING
10
33277.800
20
-10152.100
30
0.0
11
33272.100
21
-10159.700
31
0.0
0
LINE
8
LIGHTING
10
33292.500
20
-10160.100
30
0.0
11
33292.500
21
-10170.900
31
0.0
0
LINE
8
LIGHTING
10
33307.200
20
-10152.100
30
0.0
11
33312.900
21
-10159.700
31
0.0
0
TEXT
8
LEGEND
10
31989.750
20
-11788.440
30
0.0
40
173.700
1
\U+05E4\U+05E0\U+05E1/\U+05EA\U+05D0\U+05D5\U+05E8\U+05EA \U+05D7\U+05D5\U+05E5
7
HEB
0
LINE
8
FRAME
10
1322.500
20
-13087.500
30
0.0
11
1572.500
21
-13087.500
31
0.0
0
LINE
8
FRAME
10
1572.500
20
-13087.500
30
0.0
11
1572.500
21
-12967.500
31
0.0
0
LINE
8
FRAME
10
1572.500
20
-12967.500
30
0.0
11
1322.500
21
-12967.500
31
0.0
0
LINE
8
FRAME
10
1322.500
20
-12967.500
30
0.0
11
1322.500
21
-13087.500
31
0.0
0
LINE
8
LIGHTING
10
1359.500
20
-13039.020
30
0.0
11
1535.500
21
-13039.020
31
0.0
0
LINE
8
LIGHTING
10
1535.500
20
-13039.020
30
0.0
11
1535.500
21
-13015.980
31
0.0
0
LINE
8
LIGHTING
10
1535.500
20
-13015.980
30
0.0
11
1359.500
21
-13015.980
31
0.0
0
LINE
8
LIGHTING
10
1359.500
20
-13015.980
30
0.0
11
1359.500
21
-13039.020
31
0.0
0
LINE
8
LIGHTING
10
1447.500
20
-13039.020
30
0.0
11
1447.500
21
-13015.980
31
0.0
0
LINE
8
LIGHTING
10
1371.500
20
-13027.500
30
0.0
11
1431.500
21
-13027.500
31
0.0
0
LINE
8
LIGHTING
10
1431.500
20
-13027.500
30
0.0
11
1415.500
21
-13022.940
31
0.0
0
LINE
8
LIGHTING
10
1431.500
20
-13027.500
30
0.0
11
1415.500
21
-13032.060
31
0.0
0
LINE
8
LIGHTING
10
1467.500
20
-13032.060
30
0.0
11
1517.500
21
-13032.060
31
0.0
0
LINE
8
LIGHTING
10
1517.500
20
-13032.060
30
0.0
11
1517.500
21
-13022.940
31
0.0
0
LINE
8
LIGHTING
10
1517.500
20
-13022.940
30
0.0
11
1467.500
21
-13022.940
31
0.0
0
LINE
8
LIGHTING
10
1467.500
20
-13022.940
30
0.0
11
1467.500
21
-13032.060
31
0.0
0
LINE
8
LIGHTING
10
1517.500
20
-13029.300
30
0.0
11
1527.500
21
-13029.300
31
0.0
0
LINE
8
LIGHTING
10
1517.500
20
-13025.700
30
0.0
11
1527.500
21
-13025.700
31
0.0
0
TEXT
8
LEGEND
10
144.750
20
-14683.440
30
0.0
40
173.700
1
\U+05D2\U+05D5\U+05E3 \U+05EA\U+05D0\U+05D5\U+05E8\U+05EA \U+05D7\U+05D9\U+05E8\U+05D5\U+05DD
7
HEB
0
LINE
8
FRAME
10
4302.500
20
-13067.500
30
0.0
11
4382.500
21
-13067.500
31
0.0
0
LINE
8
FRAME
10
4382.500
20
-13067.500
30
0.0
11
4382.500
21
-12987.500
31
0.0
0
LINE
8
FRAME
10
4382.500
20
-12987.500
30
0.0
11
4302.500
21
-12987.500
31
0.0
0
LINE
8
FRAME
10
4302.500
20
-12987.500
30
0.0
11
4302.500
21
-13067.500
31
0.0
0
LINE
8
COMM-MULTIMEDIA
10
4318.820
20
-13049.260
30
0.0
11
4366.180
21
-13049.260
31
0.0
0
LINE
8
COMM-MULTIMEDIA
10
4355.300
20
-13049.260
30
0.0
11
4354.660
21
-13045.340
31
0.0
0
LINE
8
COMM-MULTIMEDIA
10
4354.660
20
-13045.340
30
0.0
11
4352.820
21
-13041.740
31
0.0
0
LINE
8
COMM-MULTIMEDIA
10
4352.820
20
-13041.740
30
0.0
11
4350.020
21
-13038.940
31
0.0
0
LINE
8
COMM-MULTIMEDIA
10
4350.020
20
-13038.940
30
0.0
11
4346.420
21
-13037.100
31
0.0
0
LINE
8
COMM-MULTIMEDIA
10
4346.420
20
-13037.100
30
0.0
11
4342.500
21
-13036.460
31
0.0
0
LINE
8
COMM-MULTIMEDIA
10
4342.500
20
-13036.460
30
0.0
11
4338.580
21
-13037.100
31
0.0
0
LINE
8
COMM-MULTIMEDIA
10
4338.580
20
-13037.100
30
0.0
11
4334.980
21
-13038.940
31
0.0
0
LINE
8
COMM-MULTIMEDIA
10
4334.980
20
-13038.940
30
0.0
11
4332.180
21
-13041.740
31
0.0
0
LINE
8
COMM-MULTIMEDIA
10
4332.180
20
-13041.740
30
0.0
11
4330.340
21
-13045.340
31
0.0
0
LINE
8
COMM-MULTIMEDIA
10
4330.340
20
-13045.340
30
0.0
11
4329.700
21
-13049.260
31
0.0
0
LINE
8
COMM-MULTIMEDIA
10
4342.500
20
-13049.260
30
0.0
11
4342.500
21
-13036.460
31
0.0
0
LINE
8
COMM-MULTIMEDIA
10
4342.500
20
-13003.660
30
0.0
11
4330.260
21
-13026.780
31
0.0
0
LINE
8
COMM-MULTIMEDIA
10
4330.260
20
-13026.780
30
0.0
11
4354.740
21
-13026.780
31
0.0
0
LINE
8
COMM-MULTIMEDIA
10
4354.740
20
-13026.780
30
0.0
11
4342.500
21
-13003.660
31
0.0
0
LINE
8
COMM-MULTIMEDIA
10
4339.460
20
-13009.420
30
0.0
11
4345.540
21
-13009.420
31
0.0
0
LINE
8
COMM-MULTIMEDIA
10
4336.420
20
-13015.180
30
0.0
11
4348.660
21
-13015.180
31
0.0
0
LINE
8
COMM-MULTIMEDIA
10
4333.300
20
-13021.020
30
0.0
11
4351.700
21
-13021.020
31
0.0
0
TEXT
8
LEGEND
10
3039.750
20
-14683.440
30
0.0
40
173.700
1
\U+05E9\U+05E7\U+05E2 \U+05EA\U+05E7\U+05E9\U+05D5\U+05E8\U+05EA \U+05E8\U+05E9\U+05EA (RJ45)
7
HEB
0
LINE
8
FRAME
10
7197.500
20
-13067.500
30
0.0
11
7277.500
21
-13067.500
31
0.0
0
LINE
8
FRAME
10
7277.500
20
-13067.500
30
0.0
11
7277.500
21
-12987.500
31
0.0
0
LINE
8
FRAME
10
7277.500
20
-12987.500
30
0.0
11
7197.500
21
-12987.500
31
0.0
0
LINE
8
FRAME
10
7197.500
20
-12987.500
30
0.0
11
7197.500
21
-13067.500
31
0.0
0
LINE
8
COMM-MULTIMEDIA
10
7213.820
20
-13049.260
30
0.0
11
7261.180
21
-13049.260
31
0.0
0
LINE
8
COMM-MULTIMEDIA
10
7250.300
20
-13049.260
30
0.0
11
7249.660
21
-13045.340
31
0.0
0
LINE
8
COMM-MULTIMEDIA
10
7249.660
20
-13045.340
30
0.0
11
7247.820
21
-13041.740
31
0.0
0
LINE
8
COMM-MULTIMEDIA
10
7247.820
20
-13041.740
30
0.0
11
7245.020
21
-13038.940
31
0.0
0
LINE
8
COMM-MULTIMEDIA
10
7245.020
20
-13038.940
30
0.0
11
7241.420
21
-13037.100
31
0.0
0
LINE
8
COMM-MULTIMEDIA
10
7241.420
20
-13037.100
30
0.0
11
7237.500
21
-13036.460
31
0.0
0
LINE
8
COMM-MULTIMEDIA
10
7237.500
20
-13036.460
30
0.0
11
7233.580
21
-13037.100
31
0.0
0
LINE
8
COMM-MULTIMEDIA
10
7233.580
20
-13037.100
30
0.0
11
7229.980
21
-13038.940
31
0.0
0
LINE
8
COMM-MULTIMEDIA
10
7229.980
20
-13038.940
30
0.0
11
7227.180
21
-13041.740
31
0.0
0
LINE
8
COMM-MULTIMEDIA
10
7227.180
20
-13041.740
30
0.0
11
7225.340
21
-13045.340
31
0.0
0
LINE
8
COMM-MULTIMEDIA
10
7225.340
20
-13045.340
30
0.0
11
7224.700
21
-13049.260
31
0.0
0
LINE
8
COMM-MULTIMEDIA
10
7237.500
20
-13049.260
30
0.0
11
7237.500
21
-13036.460
31
0.0
0
LINE
8
COMM-MULTIMEDIA
10
7237.500
20
-13000.380
30
0.0
11
7227.740
21
-13018.860
31
0.0
0
LINE
8
COMM-MULTIMEDIA
10
7227.740
20
-13018.860
30
0.0
11
7247.260
21
-13018.860
31
0.0
0
LINE
8
COMM-MULTIMEDIA
10
7247.260
20
-13018.860
30
0.0
11
7237.500
21
-13000.380
31
0.0
0
LINE
8
COMM-MULTIMEDIA
10
7235.020
20
-13005.020
30
0.0
11
7239.980
21
-13005.020
31
0.0
0
LINE
8
COMM-MULTIMEDIA
10
7232.620
20
-13009.660
30
0.0
11
7242.380
21
-13009.660
31
0.0
0
LINE
8
COMM-MULTIMEDIA
10
7230.140
20
-13014.300
30
0.0
11
7244.860
21
-13014.300
31
0.0
0
LINE
8
COMM-MULTIMEDIA
10
7237.500
20
-13013.980
30
0.0
11
7227.740
21
-13032.460
31
0.0
0
LINE
8
COMM-MULTIMEDIA
10
7227.740
20
-13032.460
30
0.0
11
7247.260
21
-13032.460
31
0.0
0
LINE
8
COMM-MULTIMEDIA
10
7247.260
20
-13032.460
30
0.0
11
7237.500
21
-13013.980
31
0.0
0
LINE
8
COMM-MULTIMEDIA
10
7235.020
20
-13018.620
30
0.0
11
7239.980
21
-13018.620
31
0.0
0
LINE
8
COMM-MULTIMEDIA
10
7232.620
20
-13023.260
30
0.0
11
7242.380
21
-13023.260
31
0.0
0
LINE
8
COMM-MULTIMEDIA
10
7230.140
20
-13027.900
30
0.0
11
7244.860
21
-13027.900
31
0.0
0
TEXT
8
LEGEND
10
5934.750
20
-14683.440
30
0.0
40
173.700
1
\U+05E0\U+05E7\U+05D5\U+05D3\U+05EA \U+05E8\U+05E9\U+05EA Cat6A / Cat7
7
HEB
0
LINE
8
FRAME
10
10092.500
20
-13067.500
30
0.0
11
10172.500
21
-13067.500
31
0.0
0
LINE
8
FRAME
10
10172.500
20
-13067.500
30
0.0
11
10172.500
21
-12987.500
31
0.0
0
LINE
8
FRAME
10
10172.500
20
-12987.500
30
0.0
11
10092.500
21
-12987.500
31
0.0
0
LINE
8
FRAME
10
10092.500
20
-12987.500
30
0.0
11
10092.500
21
-13067.500
31
0.0
0
LINE
8
COMM-MULTIMEDIA
10
10108.820
20
-13049.260
30
0.0
11
10156.180
21
-13049.260
31
0.0
0
LINE
8
COMM-MULTIMEDIA
10
10145.300
20
-13049.260
30
0.0
11
10144.660
21
-13045.340
31
0.0
0
LINE
8
COMM-MULTIMEDIA
10
10144.660
20
-13045.340
30
0.0
11
10142.820
21
-13041.740
31
0.0
0
LINE
8
COMM-MULTIMEDIA
10
10142.820
20
-13041.740
30
0.0
11
10140.020
21
-13038.940
31
0.0
0
LINE
8
COMM-MULTIMEDIA
10
10140.020
20
-13038.940
30
0.0
11
10136.420
21
-13037.100
31
0.0
0
LINE
8
COMM-MULTIMEDIA
10
10136.420
20
-13037.100
30
0.0
11
10132.500
21
-13036.460
31
0.0
0
LINE
8
COMM-MULTIMEDIA
10
10132.500
20
-13036.460
30
0.0
11
10128.580
21
-13037.100
31
0.0
0
LINE
8
COMM-MULTIMEDIA
10
10128.580
20
-13037.100
30
0.0
11
10124.980
21
-13038.940
31
0.0
0
LINE
8
COMM-MULTIMEDIA
10
10124.980
20
-13038.940
30
0.0
11
10122.180
21
-13041.740
31
0.0
0
LINE
8
COMM-MULTIMEDIA
10
10122.180
20
-13041.740
30
0.0
11
10120.340
21
-13045.340
31
0.0
0
LINE
8
COMM-MULTIMEDIA
10
10120.340
20
-13045.340
30
0.0
11
10119.700
21
-13049.260
31
0.0
0
LINE
8
COMM-MULTIMEDIA
10
10132.500
20
-13049.260
30
0.0
11
10132.500
21
-13036.460
31
0.0
0
LINE
8
COMM-MULTIMEDIA
10
10132.500
20
-13003.660
30
0.0
11
10120.260
21
-13026.780
31
0.0
0
LINE
8
COMM-MULTIMEDIA
10
10120.260
20
-13026.780
30
0.0
11
10144.740
21
-13026.780
31
0.0
0
LINE
8
COMM-MULTIMEDIA
10
10144.740
20
-13026.780
30
0.0
11
10132.500
21
-13003.660
31
0.0
0
LINE
8
COMM-MULTIMEDIA
10
10135.540
20
-13019.420
30
0.0
11
10134.660
21
-13017.260
31
0.0
0
LINE
8
COMM-MULTIMEDIA
10
10134.660
20
-13017.260
30
0.0
11
10132.500
21
-13016.380
31
0.0
0
LINE
8
COMM-MULTIMEDIA
10
10132.500
20
-13016.380
30
0.0
11
10130.340
21
-13017.260
31
0.0
0
LINE
8
COMM-MULTIMEDIA
10
10130.340
20
-13017.260
30
0.0
11
10129.460
21
-13019.420
31
0.0
0
LINE
8
COMM-MULTIMEDIA
10
10129.460
20
-13019.420
30
0.0
11
10130.340
21
-13021.580
31
0.0
0
LINE
8
COMM-MULTIMEDIA
10
10130.340
20
-13021.580
30
0.0
11
10132.500
21
-13022.460
31
0.0
0
LINE
8
COMM-MULTIMEDIA
10
10132.500
20
-13022.460
30
0.0
11
10134.660
21
-13021.580
31
0.0
0
LINE
8
COMM-MULTIMEDIA
10
10134.660
20
-13021.580
30
0.0
11
10135.540
21
-13019.420
31
0.0
0
TEXT
8
LEGEND
10
8829.750
20
-14683.440
30
0.0
40
173.700
1
\U+05E0\U+05E7\U+05D5\U+05D3\U+05EA \U+05E1\U+05D9\U+05D1 \U+05D0\U+05D5\U+05E4\U+05D8\U+05D9 (FTTH)
7
HEB
0
LINE
8
FRAME
10
12987.500
20
-13067.500
30
0.0
11
13067.500
21
-13067.500
31
0.0
0
LINE
8
FRAME
10
13067.500
20
-13067.500
30
0.0
11
13067.500
21
-12987.500
31
0.0
0
LINE
8
FRAME
10
13067.500
20
-12987.500
30
0.0
11
12987.500
21
-12987.500
31
0.0
0
LINE
8
FRAME
10
12987.500
20
-12987.500
30
0.0
11
12987.500
21
-13067.500
31
0.0
0
LINE
8
COMM-MULTIMEDIA
10
13003.820
20
-13049.260
30
0.0
11
13051.180
21
-13049.260
31
0.0
0
LINE
8
COMM-MULTIMEDIA
10
13040.300
20
-13049.260
30
0.0
11
13039.660
21
-13045.340
31
0.0
0
LINE
8
COMM-MULTIMEDIA
10
13039.660
20
-13045.340
30
0.0
11
13037.820
21
-13041.740
31
0.0
0
LINE
8
COMM-MULTIMEDIA
10
13037.820
20
-13041.740
30
0.0
11
13035.020
21
-13038.940
31
0.0
0
LINE
8
COMM-MULTIMEDIA
10
13035.020
20
-13038.940
30
0.0
11
13031.420
21
-13037.100
31
0.0
0
LINE
8
COMM-MULTIMEDIA
10
13031.420
20
-13037.100
30
0.0
11
13027.500
21
-13036.460
31
0.0
0
LINE
8
COMM-MULTIMEDIA
10
13027.500
20
-13036.460
30
0.0
11
13023.580
21
-13037.100
31
0.0
0
LINE
8
COMM-MULTIMEDIA
10
13023.580
20
-13037.100
30
0.0
11
13019.980
21
-13038.940
31
0.0
0
LINE
8
COMM-MULTIMEDIA
10
13019.980
20
-13038.940
30
0.0
11
13017.180
21
-13041.740
31
0.0
0
LINE
8
COMM-MULTIMEDIA
10
13017.180
20
-13041.740
30
0.0
11
13015.340
21
-13045.340
31
0.0
0
LINE
8
COMM-MULTIMEDIA
10
13015.340
20
-13045.340
30
0.0
11
13014.700
21
-13049.260
31
0.0
0
LINE
8
COMM-MULTIMEDIA
10
13027.500
20
-13049.260
30
0.0
11
13027.500
21
-13036.460
31
0.0
0
LINE
8
COMM-MULTIMEDIA
10
13027.500
20
-13003.660
30
0.0
11
13015.260
21
-13026.780
31
0.0
0
LINE
8
COMM-MULTIMEDIA
10
13015.260
20
-13026.780
30
0.0
11
13039.740
21
-13026.780
31
0.0
0
LINE
8
COMM-MULTIMEDIA
10
13039.740
20
-13026.780
30
0.0
11
13027.500
21
-13003.660
31
0.0
0
LINE
8
COMM-MULTIMEDIA
10
13029.420
20
-13019.420
30
0.0
11
13028.460
21
-13017.740
31
0.0
0
LINE
8
COMM-MULTIMEDIA
10
13028.460
20
-13017.740
30
0.0
11
13026.540
21
-13017.740
31
0.0
0
LINE
8
COMM-MULTIMEDIA
10
13026.540
20
-13017.740
30
0.0
11
13025.580
21
-13019.420
31
0.0
0
LINE
8
COMM-MULTIMEDIA
10
13025.580
20
-13019.420
30
0.0
11
13026.540
21
-13021.100
31
0.0
0
LINE
8
COMM-MULTIMEDIA
10
13026.540
20
-13021.100
30
0.0
11
13028.460
21
-13021.100
31
0.0
0
LINE
8
COMM-MULTIMEDIA
10
13028.460
20
-13021.100
30
0.0
11
13029.420
21
-13019.420
31
0.0
0
TEXT
8
LEGEND
10
11724.750
20
-14683.440
30
0.0
40
173.700
1
\U+05E9\U+05E7\U+05E2 \U+05D8\U+05DC\U+05E4\U+05D5\U+05DF (RJ11)
7
HEB
0
LINE
8
FRAME
10
15882.500
20
-13067.500
30
0.0
11
15962.500
21
-13067.500
31
0.0
0
LINE
8
FRAME
10
15962.500
20
-13067.500
30
0.0
11
15962.500
21
-12987.500
31
0.0
0
LINE
8
FRAME
10
15962.500
20
-12987.500
30
0.0
11
15882.500
21
-12987.500
31
0.0
0
LINE
8
FRAME
10
15882.500
20
-12987.500
30
0.0
11
15882.500
21
-13067.500
31
0.0
0
LINE
8
COMM-MULTIMEDIA
10
15898.820
20
-13049.260
30
0.0
11
15946.180
21
-13049.260
31
0.0
0
LINE
8
COMM-MULTIMEDIA
10
15935.300
20
-13049.260
30
0.0
11
15934.660
21
-13045.340
31
0.0
0
LINE
8
COMM-MULTIMEDIA
10
15934.660
20
-13045.340
30
0.0
11
15932.820
21
-13041.740
31
0.0
0
LINE
8
COMM-MULTIMEDIA
10
15932.820
20
-13041.740
30
0.0
11
15930.020
21
-13038.940
31
0.0
0
LINE
8
COMM-MULTIMEDIA
10
15930.020
20
-13038.940
30
0.0
11
15926.420
21
-13037.100
31
0.0
0
LINE
8
COMM-MULTIMEDIA
10
15926.420
20
-13037.100
30
0.0
11
15922.500
21
-13036.460
31
0.0
0
LINE
8
COMM-MULTIMEDIA
10
15922.500
20
-13036.460
30
0.0
11
15918.580
21
-13037.100
31
0.0
0
LINE
8
COMM-MULTIMEDIA
10
15918.580
20
-13037.100
30
0.0
11
15914.980
21
-13038.940
31
0.0
0
LINE
8
COMM-MULTIMEDIA
10
15914.980
20
-13038.940
30
0.0
11
15912.180
21
-13041.740
31
0.0
0
LINE
8
COMM-MULTIMEDIA
10
15912.180
20
-13041.740
30
0.0
11
15910.340
21
-13045.340
31
0.0
0
LINE
8
COMM-MULTIMEDIA
10
15910.340
20
-13045.340
30
0.0
11
15909.700
21
-13049.260
31
0.0
0
LINE
8
COMM-MULTIMEDIA
10
15922.500
20
-13049.260
30
0.0
11
15922.500
21
-13036.460
31
0.0
0
LINE
8
COMM-MULTIMEDIA
10
15922.500
20
-13003.660
30
0.0
11
15910.260
21
-13026.780
31
0.0
0
LINE
8
COMM-MULTIMEDIA
10
15910.260
20
-13026.780
30
0.0
11
15934.740
21
-13026.780
31
0.0
0
LINE
8
COMM-MULTIMEDIA
10
15934.740
20
-13026.780
30
0.0
11
15922.500
21
-13003.660
31
0.0
0
LINE
8
COMM-MULTIMEDIA
10
15922.500
20
-13003.660
30
0.0
11
15917.060
21
-12996.620
31
0.0
0
LINE
8
COMM-MULTIMEDIA
10
15922.500
20
-13003.660
30
0.0
11
15927.940
21
-12996.620
31
0.0
0
TEXT
8
LEGEND
10
14619.750
20
-14683.440
30
0.0
40
173.700
1
\U+05E9\U+05E7\U+05E2 \U+05D8\U+05DC\U+05D5\U+05D5\U+05D9\U+05D6\U+05D9\U+05D4 / \U+05DB\U+05D1\U+05DC\U+05D9\U+05DD (\U+05E7\U+05D5\U+05D0\U+05E7\U+05E1)
7
HEB
0
LINE
8
FRAME
10
18777.500
20
-13067.500
30
0.0
11
18857.500
21
-13067.500
31
0.0
0
LINE
8
FRAME
10
18857.500
20
-13067.500
30
0.0
11
18857.500
21
-12987.500
31
0.0
0
LINE
8
FRAME
10
18857.500
20
-12987.500
30
0.0
11
18777.500
21
-12987.500
31
0.0
0
LINE
8
FRAME
10
18777.500
20
-12987.500
30
0.0
11
18777.500
21
-13067.500
31
0.0
0
LINE
8
COMM-MULTIMEDIA
10
18793.820
20
-13049.260
30
0.0
11
18841.180
21
-13049.260
31
0.0
0
LINE
8
COMM-MULTIMEDIA
10
18830.300
20
-13049.260
30
0.0
11
18829.660
21
-13045.340
31
0.0
0
LINE
8
COMM-MULTIMEDIA
10
18829.660
20
-13045.340
30
0.0
11
18827.820
21
-13041.740
31
0.0
0
LINE
8
COMM-MULTIMEDIA
10
18827.820
20
-13041.740
30
0.0
11
18825.020
21
-13038.940
31
0.0
0
LINE
8
COMM-MULTIMEDIA
10
18825.020
20
-13038.940
30
0.0
11
18821.420
21
-13037.100
31
0.0
0
LINE
8
COMM-MULTIMEDIA
10
18821.420
20
-13037.100
30
0.0
11
18817.500
21
-13036.460
31
0.0
0
LINE
8
COMM-MULTIMEDIA
10
18817.500
20
-13036.460
30
0.0
11
18813.580
21
-13037.100
31
0.0
0
LINE
8
COMM-MULTIMEDIA
10
18813.580
20
-13037.100
30
0.0
11
18809.980
21
-13038.940
31
0.0
0
LINE
8
COMM-MULTIMEDIA
10
18809.980
20
-13038.940
30
0.0
11
18807.180
21
-13041.740
31
0.0
0
LINE
8
COMM-MULTIMEDIA
10
18807.180
20
-13041.740
30
0.0
11
18805.340
21
-13045.340
31
0.0
0
LINE
8
COMM-MULTIMEDIA
10
18805.340
20
-13045.340
30
0.0
11
18804.700
21
-13049.260
31
0.0
0
LINE
8
COMM-MULTIMEDIA
10
18817.500
20
-13049.260
30
0.0
11
18817.500
21
-13036.460
31
0.0
0
LINE
8
COMM-MULTIMEDIA
10
18806.620
20
-13011.820
30
0.0
11
18828.380
21
-13011.820
31
0.0
0
LINE
8
COMM-MULTIMEDIA
10
18828.380
20
-13011.820
30
0.0
11
18825.100
21
-13022.700
31
0.0
0
LINE
8
COMM-MULTIMEDIA
10
18825.100
20
-13022.700
30
0.0
11
18809.900
21
-13022.700
31
0.0
0
LINE
8
COMM-MULTIMEDIA
10
18809.900
20
-13022.700
30
0.0
11
18806.620
21
-13011.820
31
0.0
0
TEXT
8
LEGEND
10
17514.750
20
-14683.440
30
0.0
40
173.700
1
\U+05E9\U+05E7\U+05E2 HDMI / \U+05DE\U+05D5\U+05DC\U+05D8\U+05D9\U+05DE\U+05D3\U+05D9\U+05D4
7
HEB
0
LINE
8
FRAME
10
21622.500
20
-13117.500
30
0.0
11
21802.500
21
-13117.500
31
0.0
0
LINE
8
FRAME
10
21802.500
20
-13117.500
30
0.0
11
21802.500
21
-12937.500
31
0.0
0
LINE
8
FRAME
10
21802.500
20
-12937.500
30
0.0
11
21622.500
21
-12937.500
31
0.0
0
LINE
8
FRAME
10
21622.500
20
-12937.500
30
0.0
11
21622.500
21
-13117.500
31
0.0
0
LINE
8
COMM-MULTIMEDIA
10
21772.980
20
-13027.500
30
0.0
11
21768.300
21
-13004.280
31
0.0
0
LINE
8
COMM-MULTIMEDIA
10
21768.300
20
-13004.280
30
0.0
11
21755.340
21
-12984.660
31
0.0
0
LINE
8
COMM-MULTIMEDIA
10
21755.340
20
-12984.660
30
0.0
11
21735.720
21
-12971.700
31
0.0
0
LINE
8
COMM-MULTIMEDIA
10
21735.720
20
-12971.700
30
0.0
11
21712.500
21
-12967.020
31
0.0
0
LINE
8
COMM-MULTIMEDIA
10
21712.500
20
-12967.020
30
0.0
11
21689.280
21
-12971.700
31
0.0
0
LINE
8
COMM-MULTIMEDIA
10
21689.280
20
-12971.700
30
0.0
11
21669.660
21
-12984.660
31
0.0
0
LINE
8
COMM-MULTIMEDIA
10
21669.660
20
-12984.660
30
0.0
11
21656.700
21
-13004.280
31
0.0
0
LINE
8
COMM-MULTIMEDIA
10
21656.700
20
-13004.280
30
0.0
11
21652.020
21
-13027.500
31
0.0
0
LINE
8
COMM-MULTIMEDIA
10
21652.020
20
-13027.500
30
0.0
11
21656.700
21
-13050.720
31
0.0
0
LINE
8
COMM-MULTIMEDIA
10
21656.700
20
-13050.720
30
0.0
11
21669.660
21
-13070.340
31
0.0
0
LINE
8
COMM-MULTIMEDIA
10
21669.660
20
-13070.340
30
0.0
11
21689.280
21
-13083.300
31
0.0
0
LINE
8
COMM-MULTIMEDIA
10
21689.280
20
-13083.300
30
0.0
11
21712.500
21
-13087.980
31
0.0
0
LINE
8
COMM-MULTIMEDIA
10
21712.500
20
-13087.980
30
0.0
11
21735.720
21
-13083.300
31
0.0
0
LINE
8
COMM-MULTIMEDIA
10
21735.720
20
-13083.300
30
0.0
11
21755.340
21
-13070.340
31
0.0
0
LINE
8
COMM-MULTIMEDIA
10
21755.340
20
-13070.340
30
0.0
11
21768.300
21
-13050.720
31
0.0
0
LINE
8
COMM-MULTIMEDIA
10
21768.300
20
-13050.720
30
0.0
11
21772.980
21
-13027.500
31
0.0
0
LINE
8
COMM-MULTIMEDIA
10
21700.440
20
-13006.260
30
0.0
11
21700.440
21
-13048.740
31
0.0
0
LINE
8
COMM-MULTIMEDIA
10
21700.440
20
-13048.740
30
0.0
11
21742.740
21
-13063.860
31
0.0
0
LINE
8
COMM-MULTIMEDIA
10
21742.740
20
-13063.860
30
0.0
11
21742.740
21
-12991.140
31
0.0
0
LINE
8
COMM-MULTIMEDIA
10
21742.740
20
-12991.140
30
0.0
11
21700.440
21
-13006.260
31
0.0
0
LINE
8
COMM-MULTIMEDIA
10
21682.260
20
-13039.560
30
0.0
11
21700.440
21
-13039.560
31
0.0
0
LINE
8
COMM-MULTIMEDIA
10
21700.440
20
-13039.560
30
0.0
11
21700.440
21
-13015.440
31
0.0
0
LINE
8
COMM-MULTIMEDIA
10
21700.440
20
-13015.440
30
0.0
11
21682.260
21
-13015.440
31
0.0
0
LINE
8
COMM-MULTIMEDIA
10
21682.260
20
-13015.440
30
0.0
11
21682.260
21
-13039.560
31
0.0
0
TEXT
8
LEGEND
10
20409.750
20
-14683.440
30
0.0
40
173.700
1
\U+05E0\U+05E7\U+05D5\U+05D3\U+05EA \U+05E8\U+05DE\U+05E7\U+05D5\U+05DC \U+05E9\U+05E7\U+05D5\U+05E2
7
HEB
0
LINE
8
FRAME
10
24547.500
20
-13117.500
30
0.0
11
24667.500
21
-13117.500
31
0.0
0
LINE
8
FRAME
10
24667.500
20
-13117.500
30
0.0
11
24667.500
21
-12937.500
31
0.0
0
LINE
8
FRAME
10
24667.500
20
-12937.500
30
0.0
11
24547.500
21
-12937.500
31
0.0
0
LINE
8
FRAME
10
24547.500
20
-12937.500
30
0.0
11
24547.500
21
-13117.500
31
0.0
0
LINE
8
COMM-MULTIMEDIA
10
24589.620
20
-13077.900
30
0.0
11
24625.380
21
-13077.900
31
0.0
0
LINE
8
COMM-MULTIMEDIA
10
24625.380
20
-13077.900
30
0.0
11
24625.380
21
-12977.100
31
0.0
0
LINE
8
COMM-MULTIMEDIA
10
24625.380
20
-12977.100
30
0.0
11
24589.620
21
-12977.100
31
0.0
0
LINE
8
COMM-MULTIMEDIA
10
24589.620
20
-12977.100
30
0.0
11
24589.620
21
-13077.900
31
0.0
0
LINE
8
COMM-MULTIMEDIA
10
24615.900
20
-13010.400
30
0.0
11
24614.220
21
-13007.700
31
0.0
0
LINE
8
COMM-MULTIMEDIA
10
24614.220
20
-13007.700
30
0.0
11
24612.180
21
-13005.540
31
0.0
0
LINE
8
COMM-MULTIMEDIA
10
24612.180
20
-13005.540
30
0.0
11
24609.900
21
-13004.280
31
0.0
0
LINE
8
COMM-MULTIMEDIA
10
24609.900
20
-13004.280
30
0.0
11
24607.500
21
-13003.920
31
0.0
0
LINE
8
COMM-MULTIMEDIA
10
24607.500
20
-13003.920
30
0.0
11
24605.100
21
-13004.280
31
0.0
0
LINE
8
COMM-MULTIMEDIA
10
24605.100
20
-13004.280
30
0.0
11
24602.820
21
-13005.540
31
0.0
0
LINE
8
COMM-MULTIMEDIA
10
24602.820
20
-13005.540
30
0.0
11
24600.780
21
-13007.700
31
0.0
0
LINE
8
COMM-MULTIMEDIA
10
24600.780
20
-13007.700
30
0.0
11
24599.100
21
-13010.400
31
0.0
0
LINE
8
COMM-MULTIMEDIA
10
24601.380
20
-13011.480
30
0.0
11
24600.660
21
-13009.140
31
0.0
0
LINE
8
COMM-MULTIMEDIA
10
24600.660
20
-13009.140
30
0.0
11
24599.100
21
-13008.240
31
0.0
0
LINE
8
COMM-MULTIMEDIA
10
24599.100
20
-13008.240
30
0.0
11
24597.540
21
-13009.140
31
0.0
0
LINE
8
COMM-MULTIMEDIA
10
24597.540
20
-13009.140
30
0.0
11
24596.820
21
-13011.480
31
0.0
0
LINE
8
COMM-MULTIMEDIA
10
24596.820
20
-13011.480
30
0.0
11
24597.540
21
-13014.000
31
0.0
0
LINE
8
COMM-MULTIMEDIA
10
24597.540
20
-13014.000
30
0.0
11
24599.100
21
-13014.900
31
0.0
0
LINE
8
COMM-MULTIMEDIA
10
24599.100
20
-13014.900
30
0.0
11
24600.660
21
-13014.000
31
0.0
0
LINE
8
COMM-MULTIMEDIA
10
24600.660
20
-13014.000
30
0.0
11
24601.380
21
-13011.480
31
0.0
0
LINE
8
COMM-MULTIMEDIA
10
24618.180
20
-13011.480
30
0.0
11
24617.460
21
-13009.140
31
0.0
0
LINE
8
COMM-MULTIMEDIA
10
24617.460
20
-13009.140
30
0.0
11
24615.900
21
-13008.240
31
0.0
0
LINE
8
COMM-MULTIMEDIA
10
24615.900
20
-13008.240
30
0.0
11
24614.340
21
-13009.140
31
0.0
0
LINE
8
COMM-MULTIMEDIA
10
24614.340
20
-13009.140
30
0.0
11
24613.620
21
-13011.480
31
0.0
0
LINE
8
COMM-MULTIMEDIA
10
24613.620
20
-13011.480
30
0.0
11
24614.340
21
-13014.000
31
0.0
0
LINE
8
COMM-MULTIMEDIA
10
24614.340
20
-13014.000
30
0.0
11
24615.900
21
-13014.900
31
0.0
0
LINE
8
COMM-MULTIMEDIA
10
24615.900
20
-13014.900
30
0.0
11
24617.460
21
-13014.000
31
0.0
0
LINE
8
COMM-MULTIMEDIA
10
24617.460
20
-13014.000
30
0.0
11
24618.180
21
-13011.480
31
0.0
0
LINE
8
COMM-MULTIMEDIA
10
24599.820
20
-13056.300
30
0.0
11
24599.820
21
-13049.100
31
0.0
0
LINE
8
COMM-MULTIMEDIA
10
24607.500
20
-13056.300
30
0.0
11
24607.500
21
-13049.100
31
0.0
0
LINE
8
COMM-MULTIMEDIA
10
24615.180
20
-13056.300
30
0.0
11
24615.180
21
-13049.100
31
0.0
0
TEXT
8
LEGEND
10
23304.750
20
-14683.440
30
0.0
40
173.700
1
\U+05E0\U+05E7\U+05D5\U+05D3\U+05EA \U+05D0\U+05D9\U+05E0\U+05D8\U+05E8\U+05E7\U+05D5\U+05DD / \U+05D3\U+05DC\U+05EA\U+05D5\U+05DF (\U+05E7\U+05D5\U+05DC)
7
HEB
0
LINE
8
FRAME
10
27427.500
20
-13127.500
30
0.0
11
27577.500
21
-13127.500
31
0.0
0
LINE
8
FRAME
10
27577.500
20
-13127.500
30
0.0
11
27577.500
21
-12927.500
31
0.0
0
LINE
8
FRAME
10
27577.500
20
-12927.500
30
0.0
11
27427.500
21
-12927.500
31
0.0
0
LINE
8
FRAME
10
27427.500
20
-12927.500
30
0.0
11
27427.500
21
-13127.500
31
0.0
0
LINE
8
COMM-MULTIMEDIA
10
27473.700
20
-13088.300
30
0.0
11
27531.300
21
-13088.300
31
0.0
0
LINE
8
COMM-MULTIMEDIA
10
27531.300
20
-13088.300
30
0.0
11
27531.300
21
-12966.700
31
0.0
0
LINE
8
COMM-MULTIMEDIA
10
27531.300
20
-12966.700
30
0.0
11
27473.700
21
-12966.700
31
0.0
0
LINE
8
COMM-MULTIMEDIA
10
27473.700
20
-12966.700
30
0.0
11
27473.700
21
-13088.300
31
0.0
0
LINE
8
COMM-MULTIMEDIA
10
27480.900
20
-13040.300
30
0.0
11
27524.100
21
-13040.300
31
0.0
0
LINE
8
COMM-MULTIMEDIA
10
27524.100
20
-13040.300
30
0.0
11
27524.100
21
-12982.700
31
0.0
0
LINE
8
COMM-MULTIMEDIA
10
27524.100
20
-12982.700
30
0.0
11
27480.900
21
-12982.700
31
0.0
0
LINE
8
COMM-MULTIMEDIA
10
27480.900
20
-12982.700
30
0.0
11
27480.900
21
-13040.300
31
0.0
0
LINE
8
COMM-MULTIMEDIA
10
27510.600
20
-13011.500
30
0.0
11
27509.100
21
-13005.100
31
0.0
0
LINE
8
COMM-MULTIMEDIA
10
27509.100
20
-13005.100
30
0.0
11
27505.050
21
-13001.300
31
0.0
0
LINE
8
COMM-MULTIMEDIA
10
27505.050
20
-13001.300
30
0.0
11
27499.950
21
-13001.300
31
0.0
0
LINE
8
COMM-MULTIMEDIA
10
27499.950
20
-13001.300
30
0.0
11
27495.900
21
-13005.100
31
0.0
0
LINE
8
COMM-MULTIMEDIA
10
27495.900
20
-13005.100
30
0.0
11
27494.400
21
-13011.500
31
0.0
0
LINE
8
COMM-MULTIMEDIA
10
27494.400
20
-13011.500
30
0.0
11
27495.900
21
-13017.900
31
0.0
0
LINE
8
COMM-MULTIMEDIA
10
27495.900
20
-13017.900
30
0.0
11
27499.950
21
-13021.700
31
0.0
0
LINE
8
COMM-MULTIMEDIA
10
27499.950
20
-13021.700
30
0.0
11
27505.050
21
-13021.700
31
0.0
0
LINE
8
COMM-MULTIMEDIA
10
27505.050
20
-13021.700
30
0.0
11
27509.100
21
-13017.900
31
0.0
0
LINE
8
COMM-MULTIMEDIA
10
27509.100
20
-13017.900
30
0.0
11
27510.600
21
-13011.500
31
0.0
0
LINE
8
COMM-MULTIMEDIA
10
27492.600
20
-13065.900
30
0.0
11
27491.550
21
-13062.500
31
0.0
0
LINE
8
COMM-MULTIMEDIA
10
27491.550
20
-13062.500
30
0.0
11
27489.000
21
-13061.100
31
0.0
0
LINE
8
COMM-MULTIMEDIA
10
27489.000
20
-13061.100
30
0.0
11
27486.450
21
-13062.500
31
0.0
0
LINE
8
COMM-MULTIMEDIA
10
27486.450
20
-13062.500
30
0.0
11
27485.400
21
-13065.900
31
0.0
0
LINE
8
COMM-MULTIMEDIA
10
27485.400
20
-13065.900
30
0.0
11
27486.450
21
-13069.300
31
0.0
0
LINE
8
COMM-MULTIMEDIA
10
27486.450
20
-13069.300
30
0.0
11
27489.000
21
-13070.700
31
0.0
0
LINE
8
COMM-MULTIMEDIA
10
27489.000
20
-13070.700
30
0.0
11
27491.550
21
-13069.300
31
0.0
0
LINE
8
COMM-MULTIMEDIA
10
27491.550
20
-13069.300
30
0.0
11
27492.600
21
-13065.900
31
0.0
0
LINE
8
COMM-MULTIMEDIA
10
27506.100
20
-13065.900
30
0.0
11
27505.050
21
-13062.500
31
0.0
0
LINE
8
COMM-MULTIMEDIA
10
27505.050
20
-13062.500
30
0.0
11
27502.500
21
-13061.100
31
0.0
0
LINE
8
COMM-MULTIMEDIA
10
27502.500
20
-13061.100
30
0.0
11
27499.950
21
-13062.500
31
0.0
0
LINE
8
COMM-MULTIMEDIA
10
27499.950
20
-13062.500
30
0.0
11
27498.900
21
-13065.900
31
0.0
0
LINE
8
COMM-MULTIMEDIA
10
27498.900
20
-13065.900
30
0.0
11
27499.950
21
-13069.300
31
0.0
0
LINE
8
COMM-MULTIMEDIA
10
27499.950
20
-13069.300
30
0.0
11
27502.500
21
-13070.700
31
0.0
0
LINE
8
COMM-MULTIMEDIA
10
27502.500
20
-13070.700
30
0.0
11
27505.050
21
-13069.300
31
0.0
0
LINE
8
COMM-MULTIMEDIA
10
27505.050
20
-13069.300
30
0.0
11
27506.100
21
-13065.900
31
0.0
0
LINE
8
COMM-MULTIMEDIA
10
27519.600
20
-13065.900
30
0.0
11
27518.550
21
-13062.500
31
0.0
0
LINE
8
COMM-MULTIMEDIA
10
27518.550
20
-13062.500
30
0.0
11
27516.000
21
-13061.100
31
0.0
0
LINE
8
COMM-MULTIMEDIA
10
27516.000
20
-13061.100
30
0.0
11
27513.450
21
-13062.500
31
0.0
0
LINE
8
COMM-MULTIMEDIA
10
27513.450
20
-13062.500
30
0.0
11
27512.400
21
-13065.900
31
0.0
0
LINE
8
COMM-MULTIMEDIA
10
27512.400
20
-13065.900
30
0.0
11
27513.450
21
-13069.300
31
0.0
0
LINE
8
COMM-MULTIMEDIA
10
27513.450
20
-13069.300
30
0.0
11
27516.000
21
-13070.700
31
0.0
0
LINE
8
COMM-MULTIMEDIA
10
27516.000
20
-13070.700
30
0.0
11
27518.550
21
-13069.300
31
0.0
0
LINE
8
COMM-MULTIMEDIA
10
27518.550
20
-13069.300
30
0.0
11
27519.600
21
-13065.900
31
0.0
0
TEXT
8
LEGEND
10
26199.750
20
-14683.440
30
0.0
40
173.700
1
\U+05D0\U+05D9\U+05E0\U+05D8\U+05E8\U+05E7\U+05D5\U+05DD \U+05D5\U+05D9\U+05D3\U+05D0\U+05D5
7
HEB
0
LINE
8
FRAME
10
30317.500
20
-13087.500
30
0.0
11
30477.500
21
-13087.500
31
0.0
0
LINE
8
FRAME
10
30477.500
20
-13087.500
30
0.0
11
30477.500
21
-12967.500
31
0.0
0
LINE
8
FRAME
10
30477.500
20
-12967.500
30
0.0
11
30317.500
21
-12967.500
31
0.0
0
LINE
8
FRAME
10
30317.500
20
-12967.500
30
0.0
11
30317.500
21
-13087.500
31
0.0
0
LINE
8
COMM-MULTIMEDIA
10
30352.700
20
-13045.500
30
0.0
11
30442.300
21
-13045.500
31
0.0
0
LINE
8
COMM-MULTIMEDIA
10
30442.300
20
-13045.500
30
0.0
11
30442.300
21
-13023.900
31
0.0
0
LINE
8
COMM-MULTIMEDIA
10
30442.300
20
-13023.900
30
0.0
11
30352.700
21
-13023.900
31
0.0
0
LINE
8
COMM-MULTIMEDIA
10
30352.700
20
-13023.900
30
0.0
11
30352.700
21
-13045.500
31
0.0
0
LINE
8
COMM-MULTIMEDIA
10
30371.900
20
-13023.900
30
0.0
11
30371.900
21
-13005.900
31
0.0
0
LINE
8
COMM-MULTIMEDIA
10
30423.100
20
-13023.900
30
0.0
11
30423.100
21
-13005.900
31
0.0
0
LINE
8
COMM-MULTIMEDIA
10
30411.100
20
-13011.780
30
0.0
11
30408.060
21
-13010.220
31
0.0
0
LINE
8
COMM-MULTIMEDIA
10
30408.060
20
-13010.220
30
0.0
11
30404.700
21
-13009.020
31
0.0
0
LINE
8
COMM-MULTIMEDIA
10
30404.700
20
-13009.020
30
0.0
11
30401.180
21
-13008.300
31
0.0
0
LINE
8
COMM-MULTIMEDIA
10
30401.180
20
-13008.300
30
0.0
11
30397.500
21
-13008.060
31
0.0
0
LINE
8
COMM-MULTIMEDIA
10
30397.500
20
-13008.060
30
0.0
11
30393.820
21
-13008.300
31
0.0
0
LINE
8
COMM-MULTIMEDIA
10
30393.820
20
-13008.300
30
0.0
11
30390.300
21
-13009.020
31
0.0
0
LINE
8
COMM-MULTIMEDIA
10
30390.300
20
-13009.020
30
0.0
11
30386.940
21
-13010.220
31
0.0
0
LINE
8
COMM-MULTIMEDIA
10
30386.940
20
-13010.220
30
0.0
11
30383.900
21
-13011.780
31
0.0
0
LINE
8
COMM-MULTIMEDIA
10
30418.460
20
-13005.180
30
0.0
11
30413.820
21
-13002.660
31
0.0
0
LINE
8
COMM-MULTIMEDIA
10
30413.820
20
-13002.660
30
0.0
11
30408.700
21
-13000.860
31
0.0
0
LINE
8
COMM-MULTIMEDIA
10
30408.700
20
-13000.860
30
0.0
11
30403.100
21
-12999.780
31
0.0
0
LINE
8
COMM-MULTIMEDIA
10
30403.100
20
-12999.780
30
0.0
11
30397.500
21
-12999.420
31
0.0
0
LINE
8
COMM-MULTIMEDIA
10
30397.500
20
-12999.420
30
0.0
11
30391.900
21
-12999.780
31
0.0
0
LINE
8
COMM-MULTIMEDIA
10
30391.900
20
-12999.780
30
0.0
11
30386.300
21
-13000.860
31
0.0
0
LINE
8
COMM-MULTIMEDIA
10
30386.300
20
-13000.860
30
0.0
11
30381.180
21
-13002.660
31
0.0
0
LINE
8
COMM-MULTIMEDIA
10
30381.180
20
-13002.660
30
0.0
11
30376.540
21
-13005.180
31
0.0
0
LINE
8
COMM-MULTIMEDIA
10
30365.500
20
-13034.700
30
0.0
11
30384.700
21
-13034.700
31
0.0
0
TEXT
8
LEGEND
10
29094.750
20
-14683.440
30
0.0
40
173.700
1
\U+05E0\U+05E7\U+05D5\U+05D3\U+05EA \U+05E8\U+05D0\U+05D5\U+05D8\U+05E8 / \U+05EA\U+05E7\U+05E9\U+05D5\U+05E8\U+05EA \U+05DE\U+05E8\U+05DB\U+05D6\U+05D9\U+05EA
7
HEB
0
LINE
8
FRAME
10
33232.500
20
-13087.500
30
0.0
11
33352.500
21
-13087.500
31
0.0
0
LINE
8
FRAME
10
33352.500
20
-13087.500
30
0.0
11
33352.500
21
-12967.500
31
0.0
0
LINE
8
FRAME
10
33352.500
20
-12967.500
30
0.0
11
33232.500
21
-12967.500
31
0.0
0
LINE
8
FRAME
10
33232.500
20
-12967.500
30
0.0
11
33232.500
21
-13087.500
31
0.0
0
LINE
8
SMART-HOME-CONTROL
10
33261.780
20
-13061.100
30
0.0
11
33323.220
21
-13061.100
31
0.0
0
LINE
8
SMART-HOME-CONTROL
10
33323.220
20
-13061.100
30
0.0
11
33323.220
21
-12993.900
31
0.0
0
LINE
8
SMART-HOME-CONTROL
10
33323.220
20
-12993.900
30
0.0
11
33261.780
21
-12993.900
31
0.0
0
LINE
8
SMART-HOME-CONTROL
10
33261.780
20
-12993.900
30
0.0
11
33261.780
21
-13061.100
31
0.0
0
LINE
8
SMART-HOME-CONTROL
10
33269.460
20
-13046.700
30
0.0
11
33315.540
21
-13046.700
31
0.0
0
LINE
8
SMART-HOME-CONTROL
10
33315.540
20
-13046.700
30
0.0
11
33315.540
21
-13000.620
31
0.0
0
LINE
8
SMART-HOME-CONTROL
10
33315.540
20
-13000.620
30
0.0
11
33269.460
21
-13000.620
31
0.0
0
LINE
8
SMART-HOME-CONTROL
10
33269.460
20
-13000.620
30
0.0
11
33269.460
21
-13046.700
31
0.0
0
LINE
8
SMART-HOME-CONTROL
10
33285.780
20
-13017.900
30
0.0
11
33284.940
21
-13015.860
31
0.0
0
LINE
8
SMART-HOME-CONTROL
10
33284.940
20
-13015.860
30
0.0
11
33282.900
21
-13015.020
31
0.0
0
LINE
8
SMART-HOME-CONTROL
10
33282.900
20
-13015.020
30
0.0
11
33280.860
21
-13015.860
31
0.0
0
LINE
8
SMART-HOME-CONTROL
10
33280.860
20
-13015.860
30
0.0
11
33280.020
21
-13017.900
31
0.0
0
LINE
8
SMART-HOME-CONTROL
10
33280.020
20
-13017.900
30
0.0
11
33280.860
21
-13019.940
31
0.0
0
LINE
8
SMART-HOME-CONTROL
10
33280.860
20
-13019.940
30
0.0
11
33282.900
21
-13020.780
31
0.0
0
LINE
8
SMART-HOME-CONTROL
10
33282.900
20
-13020.780
30
0.0
11
33284.940
21
-13019.940
31
0.0
0
LINE
8
SMART-HOME-CONTROL
10
33284.940
20
-13019.940
30
0.0
11
33285.780
21
-13017.900
31
0.0
0
LINE
8
SMART-HOME-CONTROL
10
33304.980
20
-13012.140
30
0.0
11
33304.140
21
-13010.100
31
0.0
0
LINE
8
SMART-HOME-CONTROL
10
33304.140
20
-13010.100
30
0.0
11
33302.100
21
-13009.260
31
0.0
0
LINE
8
SMART-HOME-CONTROL
10
33302.100
20
-13009.260
30
0.0
11
33300.060
21
-13010.100
31
0.0
0
LINE
8
SMART-HOME-CONTROL
10
33300.060
20
-13010.100
30
0.0
11
33299.220
21
-13012.140
31
0.0
0
LINE
8
SMART-HOME-CONTROL
10
33299.220
20
-13012.140
30
0.0
11
33300.060
21
-13014.180
31
0.0
0
LINE
8
SMART-HOME-CONTROL
10
33300.060
20
-13014.180
30
0.0
11
33302.100
21
-13015.020
31
0.0
0
LINE
8
SMART-HOME-CONTROL
10
33302.100
20
-13015.020
30
0.0
11
33304.140
21
-13014.180
31
0.0
0
LINE
8
SMART-HOME-CONTROL
10
33304.140
20
-13014.180
30
0.0
11
33304.980
21
-13012.140
31
0.0
0
LINE
8
SMART-HOME-CONTROL
10
33295.380
20
-13035.180
30
0.0
11
33294.540
21
-13033.140
31
0.0
0
LINE
8
SMART-HOME-CONTROL
10
33294.540
20
-13033.140
30
0.0
11
33292.500
21
-13032.300
31
0.0
0
LINE
8
SMART-HOME-CONTROL
10
33292.500
20
-13032.300
30
0.0
11
33290.460
21
-13033.140
31
0.0
0
LINE
8
SMART-HOME-CONTROL
10
33290.460
20
-13033.140
30
0.0
11
33289.620
21
-13035.180
31
0.0
0
LINE
8
SMART-HOME-CONTROL
10
33289.620
20
-13035.180
30
0.0
11
33290.460
21
-13037.220
31
0.0
0
LINE
8
SMART-HOME-CONTROL
10
33290.460
20
-13037.220
30
0.0
11
33292.500
21
-13038.060
31
0.0
0
LINE
8
SMART-HOME-CONTROL
10
33292.500
20
-13038.060
30
0.0
11
33294.540
21
-13037.220
31
0.0
0
LINE
8
SMART-HOME-CONTROL
10
33294.540
20
-13037.220
30
0.0
11
33295.380
21
-13035.180
31
0.0
0
LINE
8
SMART-HOME-CONTROL
10
33283.860
20
-13032.300
30
0.0
11
33283.020
21
-13030.260
31
0.0
0
LINE
8
SMART-HOME-CONTROL
10
33283.020
20
-13030.260
30
0.0
11
33280.980
21
-13029.420
31
0.0
0
LINE
8
SMART-HOME-CONTROL
10
33280.980
20
-13029.420
30
0.0
11
33278.940
21
-13030.260
31
0.0
0
LINE
8
SMART-HOME-CONTROL
10
33278.940
20
-13030.260
30
0.0
11
33278.100
21
-13032.300
31
0.0
0
LINE
8
SMART-HOME-CONTROL
10
33278.100
20
-13032.300
30
0.0
11
33278.940
21
-13034.340
31
0.0
0
LINE
8
SMART-HOME-CONTROL
10
33278.940
20
-13034.340
30
0.0
11
33280.980
21
-13035.180
31
0.0
0
LINE
8
SMART-HOME-CONTROL
10
33280.980
20
-13035.180
30
0.0
11
33283.020
21
-13034.340
31
0.0
0
LINE
8
SMART-HOME-CONTROL
10
33283.020
20
-13034.340
30
0.0
11
33283.860
21
-13032.300
31
0.0
0
LINE
8
SMART-HOME-CONTROL
10
33282.900
20
-13017.900
30
0.0
11
33292.500
21
-13035.180
31
0.0
0
LINE
8
SMART-HOME-CONTROL
10
33302.100
20
-13012.140
30
0.0
11
33292.500
21
-13035.180
31
0.0
0
LINE
8
SMART-HOME-CONTROL
10
33280.980
20
-13032.300
30
0.0
11
33292.500
21
-13035.180
31
0.0
0
TEXT
8
LEGEND
10
31989.750
20
-14683.440
30
0.0
40
173.700
1
\U+05D1\U+05E7\U+05E8 \U+05D1\U+05D9\U+05EA \U+05D7\U+05DB\U+05DD / \U+05E4\U+05D0\U+05E0\U+05DC
7
HEB
0
LINE
8
FRAME
10
1402.500
20
-15967.500
30
0.0
11
1492.500
21
-15967.500
31
0.0
0
LINE
8
FRAME
10
1492.500
20
-15967.500
30
0.0
11
1492.500
21
-15877.500
31
0.0
0
LINE
8
FRAME
10
1492.500
20
-15877.500
30
0.0
11
1402.500
21
-15877.500
31
0.0
0
LINE
8
FRAME
10
1402.500
20
-15877.500
30
0.0
11
1402.500
21
-15967.500
31
0.0
0
LINE
8
SMART-HOME-CONTROL
10
1473.420
20
-15922.500
30
0.0
11
1471.440
21
-15912.600
31
0.0
0
LINE
8
SMART-HOME-CONTROL
10
1471.440
20
-15912.600
30
0.0
11
1465.860
21
-15904.140
31
0.0
0
LINE
8
SMART-HOME-CONTROL
10
1465.860
20
-15904.140
30
0.0
11
1457.400
21
-15898.560
31
0.0
0
LINE
8
SMART-HOME-CONTROL
10
1457.400
20
-15898.560
30
0.0
11
1447.500
21
-15896.580
31
0.0
0
LINE
8
SMART-HOME-CONTROL
10
1447.500
20
-15896.580
30
0.0
11
1437.600
21
-15898.560
31
0.0
0
LINE
8
SMART-HOME-CONTROL
10
1437.600
20
-15898.560
30
0.0
11
1429.140
21
-15904.140
31
0.0
0
LINE
8
SMART-HOME-CONTROL
10
1429.140
20
-15904.140
30
0.0
11
1423.560
21
-15912.600
31
0.0
0
LINE
8
SMART-HOME-CONTROL
10
1423.560
20
-15912.600
30
0.0
11
1421.580
21
-15922.500
31
0.0
0
LINE
8
SMART-HOME-CONTROL
10
1421.580
20
-15922.500
30
0.0
11
1423.560
21
-15932.400
31
0.0
0
LINE
8
SMART-HOME-CONTROL
10
1423.560
20
-15932.400
30
0.0
11
1429.140
21
-15940.860
31
0.0
0
LINE
8
SMART-HOME-CONTROL
10
1429.140
20
-15940.860
30
0.0
11
1437.600
21
-15946.440
31
0.0
0
LINE
8
SMART-HOME-CONTROL
10
1437.600
20
-15946.440
30
0.0
11
1447.500
21
-15948.420
31
0.0
0
LINE
8
SMART-HOME-CONTROL
10
1447.500
20
-15948.420
30
0.0
11
1457.400
21
-15946.440
31
0.0
0
LINE
8
SMART-HOME-CONTROL
10
1457.400
20
-15946.440
30
0.0
11
1465.860
21
-15940.860
31
0.0
0
LINE
8
SMART-HOME-CONTROL
10
1465.860
20
-15940.860
30
0.0
11
1471.440
21
-15932.400
31
0.0
0
LINE
8
SMART-HOME-CONTROL
10
1471.440
20
-15932.400
30
0.0
11
1473.420
21
-15922.500
31
0.0
0
LINE
8
SMART-HOME-CONTROL
10
1461.720
20
-15922.500
30
0.0
11
1459.830
21
-15915.390
31
0.0
0
LINE
8
SMART-HOME-CONTROL
10
1459.830
20
-15915.390
30
0.0
11
1454.610
21
-15910.170
31
0.0
0
LINE
8
SMART-HOME-CONTROL
10
1454.610
20
-15910.170
30
0.0
11
1447.500
21
-15908.280
31
0.0
0
LINE
8
SMART-HOME-CONTROL
10
1447.500
20
-15908.280
30
0.0
11
1440.390
21
-15910.170
31
0.0
0
LINE
8
SMART-HOME-CONTROL
10
1440.390
20
-15910.170
30
0.0
11
1435.170
21
-15915.390
31
0.0
0
LINE
8
SMART-HOME-CONTROL
10
1435.170
20
-15915.390
30
0.0
11
1433.280
21
-15922.500
31
0.0
0
LINE
8
SMART-HOME-CONTROL
10
1433.280
20
-15922.500
30
0.0
11
1435.170
21
-15929.610
31
0.0
0
LINE
8
SMART-HOME-CONTROL
10
1435.170
20
-15929.610
30
0.0
11
1440.390
21
-15934.830
31
0.0
0
LINE
8
SMART-HOME-CONTROL
10
1440.390
20
-15934.830
30
0.0
11
1447.500
21
-15936.720
31
0.0
0
LINE
8
SMART-HOME-CONTROL
10
1447.500
20
-15936.720
30
0.0
11
1454.610
21
-15934.830
31
0.0
0
LINE
8
SMART-HOME-CONTROL
10
1454.610
20
-15934.830
30
0.0
11
1459.830
21
-15929.610
31
0.0
0
LINE
8
SMART-HOME-CONTROL
10
1459.830
20
-15929.610
30
0.0
11
1461.720
21
-15922.500
31
0.0
0
LINE
8
SMART-HOME-CONTROL
10
1447.500
20
-15922.500
30
0.0
11
1453.980
21
-15911.250
31
0.0
0
LINE
8
SMART-HOME-CONTROL
10
1466.940
20
-15922.500
30
0.0
11
1470.810
21
-15922.500
31
0.0
0
LINE
8
SMART-HOME-CONTROL
10
1461.270
20
-15908.730
30
0.0
11
1463.970
21
-15906.030
31
0.0
0
LINE
8
SMART-HOME-CONTROL
10
1447.500
20
-15903.060
30
0.0
11
1447.500
21
-15899.190
31
0.0
0
LINE
8
SMART-HOME-CONTROL
10
1433.730
20
-15908.730
30
0.0
11
1431.030
21
-15906.030
31
0.0
0
LINE
8
SMART-HOME-CONTROL
10
1428.060
20
-15922.500
30
0.0
11
1424.190
21
-15922.500
31
0.0
0
LINE
8
SMART-HOME-CONTROL
10
1433.730
20
-15936.270
30
0.0
11
1431.030
21
-15938.970
31
0.0
0
LINE
8
SMART-HOME-CONTROL
10
1447.500
20
-15941.940
30
0.0
11
1447.500
21
-15945.810
31
0.0
0
LINE
8
SMART-HOME-CONTROL
10
1461.270
20
-15936.270
30
0.0
11
1463.970
21
-15938.970
31
0.0
0
TEXT
8
LEGEND
10
144.750
20
-17578.440
30
0.0
40
173.700
1
\U+05EA\U+05E8\U+05DE\U+05D5\U+05E1\U+05D8\U+05D8
7
HEB
0
LINE
8
FRAME
10
4302.500
20
-15962.500
30
0.0
11
4382.500
21
-15962.500
31
0.0
0
LINE
8
FRAME
10
4382.500
20
-15962.500
30
0.0
11
4382.500
21
-15882.500
31
0.0
0
LINE
8
FRAME
10
4382.500
20
-15882.500
30
0.0
11
4302.500
21
-15882.500
31
0.0
0
LINE
8
FRAME
10
4302.500
20
-15882.500
30
0.0
11
4302.500
21
-15962.500
31
0.0
0
LINE
8
SMART-HOME-CONTROL
10
4332.260
20
-15909.700
30
0.0
11
4333.060
21
-15913.620
31
0.0
0
LINE
8
SMART-HOME-CONTROL
10
4333.060
20
-15913.620
30
0.0
11
4335.220
21
-15916.980
31
0.0
0
LINE
8
SMART-HOME-CONTROL
10
4335.220
20
-15916.980
30
0.0
11
4338.580
21
-15919.140
31
0.0
0
LINE
8
SMART-HOME-CONTROL
10
4338.580
20
-15919.140
30
0.0
11
4342.500
21
-15919.940
31
0.0
0
LINE
8
SMART-HOME-CONTROL
10
4342.500
20
-15919.940
30
0.0
11
4346.420
21
-15919.140
31
0.0
0
LINE
8
SMART-HOME-CONTROL
10
4346.420
20
-15919.140
30
0.0
11
4349.780
21
-15916.980
31
0.0
0
LINE
8
SMART-HOME-CONTROL
10
4349.780
20
-15916.980
30
0.0
11
4351.940
21
-15913.620
31
0.0
0
LINE
8
SMART-HOME-CONTROL
10
4351.940
20
-15913.620
30
0.0
11
4352.740
21
-15909.700
31
0.0
0
LINE
8
SMART-HOME-CONTROL
10
4332.260
20
-15909.700
30
0.0
11
4352.740
21
-15909.700
31
0.0
0
LINE
8
SMART-HOME-CONTROL
10
4324.740
20
-15919.940
30
0.0
11
4328.020
21
-15924.180
31
0.0
0
LINE
8
SMART-HOME-CONTROL
10
4328.020
20
-15924.180
30
0.0
11
4332.260
21
-15927.460
31
0.0
0
LINE
8
SMART-HOME-CONTROL
10
4332.260
20
-15927.460
30
0.0
11
4337.220
21
-15929.460
31
0.0
0
LINE
8
SMART-HOME-CONTROL
10
4337.220
20
-15929.460
30
0.0
11
4342.500
21
-15930.180
31
0.0
0
LINE
8
SMART-HOME-CONTROL
10
4342.500
20
-15930.180
30
0.0
11
4347.780
21
-15929.460
31
0.0
0
LINE
8
SMART-HOME-CONTROL
10
4347.780
20
-15929.460
30
0.0
11
4352.740
21
-15927.460
31
0.0
0
LINE
8
SMART-HOME-CONTROL
10
4352.740
20
-15927.460
30
0.0
11
4356.980
21
-15924.180
31
0.0
0
LINE
8
SMART-HOME-CONTROL
10
4356.980
20
-15924.180
30
0.0
11
4360.260
21
-15919.940
31
0.0
0
LINE
8
SMART-HOME-CONTROL
10
4315.860
20
-15925.060
30
0.0
11
4320.740
21
-15931.460
31
0.0
0
LINE
8
SMART-HOME-CONTROL
10
4320.740
20
-15931.460
30
0.0
11
4327.140
21
-15936.340
31
0.0
0
LINE
8
SMART-HOME-CONTROL
10
4327.140
20
-15936.340
30
0.0
11
4334.580
21
-15939.380
31
0.0
0
LINE
8
SMART-HOME-CONTROL
10
4334.580
20
-15939.380
30
0.0
11
4342.500
21
-15940.420
31
0.0
0
LINE
8
SMART-HOME-CONTROL
10
4342.500
20
-15940.420
30
0.0
11
4350.420
21
-15939.380
31
0.0
0
LINE
8
SMART-HOME-CONTROL
10
4350.420
20
-15939.380
30
0.0
11
4357.860
21
-15936.340
31
0.0
0
LINE
8
SMART-HOME-CONTROL
10
4357.860
20
-15936.340
30
0.0
11
4364.260
21
-15931.460
31
0.0
0
LINE
8
SMART-HOME-CONTROL
10
4364.260
20
-15931.460
30
0.0
11
4369.140
21
-15925.060
31
0.0
0
LINE
8
SMART-HOME-CONTROL
10
4307.060
20
-15930.180
30
0.0
11
4313.540
21
-15938.660
31
0.0
0
LINE
8
SMART-HOME-CONTROL
10
4313.540
20
-15938.660
30
0.0
11
4322.020
21
-15945.140
31
0.0
0
LINE
8
SMART-HOME-CONTROL
10
4322.020
20
-15945.140
30
0.0
11
4331.860
21
-15949.300
31
0.0
0
LINE
8
SMART-HOME-CONTROL
10
4331.860
20
-15949.300
30
0.0
11
4342.500
21
-15950.660
31
0.0
0
LINE
8
SMART-HOME-CONTROL
10
4342.500
20
-15950.660
30
0.0
11
4353.140
21
-15949.300
31
0.0
0
LINE
8
SMART-HOME-CONTROL
10
4353.140
20
-15949.300
30
0.0
11
4362.980
21
-15945.140
31
0.0
0
LINE
8
SMART-HOME-CONTROL
10
4362.980
20
-15945.140
30
0.0
11
4371.460
21
-15938.660
31
0.0
0
LINE
8
SMART-HOME-CONTROL
10
4371.460
20
-15938.660
30
0.0
11
4377.940
21
-15930.180
31
0.0
0
TEXT
8
LEGEND
10
3039.750
20
-17578.440
30
0.0
40
173.700
1
\U+05D2\U+05DC\U+05D0\U+05D9 \U+05E0\U+05D5\U+05DB\U+05D7\U+05D5\U+05EA / \U+05EA\U+05E0\U+05D5\U+05E2\U+05D4
7
HEB
0
LINE
8
FRAME
10
7207.500
20
-15932.500
30
0.0
11
7267.500
21
-15932.500
31
0.0
0
LINE
8
FRAME
10
7267.500
20
-15932.500
30
0.0
11
7267.500
21
-15912.500
31
0.0
0
LINE
8
FRAME
10
7267.500
20
-15912.500
30
0.0
11
7207.500
21
-15912.500
31
0.0
0
LINE
8
FRAME
10
7207.500
20
-15912.500
30
0.0
11
7207.500
21
-15932.500
31
0.0
0
LINE
8
SMART-HOME-CONTROL
10
7220.220
20
-15923.560
30
0.0
11
7236.540
21
-15923.560
31
0.0
0
LINE
8
SMART-HOME-CONTROL
10
7236.540
20
-15923.560
30
0.0
11
7236.540
21
-15921.440
31
0.0
0
LINE
8
SMART-HOME-CONTROL
10
7236.540
20
-15921.440
30
0.0
11
7220.220
21
-15921.440
31
0.0
0
LINE
8
SMART-HOME-CONTROL
10
7220.220
20
-15921.440
30
0.0
11
7220.220
21
-15923.560
31
0.0
0
LINE
8
SMART-HOME-CONTROL
10
7238.460
20
-15923.560
30
0.0
11
7254.780
21
-15923.560
31
0.0
0
LINE
8
SMART-HOME-CONTROL
10
7254.780
20
-15923.560
30
0.0
11
7254.780
21
-15921.440
31
0.0
0
LINE
8
SMART-HOME-CONTROL
10
7254.780
20
-15921.440
30
0.0
11
7238.460
21
-15921.440
31
0.0
0
LINE
8
SMART-HOME-CONTROL
10
7238.460
20
-15921.440
30
0.0
11
7238.460
21
-15923.560
31
0.0
0
LINE
8
SMART-HOME-CONTROL
10
7236.540
20
-15922.500
30
0.0
11
7238.460
21
-15922.500
31
0.0
0
TEXT
8
LEGEND
10
5934.750
20
-17578.440
30
0.0
40
173.700
1
\U+05D7\U+05D9\U+05D9\U+05E9\U+05DF \U+05D7\U+05DC\U+05D5\U+05DF/\U+05D3\U+05DC\U+05EA (\U+05DE\U+05D2\U+05E0\U+05D8\U+05D9)
7
HEB
0
LINE
8
FRAME
10
10102.500
20
-15952.500
30
0.0
11
10162.500
21
-15952.500
31
0.0
0
LINE
8
FRAME
10
10162.500
20
-15952.500
30
0.0
11
10162.500
21
-15892.500
31
0.0
0
LINE
8
FRAME
10
10162.500
20
-15892.500
30
0.0
11
10102.500
21
-15892.500
31
0.0
0
LINE
8
FRAME
10
10102.500
20
-15892.500
30
0.0
11
10102.500
21
-15952.500
31
0.0
0
LINE
8
SMART-HOME-CONTROL
10
10113.300
20
-15920.100
30
0.0
11
10151.700
21
-15920.100
31
0.0
0
LINE
8
SMART-HOME-CONTROL
10
10151.700
20
-15920.100
30
0.0
11
10151.700
21
-15903.300
31
0.0
0
LINE
8
SMART-HOME-CONTROL
10
10151.700
20
-15903.300
30
0.0
11
10113.300
21
-15903.300
31
0.0
0
LINE
8
SMART-HOME-CONTROL
10
10113.300
20
-15903.300
30
0.0
11
10113.300
21
-15920.100
31
0.0
0
LINE
8
SMART-HOME-CONTROL
10
10113.300
20
-15914.520
30
0.0
11
10151.700
21
-15914.520
31
0.0
0
LINE
8
SMART-HOME-CONTROL
10
10113.300
20
-15908.880
30
0.0
11
10151.700
21
-15908.880
31
0.0
0
LINE
8
SMART-HOME-CONTROL
10
10140.180
20
-15932.100
30
0.0
11
10139.160
21
-15928.260
31
0.0
0
LINE
8
SMART-HOME-CONTROL
10
10139.160
20
-15928.260
30
0.0
11
10136.340
21
-15925.440
31
0.0
0
LINE
8
SMART-HOME-CONTROL
10
10136.340
20
-15925.440
30
0.0
11
10132.500
21
-15924.420
31
0.0
0
LINE
8
SMART-HOME-CONTROL
10
10132.500
20
-15924.420
30
0.0
11
10128.660
21
-15925.440
31
0.0
0
LINE
8
SMART-HOME-CONTROL
10
10128.660
20
-15925.440
30
0.0
11
10125.840
21
-15928.260
31
0.0
0
LINE
8
SMART-HOME-CONTROL
10
10125.840
20
-15928.260
30
0.0
11
10124.820
21
-15932.100
31
0.0
0
LINE
8
SMART-HOME-CONTROL
10
10124.820
20
-15932.100
30
0.0
11
10125.840
21
-15935.940
31
0.0
0
LINE
8
SMART-HOME-CONTROL
10
10125.840
20
-15935.940
30
0.0
11
10128.660
21
-15938.760
31
0.0
0
LINE
8
SMART-HOME-CONTROL
10
10128.660
20
-15938.760
30
0.0
11
10132.500
21
-15939.780
31
0.0
0
LINE
8
SMART-HOME-CONTROL
10
10132.500
20
-15939.780
30
0.0
11
10136.340
21
-15938.760
31
0.0
0
LINE
8
SMART-HOME-CONTROL
10
10136.340
20
-15938.760
30
0.0
11
10139.160
21
-15935.940
31
0.0
0
LINE
8
SMART-HOME-CONTROL
10
10139.160
20
-15935.940
30
0.0
11
10140.180
21
-15932.100
31
0.0
0
LINE
8
SMART-HOME-CONTROL
10
10142.460
20
-15926.340
30
0.0
11
10138.800
21
-15922.440
31
0.0
0
LINE
8
SMART-HOME-CONTROL
10
10138.800
20
-15922.440
30
0.0
11
10133.700
21
-15920.640
31
0.0
0
LINE
8
SMART-HOME-CONTROL
10
10133.700
20
-15920.640
30
0.0
11
10128.360
21
-15921.360
31
0.0
0
LINE
8
SMART-HOME-CONTROL
10
10128.360
20
-15921.360
30
0.0
11
10123.920
21
-15924.420
31
0.0
0
LINE
8
SMART-HOME-CONTROL
10
10123.920
20
-15924.420
30
0.0
11
10121.400
21
-15929.100
31
0.0
0
LINE
8
SMART-HOME-CONTROL
10
10121.400
20
-15929.100
30
0.0
11
10121.220
21
-15934.500
31
0.0
0
LINE
8
SMART-HOME-CONTROL
10
10121.220
20
-15934.500
30
0.0
11
10123.560
21
-15939.360
31
0.0
0
LINE
8
SMART-HOME-CONTROL
10
10123.560
20
-15939.360
30
0.0
11
10127.820
21
-15942.600
31
0.0
0
LINE
8
SMART-HOME-CONTROL
10
10127.820
20
-15942.600
30
0.0
11
10133.100
21
-15943.620
31
0.0
0
LINE
8
SMART-HOME-CONTROL
10
10133.100
20
-15943.620
30
0.0
11
10138.260
21
-15942.060
31
0.0
0
LINE
8
SMART-HOME-CONTROL
10
10138.260
20
-15942.060
30
0.0
11
10139.220
21
-15944.940
31
0.0
0
LINE
8
SMART-HOME-CONTROL
10
10139.220
20
-15944.940
30
0.0
11
10136.580
21
-15942.180
31
0.0
0
LINE
8
SMART-HOME-CONTROL
10
10139.220
20
-15944.940
30
0.0
11
10139.640
21
-15941.160
31
0.0
0
TEXT
8
LEGEND
10
8829.750
20
-17578.440
30
0.0
40
173.700
1
\U+05DE\U+05E0\U+05D5\U+05E2 \U+05EA\U+05E8\U+05D9\U+05E1 \U+05D7\U+05E9\U+05DE\U+05DC\U+05D9 (\U+05D2\U+05DC\U+05D9\U+05DC\U+05D4)
7
HEB
0
LINE
8
FRAME
10
12987.500
20
-15962.500
30
0.0
11
13067.500
21
-15962.500
31
0.0
0
LINE
8
FRAME
10
13067.500
20
-15962.500
30
0.0
11
13067.500
21
-15882.500
31
0.0
0
LINE
8
FRAME
10
13067.500
20
-15882.500
30
0.0
11
12987.500
21
-15882.500
31
0.0
0
LINE
8
FRAME
10
12987.500
20
-15882.500
30
0.0
11
12987.500
21
-15962.500
31
0.0
0
LINE
8
SMART-HOME-CONTROL
10
13000.620
20
-15949.380
30
0.0
11
13054.380
21
-15949.380
31
0.0
0
LINE
8
SMART-HOME-CONTROL
10
13054.380
20
-15949.380
30
0.0
11
13054.380
21
-15895.620
31
0.0
0
LINE
8
SMART-HOME-CONTROL
10
13054.380
20
-15895.620
30
0.0
11
13000.620
21
-15895.620
31
0.0
0
LINE
8
SMART-HOME-CONTROL
10
13000.620
20
-15895.620
30
0.0
11
13000.620
21
-15949.380
31
0.0
0
LINE
8
SMART-HOME-CONTROL
10
13021.100
20
-15922.500
30
0.0
11
13021.100
21
-15906.500
31
0.0
0
LINE
8
SMART-HOME-CONTROL
10
13021.100
20
-15906.500
30
0.0
11
13023.820
21
-15912.340
31
0.0
0
LINE
8
SMART-HOME-CONTROL
10
13021.100
20
-15906.500
30
0.0
11
13018.380
21
-15912.340
31
0.0
0
LINE
8
SMART-HOME-CONTROL
10
13033.900
20
-15922.500
30
0.0
11
13033.900
21
-15938.500
31
0.0
0
LINE
8
SMART-HOME-CONTROL
10
13033.900
20
-15938.500
30
0.0
11
13031.180
21
-15932.660
31
0.0
0
LINE
8
SMART-HOME-CONTROL
10
13033.900
20
-15938.500
30
0.0
11
13036.620
21
-15932.660
31
0.0
0
TEXT
8
LEGEND
10
11724.750
20
-17578.440
30
0.0
40
173.700
1
\U+05DE\U+05E4\U+05E1\U+05E7 / \U+05D1\U+05E7\U+05E8 \U+05EA\U+05E8\U+05D9\U+05E1 \U+05D7\U+05E9\U+05DE\U+05DC\U+05D9
7
HEB
0
LINE
8
FRAME
10
15892.500
20
-15952.500
30
0.0
11
15952.500
21
-15952.500
31
0.0
0
LINE
8
FRAME
10
15952.500
20
-15952.500
30
0.0
11
15952.500
21
-15892.500
31
0.0
0
LINE
8
FRAME
10
15952.500
20
-15892.500
30
0.0
11
15892.500
21
-15892.500
31
0.0
0
LINE
8
FRAME
10
15892.500
20
-15892.500
30
0.0
11
15892.500
21
-15952.500
31
0.0
0
LINE
8
SMART-HOME-CONTROL
10
15903.300
20
-15912.900
30
0.0
11
15941.700
21
-15912.900
31
0.0
0
LINE
8
SMART-HOME-CONTROL
10
15921.540
20
-15924.900
30
0.0
11
15920.400
21
-15920.580
31
0.0
0
LINE
8
SMART-HOME-CONTROL
10
15920.400
20
-15920.580
30
0.0
11
15917.220
21
-15917.400
31
0.0
0
LINE
8
SMART-HOME-CONTROL
10
15917.220
20
-15917.400
30
0.0
11
15912.900
21
-15916.260
31
0.0
0
LINE
8
SMART-HOME-CONTROL
10
15912.900
20
-15916.260
30
0.0
11
15908.580
21
-15917.400
31
0.0
0
LINE
8
SMART-HOME-CONTROL
10
15908.580
20
-15917.400
30
0.0
11
15905.400
21
-15920.580
31
0.0
0
LINE
8
SMART-HOME-CONTROL
10
15905.400
20
-15920.580
30
0.0
11
15904.260
21
-15924.900
31
0.0
0
LINE
8
SMART-HOME-CONTROL
10
15904.260
20
-15924.900
30
0.0
11
15905.400
21
-15929.220
31
0.0
0
LINE
8
SMART-HOME-CONTROL
10
15905.400
20
-15929.220
30
0.0
11
15908.580
21
-15932.400
31
0.0
0
LINE
8
SMART-HOME-CONTROL
10
15908.580
20
-15932.400
30
0.0
11
15912.900
21
-15933.540
31
0.0
0
LINE
8
SMART-HOME-CONTROL
10
15912.900
20
-15933.540
30
0.0
11
15917.220
21
-15932.400
31
0.0
0
LINE
8
SMART-HOME-CONTROL
10
15917.220
20
-15932.400
30
0.0
11
15920.400
21
-15929.220
31
0.0
0
LINE
8
SMART-HOME-CONTROL
10
15920.400
20
-15929.220
30
0.0
11
15921.540
21
-15924.900
31
0.0
0
LINE
8
SMART-HOME-CONTROL
10
15922.800
20
-15916.560
30
0.0
11
15918.180
21
-15913.080
31
0.0
0
LINE
8
SMART-HOME-CONTROL
10
15918.180
20
-15913.080
30
0.0
11
15912.420
21
-15911.940
31
0.0
0
LINE
8
SMART-HOME-CONTROL
10
15912.420
20
-15911.940
30
0.0
11
15906.840
21
-15913.440
31
0.0
0
LINE
8
SMART-HOME-CONTROL
10
15906.840
20
-15913.440
30
0.0
11
15902.400
21
-15917.280
31
0.0
0
LINE
8
SMART-HOME-CONTROL
10
15902.400
20
-15917.280
30
0.0
11
15900.120
21
-15922.620
31
0.0
0
LINE
8
SMART-HOME-CONTROL
10
15900.120
20
-15922.620
30
0.0
11
15900.420
21
-15928.500
31
0.0
0
LINE
8
SMART-HOME-CONTROL
10
15900.420
20
-15928.500
30
0.0
11
15903.240
21
-15933.600
31
0.0
0
LINE
8
SMART-HOME-CONTROL
10
15903.240
20
-15933.600
30
0.0
11
15908.040
21
-15936.900
31
0.0
0
LINE
8
SMART-HOME-CONTROL
10
15908.040
20
-15936.900
30
0.0
11
15913.800
21
-15937.800
31
0.0
0
LINE
8
SMART-HOME-CONTROL
10
15913.800
20
-15937.800
30
0.0
11
15919.380
21
-15936.120
31
0.0
0
LINE
8
SMART-HOME-CONTROL
10
15922.500
20
-15912.900
30
0.0
11
15922.800
21
-15914.100
31
0.0
0
LINE
8
SMART-HOME-CONTROL
10
15922.800
20
-15914.100
30
0.0
11
15923.700
21
-15915.000
31
0.0
0
LINE
8
SMART-HOME-CONTROL
10
15923.700
20
-15915.000
30
0.0
11
15924.900
21
-15915.300
31
0.0
0
LINE
8
SMART-HOME-CONTROL
10
15924.900
20
-15915.300
30
0.0
11
15926.100
21
-15915.000
31
0.0
0
LINE
8
SMART-HOME-CONTROL
10
15926.100
20
-15915.000
30
0.0
11
15927.000
21
-15914.100
31
0.0
0
LINE
8
SMART-HOME-CONTROL
10
15927.000
20
-15914.100
30
0.0
11
15927.300
21
-15912.900
31
0.0
0
LINE
8
SMART-HOME-CONTROL
10
15927.300
20
-15912.900
30
0.0
11
15927.600
21
-15914.100
31
0.0
0
LINE
8
SMART-HOME-CONTROL
10
15927.600
20
-15914.100
30
0.0
11
15928.500
21
-15915.000
31
0.0
0
LINE
8
SMART-HOME-CONTROL
10
15928.500
20
-15915.000
30
0.0
11
15929.700
21
-15915.300
31
0.0
0
LINE
8
SMART-HOME-CONTROL
10
15929.700
20
-15915.300
30
0.0
11
15930.900
21
-15915.000
31
0.0
0
LINE
8
SMART-HOME-CONTROL
10
15930.900
20
-15915.000
30
0.0
11
15931.800
21
-15914.100
31
0.0
0
LINE
8
SMART-HOME-CONTROL
10
15931.800
20
-15914.100
30
0.0
11
15932.100
21
-15912.900
31
0.0
0
LINE
8
SMART-HOME-CONTROL
10
15932.100
20
-15912.900
30
0.0
11
15932.400
21
-15914.100
31
0.0
0
LINE
8
SMART-HOME-CONTROL
10
15932.400
20
-15914.100
30
0.0
11
15933.300
21
-15915.000
31
0.0
0
LINE
8
SMART-HOME-CONTROL
10
15933.300
20
-15915.000
30
0.0
11
15934.500
21
-15915.300
31
0.0
0
LINE
8
SMART-HOME-CONTROL
10
15934.500
20
-15915.300
30
0.0
11
15935.700
21
-15915.000
31
0.0
0
LINE
8
SMART-HOME-CONTROL
10
15935.700
20
-15915.000
30
0.0
11
15936.600
21
-15914.100
31
0.0
0
LINE
8
SMART-HOME-CONTROL
10
15936.600
20
-15914.100
30
0.0
11
15936.900
21
-15912.900
31
0.0
0
LINE
8
SMART-HOME-CONTROL
10
15936.900
20
-15912.900
30
0.0
11
15937.200
21
-15914.100
31
0.0
0
LINE
8
SMART-HOME-CONTROL
10
15937.200
20
-15914.100
30
0.0
11
15938.100
21
-15915.000
31
0.0
0
LINE
8
SMART-HOME-CONTROL
10
15938.100
20
-15915.000
30
0.0
11
15939.300
21
-15915.300
31
0.0
0
LINE
8
SMART-HOME-CONTROL
10
15939.300
20
-15915.300
30
0.0
11
15940.500
21
-15915.000
31
0.0
0
LINE
8
SMART-HOME-CONTROL
10
15940.500
20
-15915.000
30
0.0
11
15941.400
21
-15914.100
31
0.0
0
LINE
8
SMART-HOME-CONTROL
10
15941.400
20
-15914.100
30
0.0
11
15941.700
21
-15912.900
31
0.0
0
TEXT
8
LEGEND
10
14619.750
20
-17578.440
30
0.0
40
173.700
1
\U+05DE\U+05E0\U+05D5\U+05E2 \U+05D5\U+05D9\U+05DC\U+05D5\U+05DF \U+05D7\U+05E9\U+05DE\U+05DC\U+05D9
7
HEB
0
LINE
8
FRAME
10
18757.500
20
-15982.500
30
0.0
11
18877.500
21
-15982.500
31
0.0
0
LINE
8
FRAME
10
18877.500
20
-15982.500
30
0.0
11
18877.500
21
-15862.500
31
0.0
0
LINE
8
FRAME
10
18877.500
20
-15862.500
30
0.0
11
18757.500
21
-15862.500
31
0.0
0
LINE
8
FRAME
10
18757.500
20
-15862.500
30
0.0
11
18757.500
21
-15982.500
31
0.0
0
LINE
8
SAFETY-SECURITY
10
18855.900
20
-15922.500
30
0.0
11
18853.020
21
-15907.860
31
0.0
0
LINE
8
SAFETY-SECURITY
10
18853.020
20
-15907.860
30
0.0
11
18844.620
21
-15895.380
31
0.0
0
LINE
8
SAFETY-SECURITY
10
18844.620
20
-15895.380
30
0.0
11
18832.140
21
-15886.980
31
0.0
0
LINE
8
SAFETY-SECURITY
10
18832.140
20
-15886.980
30
0.0
11
18817.500
21
-15884.100
31
0.0
0
LINE
8
SAFETY-SECURITY
10
18817.500
20
-15884.100
30
0.0
11
18802.860
21
-15886.980
31
0.0
0
LINE
8
SAFETY-SECURITY
10
18802.860
20
-15886.980
30
0.0
11
18790.380
21
-15895.380
31
0.0
0
LINE
8
SAFETY-SECURITY
10
18790.380
20
-15895.380
30
0.0
11
18781.980
21
-15907.860
31
0.0
0
LINE
8
SAFETY-SECURITY
10
18781.980
20
-15907.860
30
0.0
11
18779.100
21
-15922.500
31
0.0
0
LINE
8
SAFETY-SECURITY
10
18779.100
20
-15922.500
30
0.0
11
18781.980
21
-15937.140
31
0.0
0
LINE
8
SAFETY-SECURITY
10
18781.980
20
-15937.140
30
0.0
11
18790.380
21
-15949.620
31
0.0
0
LINE
8
SAFETY-SECURITY
10
18790.380
20
-15949.620
30
0.0
11
18802.860
21
-15958.020
31
0.0
0
LINE
8
SAFETY-SECURITY
10
18802.860
20
-15958.020
30
0.0
11
18817.500
21
-15960.900
31
0.0
0
LINE
8
SAFETY-SECURITY
10
18817.500
20
-15960.900
30
0.0
11
18832.140
21
-15958.020
31
0.0
0
LINE
8
SAFETY-SECURITY
10
18832.140
20
-15958.020
30
0.0
11
18844.620
21
-15949.620
31
0.0
0
LINE
8
SAFETY-SECURITY
10
18844.620
20
-15949.620
30
0.0
11
18853.020
21
-15937.140
31
0.0
0
LINE
8
SAFETY-SECURITY
10
18853.020
20
-15937.140
30
0.0
11
18855.900
21
-15922.500
31
0.0
0
LINE
8
SAFETY-SECURITY
10
18836.700
20
-15922.500
30
0.0
11
18834.180
21
-15912.900
31
0.0
0
LINE
8
SAFETY-SECURITY
10
18834.180
20
-15912.900
30
0.0
11
18827.100
21
-15905.820
31
0.0
0
LINE
8
SAFETY-SECURITY
10
18827.100
20
-15905.820
30
0.0
11
18817.500
21
-15903.300
31
0.0
0
LINE
8
SAFETY-SECURITY
10
18817.500
20
-15903.300
30
0.0
11
18807.900
21
-15905.820
31
0.0
0
LINE
8
SAFETY-SECURITY
10
18807.900
20
-15905.820
30
0.0
11
18800.820
21
-15912.900
31
0.0
0
LINE
8
SAFETY-SECURITY
10
18800.820
20
-15912.900
30
0.0
11
18798.300
21
-15922.500
31
0.0
0
LINE
8
SAFETY-SECURITY
10
18798.300
20
-15922.500
30
0.0
11
18800.820
21
-15932.100
31
0.0
0
LINE
8
SAFETY-SECURITY
10
18800.820
20
-15932.100
30
0.0
11
18807.900
21
-15939.180
31
0.0
0
LINE
8
SAFETY-SECURITY
10
18807.900
20
-15939.180
30
0.0
11
18817.500
21
-15941.700
31
0.0
0
LINE
8
SAFETY-SECURITY
10
18817.500
20
-15941.700
30
0.0
11
18827.100
21
-15939.180
31
0.0
0
LINE
8
SAFETY-SECURITY
10
18827.100
20
-15939.180
30
0.0
11
18834.180
21
-15932.100
31
0.0
0
LINE
8
SAFETY-SECURITY
10
18834.180
20
-15932.100
30
0.0
11
18836.700
21
-15922.500
31
0.0
0
LINE
8
SAFETY-SECURITY
10
18838.620
20
-15922.500
30
0.0
11
18852.060
21
-15922.500
31
0.0
0
LINE
8
SAFETY-SECURITY
10
18832.380
20
-15907.620
30
0.0
11
18841.980
21
-15898.020
31
0.0
0
LINE
8
SAFETY-SECURITY
10
18817.500
20
-15901.380
30
0.0
11
18817.500
21
-15887.940
31
0.0
0
LINE
8
SAFETY-SECURITY
10
18802.620
20
-15907.620
30
0.0
11
18793.020
21
-15898.020
31
0.0
0
LINE
8
SAFETY-SECURITY
10
18796.380
20
-15922.500
30
0.0
11
18782.940
21
-15922.500
31
0.0
0
LINE
8
SAFETY-SECURITY
10
18802.620
20
-15937.380
30
0.0
11
18793.020
21
-15946.980
31
0.0
0
LINE
8
SAFETY-SECURITY
10
18817.500
20
-15943.620
30
0.0
11
18817.500
21
-15957.060
31
0.0
0
LINE
8
SAFETY-SECURITY
10
18832.380
20
-15937.380
30
0.0
11
18841.980
21
-15946.980
31
0.0
0
TEXT
8
LEGEND
10
17514.750
20
-17578.440
30
0.0
40
173.700
1
\U+05D2\U+05DC\U+05D0\U+05D9 \U+05E2\U+05E9\U+05DF
7
HEB
0
LINE
8
FRAME
10
21662.500
20
-15972.500
30
0.0
11
21762.500
21
-15972.500
31
0.0
0
LINE
8
FRAME
10
21762.500
20
-15972.500
30
0.0
11
21762.500
21
-15872.500
31
0.0
0
LINE
8
FRAME
10
21762.500
20
-15872.500
30
0.0
11
21662.500
21
-15872.500
31
0.0
0
LINE
8
FRAME
10
21662.500
20
-15872.500
30
0.0
11
21662.500
21
-15972.500
31
0.0
0
LINE
8
SAFETY-SECURITY
10
21738.800
20
-15907.300
30
0.0
11
21712.500
21
-15892.100
31
0.0
0
LINE
8
SAFETY-SECURITY
10
21712.500
20
-15892.100
30
0.0
11
21686.200
21
-15907.300
31
0.0
0
LINE
8
SAFETY-SECURITY
10
21686.200
20
-15907.300
30
0.0
11
21686.200
21
-15937.700
31
0.0
0
LINE
8
SAFETY-SECURITY
10
21686.200
20
-15937.700
30
0.0
11
21712.500
21
-15952.900
31
0.0
0
LINE
8
SAFETY-SECURITY
10
21712.500
20
-15952.900
30
0.0
11
21738.800
21
-15937.700
31
0.0
0
LINE
8
SAFETY-SECURITY
10
21738.800
20
-15937.700
30
0.0
11
21738.800
21
-15907.300
31
0.0
0
LINE
8
SAFETY-SECURITY
10
21712.500
20
-15907.100
30
0.0
11
21717.900
21
-15918.700
31
0.0
0
LINE
8
SAFETY-SECURITY
10
21717.900
20
-15918.700
30
0.0
11
21719.300
21
-15927.500
31
0.0
0
LINE
8
SAFETY-SECURITY
10
21719.300
20
-15927.500
30
0.0
11
21715.900
21
-15934.300
31
0.0
0
LINE
8
SAFETY-SECURITY
10
21715.900
20
-15934.300
30
0.0
11
21709.100
21
-15934.300
31
0.0
0
LINE
8
SAFETY-SECURITY
10
21709.100
20
-15934.300
30
0.0
11
21705.700
21
-15927.500
31
0.0
0
LINE
8
SAFETY-SECURITY
10
21705.700
20
-15927.500
30
0.0
11
21707.100
21
-15918.700
31
0.0
0
LINE
8
SAFETY-SECURITY
10
21707.100
20
-15918.700
30
0.0
11
21712.500
21
-15907.100
31
0.0
0
TEXT
8
LEGEND
10
20409.750
20
-17578.440
30
0.0
40
173.700
1
\U+05D2\U+05DC\U+05D0\U+05D9 \U+05D2\U+05D6
7
HEB
0
LINE
8
FRAME
10
24557.500
20
-15972.500
30
0.0
11
24657.500
21
-15972.500
31
0.0
0
LINE
8
FRAME
10
24657.500
20
-15972.500
30
0.0
11
24657.500
21
-15872.500
31
0.0
0
LINE
8
FRAME
10
24657.500
20
-15872.500
30
0.0
11
24557.500
21
-15872.500
31
0.0
0
LINE
8
FRAME
10
24557.500
20
-15872.500
30
0.0
11
24557.500
21
-15972.500
31
0.0
0
LINE
8
SAFETY-SECURITY
10
24639.500
20
-15922.500
30
0.0
11
24637.100
21
-15910.300
31
0.0
0
LINE
8
SAFETY-SECURITY
10
24637.100
20
-15910.300
30
0.0
11
24630.100
21
-15899.900
31
0.0
0
LINE
8
SAFETY-SECURITY
10
24630.100
20
-15899.900
30
0.0
11
24619.700
21
-15892.900
31
0.0
0
LINE
8
SAFETY-SECURITY
10
24619.700
20
-15892.900
30
0.0
11
24607.500
21
-15890.500
31
0.0
0
LINE
8
SAFETY-SECURITY
10
24607.500
20
-15890.500
30
0.0
11
24595.300
21
-15892.900
31
0.0
0
LINE
8
SAFETY-SECURITY
10
24595.300
20
-15892.900
30
0.0
11
24584.900
21
-15899.900
31
0.0
0
LINE
8
SAFETY-SECURITY
10
24584.900
20
-15899.900
30
0.0
11
24577.900
21
-15910.300
31
0.0
0
LINE
8
SAFETY-SECURITY
10
24577.900
20
-15910.300
30
0.0
11
24575.500
21
-15922.500
31
0.0
0
LINE
8
SAFETY-SECURITY
10
24575.500
20
-15922.500
30
0.0
11
24577.900
21
-15934.700
31
0.0
0
LINE
8
SAFETY-SECURITY
10
24577.900
20
-15934.700
30
0.0
11
24584.900
21
-15945.100
31
0.0
0
LINE
8
SAFETY-SECURITY
10
24584.900
20
-15945.100
30
0.0
11
24595.300
21
-15952.100
31
0.0
0
LINE
8
SAFETY-SECURITY
10
24595.300
20
-15952.100
30
0.0
11
24607.500
21
-15954.500
31
0.0
0
LINE
8
SAFETY-SECURITY
10
24607.500
20
-15954.500
30
0.0
11
24619.700
21
-15952.100
31
0.0
0
LINE
8
SAFETY-SECURITY
10
24619.700
20
-15952.100
30
0.0
11
24630.100
21
-15945.100
31
0.0
0
LINE
8
SAFETY-SECURITY
10
24630.100
20
-15945.100
30
0.0
11
24637.100
21
-15934.700
31
0.0
0
LINE
8
SAFETY-SECURITY
10
24637.100
20
-15934.700
30
0.0
11
24639.500
21
-15922.500
31
0.0
0
LINE
8
SAFETY-SECURITY
10
24605.600
20
-15922.500
30
0.0
11
24604.000
21
-15917.600
31
0.0
0
LINE
8
SAFETY-SECURITY
10
24604.000
20
-15917.600
30
0.0
11
24599.800
21
-15914.600
31
0.0
0
LINE
8
SAFETY-SECURITY
10
24599.800
20
-15914.600
30
0.0
11
24594.700
21
-15914.600
31
0.0
0
LINE
8
SAFETY-SECURITY
10
24594.700
20
-15914.600
30
0.0
11
24590.500
21
-15917.600
31
0.0
0
LINE
8
SAFETY-SECURITY
10
24590.500
20
-15917.600
30
0.0
11
24588.900
21
-15922.500
31
0.0
0
LINE
8
SAFETY-SECURITY
10
24588.900
20
-15922.500
30
0.0
11
24590.500
21
-15927.400
31
0.0
0
LINE
8
SAFETY-SECURITY
10
24590.500
20
-15927.400
30
0.0
11
24594.700
21
-15930.400
31
0.0
0
LINE
8
SAFETY-SECURITY
10
24594.700
20
-15930.400
30
0.0
11
24599.800
21
-15930.400
31
0.0
0
LINE
8
SAFETY-SECURITY
10
24599.800
20
-15930.400
30
0.0
11
24604.000
21
-15927.400
31
0.0
0
LINE
8
SAFETY-SECURITY
10
24604.000
20
-15927.400
30
0.0
11
24605.600
21
-15922.500
31
0.0
0
LINE
8
SAFETY-SECURITY
10
24626.100
20
-15922.500
30
0.0
11
24624.500
21
-15917.600
31
0.0
0
LINE
8
SAFETY-SECURITY
10
24624.500
20
-15917.600
30
0.0
11
24620.300
21
-15914.600
31
0.0
0
LINE
8
SAFETY-SECURITY
10
24620.300
20
-15914.600
30
0.0
11
24615.200
21
-15914.600
31
0.0
0
LINE
8
SAFETY-SECURITY
10
24615.200
20
-15914.600
30
0.0
11
24611.000
21
-15917.600
31
0.0
0
LINE
8
SAFETY-SECURITY
10
24611.000
20
-15917.600
30
0.0
11
24609.400
21
-15922.500
31
0.0
0
LINE
8
SAFETY-SECURITY
10
24609.400
20
-15922.500
30
0.0
11
24611.000
21
-15927.400
31
0.0
0
LINE
8
SAFETY-SECURITY
10
24611.000
20
-15927.400
30
0.0
11
24615.200
21
-15930.400
31
0.0
0
LINE
8
SAFETY-SECURITY
10
24615.200
20
-15930.400
30
0.0
11
24620.300
21
-15930.400
31
0.0
0
LINE
8
SAFETY-SECURITY
10
24620.300
20
-15930.400
30
0.0
11
24624.500
21
-15927.400
31
0.0
0
LINE
8
SAFETY-SECURITY
10
24624.500
20
-15927.400
30
0.0
11
24626.100
21
-15922.500
31
0.0
0
LINE
8
SAFETY-SECURITY
10
24605.600
20
-15920.600
30
0.0
11
24609.400
21
-15920.600
31
0.0
0
LINE
8
SAFETY-SECURITY
10
24605.600
20
-15924.400
30
0.0
11
24609.400
21
-15924.400
31
0.0
0
TEXT
8
LEGEND
10
23304.750
20
-17578.440
30
0.0
40
173.700
1
\U+05D2\U+05DC\U+05D0\U+05D9 \U+05E4\U+05D7\U+05DE\U+05DF \U+05D7\U+05D3-\U+05D7\U+05DE\U+05E6\U+05E0\U+05D9 (CO)
7
HEB
0
LINE
8
FRAME
10
27472.500
20
-15942.500
30
0.0
11
27532.500
21
-15942.500
31
0.0
0
LINE
8
FRAME
10
27532.500
20
-15942.500
30
0.0
11
27532.500
21
-15902.500
31
0.0
0
LINE
8
FRAME
10
27532.500
20
-15902.500
30
0.0
11
27472.500
21
-15902.500
31
0.0
0
LINE
8
FRAME
10
27472.500
20
-15902.500
30
0.0
11
27472.500
21
-15942.500
31
0.0
0
LINE
8
SAFETY-SECURITY
10
27484.260
20
-15929.980
30
0.0
11
27520.740
21
-15929.980
31
0.0
0
LINE
8
SAFETY-SECURITY
10
27520.740
20
-15929.980
30
0.0
11
27520.740
21
-15919.300
31
0.0
0
LINE
8
SAFETY-SECURITY
10
27520.740
20
-15919.300
30
0.0
11
27484.260
21
-15919.300
31
0.0
0
LINE
8
SAFETY-SECURITY
10
27484.260
20
-15919.300
30
0.0
11
27484.260
21
-15929.980
31
0.0
0
LINE
8
SAFETY-SECURITY
10
27502.500
20
-15918.220
30
0.0
11
27504.660
21
-15921.100
31
0.0
0
LINE
8
SAFETY-SECURITY
10
27504.660
20
-15921.100
30
0.0
11
27506.280
21
-15921.900
31
0.0
0
LINE
8
SAFETY-SECURITY
10
27506.280
20
-15921.900
30
0.0
11
27507.300
21
-15922.980
31
0.0
0
LINE
8
SAFETY-SECURITY
10
27507.300
20
-15922.980
30
0.0
11
27507.600
21
-15924.300
31
0.0
0
LINE
8
SAFETY-SECURITY
10
27507.600
20
-15924.300
30
0.0
11
27507.180
21
-15925.580
31
0.0
0
LINE
8
SAFETY-SECURITY
10
27507.180
20
-15925.580
30
0.0
11
27506.100
21
-15926.660
31
0.0
0
LINE
8
SAFETY-SECURITY
10
27506.100
20
-15926.660
30
0.0
11
27504.420
21
-15927.380
31
0.0
0
LINE
8
SAFETY-SECURITY
10
27504.420
20
-15927.380
30
0.0
11
27502.500
21
-15927.620
31
0.0
0
LINE
8
SAFETY-SECURITY
10
27502.500
20
-15927.620
30
0.0
11
27500.580
21
-15927.380
31
0.0
0
LINE
8
SAFETY-SECURITY
10
27500.580
20
-15927.380
30
0.0
11
27498.900
21
-15926.660
31
0.0
0
LINE
8
SAFETY-SECURITY
10
27498.900
20
-15926.660
30
0.0
11
27497.820
21
-15925.580
31
0.0
0
LINE
8
SAFETY-SECURITY
10
27497.820
20
-15925.580
30
0.0
11
27497.400
21
-15924.300
31
0.0
0
LINE
8
SAFETY-SECURITY
10
27497.400
20
-15924.300
30
0.0
11
27497.700
21
-15922.980
31
0.0
0
LINE
8
SAFETY-SECURITY
10
27497.700
20
-15922.980
30
0.0
11
27498.720
21
-15921.900
31
0.0
0
LINE
8
SAFETY-SECURITY
10
27498.720
20
-15921.900
30
0.0
11
27500.340
21
-15921.100
31
0.0
0
LINE
8
SAFETY-SECURITY
10
27500.340
20
-15921.100
30
0.0
11
27502.500
21
-15918.220
31
0.0
0
LINE
8
SAFETY-SECURITY
10
27485.700
20
-15915.660
30
0.0
11
27487.800
21
-15914.460
31
0.0
0
LINE
8
SAFETY-SECURITY
10
27487.800
20
-15914.460
30
0.0
11
27489.900
21
-15913.980
31
0.0
0
LINE
8
SAFETY-SECURITY
10
27489.900
20
-15913.980
30
0.0
11
27492.000
21
-15914.460
31
0.0
0
LINE
8
SAFETY-SECURITY
10
27492.000
20
-15914.460
30
0.0
11
27494.100
21
-15915.660
31
0.0
0
LINE
8
SAFETY-SECURITY
10
27494.100
20
-15915.660
30
0.0
11
27496.200
21
-15916.900
31
0.0
0
LINE
8
SAFETY-SECURITY
10
27496.200
20
-15916.900
30
0.0
11
27498.300
21
-15917.380
31
0.0
0
LINE
8
SAFETY-SECURITY
10
27498.300
20
-15917.380
30
0.0
11
27500.400
21
-15916.900
31
0.0
0
LINE
8
SAFETY-SECURITY
10
27500.400
20
-15916.900
30
0.0
11
27502.500
21
-15915.660
31
0.0
0
LINE
8
SAFETY-SECURITY
10
27502.500
20
-15915.660
30
0.0
11
27504.600
21
-15914.460
31
0.0
0
LINE
8
SAFETY-SECURITY
10
27504.600
20
-15914.460
30
0.0
11
27506.700
21
-15913.980
31
0.0
0
LINE
8
SAFETY-SECURITY
10
27506.700
20
-15913.980
30
0.0
11
27508.800
21
-15914.460
31
0.0
0
LINE
8
SAFETY-SECURITY
10
27508.800
20
-15914.460
30
0.0
11
27510.900
21
-15915.660
31
0.0
0
LINE
8
SAFETY-SECURITY
10
27510.900
20
-15915.660
30
0.0
11
27513.000
21
-15916.900
31
0.0
0
LINE
8
SAFETY-SECURITY
10
27513.000
20
-15916.900
30
0.0
11
27515.100
21
-15917.380
31
0.0
0
LINE
8
SAFETY-SECURITY
10
27515.100
20
-15917.380
30
0.0
11
27517.200
21
-15916.900
31
0.0
0
LINE
8
SAFETY-SECURITY
10
27517.200
20
-15916.900
30
0.0
11
27519.300
21
-15915.660
31
0.0
0
TEXT
8
LEGEND
10
26199.750
20
-17578.440
30
0.0
40
173.700
1
\U+05D2\U+05DC\U+05D0\U+05D9 \U+05D4\U+05E6\U+05E4\U+05D4 (\U+05DE\U+05D9\U+05DD)
7
HEB
0
LINE
8
FRAME
10
30367.500
20
-15952.500
30
0.0
11
30427.500
21
-15952.500
31
0.0
0
LINE
8
FRAME
10
30427.500
20
-15952.500
30
0.0
11
30427.500
21
-15892.500
31
0.0
0
LINE
8
FRAME
10
30427.500
20
-15892.500
30
0.0
11
30367.500
21
-15892.500
31
0.0
0
LINE
8
FRAME
10
30367.500
20
-15892.500
30
0.0
11
30367.500
21
-15952.500
31
0.0
0
LINE
8
SAFETY-SECURITY
10
30416.700
20
-15922.500
30
0.0
11
30414.780
21
-15914.160
31
0.0
0
LINE
8
SAFETY-SECURITY
10
30414.780
20
-15914.160
30
0.0
11
30409.500
21
-15907.500
31
0.0
0
LINE
8
SAFETY-SECURITY
10
30409.500
20
-15907.500
30
0.0
11
30401.760
21
-15903.780
31
0.0
0
LINE
8
SAFETY-SECURITY
10
30401.760
20
-15903.780
30
0.0
11
30393.240
21
-15903.780
31
0.0
0
LINE
8
SAFETY-SECURITY
10
30393.240
20
-15903.780
30
0.0
11
30385.500
21
-15907.500
31
0.0
0
LINE
8
SAFETY-SECURITY
10
30385.500
20
-15907.500
30
0.0
11
30380.220
21
-15914.160
31
0.0
0
LINE
8
SAFETY-SECURITY
10
30380.220
20
-15914.160
30
0.0
11
30378.300
21
-15922.500
31
0.0
0
LINE
8
SAFETY-SECURITY
10
30378.300
20
-15922.500
30
0.0
11
30380.220
21
-15930.840
31
0.0
0
LINE
8
SAFETY-SECURITY
10
30380.220
20
-15930.840
30
0.0
11
30385.500
21
-15937.500
31
0.0
0
LINE
8
SAFETY-SECURITY
10
30385.500
20
-15937.500
30
0.0
11
30393.240
21
-15941.220
31
0.0
0
LINE
8
SAFETY-SECURITY
10
30393.240
20
-15941.220
30
0.0
11
30401.760
21
-15941.220
31
0.0
0
LINE
8
SAFETY-SECURITY
10
30401.760
20
-15941.220
30
0.0
11
30409.500
21
-15937.500
31
0.0
0
LINE
8
SAFETY-SECURITY
10
30409.500
20
-15937.500
30
0.0
11
30414.780
21
-15930.840
31
0.0
0
LINE
8
SAFETY-SECURITY
10
30414.780
20
-15930.840
30
0.0
11
30416.700
21
-15922.500
31
0.0
0
LINE
8
SAFETY-SECURITY
10
30387.900
20
-15929.220
30
0.0
11
30387.900
21
-15925.380
31
0.0
0
LINE
8
SAFETY-SECURITY
10
30387.900
20
-15925.380
30
0.0
11
30390.780
21
-15916.740
31
0.0
0
LINE
8
SAFETY-SECURITY
10
30390.780
20
-15916.740
30
0.0
11
30404.220
21
-15916.740
31
0.0
0
LINE
8
SAFETY-SECURITY
10
30404.220
20
-15916.740
30
0.0
11
30407.100
21
-15925.380
31
0.0
0
LINE
8
SAFETY-SECURITY
10
30407.100
20
-15925.380
30
0.0
11
30407.100
21
-15929.220
31
0.0
0
LINE
8
SAFETY-SECURITY
10
30387.900
20
-15929.220
30
0.0
11
30407.100
21
-15929.220
31
0.0
0
LINE
8
SAFETY-SECURITY
10
30398.940
20
-15931.620
30
0.0
11
30398.220
21
-15930.360
31
0.0
0
LINE
8
SAFETY-SECURITY
10
30398.220
20
-15930.360
30
0.0
11
30396.780
21
-15930.360
31
0.0
0
LINE
8
SAFETY-SECURITY
10
30396.780
20
-15930.360
30
0.0
11
30396.060
21
-15931.620
31
0.0
0
LINE
8
SAFETY-SECURITY
10
30396.060
20
-15931.620
30
0.0
11
30396.780
21
-15932.880
31
0.0
0
LINE
8
SAFETY-SECURITY
10
30396.780
20
-15932.880
30
0.0
11
30398.220
21
-15932.880
31
0.0
0
LINE
8
SAFETY-SECURITY
10
30398.220
20
-15932.880
30
0.0
11
30398.940
21
-15931.620
31
0.0
0
TEXT
8
LEGEND
10
29094.750
20
-17578.440
30
0.0
40
173.700
1
\U+05E4\U+05E2\U+05DE\U+05D5\U+05DF \U+05D3\U+05DC\U+05EA (\U+05DC\U+05D7\U+05E6\U+05DF)
7
HEB
0
LINE
8
FRAME
10
33232.500
20
-15962.500
30
0.0
11
33352.500
21
-15962.500
31
0.0
0
LINE
8
FRAME
10
33352.500
20
-15962.500
30
0.0
11
33352.500
21
-15882.500
31
0.0
0
LINE
8
FRAME
10
33352.500
20
-15882.500
30
0.0
11
33232.500
21
-15882.500
31
0.0
0
LINE
8
FRAME
10
33232.500
20
-15882.500
30
0.0
11
33232.500
21
-15962.500
31
0.0
0
LINE
8
SAFETY-SECURITY
10
33318.060
20
-15928.900
30
0.0
11
33316.860
21
-15923.620
31
0.0
0
LINE
8
SAFETY-SECURITY
10
33316.860
20
-15923.620
30
0.0
11
33313.260
21
-15918.900
31
0.0
0
LINE
8
SAFETY-SECURITY
10
33313.260
20
-15918.900
30
0.0
11
33307.500
21
-15915.060
31
0.0
0
LINE
8
SAFETY-SECURITY
10
33307.500
20
-15915.060
30
0.0
11
33300.420
21
-15912.660
31
0.0
0
LINE
8
SAFETY-SECURITY
10
33300.420
20
-15912.660
30
0.0
11
33292.500
21
-15911.860
31
0.0
0
LINE
8
SAFETY-SECURITY
10
33292.500
20
-15911.860
30
0.0
11
33284.580
21
-15912.660
31
0.0
0
LINE
8
SAFETY-SECURITY
10
33284.580
20
-15912.660
30
0.0
11
33277.500
21
-15915.060
31
0.0
0
LINE
8
SAFETY-SECURITY
10
33277.500
20
-15915.060
30
0.0
11
33271.740
21
-15918.900
31
0.0
0
LINE
8
SAFETY-SECURITY
10
33271.740
20
-15918.900
30
0.0
11
33268.140
21
-15923.620
31
0.0
0
LINE
8
SAFETY-SECURITY
10
33268.140
20
-15923.620
30
0.0
11
33266.940
21
-15928.900
31
0.0
0
LINE
8
SAFETY-SECURITY
10
33266.940
20
-15928.900
30
0.0
11
33318.060
21
-15928.900
31
0.0
0
LINE
8
SAFETY-SECURITY
10
33321.300
20
-15910.980
30
0.0
11
33316.020
21
-15906.420
31
0.0
0
LINE
8
SAFETY-SECURITY
10
33316.020
20
-15906.420
30
0.0
11
33309.180
21
-15902.820
31
0.0
0
LINE
8
SAFETY-SECURITY
10
33309.180
20
-15902.820
30
0.0
11
33301.140
21
-15900.660
31
0.0
0
LINE
8
SAFETY-SECURITY
10
33301.140
20
-15900.660
30
0.0
11
33292.500
21
-15899.860
31
0.0
0
LINE
8
SAFETY-SECURITY
10
33292.500
20
-15899.860
30
0.0
11
33283.860
21
-15900.660
31
0.0
0
LINE
8
SAFETY-SECURITY
10
33283.860
20
-15900.660
30
0.0
11
33275.820
21
-15902.820
31
0.0
0
LINE
8
SAFETY-SECURITY
10
33275.820
20
-15902.820
30
0.0
11
33268.980
21
-15906.420
31
0.0
0
LINE
8
SAFETY-SECURITY
10
33268.980
20
-15906.420
30
0.0
11
33263.700
21
-15910.980
31
0.0
0
LINE
8
SAFETY-SECURITY
10
33328.020
20
-15908.420
30
0.0
11
33321.420
21
-15902.740
31
0.0
0
LINE
8
SAFETY-SECURITY
10
33321.420
20
-15902.740
30
0.0
11
33313.020
21
-15898.420
31
0.0
0
LINE
8
SAFETY-SECURITY
10
33313.020
20
-15898.420
30
0.0
11
33303.060
21
-15895.700
31
0.0
0
LINE
8
SAFETY-SECURITY
10
33303.060
20
-15895.700
30
0.0
11
33292.500
21
-15894.740
31
0.0
0
LINE
8
SAFETY-SECURITY
10
33292.500
20
-15894.740
30
0.0
11
33281.940
21
-15895.700
31
0.0
0
LINE
8
SAFETY-SECURITY
10
33281.940
20
-15895.700
30
0.0
11
33271.980
21
-15898.420
31
0.0
0
LINE
8
SAFETY-SECURITY
10
33271.980
20
-15898.420
30
0.0
11
33263.580
21
-15902.740
31
0.0
0
LINE
8
SAFETY-SECURITY
10
33263.580
20
-15902.740
30
0.0
11
33256.980
21
-15908.420
31
0.0
0
TEXT
8
LEGEND
10
31989.750
20
-17578.440
30
0.0
40
173.700
1
\U+05D2\U+05D5\U+05E0\U+05D2 / \U+05D6\U+05DE\U+05D6\U+05DD \U+05E4\U+05E2\U+05DE\U+05D5\U+05DF
7
HEB
0
LINE
8
FRAME
10
1397.500
20
-18867.500
30
0.0
11
1497.500
21
-18867.500
31
0.0
0
LINE
8
FRAME
10
1497.500
20
-18867.500
30
0.0
11
1497.500
21
-18767.500
31
0.0
0
LINE
8
FRAME
10
1497.500
20
-18767.500
30
0.0
11
1397.500
21
-18767.500
31
0.0
0
LINE
8
FRAME
10
1397.500
20
-18767.500
30
0.0
11
1397.500
21
-18867.500
31
0.0
0
LINE
8
SAFETY-SECURITY
10
1423.500
20
-18821.500
30
0.0
11
1463.500
21
-18821.500
31
0.0
0
LINE
8
SAFETY-SECURITY
10
1463.500
20
-18821.500
30
0.0
11
1463.500
21
-18803.100
31
0.0
0
LINE
8
SAFETY-SECURITY
10
1463.500
20
-18803.100
30
0.0
11
1423.500
21
-18803.100
31
0.0
0
LINE
8
SAFETY-SECURITY
10
1423.500
20
-18803.100
30
0.0
11
1423.500
21
-18821.500
31
0.0
0
LINE
8
SAFETY-SECURITY
10
1469.900
20
-18812.300
30
0.0
11
1468.800
21
-18808.300
31
0.0
0
LINE
8
SAFETY-SECURITY
10
1468.800
20
-18808.300
30
0.0
11
1465.900
21
-18805.400
31
0.0
0
LINE
8
SAFETY-SECURITY
10
1465.900
20
-18805.400
30
0.0
11
1461.900
21
-18804.300
31
0.0
0
LINE
8
SAFETY-SECURITY
10
1461.900
20
-18804.300
30
0.0
11
1457.900
21
-18805.400
31
0.0
0
LINE
8
SAFETY-SECURITY
10
1457.900
20
-18805.400
30
0.0
11
1455.000
21
-18808.300
31
0.0
0
LINE
8
SAFETY-SECURITY
10
1455.000
20
-18808.300
30
0.0
11
1453.900
21
-18812.300
31
0.0
0
LINE
8
SAFETY-SECURITY
10
1453.900
20
-18812.300
30
0.0
11
1455.000
21
-18816.300
31
0.0
0
LINE
8
SAFETY-SECURITY
10
1455.000
20
-18816.300
30
0.0
11
1457.900
21
-18819.200
31
0.0
0
LINE
8
SAFETY-SECURITY
10
1457.900
20
-18819.200
30
0.0
11
1461.900
21
-18820.300
31
0.0
0
LINE
8
SAFETY-SECURITY
10
1461.900
20
-18820.300
30
0.0
11
1465.900
21
-18819.200
31
0.0
0
LINE
8
SAFETY-SECURITY
10
1465.900
20
-18819.200
30
0.0
11
1468.800
21
-18816.300
31
0.0
0
LINE
8
SAFETY-SECURITY
10
1468.800
20
-18816.300
30
0.0
11
1469.900
21
-18812.300
31
0.0
0
LINE
8
SAFETY-SECURITY
10
1435.500
20
-18803.100
30
0.0
11
1435.500
21
-18793.500
31
0.0
0
LINE
8
SAFETY-SECURITY
10
1427.500
20
-18793.500
30
0.0
11
1443.500
21
-18793.500
31
0.0
0
LINE
8
SAFETY-SECURITY
10
1469.900
20
-18817.500
30
0.0
11
1483.500
21
-18829.500
31
0.0
0
LINE
8
SAFETY-SECURITY
10
1469.900
20
-18807.900
30
0.0
11
1483.500
21
-18801.500
31
0.0
0
TEXT
8
LEGEND
10
144.750
20
-20473.440
30
0.0
40
173.700
1
\U+05DE\U+05E6\U+05DC\U+05DE\U+05EA \U+05D0\U+05D1\U+05D8\U+05D7\U+05D4 / \U+05D4\U+05DB\U+05E0\U+05D4 \U+05DC\U+05DE\U+05E6\U+05DC\U+05DE\U+05D4
7
HEB
0
LINE
8
FRAME
10
4217.500
20
-18917.500
30
0.0
11
4467.500
21
-18917.500
31
0.0
0
LINE
8
FRAME
10
4467.500
20
-18917.500
30
0.0
11
4467.500
21
-18717.500
31
0.0
0
LINE
8
FRAME
10
4467.500
20
-18717.500
30
0.0
11
4217.500
21
-18717.500
31
0.0
0
LINE
8
FRAME
10
4217.500
20
-18717.500
30
0.0
11
4217.500
21
-18917.500
31
0.0
0
LINE
8
SAFETY-SECURITY
10
4266.500
20
-18866.100
30
0.0
11
4418.500
21
-18866.100
31
0.0
0
LINE
8
SAFETY-SECURITY
10
4418.500
20
-18866.100
30
0.0
11
4418.500
21
-18768.900
31
0.0
0
LINE
8
SAFETY-SECURITY
10
4418.500
20
-18768.900
30
0.0
11
4266.500
21
-18768.900
31
0.0
0
LINE
8
SAFETY-SECURITY
10
4266.500
20
-18768.900
30
0.0
11
4266.500
21
-18866.100
31
0.0
0
LINE
8
SAFETY-SECURITY
10
4286.500
20
-18804.700
30
0.0
11
4398.500
21
-18804.700
31
0.0
0
LINE
8
SAFETY-SECURITY
10
4398.500
20
-18804.700
30
0.0
11
4398.500
21
-18781.700
31
0.0
0
LINE
8
SAFETY-SECURITY
10
4398.500
20
-18781.700
30
0.0
11
4286.500
21
-18781.700
31
0.0
0
LINE
8
SAFETY-SECURITY
10
4286.500
20
-18781.700
30
0.0
11
4286.500
21
-18804.700
31
0.0
0
LINE
8
SAFETY-SECURITY
10
4298.500
20
-18855.900
30
0.0
11
4386.500
21
-18855.900
31
0.0
0
LINE
8
SAFETY-SECURITY
10
4386.500
20
-18855.900
30
0.0
11
4386.500
21
-18814.900
31
0.0
0
LINE
8
SAFETY-SECURITY
10
4386.500
20
-18814.900
30
0.0
11
4298.500
21
-18814.900
31
0.0
0
LINE
8
SAFETY-SECURITY
10
4298.500
20
-18814.900
30
0.0
11
4298.500
21
-18855.900
31
0.0
0
LINE
8
SAFETY-SECURITY
10
4327.750
20
-18855.900
30
0.0
11
4327.750
21
-18814.900
31
0.0
0
LINE
8
SAFETY-SECURITY
10
4357.250
20
-18855.900
30
0.0
11
4357.250
21
-18814.900
31
0.0
0
LINE
8
SAFETY-SECURITY
10
4298.500
20
-18842.300
30
0.0
11
4386.500
21
-18842.300
31
0.0
0
LINE
8
SAFETY-SECURITY
10
4298.500
20
-18828.500
30
0.0
11
4386.500
21
-18828.500
31
0.0
0
TEXT
8
LEGEND
10
3039.750
20
-20473.440
30
0.0
40
173.700
1
\U+05DC\U+05D5\U+05D7 \U+05D1\U+05E7\U+05E8\U+05EA \U+05D0\U+05D6\U+05E2\U+05E7\U+05D4
7
HEB
0
LINE
8
FRAME
10
7137.500
20
-18942.500
30
0.0
11
7337.500
21
-18942.500
31
0.0
0
LINE
8
FRAME
10
7337.500
20
-18942.500
30
0.0
11
7337.500
21
-18692.500
31
0.0
0
LINE
8
FRAME
10
7337.500
20
-18692.500
30
0.0
11
7137.500
21
-18692.500
31
0.0
0
LINE
8
FRAME
10
7137.500
20
-18692.500
30
0.0
11
7137.500
21
-18942.500
31
0.0
0
LINE
8
SAFETY-SECURITY
10
7192.700
20
-18841.500
30
0.0
11
7218.300
21
-18841.500
31
0.0
0
LINE
8
SAFETY-SECURITY
10
7218.300
20
-18841.500
30
0.0
11
7243.900
21
-18873.500
31
0.0
0
LINE
8
SAFETY-SECURITY
10
7243.900
20
-18873.500
30
0.0
11
7243.900
21
-18761.500
31
0.0
0
LINE
8
SAFETY-SECURITY
10
7243.900
20
-18761.500
30
0.0
11
7218.300
21
-18793.500
31
0.0
0
LINE
8
SAFETY-SECURITY
10
7218.300
20
-18793.500
30
0.0
11
7192.700
21
-18793.500
31
0.0
0
LINE
8
SAFETY-SECURITY
10
7192.700
20
-18793.500
30
0.0
11
7192.700
21
-18841.500
31
0.0
0
LINE
8
SAFETY-SECURITY
10
7254.700
20
-18841.000
30
0.0
11
7243.900
21
-18844.750
31
0.0
0
LINE
8
SAFETY-SECURITY
10
7243.900
20
-18844.750
30
0.0
11
7233.100
21
-18841.000
31
0.0
0
LINE
8
SAFETY-SECURITY
10
7233.100
20
-18841.000
30
0.0
11
7225.100
21
-18831.000
31
0.0
0
LINE
8
SAFETY-SECURITY
10
7225.100
20
-18831.000
30
0.0
11
7222.100
21
-18817.500
31
0.0
0
LINE
8
SAFETY-SECURITY
10
7222.100
20
-18817.500
30
0.0
11
7225.100
21
-18804.000
31
0.0
0
LINE
8
SAFETY-SECURITY
10
7225.100
20
-18804.000
30
0.0
11
7233.100
21
-18794.000
31
0.0
0
LINE
8
SAFETY-SECURITY
10
7233.100
20
-18794.000
30
0.0
11
7243.900
21
-18790.250
31
0.0
0
LINE
8
SAFETY-SECURITY
10
7243.900
20
-18790.250
30
0.0
11
7254.700
21
-18794.000
31
0.0
0
LINE
8
SAFETY-SECURITY
10
7262.500
20
-18857.750
30
0.0
11
7243.900
21
-18864.000
31
0.0
0
LINE
8
SAFETY-SECURITY
10
7243.900
20
-18864.000
30
0.0
11
7225.300
21
-18857.750
31
0.0
0
LINE
8
SAFETY-SECURITY
10
7225.300
20
-18857.750
30
0.0
11
7211.700
21
-18840.750
31
0.0
0
LINE
8
SAFETY-SECURITY
10
7211.700
20
-18840.750
30
0.0
11
7206.700
21
-18817.500
31
0.0
0
LINE
8
SAFETY-SECURITY
10
7206.700
20
-18817.500
30
0.0
11
7211.700
21
-18794.250
31
0.0
0
LINE
8
SAFETY-SECURITY
10
7211.700
20
-18794.250
30
0.0
11
7225.300
21
-18777.250
31
0.0
0
LINE
8
SAFETY-SECURITY
10
7225.300
20
-18777.250
30
0.0
11
7243.900
21
-18771.000
31
0.0
0
LINE
8
SAFETY-SECURITY
10
7243.900
20
-18771.000
30
0.0
11
7262.500
21
-18777.250
31
0.0
0
LINE
8
SAFETY-SECURITY
10
7270.100
20
-18874.250
30
0.0
11
7243.900
21
-18883.000
31
0.0
0
LINE
8
SAFETY-SECURITY
10
7243.900
20
-18883.000
30
0.0
11
7217.700
21
-18874.250
31
0.0
0
LINE
8
SAFETY-SECURITY
10
7217.700
20
-18874.250
30
0.0
11
7198.500
21
-18850.250
31
0.0
0
LINE
8
SAFETY-SECURITY
10
7198.500
20
-18850.250
30
0.0
11
7191.500
21
-18817.500
31
0.0
0
LINE
8
SAFETY-SECURITY
10
7191.500
20
-18817.500
30
0.0
11
7198.500
21
-18784.750
31
0.0
0
LINE
8
SAFETY-SECURITY
10
7198.500
20
-18784.750
30
0.0
11
7217.700
21
-18760.750
31
0.0
0
LINE
8
SAFETY-SECURITY
10
7217.700
20
-18760.750
30
0.0
11
7243.900
21
-18752.000
31
0.0
0
LINE
8
SAFETY-SECURITY
10
7243.900
20
-18752.000
30
0.0
11
7270.100
21
-18760.750
31
0.0
0
TEXT
8
LEGEND
10
5934.750
20
-20473.440
30
0.0
40
173.700
1
\U+05E1\U+05D9\U+05E8\U+05E0\U+05D4 \U+05D0\U+05D6\U+05E2\U+05E7\U+05D4
7
HEB
0
LINE
8
FRAME
10
10092.500
20
-18857.500
30
0.0
11
10172.500
21
-18857.500
31
0.0
0
LINE
8
FRAME
10
10172.500
20
-18857.500
30
0.0
11
10172.500
21
-18777.500
31
0.0
0
LINE
8
FRAME
10
10172.500
20
-18777.500
30
0.0
11
10092.500
21
-18777.500
31
0.0
0
LINE
8
FRAME
10
10092.500
20
-18777.500
30
0.0
11
10092.500
21
-18857.500
31
0.0
0
LINE
8
SAFETY-SECURITY
10
10142.740
20
-18805.980
30
0.0
11
10141.380
21
-18800.860
31
0.0
0
LINE
8
SAFETY-SECURITY
10
10141.380
20
-18800.860
30
0.0
11
10137.620
21
-18797.100
31
0.0
0
LINE
8
SAFETY-SECURITY
10
10137.620
20
-18797.100
30
0.0
11
10132.500
21
-18795.740
31
0.0
0
LINE
8
SAFETY-SECURITY
10
10132.500
20
-18795.740
30
0.0
11
10127.380
21
-18797.100
31
0.0
0
LINE
8
SAFETY-SECURITY
10
10127.380
20
-18797.100
30
0.0
11
10123.620
21
-18800.860
31
0.0
0
LINE
8
SAFETY-SECURITY
10
10123.620
20
-18800.860
30
0.0
11
10122.260
21
-18805.980
31
0.0
0
LINE
8
SAFETY-SECURITY
10
10122.260
20
-18805.980
30
0.0
11
10123.620
21
-18811.100
31
0.0
0
LINE
8
SAFETY-SECURITY
10
10123.620
20
-18811.100
30
0.0
11
10127.380
21
-18814.860
31
0.0
0
LINE
8
SAFETY-SECURITY
10
10127.380
20
-18814.860
30
0.0
11
10132.500
21
-18816.220
31
0.0
0
LINE
8
SAFETY-SECURITY
10
10132.500
20
-18816.220
30
0.0
11
10137.620
21
-18814.860
31
0.0
0
LINE
8
SAFETY-SECURITY
10
10137.620
20
-18814.860
30
0.0
11
10141.380
21
-18811.100
31
0.0
0
LINE
8
SAFETY-SECURITY
10
10141.380
20
-18811.100
30
0.0
11
10142.740
21
-18805.980
31
0.0
0
LINE
8
SAFETY-SECURITY
10
10119.220
20
-18816.220
30
0.0
11
10145.780
21
-18816.220
31
0.0
0
LINE
8
SAFETY-SECURITY
10
10117.140
20
-18816.220
30
0.0
11
10109.460
21
-18843.100
31
0.0
0
LINE
8
SAFETY-SECURITY
10
10124.820
20
-18816.220
30
0.0
11
10120.980
21
-18843.100
31
0.0
0
LINE
8
SAFETY-SECURITY
10
10132.500
20
-18816.220
30
0.0
11
10132.500
21
-18843.100
31
0.0
0
LINE
8
SAFETY-SECURITY
10
10140.180
20
-18816.220
30
0.0
11
10144.020
21
-18843.100
31
0.0
0
LINE
8
SAFETY-SECURITY
10
10147.860
20
-18816.220
30
0.0
11
10155.540
21
-18843.100
31
0.0
0
TEXT
8
LEGEND
10
8829.750
20
-20473.440
30
0.0
40
173.700
1
\U+05E1\U+05E4\U+05E8\U+05D9\U+05E0\U+05E7\U+05DC\U+05E8 / \U+05DE\U+05EA\U+05D6 \U+05DB\U+05D9\U+05D1\U+05D5\U+05D9
7
HEB
0
LINE
8
FRAME
10
13017.500
20
-18827.500
30
0.0
11
13037.500
21
-18827.500
31
0.0
0
LINE
8
FRAME
10
13037.500
20
-18827.500
30
0.0
11
13037.500
21
-18807.500
31
0.0
0
LINE
8
FRAME
10
13037.500
20
-18807.500
30
0.0
11
13017.500
21
-18807.500
31
0.0
0
LINE
8
FRAME
10
13017.500
20
-18807.500
30
0.0
11
13017.500
21
-18827.500
31
0.0
0
LINE
8
PLUMBING-WATER
10
13027.500
20
-18811.500
30
0.0
11
13029.260
21
-18815.000
31
0.0
0
LINE
8
PLUMBING-WATER
10
13029.260
20
-18815.000
30
0.0
11
13030.540
21
-18815.960
31
0.0
0
LINE
8
PLUMBING-WATER
10
13030.540
20
-18815.960
30
0.0
11
13031.400
21
-18817.300
31
0.0
0
LINE
8
PLUMBING-WATER
10
13031.400
20
-18817.300
30
0.0
11
13031.660
21
-18818.880
31
0.0
0
LINE
8
PLUMBING-WATER
10
13031.660
20
-18818.880
30
0.0
11
13031.320
21
-18820.440
31
0.0
0
LINE
8
PLUMBING-WATER
10
13031.320
20
-18820.440
30
0.0
11
13030.400
21
-18821.760
31
0.0
0
LINE
8
PLUMBING-WATER
10
13030.400
20
-18821.760
30
0.0
11
13029.060
21
-18822.640
31
0.0
0
LINE
8
PLUMBING-WATER
10
13029.060
20
-18822.640
30
0.0
11
13027.500
21
-18822.940
31
0.0
0
LINE
8
PLUMBING-WATER
10
13027.500
20
-18822.940
30
0.0
11
13025.940
21
-18822.640
31
0.0
0
LINE
8
PLUMBING-WATER
10
13025.940
20
-18822.640
30
0.0
11
13024.600
21
-18821.760
31
0.0
0
LINE
8
PLUMBING-WATER
10
13024.600
20
-18821.760
30
0.0
11
13023.680
21
-18820.440
31
0.0
0
LINE
8
PLUMBING-WATER
10
13023.680
20
-18820.440
30
0.0
11
13023.340
21
-18818.880
31
0.0
0
LINE
8
PLUMBING-WATER
10
13023.340
20
-18818.880
30
0.0
11
13023.600
21
-18817.300
31
0.0
0
LINE
8
PLUMBING-WATER
10
13023.600
20
-18817.300
30
0.0
11
13024.460
21
-18815.960
31
0.0
0
LINE
8
PLUMBING-WATER
10
13024.460
20
-18815.960
30
0.0
11
13025.740
21
-18815.000
31
0.0
0
LINE
8
PLUMBING-WATER
10
13025.740
20
-18815.000
30
0.0
11
13027.500
21
-18811.500
31
0.0
0
LINE
8
PLUMBING-WATER
10
13027.500
20
-18820.860
30
0.0
11
13027.500
21
-18816.700
31
0.0
0
TEXT
8
LEGEND
10
11724.750
20
-20473.440
30
0.0
40
173.700
1
\U+05E0\U+05E7\U+05D5\U+05D3\U+05EA \U+05DE\U+05D9\U+05DD \U+05E7\U+05E8\U+05D9\U+05DD
7
HEB
0
LINE
8
FRAME
10
15912.500
20
-18827.500
30
0.0
11
15932.500
21
-18827.500
31
0.0
0
LINE
8
FRAME
10
15932.500
20
-18827.500
30
0.0
11
15932.500
21
-18807.500
31
0.0
0
LINE
8
FRAME
10
15932.500
20
-18807.500
30
0.0
11
15912.500
21
-18807.500
31
0.0
0
LINE
8
FRAME
10
15912.500
20
-18807.500
30
0.0
11
15912.500
21
-18827.500
31
0.0
0
LINE
8
PLUMBING-WATER
10
15922.500
20
-18812.380
30
0.0
11
15924.120
21
-18815.620
31
0.0
0
LINE
8
PLUMBING-WATER
10
15924.120
20
-18815.620
30
0.0
11
15925.320
21
-18816.480
31
0.0
0
LINE
8
PLUMBING-WATER
10
15925.320
20
-18816.480
30
0.0
11
15926.100
21
-18817.740
31
0.0
0
LINE
8
PLUMBING-WATER
10
15926.100
20
-18817.740
30
0.0
11
15926.340
21
-18819.200
31
0.0
0
LINE
8
PLUMBING-WATER
10
15926.340
20
-18819.200
30
0.0
11
15926.020
21
-18820.640
31
0.0
0
LINE
8
PLUMBING-WATER
10
15926.020
20
-18820.640
30
0.0
11
15925.180
21
-18821.840
31
0.0
0
LINE
8
PLUMBING-WATER
10
15925.180
20
-18821.840
30
0.0
11
15923.940
21
-18822.660
31
0.0
0
LINE
8
PLUMBING-WATER
10
15923.940
20
-18822.660
30
0.0
11
15922.500
21
-18822.940
31
0.0
0
LINE
8
PLUMBING-WATER
10
15922.500
20
-18822.940
30
0.0
11
15921.060
21
-18822.660
31
0.0
0
LINE
8
PLUMBING-WATER
10
15921.060
20
-18822.660
30
0.0
11
15919.820
21
-18821.840
31
0.0
0
LINE
8
PLUMBING-WATER
10
15919.820
20
-18821.840
30
0.0
11
15918.980
21
-18820.640
31
0.0
0
LINE
8
PLUMBING-WATER
10
15918.980
20
-18820.640
30
0.0
11
15918.660
21
-18819.200
31
0.0
0
LINE
8
PLUMBING-WATER
10
15918.660
20
-18819.200
30
0.0
11
15918.900
21
-18817.740
31
0.0
0
LINE
8
PLUMBING-WATER
10
15918.900
20
-18817.740
30
0.0
11
15919.680
21
-18816.480
31
0.0
0
LINE
8
PLUMBING-WATER
10
15919.680
20
-18816.480
30
0.0
11
15920.880
21
-18815.620
31
0.0
0
LINE
8
PLUMBING-WATER
10
15920.880
20
-18815.620
30
0.0
11
15922.500
21
-18812.380
31
0.0
0
LINE
8
PLUMBING-WATER
10
15920.200
20
-18813.980
30
0.0
11
15921.160
21
-18812.700
31
0.0
0
LINE
8
PLUMBING-WATER
10
15921.160
20
-18812.700
30
0.0
11
15920.200
21
-18811.420
31
0.0
0
LINE
8
PLUMBING-WATER
10
15920.200
20
-18811.420
30
0.0
11
15921.160
21
-18810.140
31
0.0
0
LINE
8
PLUMBING-WATER
10
15922.500
20
-18813.980
30
0.0
11
15923.460
21
-18812.700
31
0.0
0
LINE
8
PLUMBING-WATER
10
15923.460
20
-18812.700
30
0.0
11
15922.500
21
-18811.420
31
0.0
0
LINE
8
PLUMBING-WATER
10
15922.500
20
-18811.420
30
0.0
11
15923.460
21
-18810.140
31
0.0
0
LINE
8
PLUMBING-WATER
10
15924.800
20
-18813.980
30
0.0
11
15925.760
21
-18812.700
31
0.0
0
LINE
8
PLUMBING-WATER
10
15925.760
20
-18812.700
30
0.0
11
15924.800
21
-18811.420
31
0.0
0
LINE
8
PLUMBING-WATER
10
15924.800
20
-18811.420
30
0.0
11
15925.760
21
-18810.140
31
0.0
0
TEXT
8
LEGEND
10
14619.750
20
-20473.440
30
0.0
40
173.700
1
\U+05E0\U+05E7\U+05D5\U+05D3\U+05EA \U+05DE\U+05D9\U+05DD \U+05D7\U+05DE\U+05D9\U+05DD
7
HEB
0
LINE
8
FRAME
10
18807.500
20
-18827.500
30
0.0
11
18827.500
21
-18827.500
31
0.0
0
LINE
8
FRAME
10
18827.500
20
-18827.500
30
0.0
11
18827.500
21
-18807.500
31
0.0
0
LINE
8
FRAME
10
18827.500
20
-18807.500
30
0.0
11
18807.500
21
-18807.500
31
0.0
0
LINE
8
FRAME
10
18807.500
20
-18807.500
30
0.0
11
18807.500
21
-18827.500
31
0.0
0
LINE
8
PLUMBING-WATER
10
18814.300
20
-18822.300
30
0.0
11
18814.300
21
-18814.300
31
0.0
0
LINE
8
PLUMBING-WATER
10
18814.300
20
-18814.300
30
0.0
11
18819.900
21
-18814.300
31
0.0
0
LINE
8
PLUMBING-WATER
10
18819.900
20
-18814.300
30
0.0
11
18819.900
21
-18817.500
31
0.0
0
LINE
8
PLUMBING-WATER
10
18812.700
20
-18814.300
30
0.0
11
18815.900
21
-18814.300
31
0.0
0
LINE
8
PLUMBING-WATER
10
18819.900
20
-18817.860
30
0.0
11
18820.500
21
-18819.080
31
0.0
0
LINE
8
PLUMBING-WATER
10
18820.500
20
-18819.080
30
0.0
11
18820.960
21
-18819.400
31
0.0
0
LINE
8
PLUMBING-WATER
10
18820.960
20
-18819.400
30
0.0
11
18821.240
21
-18819.880
31
0.0
0
LINE
8
PLUMBING-WATER
10
18821.240
20
-18819.880
30
0.0
11
18821.340
21
-18820.420
31
0.0
0
LINE
8
PLUMBING-WATER
10
18821.340
20
-18820.420
30
0.0
11
18821.220
21
-18820.960
31
0.0
0
LINE
8
PLUMBING-WATER
10
18821.220
20
-18820.960
30
0.0
11
18820.900
21
-18821.420
31
0.0
0
LINE
8
PLUMBING-WATER
10
18820.900
20
-18821.420
30
0.0
11
18820.440
21
-18821.720
31
0.0
0
LINE
8
PLUMBING-WATER
10
18820.440
20
-18821.720
30
0.0
11
18819.900
21
-18821.820
31
0.0
0
LINE
8
PLUMBING-WATER
10
18819.900
20
-18821.820
30
0.0
11
18819.360
21
-18821.720
31
0.0
0
LINE
8
PLUMBING-WATER
10
18819.360
20
-18821.720
30
0.0
11
18818.900
21
-18821.420
31
0.0
0
LINE
8
PLUMBING-WATER
10
18818.900
20
-18821.420
30
0.0
11
18818.580
21
-18820.960
31
0.0
0
LINE
8
PLUMBING-WATER
10
18818.580
20
-18820.960
30
0.0
11
18818.460
21
-18820.420
31
0.0
0
LINE
8
PLUMBING-WATER
10
18818.460
20
-18820.420
30
0.0
11
18818.560
21
-18819.880
31
0.0
0
LINE
8
PLUMBING-WATER
10
18818.560
20
-18819.880
30
0.0
11
18818.840
21
-18819.400
31
0.0
0
LINE
8
PLUMBING-WATER
10
18818.840
20
-18819.400
30
0.0
11
18819.300
21
-18819.080
31
0.0
0
LINE
8
PLUMBING-WATER
10
18819.300
20
-18819.080
30
0.0
11
18819.900
21
-18817.860
31
0.0
0
TEXT
8
LEGEND
10
17514.750
20
-20473.440
30
0.0
40
173.700
1
\U+05D1\U+05E8\U+05D6 / \U+05E0\U+05E7\U+05D5\U+05D3\U+05EA \U+05D1\U+05E8\U+05D6
7
HEB
0
LINE
8
FRAME
10
21702.500
20
-18827.500
30
0.0
11
21722.500
21
-18827.500
31
0.0
0
LINE
8
FRAME
10
21722.500
20
-18827.500
30
0.0
11
21722.500
21
-18807.500
31
0.0
0
LINE
8
FRAME
10
21722.500
20
-18807.500
30
0.0
11
21702.500
21
-18807.500
31
0.0
0
LINE
8
FRAME
10
21702.500
20
-18807.500
30
0.0
11
21702.500
21
-18827.500
31
0.0
0
LINE
8
PLUMBING-WATER
10
21711.220
20
-18811.340
30
0.0
11
21712.700
21
-18814.300
31
0.0
0
LINE
8
PLUMBING-WATER
10
21712.700
20
-18814.300
30
0.0
11
21713.800
21
-18815.100
31
0.0
0
LINE
8
PLUMBING-WATER
10
21713.800
20
-18815.100
30
0.0
11
21714.520
21
-18816.260
31
0.0
0
LINE
8
PLUMBING-WATER
10
21714.520
20
-18816.260
30
0.0
11
21714.740
21
-18817.580
31
0.0
0
LINE
8
PLUMBING-WATER
10
21714.740
20
-18817.580
30
0.0
11
21714.440
21
-18818.900
31
0.0
0
LINE
8
PLUMBING-WATER
10
21714.440
20
-18818.900
30
0.0
11
21713.680
21
-18820.020
31
0.0
0
LINE
8
PLUMBING-WATER
10
21713.680
20
-18820.020
30
0.0
11
21712.540
21
-18820.760
31
0.0
0
LINE
8
PLUMBING-WATER
10
21712.540
20
-18820.760
30
0.0
11
21711.220
21
-18821.020
31
0.0
0
LINE
8
PLUMBING-WATER
10
21711.220
20
-18821.020
30
0.0
11
21709.900
21
-18820.760
31
0.0
0
LINE
8
PLUMBING-WATER
10
21709.900
20
-18820.760
30
0.0
11
21708.760
21
-18820.020
31
0.0
0
LINE
8
PLUMBING-WATER
10
21708.760
20
-18820.020
30
0.0
11
21708.000
21
-18818.900
31
0.0
0
LINE
8
PLUMBING-WATER
10
21708.000
20
-18818.900
30
0.0
11
21707.700
21
-18817.580
31
0.0
0
LINE
8
PLUMBING-WATER
10
21707.700
20
-18817.580
30
0.0
11
21707.920
21
-18816.260
31
0.0
0
LINE
8
PLUMBING-WATER
10
21707.920
20
-18816.260
30
0.0
11
21708.640
21
-18815.100
31
0.0
0
LINE
8
PLUMBING-WATER
10
21708.640
20
-18815.100
30
0.0
11
21709.740
21
-18814.300
31
0.0
0
LINE
8
PLUMBING-WATER
10
21709.740
20
-18814.300
30
0.0
11
21711.220
21
-18811.340
31
0.0
0
LINE
8
PLUMBING-WATER
10
21714.100
20
-18819.900
30
0.0
11
21718.100
21
-18819.900
31
0.0
0
LINE
8
PLUMBING-WATER
10
21718.100
20
-18819.900
30
0.0
11
21718.100
21
-18815.100
31
0.0
0
LINE
8
PLUMBING-WATER
10
21718.100
20
-18815.100
30
0.0
11
21714.100
21
-18815.100
31
0.0
0
LINE
8
PLUMBING-WATER
10
21714.100
20
-18815.100
30
0.0
11
21714.100
21
-18819.900
31
0.0
0
TEXT
8
LEGEND
10
20409.750
20
-20473.440
30
0.0
40
173.700
1
\U+05E0\U+05E7\U+05D5\U+05D3\U+05EA \U+05DE\U+05D9\U+05DD \U+05DC\U+05DE\U+05D3\U+05D9\U+05D7 \U+05DB\U+05DC\U+05D9\U+05DD
7
HEB
0
LINE
8
FRAME
10
24597.500
20
-18827.500
30
0.0
11
24617.500
21
-18827.500
31
0.0
0
LINE
8
FRAME
10
24617.500
20
-18827.500
30
0.0
11
24617.500
21
-18807.500
31
0.0
0
LINE
8
FRAME
10
24617.500
20
-18807.500
30
0.0
11
24597.500
21
-18807.500
31
0.0
0
LINE
8
FRAME
10
24597.500
20
-18807.500
30
0.0
11
24597.500
21
-18827.500
31
0.0
0
LINE
8
PLUMBING-WATER
10
24605.900
20
-18811.340
30
0.0
11
24607.380
21
-18814.300
31
0.0
0
LINE
8
PLUMBING-WATER
10
24607.380
20
-18814.300
30
0.0
11
24608.480
21
-18815.100
31
0.0
0
LINE
8
PLUMBING-WATER
10
24608.480
20
-18815.100
30
0.0
11
24609.200
21
-18816.260
31
0.0
0
LINE
8
PLUMBING-WATER
10
24609.200
20
-18816.260
30
0.0
11
24609.420
21
-18817.580
31
0.0
0
LINE
8
PLUMBING-WATER
10
24609.420
20
-18817.580
30
0.0
11
24609.120
21
-18818.900
31
0.0
0
LINE
8
PLUMBING-WATER
10
24609.120
20
-18818.900
30
0.0
11
24608.360
21
-18820.020
31
0.0
0
LINE
8
PLUMBING-WATER
10
24608.360
20
-18820.020
30
0.0
11
24607.220
21
-18820.760
31
0.0
0
LINE
8
PLUMBING-WATER
10
24607.220
20
-18820.760
30
0.0
11
24605.900
21
-18821.020
31
0.0
0
LINE
8
PLUMBING-WATER
10
24605.900
20
-18821.020
30
0.0
11
24604.580
21
-18820.760
31
0.0
0
LINE
8
PLUMBING-WATER
10
24604.580
20
-18820.760
30
0.0
11
24603.440
21
-18820.020
31
0.0
0
LINE
8
PLUMBING-WATER
10
24603.440
20
-18820.020
30
0.0
11
24602.680
21
-18818.900
31
0.0
0
LINE
8
PLUMBING-WATER
10
24602.680
20
-18818.900
30
0.0
11
24602.380
21
-18817.580
31
0.0
0
LINE
8
PLUMBING-WATER
10
24602.380
20
-18817.580
30
0.0
11
24602.600
21
-18816.260
31
0.0
0
LINE
8
PLUMBING-WATER
10
24602.600
20
-18816.260
30
0.0
11
24603.320
21
-18815.100
31
0.0
0
LINE
8
PLUMBING-WATER
10
24603.320
20
-18815.100
30
0.0
11
24604.420
21
-18814.300
31
0.0
0
LINE
8
PLUMBING-WATER
10
24604.420
20
-18814.300
30
0.0
11
24605.900
21
-18811.340
31
0.0
0
LINE
8
PLUMBING-WATER
10
24613.580
20
-18817.500
30
0.0
11
24613.240
21
-18816.220
31
0.0
0
LINE
8
PLUMBING-WATER
10
24613.240
20
-18816.220
30
0.0
11
24612.300
21
-18815.280
31
0.0
0
LINE
8
PLUMBING-WATER
10
24612.300
20
-18815.280
30
0.0
11
24611.020
21
-18814.940
31
0.0
0
LINE
8
PLUMBING-WATER
10
24611.020
20
-18814.940
30
0.0
11
24609.740
21
-18815.280
31
0.0
0
LINE
8
PLUMBING-WATER
10
24609.740
20
-18815.280
30
0.0
11
24608.800
21
-18816.220
31
0.0
0
LINE
8
PLUMBING-WATER
10
24608.800
20
-18816.220
30
0.0
11
24608.460
21
-18817.500
31
0.0
0
LINE
8
PLUMBING-WATER
10
24608.460
20
-18817.500
30
0.0
11
24608.800
21
-18818.780
31
0.0
0
LINE
8
PLUMBING-WATER
10
24608.800
20
-18818.780
30
0.0
11
24609.740
21
-18819.720
31
0.0
0
LINE
8
PLUMBING-WATER
10
24609.740
20
-18819.720
30
0.0
11
24611.020
21
-18820.060
31
0.0
0
LINE
8
PLUMBING-WATER
10
24611.020
20
-18820.060
30
0.0
11
24612.300
21
-18819.720
31
0.0
0
LINE
8
PLUMBING-WATER
10
24612.300
20
-18819.720
30
0.0
11
24613.240
21
-18818.780
31
0.0
0
LINE
8
PLUMBING-WATER
10
24613.240
20
-18818.780
30
0.0
11
24613.580
21
-18817.500
31
0.0
0
TEXT
8
LEGEND
10
23304.750
20
-20473.440
30
0.0
40
173.700
1
\U+05E0\U+05E7\U+05D5\U+05D3\U+05EA \U+05DE\U+05D9\U+05DD \U+05DC\U+05DE\U+05DB\U+05D5\U+05E0\U+05EA \U+05DB\U+05D1\U+05D9\U+05E1\U+05D4
7
HEB
0
LINE
8
FRAME
10
27492.500
20
-18827.500
30
0.0
11
27512.500
21
-18827.500
31
0.0
0
LINE
8
FRAME
10
27512.500
20
-18827.500
30
0.0
11
27512.500
21
-18807.500
31
0.0
0
LINE
8
FRAME
10
27512.500
20
-18807.500
30
0.0
11
27492.500
21
-18807.500
31
0.0
0
LINE
8
FRAME
10
27492.500
20
-18807.500
30
0.0
11
27492.500
21
-18827.500
31
0.0
0
LINE
8
PLUMBING-WATER
10
27500.900
20
-18811.340
30
0.0
11
27502.380
21
-18814.300
31
0.0
0
LINE
8
PLUMBING-WATER
10
27502.380
20
-18814.300
30
0.0
11
27503.480
21
-18815.100
31
0.0
0
LINE
8
PLUMBING-WATER
10
27503.480
20
-18815.100
30
0.0
11
27504.200
21
-18816.260
31
0.0
0
LINE
8
PLUMBING-WATER
10
27504.200
20
-18816.260
30
0.0
11
27504.420
21
-18817.580
31
0.0
0
LINE
8
PLUMBING-WATER
10
27504.420
20
-18817.580
30
0.0
11
27504.120
21
-18818.900
31
0.0
0
LINE
8
PLUMBING-WATER
10
27504.120
20
-18818.900
30
0.0
11
27503.360
21
-18820.020
31
0.0
0
LINE
8
PLUMBING-WATER
10
27503.360
20
-18820.020
30
0.0
11
27502.220
21
-18820.760
31
0.0
0
LINE
8
PLUMBING-WATER
10
27502.220
20
-18820.760
30
0.0
11
27500.900
21
-18821.020
31
0.0
0
LINE
8
PLUMBING-WATER
10
27500.900
20
-18821.020
30
0.0
11
27499.580
21
-18820.760
31
0.0
0
LINE
8
PLUMBING-WATER
10
27499.580
20
-18820.760
30
0.0
11
27498.440
21
-18820.020
31
0.0
0
LINE
8
PLUMBING-WATER
10
27498.440
20
-18820.020
30
0.0
11
27497.680
21
-18818.900
31
0.0
0
LINE
8
PLUMBING-WATER
10
27497.680
20
-18818.900
30
0.0
11
27497.380
21
-18817.580
31
0.0
0
LINE
8
PLUMBING-WATER
10
27497.380
20
-18817.580
30
0.0
11
27497.600
21
-18816.260
31
0.0
0
LINE
8
PLUMBING-WATER
10
27497.600
20
-18816.260
30
0.0
11
27498.320
21
-18815.100
31
0.0
0
LINE
8
PLUMBING-WATER
10
27498.320
20
-18815.100
30
0.0
11
27499.420
21
-18814.300
31
0.0
0
LINE
8
PLUMBING-WATER
10
27499.420
20
-18814.300
30
0.0
11
27500.900
21
-18811.340
31
0.0
0
LINE
8
PLUMBING-WATER
10
27504.420
20
-18821.020
30
0.0
11
27508.100
21
-18821.020
31
0.0
0
LINE
8
PLUMBING-WATER
10
27508.100
20
-18821.020
30
0.0
11
27508.100
21
-18813.980
31
0.0
0
LINE
8
PLUMBING-WATER
10
27508.100
20
-18813.980
30
0.0
11
27504.420
21
-18813.980
31
0.0
0
LINE
8
PLUMBING-WATER
10
27504.420
20
-18813.980
30
0.0
11
27504.420
21
-18821.020
31
0.0
0
LINE
8
PLUMBING-WATER
10
27504.420
20
-18817.500
30
0.0
11
27508.100
21
-18817.500
31
0.0
0
TEXT
8
LEGEND
10
26199.750
20
-20473.440
30
0.0
40
173.700
1
\U+05E0\U+05E7\U+05D5\U+05D3\U+05EA \U+05DE\U+05D9\U+05DD \U+05DC\U+05DE\U+05E7\U+05E8\U+05E8 (\U+05E7\U+05E8\U+05D7/\U+05DE\U+05D9\U+05DD)
7
HEB
0
LINE
8
FRAME
10
30377.500
20
-18837.500
30
0.0
11
30417.500
21
-18837.500
31
0.0
0
LINE
8
FRAME
10
30417.500
20
-18837.500
30
0.0
11
30417.500
21
-18797.500
31
0.0
0
LINE
8
FRAME
10
30417.500
20
-18797.500
30
0.0
11
30377.500
21
-18797.500
31
0.0
0
LINE
8
FRAME
10
30377.500
20
-18797.500
30
0.0
11
30377.500
21
-18837.500
31
0.0
0
LINE
8
PLUMBING-WATER
10
30391.100
20
-18828.700
30
0.0
11
30391.100
21
-18814.300
31
0.0
0
LINE
8
PLUMBING-WATER
10
30391.100
20
-18814.300
30
0.0
11
30400.700
21
-18814.300
31
0.0
0
LINE
8
PLUMBING-WATER
10
30400.700
20
-18814.300
30
0.0
11
30400.700
21
-18820.060
31
0.0
0
LINE
8
PLUMBING-WATER
10
30395.580
20
-18810.460
30
0.0
11
30394.740
21
-18807.820
31
0.0
0
LINE
8
PLUMBING-WATER
10
30394.740
20
-18807.820
30
0.0
11
30392.500
21
-18806.180
31
0.0
0
LINE
8
PLUMBING-WATER
10
30392.500
20
-18806.180
30
0.0
11
30389.700
21
-18806.180
31
0.0
0
LINE
8
PLUMBING-WATER
10
30389.700
20
-18806.180
30
0.0
11
30387.460
21
-18807.820
31
0.0
0
LINE
8
PLUMBING-WATER
10
30387.460
20
-18807.820
30
0.0
11
30386.620
21
-18810.460
31
0.0
0
LINE
8
PLUMBING-WATER
10
30386.620
20
-18810.460
30
0.0
11
30387.460
21
-18813.100
31
0.0
0
LINE
8
PLUMBING-WATER
10
30387.460
20
-18813.100
30
0.0
11
30389.700
21
-18814.740
31
0.0
0
LINE
8
PLUMBING-WATER
10
30389.700
20
-18814.740
30
0.0
11
30392.500
21
-18814.740
31
0.0
0
LINE
8
PLUMBING-WATER
10
30392.500
20
-18814.740
30
0.0
11
30394.740
21
-18813.100
31
0.0
0
LINE
8
PLUMBING-WATER
10
30394.740
20
-18813.100
30
0.0
11
30395.580
21
-18810.460
31
0.0
0
LINE
8
PLUMBING-WATER
10
30386.620
20
-18810.460
30
0.0
11
30395.580
21
-18810.460
31
0.0
0
LINE
8
PLUMBING-WATER
10
30391.100
20
-18814.940
30
0.0
11
30391.100
21
-18805.980
31
0.0
0
LINE
8
PLUMBING-WATER
10
30400.700
20
-18819.500
30
0.0
11
30401.900
21
-18821.940
31
0.0
0
LINE
8
PLUMBING-WATER
10
30401.900
20
-18821.940
30
0.0
11
30402.820
21
-18822.580
31
0.0
0
LINE
8
PLUMBING-WATER
10
30402.820
20
-18822.580
30
0.0
11
30403.380
21
-18823.540
31
0.0
0
LINE
8
PLUMBING-WATER
10
30403.380
20
-18823.540
30
0.0
11
30403.580
21
-18824.620
31
0.0
0
LINE
8
PLUMBING-WATER
10
30403.580
20
-18824.620
30
0.0
11
30403.340
21
-18825.700
31
0.0
0
LINE
8
PLUMBING-WATER
10
30403.340
20
-18825.700
30
0.0
11
30402.700
21
-18826.620
31
0.0
0
LINE
8
PLUMBING-WATER
10
30402.700
20
-18826.620
30
0.0
11
30401.780
21
-18827.220
31
0.0
0
LINE
8
PLUMBING-WATER
10
30401.780
20
-18827.220
30
0.0
11
30400.700
21
-18827.420
31
0.0
0
LINE
8
PLUMBING-WATER
10
30400.700
20
-18827.420
30
0.0
11
30399.620
21
-18827.220
31
0.0
0
LINE
8
PLUMBING-WATER
10
30399.620
20
-18827.220
30
0.0
11
30398.700
21
-18826.620
31
0.0
0
LINE
8
PLUMBING-WATER
10
30398.700
20
-18826.620
30
0.0
11
30398.060
21
-18825.700
31
0.0
0
LINE
8
PLUMBING-WATER
10
30398.060
20
-18825.700
30
0.0
11
30397.820
21
-18824.620
31
0.0
0
LINE
8
PLUMBING-WATER
10
30397.820
20
-18824.620
30
0.0
11
30398.020
21
-18823.540
31
0.0
0
LINE
8
PLUMBING-WATER
10
30398.020
20
-18823.540
30
0.0
11
30398.580
21
-18822.580
31
0.0
0
LINE
8
PLUMBING-WATER
10
30398.580
20
-18822.580
30
0.0
11
30399.500
21
-18821.940
31
0.0
0
LINE
8
PLUMBING-WATER
10
30399.500
20
-18821.940
30
0.0
11
30400.700
21
-18819.500
31
0.0
0
TEXT
8
LEGEND
10
29094.750
20
-20473.440
30
0.0
40
173.700
1
\U+05D1\U+05E8\U+05D6 \U+05D2\U+05D9\U+05E0\U+05D4
7
HEB
0
LINE
8
FRAME
10
33282.500
20
-18827.500
30
0.0
11
33302.500
21
-18827.500
31
0.0
0
LINE
8
FRAME
10
33302.500
20
-18827.500
30
0.0
11
33302.500
21
-18807.500
31
0.0
0
LINE
8
FRAME
10
33302.500
20
-18807.500
30
0.0
11
33282.500
21
-18807.500
31
0.0
0
LINE
8
FRAME
10
33282.500
20
-18807.500
30
0.0
11
33282.500
21
-18827.500
31
0.0
0
LINE
8
PLUMBING-WATER
10
33292.500
20
-18812.940
30
0.0
11
33293.980
21
-18815.900
31
0.0
0
LINE
8
PLUMBING-WATER
10
33293.980
20
-18815.900
30
0.0
11
33295.080
21
-18816.700
31
0.0
0
LINE
8
PLUMBING-WATER
10
33295.080
20
-18816.700
30
0.0
11
33295.800
21
-18817.860
31
0.0
0
LINE
8
PLUMBING-WATER
10
33295.800
20
-18817.860
30
0.0
11
33296.020
21
-18819.180
31
0.0
0
LINE
8
PLUMBING-WATER
10
33296.020
20
-18819.180
30
0.0
11
33295.720
21
-18820.500
31
0.0
0
LINE
8
PLUMBING-WATER
10
33295.720
20
-18820.500
30
0.0
11
33294.960
21
-18821.620
31
0.0
0
LINE
8
PLUMBING-WATER
10
33294.960
20
-18821.620
30
0.0
11
33293.820
21
-18822.360
31
0.0
0
LINE
8
PLUMBING-WATER
10
33293.820
20
-18822.360
30
0.0
11
33292.500
21
-18822.620
31
0.0
0
LINE
8
PLUMBING-WATER
10
33292.500
20
-18822.620
30
0.0
11
33291.180
21
-18822.360
31
0.0
0
LINE
8
PLUMBING-WATER
10
33291.180
20
-18822.360
30
0.0
11
33290.040
21
-18821.620
31
0.0
0
LINE
8
PLUMBING-WATER
10
33290.040
20
-18821.620
30
0.0
11
33289.280
21
-18820.500
31
0.0
0
LINE
8
PLUMBING-WATER
10
33289.280
20
-18820.500
30
0.0
11
33288.980
21
-18819.180
31
0.0
0
LINE
8
PLUMBING-WATER
10
33288.980
20
-18819.180
30
0.0
11
33289.200
21
-18817.860
31
0.0
0
LINE
8
PLUMBING-WATER
10
33289.200
20
-18817.860
30
0.0
11
33289.920
21
-18816.700
31
0.0
0
LINE
8
PLUMBING-WATER
10
33289.920
20
-18816.700
30
0.0
11
33291.020
21
-18815.900
31
0.0
0
LINE
8
PLUMBING-WATER
10
33291.020
20
-18815.900
30
0.0
11
33292.500
21
-18812.940
31
0.0
0
LINE
8
PLUMBING-WATER
10
33289.300
20
-18811.100
30
0.0
11
33295.700
21
-18811.100
31
0.0
0
LINE
8
PLUMBING-WATER
10
33295.700
20
-18811.100
30
0.0
11
33293.300
21
-18813.980
31
0.0
0
LINE
8
PLUMBING-WATER
10
33293.300
20
-18813.980
30
0.0
11
33291.700
21
-18813.980
31
0.0
0
LINE
8
PLUMBING-WATER
10
33291.700
20
-18813.980
30
0.0
11
33289.300
21
-18811.100
31
0.0
0
TEXT
8
LEGEND
10
31989.750
20
-20473.440
30
0.0
40
173.700
1
\U+05E0\U+05E7\U+05D5\U+05D3\U+05EA \U+05DE\U+05D9\U+05DD \U+05DE\U+05E1\U+05D5\U+05E0\U+05E0\U+05D9\U+05DD (\U+05EA\U+05DE\U+05D9 4)
7
HEB
0
LINE
8
FRAME
10
1372.500
20
-21812.500
30
0.0
11
1522.500
21
-21812.500
31
0.0
0
LINE
8
FRAME
10
1522.500
20
-21812.500
30
0.0
11
1522.500
21
-21612.500
31
0.0
0
LINE
8
FRAME
10
1522.500
20
-21612.500
30
0.0
11
1372.500
21
-21612.500
31
0.0
0
LINE
8
FRAME
10
1372.500
20
-21612.500
30
0.0
11
1372.500
21
-21812.500
31
0.0
0
LINE
8
PLUMBING-WATER
10
1416.000
20
-21768.500
30
0.0
11
1479.000
21
-21768.500
31
0.0
0
LINE
8
PLUMBING-WATER
10
1479.000
20
-21768.500
30
0.0
11
1479.000
21
-21656.500
31
0.0
0
LINE
8
PLUMBING-WATER
10
1479.000
20
-21656.500
30
0.0
11
1416.000
21
-21656.500
31
0.0
0
LINE
8
PLUMBING-WATER
10
1416.000
20
-21656.500
30
0.0
11
1416.000
21
-21768.500
31
0.0
0
LINE
8
PLUMBING-WATER
10
1461.000
20
-21696.500
30
0.0
11
1459.200
21
-21687.500
31
0.0
0
LINE
8
PLUMBING-WATER
10
1459.200
20
-21687.500
30
0.0
11
1454.250
21
-21680.900
31
0.0
0
LINE
8
PLUMBING-WATER
10
1454.250
20
-21680.900
30
0.0
11
1447.500
21
-21678.500
31
0.0
0
LINE
8
PLUMBING-WATER
10
1447.500
20
-21678.500
30
0.0
11
1440.750
21
-21680.900
31
0.0
0
LINE
8
PLUMBING-WATER
10
1440.750
20
-21680.900
30
0.0
11
1435.800
21
-21687.500
31
0.0
0
LINE
8
PLUMBING-WATER
10
1435.800
20
-21687.500
30
0.0
11
1434.000
21
-21696.500
31
0.0
0
LINE
8
PLUMBING-WATER
10
1434.000
20
-21696.500
30
0.0
11
1435.800
21
-21705.500
31
0.0
0
LINE
8
PLUMBING-WATER
10
1435.800
20
-21705.500
30
0.0
11
1440.750
21
-21712.100
31
0.0
0
LINE
8
PLUMBING-WATER
10
1440.750
20
-21712.100
30
0.0
11
1447.500
21
-21714.500
31
0.0
0
LINE
8
PLUMBING-WATER
10
1447.500
20
-21714.500
30
0.0
11
1454.250
21
-21712.100
31
0.0
0
LINE
8
PLUMBING-WATER
10
1454.250
20
-21712.100
30
0.0
11
1459.200
21
-21705.500
31
0.0
0
LINE
8
PLUMBING-WATER
10
1459.200
20
-21705.500
30
0.0
11
1461.000
21
-21696.500
31
0.0
0
LINE
8
PLUMBING-WATER
10
1447.500
20
-21696.500
30
0.0
11
1447.500
21
-21677.300
31
0.0
0
LINE
8
PLUMBING-WATER
10
1447.500
20
-21722.300
30
0.0
11
1450.950
21
-21731.500
31
0.0
0
LINE
8
PLUMBING-WATER
10
1450.950
20
-21731.500
30
0.0
11
1453.500
21
-21733.900
31
0.0
0
LINE
8
PLUMBING-WATER
10
1453.500
20
-21733.900
30
0.0
11
1455.150
21
-21737.500
31
0.0
0
LINE
8
PLUMBING-WATER
10
1455.150
20
-21737.500
30
0.0
11
1455.600
21
-21741.500
31
0.0
0
LINE
8
PLUMBING-WATER
10
1455.600
20
-21741.500
30
0.0
11
1454.850
21
-21745.700
31
0.0
0
LINE
8
PLUMBING-WATER
10
1454.850
20
-21745.700
30
0.0
11
1453.200
21
-21749.100
31
0.0
0
LINE
8
PLUMBING-WATER
10
1453.200
20
-21749.100
30
0.0
11
1450.500
21
-21751.300
31
0.0
0
LINE
8
PLUMBING-WATER
10
1450.500
20
-21751.300
30
0.0
11
1447.500
21
-21752.100
31
0.0
0
LINE
8
PLUMBING-WATER
10
1447.500
20
-21752.100
30
0.0
11
1444.500
21
-21751.300
31
0.0
0
LINE
8
PLUMBING-WATER
10
1444.500
20
-21751.300
30
0.0
11
1441.800
21
-21749.100
31
0.0
0
LINE
8
PLUMBING-WATER
10
1441.800
20
-21749.100
30
0.0
11
1440.150
21
-21745.700
31
0.0
0
LINE
8
PLUMBING-WATER
10
1440.150
20
-21745.700
30
0.0
11
1439.400
21
-21741.500
31
0.0
0
LINE
8
PLUMBING-WATER
10
1439.400
20
-21741.500
30
0.0
11
1439.850
21
-21737.500
31
0.0
0
LINE
8
PLUMBING-WATER
10
1439.850
20
-21737.500
30
0.0
11
1441.500
21
-21733.900
31
0.0
0
LINE
8
PLUMBING-WATER
10
1441.500
20
-21733.900
30
0.0
11
1444.050
21
-21731.500
31
0.0
0
LINE
8
PLUMBING-WATER
10
1444.050
20
-21731.500
30
0.0
11
1447.500
21
-21722.300
31
0.0
0
TEXT
8
LEGEND
10
144.750
20
-23368.440
30
0.0
40
173.700
1
\U+05DE\U+05D7\U+05E9\U+05D1 / \U+05D1\U+05E7\U+05E8 \U+05D4\U+05E9\U+05E7\U+05D9\U+05D4
7
HEB
0
LINE
8
FRAME
10
4042.500
20
-22312.500
30
0.0
11
4642.500
21
-22312.500
31
0.0
0
LINE
8
FRAME
10
4642.500
20
-22312.500
30
0.0
11
4642.500
21
-21112.500
31
0.0
0
LINE
8
FRAME
10
4642.500
20
-21112.500
30
0.0
11
4042.500
21
-21112.500
31
0.0
0
LINE
8
FRAME
10
4042.500
20
-21112.500
30
0.0
11
4042.500
21
-22312.500
31
0.0
0
LINE
8
PLUMBING-WATER
10
4390.500
20
-21443.700
30
0.0
11
4388.100
21
-21413.700
31
0.0
0
LINE
8
PLUMBING-WATER
10
4388.100
20
-21413.700
30
0.0
11
4381.500
21
-21387.300
31
0.0
0
LINE
8
PLUMBING-WATER
10
4381.500
20
-21387.300
30
0.0
11
4370.700
21
-21365.700
31
0.0
0
LINE
8
PLUMBING-WATER
10
4370.700
20
-21365.700
30
0.0
11
4357.500
21
-21352.500
31
0.0
0
LINE
8
PLUMBING-WATER
10
4357.500
20
-21352.500
30
0.0
11
4342.500
21
-21347.700
31
0.0
0
LINE
8
PLUMBING-WATER
10
4342.500
20
-21347.700
30
0.0
11
4327.500
21
-21352.500
31
0.0
0
LINE
8
PLUMBING-WATER
10
4327.500
20
-21352.500
30
0.0
11
4314.300
21
-21365.700
31
0.0
0
LINE
8
PLUMBING-WATER
10
4314.300
20
-21365.700
30
0.0
11
4303.500
21
-21387.300
31
0.0
0
LINE
8
PLUMBING-WATER
10
4303.500
20
-21387.300
30
0.0
11
4296.900
21
-21413.700
31
0.0
0
LINE
8
PLUMBING-WATER
10
4296.900
20
-21413.700
30
0.0
11
4294.500
21
-21443.700
31
0.0
0
LINE
8
PLUMBING-WATER
10
4294.500
20
-21443.700
30
0.0
11
4294.500
21
-22048.500
31
0.0
0
LINE
8
PLUMBING-WATER
10
4294.500
20
-22048.500
30
0.0
11
4390.500
21
-22048.500
31
0.0
0
LINE
8
PLUMBING-WATER
10
4390.500
20
-22048.500
30
0.0
11
4390.500
21
-21443.700
31
0.0
0
LINE
8
PLUMBING-WATER
10
4294.500
20
-22048.500
30
0.0
11
4296.900
21
-22078.500
31
0.0
0
LINE
8
PLUMBING-WATER
10
4296.900
20
-22078.500
30
0.0
11
4303.500
21
-22104.900
31
0.0
0
LINE
8
PLUMBING-WATER
10
4303.500
20
-22104.900
30
0.0
11
4314.300
21
-22126.500
31
0.0
0
LINE
8
PLUMBING-WATER
10
4314.300
20
-22126.500
30
0.0
11
4327.500
21
-22139.700
31
0.0
0
LINE
8
PLUMBING-WATER
10
4327.500
20
-22139.700
30
0.0
11
4342.500
21
-22144.500
31
0.0
0
LINE
8
PLUMBING-WATER
10
4342.500
20
-22144.500
30
0.0
11
4357.500
21
-22139.700
31
0.0
0
LINE
8
PLUMBING-WATER
10
4357.500
20
-22139.700
30
0.0
11
4370.700
21
-22126.500
31
0.0
0
LINE
8
PLUMBING-WATER
10
4370.700
20
-22126.500
30
0.0
11
4381.500
21
-22104.900
31
0.0
0
LINE
8
PLUMBING-WATER
10
4381.500
20
-22104.900
30
0.0
11
4388.100
21
-22078.500
31
0.0
0
LINE
8
PLUMBING-WATER
10
4388.100
20
-22078.500
30
0.0
11
4390.500
21
-22048.500
31
0.0
0
LINE
8
PLUMBING-WATER
10
4318.500
20
-21347.700
30
0.0
11
4318.500
21
-21280.500
31
0.0
0
LINE
8
PLUMBING-WATER
10
4366.500
20
-21347.700
30
0.0
11
4366.500
21
-21280.500
31
0.0
0
LINE
8
PLUMBING-WATER
10
4294.500
20
-21760.500
30
0.0
11
4390.500
21
-21760.500
31
0.0
0
TEXT
8
LEGEND
10
3039.750
20
-23368.440
30
0.0
40
173.700
1
\U+05D3\U+05D5\U+05D3 \U+05DE\U+05D9\U+05DD (\U+05D7\U+05E9\U+05DE\U+05DC/\U+05E1\U+05D5\U+05DC\U+05E8\U+05D9)
7
HEB
0
LINE
8
FRAME
10
7227.500
20
-21722.500
30
0.0
11
7247.500
21
-21722.500
31
0.0
0
LINE
8
FRAME
10
7247.500
20
-21722.500
30
0.0
11
7247.500
21
-21702.500
31
0.0
0
LINE
8
FRAME
10
7247.500
20
-21702.500
30
0.0
11
7227.500
21
-21702.500
31
0.0
0
LINE
8
FRAME
10
7227.500
20
-21702.500
30
0.0
11
7227.500
21
-21722.500
31
0.0
0
LINE
8
PLUMBING-WATER
10
7237.500
20
-21709.560
30
0.0
11
7238.600
21
-21711.760
31
0.0
0
LINE
8
PLUMBING-WATER
10
7238.600
20
-21711.760
30
0.0
11
7239.400
21
-21712.340
31
0.0
0
LINE
8
PLUMBING-WATER
10
7239.400
20
-21712.340
30
0.0
11
7239.920
21
-21713.180
31
0.0
0
LINE
8
PLUMBING-WATER
10
7239.920
20
-21713.180
30
0.0
11
7240.100
21
-21714.160
31
0.0
0
LINE
8
PLUMBING-WATER
10
7240.100
20
-21714.160
30
0.0
11
7239.880
21
-21715.140
31
0.0
0
LINE
8
PLUMBING-WATER
10
7239.880
20
-21715.140
30
0.0
11
7239.300
21
-21715.960
31
0.0
0
LINE
8
PLUMBING-WATER
10
7239.300
20
-21715.960
30
0.0
11
7238.480
21
-21716.500
31
0.0
0
LINE
8
PLUMBING-WATER
10
7238.480
20
-21716.500
30
0.0
11
7237.500
21
-21716.700
31
0.0
0
LINE
8
PLUMBING-WATER
10
7237.500
20
-21716.700
30
0.0
11
7236.520
21
-21716.500
31
0.0
0
LINE
8
PLUMBING-WATER
10
7236.520
20
-21716.500
30
0.0
11
7235.700
21
-21715.960
31
0.0
0
LINE
8
PLUMBING-WATER
10
7235.700
20
-21715.960
30
0.0
11
7235.120
21
-21715.140
31
0.0
0
LINE
8
PLUMBING-WATER
10
7235.120
20
-21715.140
30
0.0
11
7234.900
21
-21714.160
31
0.0
0
LINE
8
PLUMBING-WATER
10
7234.900
20
-21714.160
30
0.0
11
7235.080
21
-21713.180
31
0.0
0
LINE
8
PLUMBING-WATER
10
7235.080
20
-21713.180
30
0.0
11
7235.600
21
-21712.340
31
0.0
0
LINE
8
PLUMBING-WATER
10
7235.600
20
-21712.340
30
0.0
11
7236.400
21
-21711.760
31
0.0
0
LINE
8
PLUMBING-WATER
10
7236.400
20
-21711.760
30
0.0
11
7237.500
21
-21709.560
31
0.0
0
LINE
8
PLUMBING-WATER
10
7239.420
20
-21708.020
30
0.0
11
7239.060
21
-21706.900
31
0.0
0
LINE
8
PLUMBING-WATER
10
7239.060
20
-21706.900
30
0.0
11
7238.100
21
-21706.200
31
0.0
0
LINE
8
PLUMBING-WATER
10
7238.100
20
-21706.200
30
0.0
11
7236.900
21
-21706.200
31
0.0
0
LINE
8
PLUMBING-WATER
10
7236.900
20
-21706.200
30
0.0
11
7235.940
21
-21706.900
31
0.0
0
LINE
8
PLUMBING-WATER
10
7235.940
20
-21706.900
30
0.0
11
7235.580
21
-21708.020
31
0.0
0
LINE
8
PLUMBING-WATER
10
7235.580
20
-21708.020
30
0.0
11
7235.940
21
-21709.140
31
0.0
0
LINE
8
PLUMBING-WATER
10
7235.940
20
-21709.140
30
0.0
11
7236.900
21
-21709.840
31
0.0
0
LINE
8
PLUMBING-WATER
10
7236.900
20
-21709.840
30
0.0
11
7238.100
21
-21709.840
31
0.0
0
LINE
8
PLUMBING-WATER
10
7238.100
20
-21709.840
30
0.0
11
7239.060
21
-21709.140
31
0.0
0
LINE
8
PLUMBING-WATER
10
7239.060
20
-21709.140
30
0.0
11
7239.420
21
-21708.020
31
0.0
0
LINE
8
PLUMBING-WATER
10
7239.800
20
-21708.020
30
0.0
11
7240.760
21
-21708.020
31
0.0
0
LINE
8
PLUMBING-WATER
10
7239.120
20
-21706.400
30
0.0
11
7239.800
21
-21705.720
31
0.0
0
LINE
8
PLUMBING-WATER
10
7237.500
20
-21705.720
30
0.0
11
7237.500
21
-21704.760
31
0.0
0
LINE
8
PLUMBING-WATER
10
7235.880
20
-21706.400
30
0.0
11
7235.200
21
-21705.720
31
0.0
0
LINE
8
PLUMBING-WATER
10
7235.200
20
-21708.020
30
0.0
11
7234.240
21
-21708.020
31
0.0
0
LINE
8
PLUMBING-WATER
10
7235.880
20
-21709.640
30
0.0
11
7235.200
21
-21710.320
31
0.0
0
LINE
8
PLUMBING-WATER
10
7237.500
20
-21710.320
30
0.0
11
7237.500
21
-21711.280
31
0.0
0
LINE
8
PLUMBING-WATER
10
7239.120
20
-21709.640
30
0.0
11
7239.800
21
-21710.320
31
0.0
0
TEXT
8
LEGEND
10
5934.750
20
-23368.440
30
0.0
40
173.700
1
\U+05E7\U+05D5\U+05DC\U+05D8\U+05DF \U+05E9\U+05DE\U+05E9 (\U+05E1\U+05D5\U+05DC\U+05D0\U+05E8\U+05D9)
7
HEB
0
LINE
8
FRAME
10
10107.500
20
-21737.500
30
0.0
11
10157.500
21
-21737.500
31
0.0
0
LINE
8
FRAME
10
10157.500
20
-21737.500
30
0.0
11
10157.500
21
-21687.500
31
0.0
0
LINE
8
FRAME
10
10157.500
20
-21687.500
30
0.0
11
10107.500
21
-21687.500
31
0.0
0
LINE
8
FRAME
10
10107.500
20
-21687.500
30
0.0
11
10107.500
21
-21737.500
31
0.0
0
LINE
8
PLUMBING-DRAINAGE
10
10148.500
20
-21712.500
30
0.0
11
10147.300
21
-21706.400
31
0.0
0
LINE
8
PLUMBING-DRAINAGE
10
10147.300
20
-21706.400
30
0.0
11
10143.800
21
-21701.200
31
0.0
0
LINE
8
PLUMBING-DRAINAGE
10
10143.800
20
-21701.200
30
0.0
11
10138.600
21
-21697.700
31
0.0
0
LINE
8
PLUMBING-DRAINAGE
10
10138.600
20
-21697.700
30
0.0
11
10132.500
21
-21696.500
31
0.0
0
LINE
8
PLUMBING-DRAINAGE
10
10132.500
20
-21696.500
30
0.0
11
10126.400
21
-21697.700
31
0.0
0
LINE
8
PLUMBING-DRAINAGE
10
10126.400
20
-21697.700
30
0.0
11
10121.200
21
-21701.200
31
0.0
0
LINE
8
PLUMBING-DRAINAGE
10
10121.200
20
-21701.200
30
0.0
11
10117.700
21
-21706.400
31
0.0
0
LINE
8
PLUMBING-DRAINAGE
10
10117.700
20
-21706.400
30
0.0
11
10116.500
21
-21712.500
31
0.0
0
LINE
8
PLUMBING-DRAINAGE
10
10116.500
20
-21712.500
30
0.0
11
10117.700
21
-21718.600
31
0.0
0
LINE
8
PLUMBING-DRAINAGE
10
10117.700
20
-21718.600
30
0.0
11
10121.200
21
-21723.800
31
0.0
0
LINE
8
PLUMBING-DRAINAGE
10
10121.200
20
-21723.800
30
0.0
11
10126.400
21
-21727.300
31
0.0
0
LINE
8
PLUMBING-DRAINAGE
10
10126.400
20
-21727.300
30
0.0
11
10132.500
21
-21728.500
31
0.0
0
LINE
8
PLUMBING-DRAINAGE
10
10132.500
20
-21728.500
30
0.0
11
10138.600
21
-21727.300
31
0.0
0
LINE
8
PLUMBING-DRAINAGE
10
10138.600
20
-21727.300
30
0.0
11
10143.800
21
-21723.800
31
0.0
0
LINE
8
PLUMBING-DRAINAGE
10
10143.800
20
-21723.800
30
0.0
11
10147.300
21
-21718.600
31
0.0
0
LINE
8
PLUMBING-DRAINAGE
10
10147.300
20
-21718.600
30
0.0
11
10148.500
21
-21712.500
31
0.0
0
LINE
8
PLUMBING-DRAINAGE
10
10122.900
20
-21712.500
30
0.0
11
10124.500
21
-21709.300
31
0.0
0
LINE
8
PLUMBING-DRAINAGE
10
10124.500
20
-21709.300
30
0.0
11
10126.100
21
-21706.950
31
0.0
0
LINE
8
PLUMBING-DRAINAGE
10
10126.100
20
-21706.950
30
0.0
11
10127.700
21
-21706.100
31
0.0
0
LINE
8
PLUMBING-DRAINAGE
10
10127.700
20
-21706.100
30
0.0
11
10129.300
21
-21706.950
31
0.0
0
LINE
8
PLUMBING-DRAINAGE
10
10129.300
20
-21706.950
30
0.0
11
10130.900
21
-21709.300
31
0.0
0
LINE
8
PLUMBING-DRAINAGE
10
10130.900
20
-21709.300
30
0.0
11
10132.500
21
-21712.500
31
0.0
0
LINE
8
PLUMBING-DRAINAGE
10
10132.500
20
-21712.500
30
0.0
11
10134.100
21
-21715.700
31
0.0
0
LINE
8
PLUMBING-DRAINAGE
10
10134.100
20
-21715.700
30
0.0
11
10135.700
21
-21718.050
31
0.0
0
LINE
8
PLUMBING-DRAINAGE
10
10135.700
20
-21718.050
30
0.0
11
10137.300
21
-21718.900
31
0.0
0
LINE
8
PLUMBING-DRAINAGE
10
10137.300
20
-21718.900
30
0.0
11
10138.900
21
-21718.050
31
0.0
0
LINE
8
PLUMBING-DRAINAGE
10
10138.900
20
-21718.050
30
0.0
11
10140.500
21
-21715.700
31
0.0
0
LINE
8
PLUMBING-DRAINAGE
10
10140.500
20
-21715.700
30
0.0
11
10142.100
21
-21712.500
31
0.0
0
TEXT
8
LEGEND
10
8829.750
20
-23368.440
30
0.0
40
173.700
1
\U+05E0\U+05E7\U+05D5\U+05D3\U+05EA \U+05E0\U+05D9\U+05E7\U+05D5\U+05D6 / \U+05D1\U+05D9\U+05D5\U+05D1
7
HEB
0
LINE
8
FRAME
10
12967.500
20
-21772.500
30
0.0
11
13087.500
21
-21772.500
31
0.0
0
LINE
8
FRAME
10
13087.500
20
-21772.500
30
0.0
11
13087.500
21
-21652.500
31
0.0
0
LINE
8
FRAME
10
13087.500
20
-21652.500
30
0.0
11
12967.500
21
-21652.500
31
0.0
0
LINE
8
FRAME
10
12967.500
20
-21652.500
30
0.0
11
12967.500
21
-21772.500
31
0.0
0
LINE
8
PLUMBING-DRAINAGE
10
12992.940
20
-21747.060
30
0.0
11
13062.060
21
-21747.060
31
0.0
0
LINE
8
PLUMBING-DRAINAGE
10
13062.060
20
-21747.060
30
0.0
11
13062.060
21
-21677.940
31
0.0
0
LINE
8
PLUMBING-DRAINAGE
10
13062.060
20
-21677.940
30
0.0
11
12992.940
21
-21677.940
31
0.0
0
LINE
8
PLUMBING-DRAINAGE
10
12992.940
20
-21677.940
30
0.0
11
12992.940
21
-21747.060
31
0.0
0
LINE
8
PLUMBING-DRAINAGE
10
13010.220
20
-21747.060
30
0.0
11
13010.220
21
-21677.940
31
0.0
0
LINE
8
PLUMBING-DRAINAGE
10
13027.500
20
-21747.060
30
0.0
11
13027.500
21
-21677.940
31
0.0
0
LINE
8
PLUMBING-DRAINAGE
10
13044.780
20
-21747.060
30
0.0
11
13044.780
21
-21677.940
31
0.0
0
LINE
8
PLUMBING-DRAINAGE
10
12992.940
20
-21729.780
30
0.0
11
13062.060
21
-21729.780
31
0.0
0
LINE
8
PLUMBING-DRAINAGE
10
12992.940
20
-21712.500
30
0.0
11
13062.060
21
-21712.500
31
0.0
0
LINE
8
PLUMBING-DRAINAGE
10
12992.940
20
-21695.220
30
0.0
11
13062.060
21
-21695.220
31
0.0
0
TEXT
8
LEGEND
10
11724.750
20
-23368.440
30
0.0
40
173.700
1
\U+05E0\U+05D9\U+05E7\U+05D5\U+05D6 \U+05E8\U+05E6\U+05E4\U+05D4 (\U+05DE\U+05D7\U+05E1\U+05D5\U+05DD \U+05E8\U+05E6\U+05E4\U+05D4)
7
HEB
0
LINE
8
FRAME
10
15867.500
20
-21767.500
30
0.0
11
15977.500
21
-21767.500
31
0.0
0
LINE
8
FRAME
10
15977.500
20
-21767.500
30
0.0
11
15977.500
21
-21657.500
31
0.0
0
LINE
8
FRAME
10
15977.500
20
-21657.500
30
0.0
11
15867.500
21
-21657.500
31
0.0
0
LINE
8
FRAME
10
15867.500
20
-21657.500
30
0.0
11
15867.500
21
-21767.500
31
0.0
0
LINE
8
PLUMBING-DRAINAGE
10
15959.460
20
-21712.500
30
0.0
11
15956.600
21
-21698.310
31
0.0
0
LINE
8
PLUMBING-DRAINAGE
10
15956.600
20
-21698.310
30
0.0
11
15948.680
21
-21686.320
31
0.0
0
LINE
8
PLUMBING-DRAINAGE
10
15948.680
20
-21686.320
30
0.0
11
15936.690
21
-21678.400
31
0.0
0
LINE
8
PLUMBING-DRAINAGE
10
15936.690
20
-21678.400
30
0.0
11
15922.500
21
-21675.540
31
0.0
0
LINE
8
PLUMBING-DRAINAGE
10
15922.500
20
-21675.540
30
0.0
11
15908.310
21
-21678.400
31
0.0
0
LINE
8
PLUMBING-DRAINAGE
10
15908.310
20
-21678.400
30
0.0
11
15896.320
21
-21686.320
31
0.0
0
LINE
8
PLUMBING-DRAINAGE
10
15896.320
20
-21686.320
30
0.0
11
15888.400
21
-21698.310
31
0.0
0
LINE
8
PLUMBING-DRAINAGE
10
15888.400
20
-21698.310
30
0.0
11
15885.540
21
-21712.500
31
0.0
0
LINE
8
PLUMBING-DRAINAGE
10
15885.540
20
-21712.500
30
0.0
11
15888.400
21
-21726.690
31
0.0
0
LINE
8
PLUMBING-DRAINAGE
10
15888.400
20
-21726.690
30
0.0
11
15896.320
21
-21738.680
31
0.0
0
LINE
8
PLUMBING-DRAINAGE
10
15896.320
20
-21738.680
30
0.0
11
15908.310
21
-21746.600
31
0.0
0
LINE
8
PLUMBING-DRAINAGE
10
15908.310
20
-21746.600
30
0.0
11
15922.500
21
-21749.460
31
0.0
0
LINE
8
PLUMBING-DRAINAGE
10
15922.500
20
-21749.460
30
0.0
11
15936.690
21
-21746.600
31
0.0
0
LINE
8
PLUMBING-DRAINAGE
10
15936.690
20
-21746.600
30
0.0
11
15948.680
21
-21738.680
31
0.0
0
LINE
8
PLUMBING-DRAINAGE
10
15948.680
20
-21738.680
30
0.0
11
15956.600
21
-21726.690
31
0.0
0
LINE
8
PLUMBING-DRAINAGE
10
15956.600
20
-21726.690
30
0.0
11
15959.460
21
-21712.500
31
0.0
0
LINE
8
PLUMBING-DRAINAGE
10
15942.850
20
-21712.500
30
0.0
11
15940.760
21
-21703.700
31
0.0
0
LINE
8
PLUMBING-DRAINAGE
10
15940.760
20
-21703.700
30
0.0
11
15935.150
21
-21696.660
31
0.0
0
LINE
8
PLUMBING-DRAINAGE
10
15935.150
20
-21696.660
30
0.0
11
15927.010
21
-21692.700
31
0.0
0
LINE
8
PLUMBING-DRAINAGE
10
15927.010
20
-21692.700
30
0.0
11
15917.990
21
-21692.700
31
0.0
0
LINE
8
PLUMBING-DRAINAGE
10
15917.990
20
-21692.700
30
0.0
11
15909.850
21
-21696.660
31
0.0
0
LINE
8
PLUMBING-DRAINAGE
10
15909.850
20
-21696.660
30
0.0
11
15904.240
21
-21703.700
31
0.0
0
LINE
8
PLUMBING-DRAINAGE
10
15904.240
20
-21703.700
30
0.0
11
15902.150
21
-21712.500
31
0.0
0
LINE
8
PLUMBING-DRAINAGE
10
15902.150
20
-21712.500
30
0.0
11
15904.240
21
-21721.300
31
0.0
0
LINE
8
PLUMBING-DRAINAGE
10
15904.240
20
-21721.300
30
0.0
11
15909.850
21
-21728.340
31
0.0
0
LINE
8
PLUMBING-DRAINAGE
10
15909.850
20
-21728.340
30
0.0
11
15917.990
21
-21732.300
31
0.0
0
LINE
8
PLUMBING-DRAINAGE
10
15917.990
20
-21732.300
30
0.0
11
15927.010
21
-21732.300
31
0.0
0
LINE
8
PLUMBING-DRAINAGE
10
15927.010
20
-21732.300
30
0.0
11
15935.150
21
-21728.340
31
0.0
0
LINE
8
PLUMBING-DRAINAGE
10
15935.150
20
-21728.340
30
0.0
11
15940.760
21
-21721.300
31
0.0
0
LINE
8
PLUMBING-DRAINAGE
10
15940.760
20
-21721.300
30
0.0
11
15942.850
21
-21712.500
31
0.0
0
LINE
8
PLUMBING-DRAINAGE
10
15885.540
20
-21712.500
30
0.0
11
15959.460
21
-21712.500
31
0.0
0
LINE
8
PLUMBING-DRAINAGE
10
15922.500
20
-21749.460
30
0.0
11
15922.500
21
-21675.540
31
0.0
0
TEXT
8
LEGEND
10
14619.750
20
-23368.440
30
0.0
40
173.700
1
\U+05E0\U+05E7\U+05D5\U+05D3\U+05EA \U+05D9\U+05E6\U+05D9\U+05D0\U+05EA \U+05D0\U+05E1\U+05DC\U+05D4
7
HEB
0
LINE
8
FRAME
10
18567.500
20
-22272.500
30
0.0
11
19067.500
21
-22272.500
31
0.0
0
LINE
8
FRAME
10
19067.500
20
-22272.500
30
0.0
11
19067.500
21
-21152.500
31
0.0
0
LINE
8
FRAME
10
19067.500
20
-21152.500
30
0.0
11
18567.500
21
-21152.500
31
0.0
0
LINE
8
FRAME
10
18567.500
20
-21152.500
30
0.0
11
18567.500
21
-22272.500
31
0.0
0
LINE
8
PLUMBING-DRAINAGE
10
18755.000
20
-21981.300
30
0.0
11
18880.000
21
-21981.300
31
0.0
0
LINE
8
PLUMBING-DRAINAGE
10
18880.000
20
-21981.300
30
0.0
11
18880.000
21
-21354.100
31
0.0
0
LINE
8
PLUMBING-DRAINAGE
10
18880.000
20
-21354.100
30
0.0
11
18755.000
21
-21354.100
31
0.0
0
LINE
8
PLUMBING-DRAINAGE
10
18755.000
20
-21354.100
30
0.0
11
18755.000
21
-21981.300
31
0.0
0
LINE
8
PLUMBING-DRAINAGE
10
18796.000
20
-21461.620
30
0.0
11
18839.000
21
-21461.620
31
0.0
0
LINE
8
PLUMBING-DRAINAGE
10
18839.000
20
-21461.620
30
0.0
11
18839.000
21
-21372.020
31
0.0
0
LINE
8
PLUMBING-DRAINAGE
10
18839.000
20
-21372.020
30
0.0
11
18796.000
21
-21372.020
31
0.0
0
LINE
8
PLUMBING-DRAINAGE
10
18796.000
20
-21372.020
30
0.0
11
18796.000
21
-21461.620
31
0.0
0
LINE
8
PLUMBING-DRAINAGE
10
18817.500
20
-21461.620
30
0.0
11
18817.500
21
-21372.020
31
0.0
0
LINE
8
PLUMBING-DRAINAGE
10
18755.000
20
-21757.300
30
0.0
11
18880.000
21
-21757.300
31
0.0
0
LINE
8
PLUMBING-DRAINAGE
10
18839.000
20
-22052.980
30
0.0
11
18832.500
21
-22019.380
31
0.0
0
LINE
8
PLUMBING-DRAINAGE
10
18832.500
20
-22019.380
30
0.0
11
18817.500
21
-22004.820
31
0.0
0
LINE
8
PLUMBING-DRAINAGE
10
18817.500
20
-22004.820
30
0.0
11
18802.500
21
-22019.380
31
0.0
0
LINE
8
PLUMBING-DRAINAGE
10
18802.500
20
-22019.380
30
0.0
11
18796.000
21
-22052.980
31
0.0
0
LINE
8
PLUMBING-DRAINAGE
10
18796.000
20
-22052.980
30
0.0
11
18802.500
21
-22086.580
31
0.0
0
LINE
8
PLUMBING-DRAINAGE
10
18802.500
20
-22086.580
30
0.0
11
18817.500
21
-22101.140
31
0.0
0
LINE
8
PLUMBING-DRAINAGE
10
18817.500
20
-22101.140
30
0.0
11
18832.500
21
-22086.580
31
0.0
0
LINE
8
PLUMBING-DRAINAGE
10
18832.500
20
-22086.580
30
0.0
11
18839.000
21
-22052.980
31
0.0
0
TEXT
8
LEGEND
10
17514.750
20
-23368.440
30
0.0
40
173.700
1
\U+05DE\U+05D9\U+05DB\U+05DC \U+05D4\U+05D3\U+05D7\U+05D4 \U+05E1\U+05DE\U+05D5\U+05D9 (\U+05E0\U+05D9\U+05D0\U+05D2\U+05E8\U+05D4 \U+05E1\U+05DE\U+05D5\U+05D9\U+05D4)
7
HEB
0
LINE
8
FRAME
10
21702.500
20
-21722.500
30
0.0
11
21722.500
21
-21722.500
31
0.0
0
LINE
8
FRAME
10
21722.500
20
-21722.500
30
0.0
11
21722.500
21
-21702.500
31
0.0
0
LINE
8
FRAME
10
21722.500
20
-21702.500
30
0.0
11
21702.500
21
-21702.500
31
0.0
0
LINE
8
FRAME
10
21702.500
20
-21702.500
30
0.0
11
21702.500
21
-21722.500
31
0.0
0
LINE
8
PLUMBING-DRAINAGE
10
21712.500
20
-21704.980
30
0.0
11
21713.860
21
-21707.680
31
0.0
0
LINE
8
PLUMBING-DRAINAGE
10
21713.860
20
-21707.680
30
0.0
11
21714.840
21
-21708.400
31
0.0
0
LINE
8
PLUMBING-DRAINAGE
10
21714.840
20
-21708.400
30
0.0
11
21715.500
21
-21709.440
31
0.0
0
LINE
8
PLUMBING-DRAINAGE
10
21715.500
20
-21709.440
30
0.0
11
21715.700
21
-21710.660
31
0.0
0
LINE
8
PLUMBING-DRAINAGE
10
21715.700
20
-21710.660
30
0.0
11
21715.440
21
-21711.860
31
0.0
0
LINE
8
PLUMBING-DRAINAGE
10
21715.440
20
-21711.860
30
0.0
11
21714.740
21
-21712.880
31
0.0
0
LINE
8
PLUMBING-DRAINAGE
10
21714.740
20
-21712.880
30
0.0
11
21713.700
21
-21713.540
31
0.0
0
LINE
8
PLUMBING-DRAINAGE
10
21713.700
20
-21713.540
30
0.0
11
21712.500
21
-21713.780
31
0.0
0
LINE
8
PLUMBING-DRAINAGE
10
21712.500
20
-21713.780
30
0.0
11
21711.300
21
-21713.540
31
0.0
0
LINE
8
PLUMBING-DRAINAGE
10
21711.300
20
-21713.540
30
0.0
11
21710.260
21
-21712.880
31
0.0
0
LINE
8
PLUMBING-DRAINAGE
10
21710.260
20
-21712.880
30
0.0
11
21709.560
21
-21711.860
31
0.0
0
LINE
8
PLUMBING-DRAINAGE
10
21709.560
20
-21711.860
30
0.0
11
21709.300
21
-21710.660
31
0.0
0
LINE
8
PLUMBING-DRAINAGE
10
21709.300
20
-21710.660
30
0.0
11
21709.500
21
-21709.440
31
0.0
0
LINE
8
PLUMBING-DRAINAGE
10
21709.500
20
-21709.440
30
0.0
11
21710.160
21
-21708.400
31
0.0
0
LINE
8
PLUMBING-DRAINAGE
10
21710.160
20
-21708.400
30
0.0
11
21711.140
21
-21707.680
31
0.0
0
LINE
8
PLUMBING-DRAINAGE
10
21711.140
20
-21707.680
30
0.0
11
21712.500
21
-21704.980
31
0.0
0
LINE
8
PLUMBING-DRAINAGE
10
21712.500
20
-21713.780
30
0.0
11
21712.500
21
-21714.900
31
0.0
0
LINE
8
PLUMBING-DRAINAGE
10
21712.500
20
-21716.020
30
0.0
11
21712.500
21
-21717.140
31
0.0
0
LINE
8
PLUMBING-DRAINAGE
10
21712.500
20
-21718.260
30
0.0
11
21712.500
21
-21719.380
31
0.0
0
TEXT
8
LEGEND
10
20409.750
20
-23368.440
30
0.0
40
173.700
1
\U+05E0\U+05E7\U+05D5\U+05D3\U+05EA \U+05E0\U+05D9\U+05E7\U+05D5\U+05D6 \U+05DE\U+05D6\U+05D2\U+05DF (\U+05E7\U+05D5\U+05E0\U+05D3\U+05E0\U+05E1\U+05D8)
7
HEB
0
LINE
8
FRAME
10
24597.500
20
-21722.500
30
0.0
11
24617.500
21
-21722.500
31
0.0
0
LINE
8
FRAME
10
24617.500
20
-21722.500
30
0.0
11
24617.500
21
-21702.500
31
0.0
0
LINE
8
FRAME
10
24617.500
20
-21702.500
30
0.0
11
24597.500
21
-21702.500
31
0.0
0
LINE
8
FRAME
10
24597.500
20
-21702.500
30
0.0
11
24597.500
21
-21722.500
31
0.0
0
LINE
8
GAS
10
24613.320
20
-21709.140
30
0.0
11
24607.500
21
-21705.780
31
0.0
0
LINE
8
GAS
10
24607.500
20
-21705.780
30
0.0
11
24601.680
21
-21709.140
31
0.0
0
LINE
8
GAS
10
24601.680
20
-21709.140
30
0.0
11
24601.680
21
-21715.860
31
0.0
0
LINE
8
GAS
10
24601.680
20
-21715.860
30
0.0
11
24607.500
21
-21719.220
31
0.0
0
LINE
8
GAS
10
24607.500
20
-21719.220
30
0.0
11
24613.320
21
-21715.860
31
0.0
0
LINE
8
GAS
10
24613.320
20
-21715.860
30
0.0
11
24613.320
21
-21709.140
31
0.0
0
LINE
8
GAS
10
24607.500
20
-21708.580
30
0.0
11
24608.840
21
-21711.480
31
0.0
0
LINE
8
GAS
10
24608.840
20
-21711.480
30
0.0
11
24609.200
21
-21713.660
31
0.0
0
LINE
8
GAS
10
24609.200
20
-21713.660
30
0.0
11
24608.340
21
-21715.340
31
0.0
0
LINE
8
GAS
10
24608.340
20
-21715.340
30
0.0
11
24606.660
21
-21715.340
31
0.0
0
LINE
8
GAS
10
24606.660
20
-21715.340
30
0.0
11
24605.800
21
-21713.660
31
0.0
0
LINE
8
GAS
10
24605.800
20
-21713.660
30
0.0
11
24606.160
21
-21711.480
31
0.0
0
LINE
8
GAS
10
24606.160
20
-21711.480
30
0.0
11
24607.500
21
-21708.580
31
0.0
0
TEXT
8
LEGEND
10
23304.750
20
-23368.440
30
0.0
40
173.700
1
\U+05E0\U+05E7\U+05D5\U+05D3\U+05EA \U+05D2\U+05D6 (\U+05DB\U+05D9\U+05E8\U+05D9\U+05D9\U+05DD)
7
HEB
0
LINE
8
FRAME
10
27482.500
20
-21732.500
30
0.0
11
27522.500
21
-21732.500
31
0.0
0
LINE
8
FRAME
10
27522.500
20
-21732.500
30
0.0
11
27522.500
21
-21692.500
31
0.0
0
LINE
8
FRAME
10
27522.500
20
-21692.500
30
0.0
11
27482.500
21
-21692.500
31
0.0
0
LINE
8
FRAME
10
27482.500
20
-21692.500
30
0.0
11
27482.500
21
-21732.500
31
0.0
0
LINE
8
GAS
10
27511.380
20
-21705.780
30
0.0
11
27502.500
21
-21700.660
31
0.0
0
LINE
8
GAS
10
27502.500
20
-21700.660
30
0.0
11
27493.620
21
-21705.780
31
0.0
0
LINE
8
GAS
10
27493.620
20
-21705.780
30
0.0
11
27493.620
21
-21716.020
31
0.0
0
LINE
8
GAS
10
27493.620
20
-21716.020
30
0.0
11
27502.500
21
-21721.140
31
0.0
0
LINE
8
GAS
10
27502.500
20
-21721.140
30
0.0
11
27511.380
21
-21716.020
31
0.0
0
LINE
8
GAS
10
27511.380
20
-21716.020
30
0.0
11
27511.380
21
-21705.780
31
0.0
0
LINE
8
GAS
10
27498.420
20
-21716.020
30
0.0
11
27498.420
21
-21722.180
31
0.0
0
LINE
8
GAS
10
27506.580
20
-21716.020
30
0.0
11
27506.580
21
-21722.180
31
0.0
0
TEXT
8
LEGEND
10
26199.750
20
-23368.440
30
0.0
40
173.700
1
\U+05D4\U+05DB\U+05E0\U+05EA \U+05D2\U+05D6 2 \U+05D9\U+05E6\U+05D9\U+05D0\U+05D5\U+05EA
7
HEB
0
LINE
8
FRAME
10
30297.500
20
-21752.500
30
0.0
11
30497.500
21
-21752.500
31
0.0
0
LINE
8
FRAME
10
30497.500
20
-21752.500
30
0.0
11
30497.500
21
-21672.500
31
0.0
0
LINE
8
FRAME
10
30497.500
20
-21672.500
30
0.0
11
30297.500
21
-21672.500
31
0.0
0
LINE
8
FRAME
10
30297.500
20
-21672.500
30
0.0
11
30297.500
21
-21752.500
31
0.0
0
LINE
8
GAS
10
30325.500
20
-21715.060
30
0.0
11
30469.500
21
-21715.060
31
0.0
0
LINE
8
GAS
10
30348.900
20
-21712.260
30
0.0
11
30336.700
21
-21709.460
31
0.0
0
LINE
8
GAS
10
30336.700
20
-21709.460
30
0.0
11
30324.500
21
-21712.260
31
0.0
0
LINE
8
GAS
10
30324.500
20
-21712.260
30
0.0
11
30324.500
21
-21717.860
31
0.0
0
LINE
8
GAS
10
30324.500
20
-21717.860
30
0.0
11
30336.700
21
-21720.660
31
0.0
0
LINE
8
GAS
10
30336.700
20
-21720.660
30
0.0
11
30348.900
21
-21717.860
31
0.0
0
LINE
8
GAS
10
30348.900
20
-21717.860
30
0.0
11
30348.900
21
-21712.260
31
0.0
0
LINE
8
GAS
10
30373.500
20
-21715.060
30
0.0
11
30373.500
21
-21706.100
31
0.0
0
LINE
8
GAS
10
30370.300
20
-21706.100
30
0.0
11
30376.700
21
-21706.100
31
0.0
0
LINE
8
GAS
10
30402.300
20
-21715.060
30
0.0
11
30402.300
21
-21706.100
31
0.0
0
LINE
8
GAS
10
30399.100
20
-21706.100
30
0.0
11
30405.500
21
-21706.100
31
0.0
0
LINE
8
GAS
10
30431.100
20
-21715.060
30
0.0
11
30431.100
21
-21706.100
31
0.0
0
LINE
8
GAS
10
30427.900
20
-21706.100
30
0.0
11
30434.300
21
-21706.100
31
0.0
0
LINE
8
GAS
10
30459.900
20
-21715.060
30
0.0
11
30459.900
21
-21706.100
31
0.0
0
LINE
8
GAS
10
30456.700
20
-21706.100
30
0.0
11
30463.100
21
-21706.100
31
0.0
0
TEXT
8
LEGEND
10
29094.750
20
-23368.440
30
0.0
40
173.700
1
\U+05D7\U+05E0\U+05D5\U+05DB\U+05D9\U+05D9\U+05EA \U+05D2\U+05D6 / \U+05DE\U+05E4\U+05E6\U+05DC (N \U+05D9\U+05E6\U+05D9\U+05D0\U+05D5\U+05EA)
7
HEB
0
LINE
8
FRAME
10
33142.500
20
-21912.500
30
0.0
11
33442.500
21
-21912.500
31
0.0
0
LINE
8
FRAME
10
33442.500
20
-21912.500
30
0.0
11
33442.500
21
-21512.500
31
0.0
0
LINE
8
FRAME
10
33442.500
20
-21512.500
30
0.0
11
33142.500
21
-21512.500
31
0.0
0
LINE
8
FRAME
10
33142.500
20
-21512.500
30
0.0
11
33142.500
21
-21912.500
31
0.0
0
LINE
8
GAS
10
33220.500
20
-21848.500
30
0.0
11
33364.500
21
-21848.500
31
0.0
0
LINE
8
GAS
10
33364.500
20
-21848.500
30
0.0
11
33364.500
21
-21576.500
31
0.0
0
LINE
8
GAS
10
33364.500
20
-21576.500
30
0.0
11
33220.500
21
-21576.500
31
0.0
0
LINE
8
GAS
10
33220.500
20
-21576.500
30
0.0
11
33220.500
21
-21848.500
31
0.0
0
LINE
8
GAS
10
33290.400
20
-21677.300
30
0.0
11
33265.500
21
-21658.100
31
0.0
0
LINE
8
GAS
10
33265.500
20
-21658.100
30
0.0
11
33240.600
21
-21677.300
31
0.0
0
LINE
8
GAS
10
33240.600
20
-21677.300
30
0.0
11
33240.600
21
-21715.700
31
0.0
0
LINE
8
GAS
10
33240.600
20
-21715.700
30
0.0
11
33265.500
21
-21734.900
31
0.0
0
LINE
8
GAS
10
33265.500
20
-21734.900
30
0.0
11
33290.400
21
-21715.700
31
0.0
0
LINE
8
GAS
10
33290.400
20
-21715.700
30
0.0
11
33290.400
21
-21677.300
31
0.0
0
LINE
8
GAS
10
33346.500
20
-21680.500
30
0.0
11
33342.900
21
-21662.500
31
0.0
0
LINE
8
GAS
10
33342.900
20
-21662.500
30
0.0
11
33333.000
21
-21649.300
31
0.0
0
LINE
8
GAS
10
33333.000
20
-21649.300
30
0.0
11
33319.500
21
-21644.500
31
0.0
0
LINE
8
GAS
10
33319.500
20
-21644.500
30
0.0
11
33306.000
21
-21649.300
31
0.0
0
LINE
8
GAS
10
33306.000
20
-21649.300
30
0.0
11
33296.100
21
-21662.500
31
0.0
0
LINE
8
GAS
10
33296.100
20
-21662.500
30
0.0
11
33292.500
21
-21680.500
31
0.0
0
LINE
8
GAS
10
33292.500
20
-21680.500
30
0.0
11
33296.100
21
-21698.500
31
0.0
0
LINE
8
GAS
10
33296.100
20
-21698.500
30
0.0
11
33306.000
21
-21711.700
31
0.0
0
LINE
8
GAS
10
33306.000
20
-21711.700
30
0.0
11
33319.500
21
-21716.500
31
0.0
0
LINE
8
GAS
10
33319.500
20
-21716.500
30
0.0
11
33333.000
21
-21711.700
31
0.0
0
LINE
8
GAS
10
33333.000
20
-21711.700
30
0.0
11
33342.900
21
-21698.500
31
0.0
0
LINE
8
GAS
10
33342.900
20
-21698.500
30
0.0
11
33346.500
21
-21680.500
31
0.0
0
LINE
8
GAS
10
33319.500
20
-21680.500
30
0.0
11
33332.100
21
-21654.900
31
0.0
0
LINE
8
GAS
10
33238.500
20
-21776.500
30
0.0
11
33346.500
21
-21776.500
31
0.0
0
TEXT
8
LEGEND
10
31989.750
20
-23368.440
30
0.0
40
173.700
1
\U+05DE\U+05E8\U+05DB\U+05D6\U+05D9\U+05D9\U+05EA \U+05D2\U+05D6 / \U+05D5\U+05E1\U+05EA \U+05DE\U+05E8\U+05DB\U+05D6\U+05D9
7
HEB
0
LINE
8
FRAME
10
1297.500
20
-24907.500
30
0.0
11
1597.500
21
-24907.500
31
0.0
0
LINE
8
FRAME
10
1597.500
20
-24907.500
30
0.0
11
1597.500
21
-24307.500
31
0.0
0
LINE
8
FRAME
10
1597.500
20
-24307.500
30
0.0
11
1297.500
21
-24307.500
31
0.0
0
LINE
8
FRAME
10
1297.500
20
-24307.500
30
0.0
11
1297.500
21
-24907.500
31
0.0
0
LINE
8
GAS
10
1481.100
20
-24473.100
30
0.0
11
1479.600
21
-24452.100
31
0.0
0
LINE
8
GAS
10
1479.600
20
-24452.100
30
0.0
11
1474.800
21
-24433.500
31
0.0
0
LINE
8
GAS
10
1474.800
20
-24433.500
30
0.0
11
1467.300
21
-24418.500
31
0.0
0
LINE
8
GAS
10
1467.300
20
-24418.500
30
0.0
11
1458.000
21
-24408.900
31
0.0
0
LINE
8
GAS
10
1458.000
20
-24408.900
30
0.0
11
1447.500
21
-24405.900
31
0.0
0
LINE
8
GAS
10
1447.500
20
-24405.900
30
0.0
11
1437.000
21
-24408.900
31
0.0
0
LINE
8
GAS
10
1437.000
20
-24408.900
30
0.0
11
1427.700
21
-24418.500
31
0.0
0
LINE
8
GAS
10
1427.700
20
-24418.500
30
0.0
11
1420.200
21
-24433.500
31
0.0
0
LINE
8
GAS
10
1420.200
20
-24433.500
30
0.0
11
1415.400
21
-24452.100
31
0.0
0
LINE
8
GAS
10
1415.400
20
-24452.100
30
0.0
11
1413.900
21
-24473.100
31
0.0
0
LINE
8
GAS
10
1413.900
20
-24473.100
30
0.0
11
1413.900
21
-24799.500
31
0.0
0
LINE
8
GAS
10
1413.900
20
-24799.500
30
0.0
11
1481.100
21
-24799.500
31
0.0
0
LINE
8
GAS
10
1481.100
20
-24799.500
30
0.0
11
1481.100
21
-24473.100
31
0.0
0
LINE
8
GAS
10
1413.900
20
-24799.500
30
0.0
11
1481.100
21
-24799.500
31
0.0
0
LINE
8
GAS
10
1437.900
20
-24473.100
30
0.0
11
1457.100
21
-24473.100
31
0.0
0
LINE
8
GAS
10
1457.100
20
-24473.100
30
0.0
11
1457.100
21
-24415.500
31
0.0
0
LINE
8
GAS
10
1457.100
20
-24415.500
30
0.0
11
1437.900
21
-24415.500
31
0.0
0
LINE
8
GAS
10
1437.900
20
-24415.500
30
0.0
11
1437.900
21
-24473.100
31
0.0
0
LINE
8
GAS
10
1454.700
20
-24401.100
30
0.0
11
1452.600
21
-24390.900
31
0.0
0
LINE
8
GAS
10
1452.600
20
-24390.900
30
0.0
11
1447.500
21
-24386.700
31
0.0
0
LINE
8
GAS
10
1447.500
20
-24386.700
30
0.0
11
1442.400
21
-24390.900
31
0.0
0
LINE
8
GAS
10
1442.400
20
-24390.900
30
0.0
11
1440.300
21
-24401.100
31
0.0
0
LINE
8
GAS
10
1440.300
20
-24401.100
30
0.0
11
1442.400
21
-24411.300
31
0.0
0
LINE
8
GAS
10
1442.400
20
-24411.300
30
0.0
11
1447.500
21
-24415.500
31
0.0
0
LINE
8
GAS
10
1447.500
20
-24415.500
30
0.0
11
1452.600
21
-24411.300
31
0.0
0
LINE
8
GAS
10
1452.600
20
-24411.300
30
0.0
11
1454.700
21
-24401.100
31
0.0
0
TEXT
8
LEGEND
10
144.750
20
-26263.440
30
0.0
40
173.700
1
\U+05D1\U+05DC\U+05D5\U+05DF \U+05D2\U+05D6 (\U+05D2\U+05E4\U+05F4\U+05DE)
7
HEB
0
LINE
8
FRAME
10
4322.500
20
-24627.500
30
0.0
11
4362.500
21
-24627.500
31
0.0
0
LINE
8
FRAME
10
4362.500
20
-24627.500
30
0.0
11
4362.500
21
-24587.500
31
0.0
0
LINE
8
FRAME
10
4362.500
20
-24587.500
30
0.0
11
4322.500
21
-24587.500
31
0.0
0
LINE
8
FRAME
10
4322.500
20
-24587.500
30
0.0
11
4322.500
21
-24627.500
31
0.0
0
LINE
8
GAS
10
4334.180
20
-24614.940
30
0.0
11
4334.180
21
-24603.260
31
0.0
0
LINE
8
GAS
10
4334.180
20
-24603.260
30
0.0
11
4342.500
21
-24609.100
31
0.0
0
LINE
8
GAS
10
4342.500
20
-24609.100
30
0.0
11
4334.180
21
-24614.940
31
0.0
0
LINE
8
GAS
10
4350.820
20
-24614.940
30
0.0
11
4350.820
21
-24603.260
31
0.0
0
LINE
8
GAS
10
4350.820
20
-24603.260
30
0.0
11
4342.500
21
-24609.100
31
0.0
0
LINE
8
GAS
10
4342.500
20
-24609.100
30
0.0
11
4350.820
21
-24614.940
31
0.0
0
LINE
8
GAS
10
4342.500
20
-24609.100
30
0.0
11
4342.500
21
-24599.100
31
0.0
0
LINE
8
GAS
10
4338.340
20
-24599.100
30
0.0
11
4346.660
21
-24599.100
31
0.0
0
LINE
8
GAS
10
4342.500
20
-24612.780
30
0.0
11
4344.340
21
-24616.740
31
0.0
0
LINE
8
GAS
10
4344.340
20
-24616.740
30
0.0
11
4344.820
21
-24619.740
31
0.0
0
LINE
8
GAS
10
4344.820
20
-24619.740
30
0.0
11
4343.660
21
-24622.060
31
0.0
0
LINE
8
GAS
10
4343.660
20
-24622.060
30
0.0
11
4341.340
21
-24622.060
31
0.0
0
LINE
8
GAS
10
4341.340
20
-24622.060
30
0.0
11
4340.180
21
-24619.740
31
0.0
0
LINE
8
GAS
10
4340.180
20
-24619.740
30
0.0
11
4340.660
21
-24616.740
31
0.0
0
LINE
8
GAS
10
4340.660
20
-24616.740
30
0.0
11
4342.500
21
-24612.780
31
0.0
0
TEXT
8
LEGEND
10
3039.750
20
-26263.440
30
0.0
40
173.700
1
\U+05D1\U+05E8\U+05D6 \U+05D2\U+05D6 \U+05DC\U+05D8\U+05D0\U+05D1\U+05D5\U+05DF (\U+05D7\U+05D9\U+05E6\U+05D5\U+05E0\U+05D9)
7
HEB
0
LINE
8
FRAME
10
7112.500
20
-24757.500
30
0.0
11
7362.500
21
-24757.500
31
0.0
0
LINE
8
FRAME
10
7362.500
20
-24757.500
30
0.0
11
7362.500
21
-24457.500
31
0.0
0
LINE
8
FRAME
10
7362.500
20
-24457.500
30
0.0
11
7112.500
21
-24457.500
31
0.0
0
LINE
8
FRAME
10
7112.500
20
-24457.500
30
0.0
11
7112.500
21
-24757.500
31
0.0
0
LINE
8
GAS
10
7170.750
20
-24707.400
30
0.0
11
7304.250
21
-24707.400
31
0.0
0
LINE
8
GAS
10
7304.250
20
-24707.400
30
0.0
11
7304.250
21
-24507.600
31
0.0
0
LINE
8
GAS
10
7304.250
20
-24507.600
30
0.0
11
7170.750
21
-24507.600
31
0.0
0
LINE
8
GAS
10
7170.750
20
-24507.600
30
0.0
11
7170.750
21
-24707.400
31
0.0
0
LINE
8
GAS
10
7234.000
20
-24562.800
30
0.0
11
7210.750
21
-24546.600
31
0.0
0
LINE
8
GAS
10
7210.750
20
-24546.600
30
0.0
11
7187.750
21
-24562.800
31
0.0
0
LINE
8
GAS
10
7187.750
20
-24562.800
30
0.0
11
7187.750
21
-24594.600
31
0.0
0
LINE
8
GAS
10
7187.750
20
-24594.600
30
0.0
11
7210.750
21
-24610.800
31
0.0
0
LINE
8
GAS
10
7210.750
20
-24610.800
30
0.0
11
7234.000
21
-24594.600
31
0.0
0
LINE
8
GAS
10
7234.000
20
-24594.600
30
0.0
11
7234.000
21
-24562.800
31
0.0
0
LINE
8
GAS
10
7282.500
20
-24583.500
30
0.0
11
7280.000
21
-24570.600
31
0.0
0
LINE
8
GAS
10
7280.000
20
-24570.600
30
0.0
11
7273.000
21
-24560.100
31
0.0
0
LINE
8
GAS
10
7273.000
20
-24560.100
30
0.0
11
7263.000
21
-24554.400
31
0.0
0
LINE
8
GAS
10
7263.000
20
-24554.400
30
0.0
11
7252.000
21
-24554.400
31
0.0
0
LINE
8
GAS
10
7252.000
20
-24554.400
30
0.0
11
7242.000
21
-24560.100
31
0.0
0
LINE
8
GAS
10
7242.000
20
-24560.100
30
0.0
11
7235.000
21
-24570.600
31
0.0
0
LINE
8
GAS
10
7235.000
20
-24570.600
30
0.0
11
7232.500
21
-24583.500
31
0.0
0
LINE
8
GAS
10
7232.500
20
-24583.500
30
0.0
11
7235.000
21
-24596.400
31
0.0
0
LINE
8
GAS
10
7235.000
20
-24596.400
30
0.0
11
7242.000
21
-24606.900
31
0.0
0
LINE
8
GAS
10
7242.000
20
-24606.900
30
0.0
11
7252.000
21
-24612.600
31
0.0
0
LINE
8
GAS
10
7252.000
20
-24612.600
30
0.0
11
7263.000
21
-24612.600
31
0.0
0
LINE
8
GAS
10
7263.000
20
-24612.600
30
0.0
11
7273.000
21
-24606.900
31
0.0
0
LINE
8
GAS
10
7273.000
20
-24606.900
30
0.0
11
7280.000
21
-24596.400
31
0.0
0
LINE
8
GAS
10
7280.000
20
-24596.400
30
0.0
11
7282.500
21
-24583.500
31
0.0
0
LINE
8
GAS
10
7257.500
20
-24583.500
30
0.0
11
7257.500
21
-24554.700
31
0.0
0
LINE
8
GAS
10
7200.750
20
-24660.300
30
0.0
11
7274.250
21
-24660.300
31
0.0
0
LINE
8
GAS
10
7274.250
20
-24660.300
30
0.0
11
7274.250
21
-24631.500
31
0.0
0
LINE
8
GAS
10
7274.250
20
-24631.500
30
0.0
11
7200.750
21
-24631.500
31
0.0
0
LINE
8
GAS
10
7200.750
20
-24631.500
30
0.0
11
7200.750
21
-24660.300
31
0.0
0
TEXT
8
LEGEND
10
5934.750
20
-26263.440
30
0.0
40
173.700
1
\U+05DE\U+05D5\U+05E0\U+05D4 \U+05D2\U+05D6
7
HEB
0
LINE
8
FRAME
10
10112.500
20
-24627.500
30
0.0
11
10152.500
21
-24627.500
31
0.0
0
LINE
8
FRAME
10
10152.500
20
-24627.500
30
0.0
11
10152.500
21
-24587.500
31
0.0
0
LINE
8
FRAME
10
10152.500
20
-24587.500
30
0.0
11
10112.500
21
-24587.500
31
0.0
0
LINE
8
FRAME
10
10112.500
20
-24587.500
30
0.0
11
10112.500
21
-24627.500
31
0.0
0
LINE
8
GAS
10
10122.900
20
-24614.220
30
0.0
11
10122.900
21
-24600.780
31
0.0
0
LINE
8
GAS
10
10122.900
20
-24600.780
30
0.0
11
10132.500
21
-24607.500
31
0.0
0
LINE
8
GAS
10
10132.500
20
-24607.500
30
0.0
11
10122.900
21
-24614.220
31
0.0
0
LINE
8
GAS
10
10142.100
20
-24614.220
30
0.0
11
10142.100
21
-24600.780
31
0.0
0
LINE
8
GAS
10
10142.100
20
-24600.780
30
0.0
11
10132.500
21
-24607.500
31
0.0
0
LINE
8
GAS
10
10132.500
20
-24607.500
30
0.0
11
10142.100
21
-24614.220
31
0.0
0
LINE
8
GAS
10
10132.500
20
-24607.500
30
0.0
11
10132.500
21
-24595.020
31
0.0
0
LINE
8
GAS
10
10127.700
20
-24595.020
30
0.0
11
10137.300
21
-24595.020
31
0.0
0
TEXT
8
LEGEND
10
8829.750
20
-26263.440
30
0.0
40
173.700
1
\U+05D1\U+05E8\U+05D6 \U+05E0\U+05D9\U+05EA\U+05D5\U+05E7 \U+05D2\U+05D6 \U+05E8\U+05D0\U+05E9\U+05D9
7
HEB
0
LINE
8
FRAME
10
12577.500
20
-24757.500
30
0.0
11
13477.500
21
-24757.500
31
0.0
0
LINE
8
FRAME
10
13477.500
20
-24757.500
30
0.0
11
13477.500
21
-24457.500
31
0.0
0
LINE
8
FRAME
10
13477.500
20
-24457.500
30
0.0
11
12577.500
21
-24457.500
31
0.0
0
LINE
8
FRAME
10
12577.500
20
-24457.500
30
0.0
11
12577.500
21
-24757.500
31
0.0
0
LINE
8
HVAC-VENTILATION
10
12689.100
20
-24619.500
30
0.0
11
13365.900
21
-24619.500
31
0.0
0
LINE
8
HVAC-VENTILATION
10
13365.900
20
-24619.500
30
0.0
11
13365.900
21
-24587.400
31
0.0
0
LINE
8
HVAC-VENTILATION
10
13365.900
20
-24587.400
30
0.0
11
12689.100
21
-24587.400
31
0.0
0
LINE
8
HVAC-VENTILATION
10
12689.100
20
-24587.400
30
0.0
11
12689.100
21
-24619.500
31
0.0
0
LINE
8
HVAC-VENTILATION
10
12703.500
20
-24611.400
30
0.0
11
13351.500
21
-24611.400
31
0.0
0
LINE
8
HVAC-VENTILATION
10
12703.500
20
-24603.600
30
0.0
11
13351.500
21
-24603.600
31
0.0
0
LINE
8
HVAC-VENTILATION
10
12703.500
20
-24595.500
30
0.0
11
13351.500
21
-24595.500
31
0.0
0
LINE
8
HVAC-VENTILATION
10
12982.500
20
-24624.900
30
0.0
11
12987.900
21
-24628.500
31
0.0
0
LINE
8
HVAC-VENTILATION
10
12987.900
20
-24628.500
30
0.0
11
12995.100
21
-24631.500
31
0.0
0
LINE
8
HVAC-VENTILATION
10
12995.100
20
-24631.500
30
0.0
11
13005.000
21
-24633.600
31
0.0
0
LINE
8
HVAC-VENTILATION
10
13005.000
20
-24633.600
30
0.0
11
13015.800
21
-24635.100
31
0.0
0
LINE
8
HVAC-VENTILATION
10
13015.800
20
-24635.100
30
0.0
11
13027.500
21
-24635.400
31
0.0
0
LINE
8
HVAC-VENTILATION
10
13027.500
20
-24635.400
30
0.0
11
13039.200
21
-24635.100
31
0.0
0
LINE
8
HVAC-VENTILATION
10
13039.200
20
-24635.100
30
0.0
11
13050.000
21
-24633.600
31
0.0
0
LINE
8
HVAC-VENTILATION
10
13050.000
20
-24633.600
30
0.0
11
13059.900
21
-24631.500
31
0.0
0
LINE
8
HVAC-VENTILATION
10
13059.900
20
-24631.500
30
0.0
11
13067.100
21
-24628.500
31
0.0
0
LINE
8
HVAC-VENTILATION
10
13067.100
20
-24628.500
30
0.0
11
13072.500
21
-24624.900
31
0.0
0
TEXT
8
LEGEND
10
11724.750
20
-26263.440
30
0.0
40
173.700
1
\U+05DE\U+05D6\U+05D2\U+05DF \U+05E2\U+05D9\U+05DC\U+05D9 \U+2014 \U+05D9\U+05D7\U+05D9\U+05D3\U+05D4 \U+05E4\U+05E0\U+05D9\U+05DE\U+05D9\U+05EA
7
HEB
0
LINE
8
FRAME
10
15522.500
20
-24882.500
30
0.0
11
16322.500
21
-24882.500
31
0.0
0
LINE
8
FRAME
10
16322.500
20
-24882.500
30
0.0
11
16322.500
21
-24332.500
31
0.0
0
LINE
8
FRAME
10
16322.500
20
-24332.500
30
0.0
11
15522.500
21
-24332.500
31
0.0
0
LINE
8
FRAME
10
15522.500
20
-24332.500
30
0.0
11
15522.500
21
-24882.500
31
0.0
0
LINE
8
HVAC-VENTILATION
10
15653.700
20
-24723.550
30
0.0
11
16191.300
21
-24723.550
31
0.0
0
LINE
8
HVAC-VENTILATION
10
16191.300
20
-24723.550
30
0.0
11
16191.300
21
-24491.450
31
0.0
0
LINE
8
HVAC-VENTILATION
10
16191.300
20
-24491.450
30
0.0
11
15653.700
21
-24491.450
31
0.0
0
LINE
8
HVAC-VENTILATION
10
15653.700
20
-24491.450
30
0.0
11
15653.700
21
-24723.550
31
0.0
0
LINE
8
HVAC-VENTILATION
10
16054.500
20
-24607.500
30
0.0
11
16044.100
21
-24572.850
31
0.0
0
LINE
8
HVAC-VENTILATION
10
16044.100
20
-24572.850
30
0.0
11
16016.100
21
-24543.150
31
0.0
0
LINE
8
HVAC-VENTILATION
10
16016.100
20
-24543.150
30
0.0
11
15972.900
21
-24523.900
31
0.0
0
LINE
8
HVAC-VENTILATION
10
15972.900
20
-24523.900
30
0.0
11
15922.500
21
-24516.750
31
0.0
0
LINE
8
HVAC-VENTILATION
10
15922.500
20
-24516.750
30
0.0
11
15872.100
21
-24523.900
31
0.0
0
LINE
8
HVAC-VENTILATION
10
15872.100
20
-24523.900
30
0.0
11
15828.900
21
-24543.150
31
0.0
0
LINE
8
HVAC-VENTILATION
10
15828.900
20
-24543.150
30
0.0
11
15800.900
21
-24572.850
31
0.0
0
LINE
8
HVAC-VENTILATION
10
15800.900
20
-24572.850
30
0.0
11
15790.500
21
-24607.500
31
0.0
0
LINE
8
HVAC-VENTILATION
10
15790.500
20
-24607.500
30
0.0
11
15800.900
21
-24642.150
31
0.0
0
LINE
8
HVAC-VENTILATION
10
15800.900
20
-24642.150
30
0.0
11
15828.900
21
-24671.850
31
0.0
0
LINE
8
HVAC-VENTILATION
10
15828.900
20
-24671.850
30
0.0
11
15872.100
21
-24691.100
31
0.0
0
LINE
8
HVAC-VENTILATION
10
15872.100
20
-24691.100
30
0.0
11
15922.500
21
-24698.250
31
0.0
0
LINE
8
HVAC-VENTILATION
10
15922.500
20
-24698.250
30
0.0
11
15972.900
21
-24691.100
31
0.0
0
LINE
8
HVAC-VENTILATION
10
15972.900
20
-24691.100
30
0.0
11
16016.100
21
-24671.850
31
0.0
0
LINE
8
HVAC-VENTILATION
10
16016.100
20
-24671.850
30
0.0
11
16044.100
21
-24642.150
31
0.0
0
LINE
8
HVAC-VENTILATION
10
16044.100
20
-24642.150
30
0.0
11
16054.500
21
-24607.500
31
0.0
0
LINE
8
HVAC-VENTILATION
10
16000.100
20
-24652.050
30
0.0
11
16018.500
21
-24648.200
31
0.0
0
LINE
8
HVAC-VENTILATION
10
16018.500
20
-24648.200
30
0.0
11
16033.700
21
-24640.500
31
0.0
0
LINE
8
HVAC-VENTILATION
10
16033.700
20
-24640.500
30
0.0
11
16045.700
21
-24630.050
31
0.0
0
LINE
8
HVAC-VENTILATION
10
16045.700
20
-24630.050
30
0.0
11
16052.900
21
-24617.950
31
0.0
0
LINE
8
HVAC-VENTILATION
10
16052.900
20
-24617.950
30
0.0
11
16054.500
21
-24604.750
31
0.0
0
LINE
8
HVAC-VENTILATION
10
16054.500
20
-24604.750
30
0.0
11
16050.500
21
-24592.100
31
0.0
0
LINE
8
HVAC-VENTILATION
10
15987.300
20
-24554.150
30
0.0
11
15981.700
21
-24541.500
31
0.0
0
LINE
8
HVAC-VENTILATION
10
15981.700
20
-24541.500
30
0.0
11
15970.500
21
-24531.050
31
0.0
0
LINE
8
HVAC-VENTILATION
10
15970.500
20
-24531.050
30
0.0
11
15955.300
21
-24522.800
31
0.0
0
LINE
8
HVAC-VENTILATION
10
15955.300
20
-24522.800
30
0.0
11
15937.700
21
-24517.850
31
0.0
0
LINE
8
HVAC-VENTILATION
10
15937.700
20
-24517.850
30
0.0
11
15918.500
21
-24516.750
31
0.0
0
LINE
8
HVAC-VENTILATION
10
15918.500
20
-24516.750
30
0.0
11
15900.100
21
-24519.500
31
0.0
0
LINE
8
HVAC-VENTILATION
10
15844.900
20
-24562.950
30
0.0
11
15826.500
21
-24566.800
31
0.0
0
LINE
8
HVAC-VENTILATION
10
15826.500
20
-24566.800
30
0.0
11
15811.300
21
-24574.500
31
0.0
0
LINE
8
HVAC-VENTILATION
10
15811.300
20
-24574.500
30
0.0
11
15799.300
21
-24584.950
31
0.0
0
LINE
8
HVAC-VENTILATION
10
15799.300
20
-24584.950
30
0.0
11
15792.100
21
-24597.050
31
0.0
0
LINE
8
HVAC-VENTILATION
10
15792.100
20
-24597.050
30
0.0
11
15790.500
21
-24610.250
31
0.0
0
LINE
8
HVAC-VENTILATION
10
15790.500
20
-24610.250
30
0.0
11
15794.500
21
-24622.900
31
0.0
0
LINE
8
HVAC-VENTILATION
10
15857.700
20
-24660.850
30
0.0
11
15863.300
21
-24673.500
31
0.0
0
LINE
8
HVAC-VENTILATION
10
15863.300
20
-24673.500
30
0.0
11
15874.500
21
-24683.950
31
0.0
0
LINE
8
HVAC-VENTILATION
10
15874.500
20
-24683.950
30
0.0
11
15889.700
21
-24692.200
31
0.0
0
LINE
8
HVAC-VENTILATION
10
15889.700
20
-24692.200
30
0.0
11
15907.300
21
-24697.150
31
0.0
0
LINE
8
HVAC-VENTILATION
10
15907.300
20
-24697.150
30
0.0
11
15926.500
21
-24698.250
31
0.0
0
LINE
8
HVAC-VENTILATION
10
15926.500
20
-24698.250
30
0.0
11
15944.900
21
-24695.500
31
0.0
0
TEXT
8
LEGEND
10
14619.750
20
-26263.440
30
0.0
40
173.700
1
\U+05DE\U+05E2\U+05D1\U+05D4 \U+2014 \U+05D9\U+05D7\U+05D9\U+05D3\U+05D4 \U+05D7\U+05D9\U+05E6\U+05D5\U+05E0\U+05D9\U+05EA
7
HEB
0
LINE
8
FRAME
10
18517.500
20
-24907.500
30
0.0
11
19117.500
21
-24907.500
31
0.0
0
LINE
8
FRAME
10
19117.500
20
-24907.500
30
0.0
11
19117.500
21
-24307.500
31
0.0
0
LINE
8
FRAME
10
19117.500
20
-24307.500
30
0.0
11
18517.500
21
-24307.500
31
0.0
0
LINE
8
FRAME
10
18517.500
20
-24307.500
30
0.0
11
18517.500
21
-24907.500
31
0.0
0
LINE
8
HVAC-VENTILATION
10
18625.500
20
-24799.500
30
0.0
11
19009.500
21
-24799.500
31
0.0
0
LINE
8
HVAC-VENTILATION
10
19009.500
20
-24799.500
30
0.0
11
19009.500
21
-24415.500
31
0.0
0
LINE
8
HVAC-VENTILATION
10
19009.500
20
-24415.500
30
0.0
11
18625.500
21
-24415.500
31
0.0
0
LINE
8
HVAC-VENTILATION
10
18625.500
20
-24415.500
30
0.0
11
18625.500
21
-24799.500
31
0.0
0
LINE
8
HVAC-VENTILATION
10
18711.900
20
-24713.100
30
0.0
11
18923.100
21
-24713.100
31
0.0
0
LINE
8
HVAC-VENTILATION
10
18923.100
20
-24713.100
30
0.0
11
18923.100
21
-24501.900
31
0.0
0
LINE
8
HVAC-VENTILATION
10
18923.100
20
-24501.900
30
0.0
11
18711.900
21
-24501.900
31
0.0
0
LINE
8
HVAC-VENTILATION
10
18711.900
20
-24501.900
30
0.0
11
18711.900
21
-24713.100
31
0.0
0
LINE
8
HVAC-VENTILATION
10
18769.500
20
-24655.500
30
0.0
11
18865.500
21
-24655.500
31
0.0
0
LINE
8
HVAC-VENTILATION
10
18865.500
20
-24655.500
30
0.0
11
18865.500
21
-24559.500
31
0.0
0
LINE
8
HVAC-VENTILATION
10
18865.500
20
-24559.500
30
0.0
11
18769.500
21
-24559.500
31
0.0
0
LINE
8
HVAC-VENTILATION
10
18769.500
20
-24559.500
30
0.0
11
18769.500
21
-24655.500
31
0.0
0
LINE
8
HVAC-VENTILATION
10
18625.500
20
-24799.500
30
0.0
11
18711.900
21
-24713.100
31
0.0
0
LINE
8
HVAC-VENTILATION
10
19009.500
20
-24799.500
30
0.0
11
18923.100
21
-24713.100
31
0.0
0
LINE
8
HVAC-VENTILATION
10
18625.500
20
-24415.500
30
0.0
11
18711.900
21
-24501.900
31
0.0
0
LINE
8
HVAC-VENTILATION
10
19009.500
20
-24415.500
30
0.0
11
18923.100
21
-24501.900
31
0.0
0
TEXT
8
LEGEND
10
17514.750
20
-26263.440
30
0.0
40
173.700
1
\U+05E0\U+05E7\U+05D5\U+05D3\U+05EA \U+05DE\U+05D6\U+05D2\U+05DF \U+05DE\U+05D9\U+05E0\U+05D9-\U+05DE\U+05E8\U+05DB\U+05D6\U+05D9 (\U+05DE\U+05E4\U+05D5\U+05D7)
7
HEB
0
LINE
8
FRAME
10
21612.500
20
-24707.500
30
0.0
11
21812.500
21
-24707.500
31
0.0
0
LINE
8
FRAME
10
21812.500
20
-24707.500
30
0.0
11
21812.500
21
-24507.500
31
0.0
0
LINE
8
FRAME
10
21812.500
20
-24507.500
30
0.0
11
21612.500
21
-24507.500
31
0.0
0
LINE
8
FRAME
10
21612.500
20
-24507.500
30
0.0
11
21612.500
21
-24707.500
31
0.0
0
LINE
8
HVAC-VENTILATION
10
21648.500
20
-24671.500
30
0.0
11
21776.500
21
-24671.500
31
0.0
0
LINE
8
HVAC-VENTILATION
10
21776.500
20
-24671.500
30
0.0
11
21776.500
21
-24543.500
31
0.0
0
LINE
8
HVAC-VENTILATION
10
21776.500
20
-24543.500
30
0.0
11
21648.500
21
-24543.500
31
0.0
0
LINE
8
HVAC-VENTILATION
10
21648.500
20
-24543.500
30
0.0
11
21648.500
21
-24671.500
31
0.0
0
LINE
8
HVAC-VENTILATION
10
21648.500
20
-24645.900
30
0.0
11
21776.500
21
-24665.100
31
0.0
0
LINE
8
HVAC-VENTILATION
10
21648.500
20
-24620.300
30
0.0
11
21776.500
21
-24639.500
31
0.0
0
LINE
8
HVAC-VENTILATION
10
21648.500
20
-24594.700
30
0.0
11
21776.500
21
-24613.900
31
0.0
0
LINE
8
HVAC-VENTILATION
10
21648.500
20
-24569.100
30
0.0
11
21776.500
21
-24588.300
31
0.0
0
TEXT
8
LEGEND
10
20409.750
20
-26263.440
30
0.0
40
173.700
1
\U+05E4\U+05EA\U+05D7 \U+05D0\U+05D5\U+05D5\U+05E8\U+05D5\U+05E8 / \U+05E9\U+05D1\U+05DB\U+05D4
7
HEB
0
LINE
8
FRAME
10
24482.500
20
-24732.500
30
0.0
11
24732.500
21
-24732.500
31
0.0
0
LINE
8
FRAME
10
24732.500
20
-24732.500
30
0.0
11
24732.500
21
-24482.500
31
0.0
0
LINE
8
FRAME
10
24732.500
20
-24482.500
30
0.0
11
24482.500
21
-24482.500
31
0.0
0
LINE
8
FRAME
10
24482.500
20
-24482.500
30
0.0
11
24482.500
21
-24732.500
31
0.0
0
LINE
8
HVAC-VENTILATION
10
24527.500
20
-24687.500
30
0.0
11
24687.500
21
-24687.500
31
0.0
0
LINE
8
HVAC-VENTILATION
10
24687.500
20
-24687.500
30
0.0
11
24687.500
21
-24527.500
31
0.0
0
LINE
8
HVAC-VENTILATION
10
24687.500
20
-24527.500
30
0.0
11
24527.500
21
-24527.500
31
0.0
0
LINE
8
HVAC-VENTILATION
10
24527.500
20
-24527.500
30
0.0
11
24527.500
21
-24687.500
31
0.0
0
LINE
8
HVAC-VENTILATION
10
24617.500
20
-24607.500
30
0.0
11
24614.500
21
-24600.500
31
0.0
0
LINE
8
HVAC-VENTILATION
10
24614.500
20
-24600.500
30
0.0
11
24607.500
21
-24597.500
31
0.0
0
LINE
8
HVAC-VENTILATION
10
24607.500
20
-24597.500
30
0.0
11
24600.500
21
-24600.500
31
0.0
0
LINE
8
HVAC-VENTILATION
10
24600.500
20
-24600.500
30
0.0
11
24597.500
21
-24607.500
31
0.0
0
LINE
8
HVAC-VENTILATION
10
24597.500
20
-24607.500
30
0.0
11
24600.500
21
-24614.500
31
0.0
0
LINE
8
HVAC-VENTILATION
10
24600.500
20
-24614.500
30
0.0
11
24607.500
21
-24617.500
31
0.0
0
LINE
8
HVAC-VENTILATION
10
24607.500
20
-24617.500
30
0.0
11
24614.500
21
-24614.500
31
0.0
0
LINE
8
HVAC-VENTILATION
10
24614.500
20
-24614.500
30
0.0
11
24617.500
21
-24607.500
31
0.0
0
LINE
8
HVAC-VENTILATION
10
24667.750
20
-24585.500
30
0.0
11
24671.000
21
-24600.000
31
0.0
0
LINE
8
HVAC-VENTILATION
10
24671.000
20
-24600.000
30
0.0
11
24671.000
21
-24615.000
31
0.0
0
LINE
8
HVAC-VENTILATION
10
24671.000
20
-24615.000
30
0.0
11
24667.750
21
-24629.500
31
0.0
0
LINE
8
HVAC-VENTILATION
10
24667.750
20
-24629.500
30
0.0
11
24661.000
21
-24642.750
31
0.0
0
LINE
8
HVAC-VENTILATION
10
24661.000
20
-24642.750
30
0.0
11
24651.500
21
-24654.000
31
0.0
0
LINE
8
HVAC-VENTILATION
10
24651.500
20
-24654.000
30
0.0
11
24639.500
21
-24663.000
31
0.0
0
LINE
8
HVAC-VENTILATION
10
24639.500
20
-24663.000
30
0.0
11
24607.500
21
-24607.500
31
0.0
0
LINE
8
HVAC-VENTILATION
10
24585.500
20
-24547.250
30
0.0
11
24600.000
21
-24544.000
31
0.0
0
LINE
8
HVAC-VENTILATION
10
24600.000
20
-24544.000
30
0.0
11
24615.000
21
-24544.000
31
0.0
0
LINE
8
HVAC-VENTILATION
10
24615.000
20
-24544.000
30
0.0
11
24629.500
21
-24547.250
31
0.0
0
LINE
8
HVAC-VENTILATION
10
24629.500
20
-24547.250
30
0.0
11
24642.750
21
-24554.000
31
0.0
0
LINE
8
HVAC-VENTILATION
10
24642.750
20
-24554.000
30
0.0
11
24654.000
21
-24563.500
31
0.0
0
LINE
8
HVAC-VENTILATION
10
24654.000
20
-24563.500
30
0.0
11
24663.000
21
-24575.500
31
0.0
0
LINE
8
HVAC-VENTILATION
10
24663.000
20
-24575.500
30
0.0
11
24607.500
21
-24607.500
31
0.0
0
LINE
8
HVAC-VENTILATION
10
24547.250
20
-24629.500
30
0.0
11
24544.000
21
-24615.000
31
0.0
0
LINE
8
HVAC-VENTILATION
10
24544.000
20
-24615.000
30
0.0
11
24544.000
21
-24600.000
31
0.0
0
LINE
8
HVAC-VENTILATION
10
24544.000
20
-24600.000
30
0.0
11
24547.250
21
-24585.500
31
0.0
0
LINE
8
HVAC-VENTILATION
10
24547.250
20
-24585.500
30
0.0
11
24554.000
21
-24572.250
31
0.0
0
LINE
8
HVAC-VENTILATION
10
24554.000
20
-24572.250
30
0.0
11
24563.500
21
-24561.000
31
0.0
0
LINE
8
HVAC-VENTILATION
10
24563.500
20
-24561.000
30
0.0
11
24575.500
21
-24552.000
31
0.0
0
LINE
8
HVAC-VENTILATION
10
24575.500
20
-24552.000
30
0.0
11
24607.500
21
-24607.500
31
0.0
0
LINE
8
HVAC-VENTILATION
10
24629.500
20
-24667.750
30
0.0
11
24615.000
21
-24671.000
31
0.0
0
LINE
8
HVAC-VENTILATION
10
24615.000
20
-24671.000
30
0.0
11
24600.000
21
-24671.000
31
0.0
0
LINE
8
HVAC-VENTILATION
10
24600.000
20
-24671.000
30
0.0
11
24585.500
21
-24667.750
31
0.0
0
LINE
8
HVAC-VENTILATION
10
24585.500
20
-24667.750
30
0.0
11
24572.250
21
-24661.000
31
0.0
0
LINE
8
HVAC-VENTILATION
10
24572.250
20
-24661.000
30
0.0
11
24561.000
21
-24651.500
31
0.0
0
LINE
8
HVAC-VENTILATION
10
24561.000
20
-24651.500
30
0.0
11
24552.000
21
-24639.500
31
0.0
0
LINE
8
HVAC-VENTILATION
10
24552.000
20
-24639.500
30
0.0
11
24607.500
21
-24607.500
31
0.0
0
TEXT
8
LEGEND
10
23304.750
20
-26263.440
30
0.0
40
173.700
1
\U+05DE\U+05D0\U+05D5\U+05D5\U+05E8\U+05E8 \U+05D9\U+05E0\U+05D9\U+05E7\U+05D4 (\U+05D5\U+05E0\U+05D8\U+05D4 \U+05D7\U+05E9\U+05DE\U+05DC\U+05D9)
7
HEB
0
LINE
8
FRAME
10
27052.500
20
-24907.500
30
0.0
11
27952.500
21
-24907.500
31
0.0
0
LINE
8
FRAME
10
27952.500
20
-24907.500
30
0.0
11
27952.500
21
-24307.500
31
0.0
0
LINE
8
FRAME
10
27952.500
20
-24307.500
30
0.0
11
27052.500
21
-24307.500
31
0.0
0
LINE
8
FRAME
10
27052.500
20
-24307.500
30
0.0
11
27052.500
21
-24907.500
31
0.0
0
LINE
8
HVAC-VENTILATION
10
27200.100
20
-24687.300
30
0.0
11
27804.900
21
-24687.300
31
0.0
0
LINE
8
HVAC-VENTILATION
10
27804.900
20
-24687.300
30
0.0
11
27660.900
21
-24575.700
31
0.0
0
LINE
8
HVAC-VENTILATION
10
27660.900
20
-24575.700
30
0.0
11
27344.100
21
-24575.700
31
0.0
0
LINE
8
HVAC-VENTILATION
10
27344.100
20
-24575.700
30
0.0
11
27200.100
21
-24687.300
31
0.0
0
LINE
8
HVAC-VENTILATION
10
27459.300
20
-24575.700
30
0.0
11
27545.700
21
-24575.700
31
0.0
0
LINE
8
HVAC-VENTILATION
10
27545.700
20
-24575.700
30
0.0
11
27545.700
21
-24473.100
31
0.0
0
LINE
8
HVAC-VENTILATION
10
27545.700
20
-24473.100
30
0.0
11
27459.300
21
-24473.100
31
0.0
0
LINE
8
HVAC-VENTILATION
10
27459.300
20
-24473.100
30
0.0
11
27459.300
21
-24575.700
31
0.0
0
LINE
8
HVAC-VENTILATION
10
27286.500
20
-24687.300
30
0.0
11
27286.500
21
-24716.100
31
0.0
0
LINE
8
HVAC-VENTILATION
10
27718.500
20
-24687.300
30
0.0
11
27718.500
21
-24716.100
31
0.0
0
LINE
8
HVAC-VENTILATION
10
27430.500
20
-24633.300
30
0.0
11
27430.500
21
-24614.100
31
0.0
0
LINE
8
HVAC-VENTILATION
10
27502.500
20
-24633.300
30
0.0
11
27502.500
21
-24614.100
31
0.0
0
LINE
8
HVAC-VENTILATION
10
27574.500
20
-24633.300
30
0.0
11
27574.500
21
-24614.100
31
0.0
0
TEXT
8
LEGEND
10
26199.750
20
-26263.440
30
0.0
40
173.700
1
\U+05DE\U+05E0\U+05D3\U+05E3 (\U+05E7\U+05D5\U+05DC\U+05D8 \U+05D0\U+05D3\U+05D9\U+05DD \U+05DE\U+05E2\U+05DC \U+05D2\U+05E8\U+05D9\U+05DC)
7
HEB
0
LINE
8
FRAME
10
30322.500
20
-24682.500
30
0.0
11
30472.500
21
-24682.500
31
0.0
0
LINE
8
FRAME
10
30472.500
20
-24682.500
30
0.0
11
30472.500
21
-24532.500
31
0.0
0
LINE
8
FRAME
10
30472.500
20
-24532.500
30
0.0
11
30322.500
21
-24532.500
31
0.0
0
LINE
8
FRAME
10
30322.500
20
-24532.500
30
0.0
11
30322.500
21
-24682.500
31
0.0
0
LINE
8
HVAC-VENTILATION
10
30438.300
20
-24607.500
30
0.0
11
30435.150
21
-24591.900
31
0.0
0
LINE
8
HVAC-VENTILATION
10
30435.150
20
-24591.900
30
0.0
11
30426.300
21
-24578.700
31
0.0
0
LINE
8
HVAC-VENTILATION
10
30426.300
20
-24578.700
30
0.0
11
30413.100
21
-24569.850
31
0.0
0
LINE
8
HVAC-VENTILATION
10
30413.100
20
-24569.850
30
0.0
11
30397.500
21
-24566.700
31
0.0
0
LINE
8
HVAC-VENTILATION
10
30397.500
20
-24566.700
30
0.0
11
30381.900
21
-24569.850
31
0.0
0
LINE
8
HVAC-VENTILATION
10
30381.900
20
-24569.850
30
0.0
11
30368.700
21
-24578.700
31
0.0
0
LINE
8
HVAC-VENTILATION
10
30368.700
20
-24578.700
30
0.0
11
30359.850
21
-24591.900
31
0.0
0
LINE
8
HVAC-VENTILATION
10
30359.850
20
-24591.900
30
0.0
11
30356.700
21
-24607.500
31
0.0
0
LINE
8
HVAC-VENTILATION
10
30356.700
20
-24607.500
30
0.0
11
30359.850
21
-24623.100
31
0.0
0
LINE
8
HVAC-VENTILATION
10
30359.850
20
-24623.100
30
0.0
11
30368.700
21
-24636.300
31
0.0
0
LINE
8
HVAC-VENTILATION
10
30368.700
20
-24636.300
30
0.0
11
30381.900
21
-24645.150
31
0.0
0
LINE
8
HVAC-VENTILATION
10
30381.900
20
-24645.150
30
0.0
11
30397.500
21
-24648.300
31
0.0
0
LINE
8
HVAC-VENTILATION
10
30397.500
20
-24648.300
30
0.0
11
30413.100
21
-24645.150
31
0.0
0
LINE
8
HVAC-VENTILATION
10
30413.100
20
-24645.150
30
0.0
11
30426.300
21
-24636.300
31
0.0
0
LINE
8
HVAC-VENTILATION
10
30426.300
20
-24636.300
30
0.0
11
30435.150
21
-24623.100
31
0.0
0
LINE
8
HVAC-VENTILATION
10
30435.150
20
-24623.100
30
0.0
11
30438.300
21
-24607.500
31
0.0
0
LINE
8
HVAC-VENTILATION
10
30397.500
20
-24607.500
30
0.0
11
30434.250
21
-24570.750
31
0.0
0
LINE
8
HVAC-VENTILATION
10
30434.250
20
-24570.750
30
0.0
11
30413.850
21
-24570.750
31
0.0
0
LINE
8
HVAC-VENTILATION
10
30434.250
20
-24570.750
30
0.0
11
30434.250
21
-24591.150
31
0.0
0
TEXT
8
LEGEND
10
29094.750
20
-26263.440
30
0.0
40
173.700
1
\U+05D9\U+05E6\U+05D9\U+05D0\U+05EA \U+05E7\U+05D5\U+05DC\U+05D8 \U+05D0\U+05D3\U+05D9\U+05DD \U+05DC\U+05D7\U+05D5\U+05E5
7
HEB
0
LINE
8
FRAME
10
33042.500
20
-24857.500
30
0.0
11
33542.500
21
-24857.500
31
0.0
0
LINE
8
FRAME
10
33542.500
20
-24857.500
30
0.0
11
33542.500
21
-24357.500
31
0.0
0
LINE
8
FRAME
10
33542.500
20
-24357.500
30
0.0
11
33042.500
21
-24357.500
31
0.0
0
LINE
8
FRAME
10
33042.500
20
-24357.500
30
0.0
11
33042.500
21
-24857.500
31
0.0
0
LINE
8
HVAC-VENTILATION
10
33124.500
20
-24775.500
30
0.0
11
33460.500
21
-24775.500
31
0.0
0
LINE
8
HVAC-VENTILATION
10
33460.500
20
-24775.500
30
0.0
11
33460.500
21
-24439.500
31
0.0
0
LINE
8
HVAC-VENTILATION
10
33460.500
20
-24439.500
30
0.0
11
33124.500
21
-24439.500
31
0.0
0
LINE
8
HVAC-VENTILATION
10
33124.500
20
-24439.500
30
0.0
11
33124.500
21
-24775.500
31
0.0
0
LINE
8
HVAC-VENTILATION
10
33180.500
20
-24719.500
30
0.0
11
33404.500
21
-24719.500
31
0.0
0
LINE
8
HVAC-VENTILATION
10
33404.500
20
-24719.500
30
0.0
11
33404.500
21
-24495.500
31
0.0
0
LINE
8
HVAC-VENTILATION
10
33404.500
20
-24495.500
30
0.0
11
33180.500
21
-24495.500
31
0.0
0
LINE
8
HVAC-VENTILATION
10
33180.500
20
-24495.500
30
0.0
11
33180.500
21
-24719.500
31
0.0
0
LINE
8
HVAC-VENTILATION
10
33124.500
20
-24775.500
30
0.0
11
33180.500
21
-24719.500
31
0.0
0
LINE
8
HVAC-VENTILATION
10
33460.500
20
-24775.500
30
0.0
11
33404.500
21
-24719.500
31
0.0
0
LINE
8
HVAC-VENTILATION
10
33124.500
20
-24439.500
30
0.0
11
33180.500
21
-24495.500
31
0.0
0
LINE
8
HVAC-VENTILATION
10
33460.500
20
-24439.500
30
0.0
11
33404.500
21
-24495.500
31
0.0
0
TEXT
8
LEGEND
10
31989.750
20
-26263.440
30
0.0
40
173.700
1
\U+05E4\U+05EA\U+05D7 \U+05E9\U+05D9\U+05E8\U+05D5\U+05EA \U+05DC\U+05DE\U+05D9\U+05D6\U+05D5\U+05D2 / \U+05EA\U+05E7\U+05E8\U+05D4 \U+05E4\U+05E8\U+05D9\U+05E7\U+05D4
7
HEB
0
LINE
8
FRAME
10
1097.500
20
-27702.500
30
0.0
11
1797.500
21
-27702.500
31
0.0
0
LINE
8
FRAME
10
1797.500
20
-27702.500
30
0.0
11
1797.500
21
-27302.500
31
0.0
0
LINE
8
FRAME
10
1797.500
20
-27302.500
30
0.0
11
1097.500
21
-27302.500
31
0.0
0
LINE
8
FRAME
10
1097.500
20
-27302.500
30
0.0
11
1097.500
21
-27702.500
31
0.0
0
LINE
8
HVAC-VENTILATION
10
1212.300
20
-27568.500
30
0.0
11
1682.700
21
-27568.500
31
0.0
0
LINE
8
HVAC-VENTILATION
10
1682.700
20
-27568.500
30
0.0
11
1682.700
21
-27436.500
31
0.0
0
LINE
8
HVAC-VENTILATION
10
1682.700
20
-27436.500
30
0.0
11
1212.300
21
-27436.500
31
0.0
0
LINE
8
HVAC-VENTILATION
10
1212.300
20
-27436.500
30
0.0
11
1212.300
21
-27568.500
31
0.0
0
LINE
8
HVAC-VENTILATION
10
1279.500
20
-27480.500
30
0.0
11
1615.500
21
-27480.500
31
0.0
0
LINE
8
HVAC-VENTILATION
10
1615.500
20
-27480.500
30
0.0
11
1586.800
21
-27488.100
31
0.0
0
LINE
8
HVAC-VENTILATION
10
1615.500
20
-27480.500
30
0.0
11
1586.800
21
-27472.900
31
0.0
0
LINE
8
HVAC-VENTILATION
10
1615.500
20
-27524.500
30
0.0
11
1279.500
21
-27524.500
31
0.0
0
LINE
8
HVAC-VENTILATION
10
1279.500
20
-27524.500
30
0.0
11
1308.200
21
-27516.900
31
0.0
0
LINE
8
HVAC-VENTILATION
10
1279.500
20
-27524.500
30
0.0
11
1308.200
21
-27532.100
31
0.0
0
LINE
8
HVAC-VENTILATION
10
1486.000
20
-27502.500
30
0.0
11
1481.100
21
-27491.700
31
0.0
0
LINE
8
HVAC-VENTILATION
10
1481.100
20
-27491.700
30
0.0
11
1466.400
21
-27483.300
31
0.0
0
LINE
8
HVAC-VENTILATION
10
1466.400
20
-27483.300
30
0.0
11
1447.500
21
-27480.500
31
0.0
0
LINE
8
HVAC-VENTILATION
10
1447.500
20
-27480.500
30
0.0
11
1428.600
21
-27483.300
31
0.0
0
LINE
8
HVAC-VENTILATION
10
1428.600
20
-27483.300
30
0.0
11
1413.900
21
-27491.700
31
0.0
0
LINE
8
HVAC-VENTILATION
10
1413.900
20
-27491.700
30
0.0
11
1409.000
21
-27502.500
31
0.0
0
LINE
8
HVAC-VENTILATION
10
1409.000
20
-27502.500
30
0.0
11
1413.900
21
-27513.300
31
0.0
0
LINE
8
HVAC-VENTILATION
10
1413.900
20
-27513.300
30
0.0
11
1428.600
21
-27521.700
31
0.0
0
LINE
8
HVAC-VENTILATION
10
1428.600
20
-27521.700
30
0.0
11
1447.500
21
-27524.500
31
0.0
0
LINE
8
HVAC-VENTILATION
10
1447.500
20
-27524.500
30
0.0
11
1466.400
21
-27521.700
31
0.0
0
LINE
8
HVAC-VENTILATION
10
1466.400
20
-27521.700
30
0.0
11
1481.100
21
-27513.300
31
0.0
0
LINE
8
HVAC-VENTILATION
10
1481.100
20
-27513.300
30
0.0
11
1486.000
21
-27502.500
31
0.0
0
TEXT
8
LEGEND
10
144.750
20
-29158.440
30
0.0
40
173.700
1
\U+05DE\U+05E2\U+05E8\U+05DB\U+05EA \U+05D0\U+05D5\U+05D5\U+05E8\U+05D5\U+05E8 \U+05DE\U+05D1\U+05D5\U+05E7\U+05E8 / HRV
7
HEB
0
LINE
8
FRAME
10
3842.500
20
-27852.500
30
0.0
11
4842.500
21
-27852.500
31
0.0
0
LINE
8
FRAME
10
4842.500
20
-27852.500
30
0.0
11
4842.500
21
-27152.500
31
0.0
0
LINE
8
FRAME
10
4842.500
20
-27152.500
30
0.0
11
3842.500
21
-27152.500
31
0.0
0
LINE
8
FRAME
10
3842.500
20
-27152.500
30
0.0
11
3842.500
21
-27852.500
31
0.0
0
LINE
8
HEATING-THERMAL
10
4006.500
20
-27653.700
30
0.0
11
4678.500
21
-27653.700
31
0.0
0
LINE
8
HEATING-THERMAL
10
4678.500
20
-27653.700
30
0.0
11
4678.500
21
-27351.300
31
0.0
0
LINE
8
HEATING-THERMAL
10
4678.500
20
-27351.300
30
0.0
11
4006.500
21
-27351.300
31
0.0
0
LINE
8
HEATING-THERMAL
10
4006.500
20
-27351.300
30
0.0
11
4006.500
21
-27653.700
31
0.0
0
LINE
8
HEATING-THERMAL
10
4379.500
20
-27502.500
30
0.0
11
4358.500
21
-27447.900
31
0.0
0
LINE
8
HEATING-THERMAL
10
4358.500
20
-27447.900
30
0.0
11
4300.500
21
-27407.300
31
0.0
0
LINE
8
HEATING-THERMAL
10
4300.500
20
-27407.300
30
0.0
11
4222.500
21
-27392.600
31
0.0
0
LINE
8
HEATING-THERMAL
10
4222.500
20
-27392.600
30
0.0
11
4144.500
21
-27407.300
31
0.0
0
LINE
8
HEATING-THERMAL
10
4144.500
20
-27407.300
30
0.0
11
4086.500
21
-27447.900
31
0.0
0
LINE
8
HEATING-THERMAL
10
4086.500
20
-27447.900
30
0.0
11
4065.500
21
-27502.500
31
0.0
0
LINE
8
HEATING-THERMAL
10
4065.500
20
-27502.500
30
0.0
11
4086.500
21
-27557.100
31
0.0
0
LINE
8
HEATING-THERMAL
10
4086.500
20
-27557.100
30
0.0
11
4144.500
21
-27597.700
31
0.0
0
LINE
8
HEATING-THERMAL
10
4144.500
20
-27597.700
30
0.0
11
4222.500
21
-27612.400
31
0.0
0
LINE
8
HEATING-THERMAL
10
4222.500
20
-27612.400
30
0.0
11
4300.500
21
-27597.700
31
0.0
0
LINE
8
HEATING-THERMAL
10
4300.500
20
-27597.700
30
0.0
11
4358.500
21
-27557.100
31
0.0
0
LINE
8
HEATING-THERMAL
10
4358.500
20
-27557.100
30
0.0
11
4379.500
21
-27502.500
31
0.0
0
LINE
8
HEATING-THERMAL
10
4379.500
20
-27502.500
30
0.0
11
4367.500
21
-27544.500
31
0.0
0
LINE
8
HEATING-THERMAL
10
4367.500
20
-27544.500
30
0.0
11
4333.500
21
-27580.200
31
0.0
0
LINE
8
HEATING-THERMAL
10
4333.500
20
-27580.200
30
0.0
11
4282.500
21
-27604.000
31
0.0
0
LINE
8
HEATING-THERMAL
10
4282.500
20
-27604.000
30
0.0
11
4222.500
21
-27612.400
31
0.0
0
LINE
8
HEATING-THERMAL
10
4222.500
20
-27612.400
30
0.0
11
4222.500
21
-27502.500
31
0.0
0
LINE
8
HEATING-THERMAL
10
4144.500
20
-27407.300
30
0.0
11
4202.500
21
-27394.000
31
0.0
0
LINE
8
HEATING-THERMAL
10
4202.500
20
-27394.000
30
0.0
11
4263.500
21
-27396.800
31
0.0
0
LINE
8
HEATING-THERMAL
10
4263.500
20
-27396.800
30
0.0
11
4317.500
21
-27415.700
31
0.0
0
LINE
8
HEATING-THERMAL
10
4317.500
20
-27415.700
30
0.0
11
4358.500
21
-27447.900
31
0.0
0
LINE
8
HEATING-THERMAL
10
4358.500
20
-27447.900
30
0.0
11
4222.500
21
-27502.500
31
0.0
0
LINE
8
HEATING-THERMAL
10
4144.500
20
-27597.700
30
0.0
11
4098.500
21
-27569.000
31
0.0
0
LINE
8
HEATING-THERMAL
10
4098.500
20
-27569.000
30
0.0
11
4071.500
21
-27531.200
31
0.0
0
LINE
8
HEATING-THERMAL
10
4071.500
20
-27531.200
30
0.0
11
4067.500
21
-27488.500
31
0.0
0
LINE
8
HEATING-THERMAL
10
4067.500
20
-27488.500
30
0.0
11
4086.500
21
-27447.900
31
0.0
0
LINE
8
HEATING-THERMAL
10
4086.500
20
-27447.900
30
0.0
11
4222.500
21
-27502.500
31
0.0
0
LINE
8
HEATING-THERMAL
10
4438.500
20
-27541.700
30
0.0
11
4464.500
21
-27523.500
31
0.0
0
LINE
8
HEATING-THERMAL
10
4464.500
20
-27523.500
30
0.0
11
4490.500
21
-27527.700
31
0.0
0
LINE
8
HEATING-THERMAL
10
4490.500
20
-27527.700
30
0.0
11
4516.500
21
-27549.400
31
0.0
0
LINE
8
HEATING-THERMAL
10
4516.500
20
-27549.400
30
0.0
11
4542.500
21
-27561.300
31
0.0
0
LINE
8
HEATING-THERMAL
10
4542.500
20
-27561.300
30
0.0
11
4568.500
21
-27549.400
31
0.0
0
LINE
8
HEATING-THERMAL
10
4568.500
20
-27549.400
30
0.0
11
4594.500
21
-27527.700
31
0.0
0
LINE
8
HEATING-THERMAL
10
4594.500
20
-27527.700
30
0.0
11
4620.500
21
-27523.500
31
0.0
0
LINE
8
HEATING-THERMAL
10
4620.500
20
-27523.500
30
0.0
11
4646.500
21
-27541.700
31
0.0
0
LINE
8
HEATING-THERMAL
10
4438.500
20
-27463.300
30
0.0
11
4464.500
21
-27445.100
31
0.0
0
LINE
8
HEATING-THERMAL
10
4464.500
20
-27445.100
30
0.0
11
4490.500
21
-27449.300
31
0.0
0
LINE
8
HEATING-THERMAL
10
4490.500
20
-27449.300
30
0.0
11
4516.500
21
-27471.000
31
0.0
0
LINE
8
HEATING-THERMAL
10
4516.500
20
-27471.000
30
0.0
11
4542.500
21
-27482.900
31
0.0
0
LINE
8
HEATING-THERMAL
10
4542.500
20
-27482.900
30
0.0
11
4568.500
21
-27471.000
31
0.0
0
LINE
8
HEATING-THERMAL
10
4568.500
20
-27471.000
30
0.0
11
4594.500
21
-27449.300
31
0.0
0
LINE
8
HEATING-THERMAL
10
4594.500
20
-27449.300
30
0.0
11
4620.500
21
-27445.100
31
0.0
0
LINE
8
HEATING-THERMAL
10
4620.500
20
-27445.100
30
0.0
11
4646.500
21
-27463.300
31
0.0
0
TEXT
8
LEGEND
10
3039.750
20
-29158.440
30
0.0
40
173.700
1
\U+05DE\U+05E9\U+05D0\U+05D1\U+05EA \U+05D7\U+05D5\U+05DD
7
HEB
0
LINE
8
FRAME
10
6937.500
20
-27752.500
30
0.0
11
7537.500
21
-27752.500
31
0.0
0
LINE
8
FRAME
10
7537.500
20
-27752.500
30
0.0
11
7537.500
21
-27252.500
31
0.0
0
LINE
8
FRAME
10
7537.500
20
-27252.500
30
0.0
11
6937.500
21
-27252.500
31
0.0
0
LINE
8
FRAME
10
6937.500
20
-27252.500
30
0.0
11
6937.500
21
-27752.500
31
0.0
0
LINE
8
HEATING-THERMAL
10
7045.500
20
-27429.000
30
0.0
11
7429.500
21
-27429.000
31
0.0
0
LINE
8
HEATING-THERMAL
10
7045.500
20
-27486.000
30
0.0
11
7429.500
21
-27486.000
31
0.0
0
LINE
8
HEATING-THERMAL
10
7045.500
20
-27429.000
30
0.0
11
7045.500
21
-27486.000
31
0.0
0
LINE
8
HEATING-THERMAL
10
7429.500
20
-27429.000
30
0.0
11
7429.500
21
-27486.000
31
0.0
0
LINE
8
HEATING-THERMAL
10
7093.500
20
-27486.000
30
0.0
11
7093.500
21
-27536.000
31
0.0
0
LINE
8
HEATING-THERMAL
10
7165.500
20
-27486.000
30
0.0
11
7165.500
21
-27536.000
31
0.0
0
LINE
8
HEATING-THERMAL
10
7237.500
20
-27486.000
30
0.0
11
7237.500
21
-27536.000
31
0.0
0
LINE
8
HEATING-THERMAL
10
7309.500
20
-27486.000
30
0.0
11
7309.500
21
-27536.000
31
0.0
0
LINE
8
HEATING-THERMAL
10
7381.500
20
-27486.000
30
0.0
11
7381.500
21
-27536.000
31
0.0
0
LINE
8
HEATING-THERMAL
10
7093.500
20
-27586.000
30
0.0
11
7107.900
21
-27564.500
31
0.0
0
LINE
8
HEATING-THERMAL
10
7107.900
20
-27564.500
30
0.0
11
7122.300
21
-27560.500
31
0.0
0
LINE
8
HEATING-THERMAL
10
7122.300
20
-27560.500
30
0.0
11
7136.700
21
-27577.500
31
0.0
0
LINE
8
HEATING-THERMAL
10
7136.700
20
-27577.500
30
0.0
11
7151.100
21
-27601.500
31
0.0
0
LINE
8
HEATING-THERMAL
10
7151.100
20
-27601.500
30
0.0
11
7165.500
21
-27612.500
31
0.0
0
LINE
8
HEATING-THERMAL
10
7165.500
20
-27612.500
30
0.0
11
7179.900
21
-27601.500
31
0.0
0
LINE
8
HEATING-THERMAL
10
7179.900
20
-27601.500
30
0.0
11
7194.300
21
-27577.500
31
0.0
0
LINE
8
HEATING-THERMAL
10
7194.300
20
-27577.500
30
0.0
11
7208.700
21
-27560.500
31
0.0
0
LINE
8
HEATING-THERMAL
10
7208.700
20
-27560.500
30
0.0
11
7223.100
21
-27564.500
31
0.0
0
LINE
8
HEATING-THERMAL
10
7223.100
20
-27564.500
30
0.0
11
7237.500
21
-27586.000
31
0.0
0
LINE
8
HEATING-THERMAL
10
7237.500
20
-27586.000
30
0.0
11
7251.900
21
-27607.500
31
0.0
0
LINE
8
HEATING-THERMAL
10
7251.900
20
-27607.500
30
0.0
11
7266.300
21
-27611.000
31
0.0
0
LINE
8
HEATING-THERMAL
10
7266.300
20
-27611.000
30
0.0
11
7280.700
21
-27594.000
31
0.0
0
LINE
8
HEATING-THERMAL
10
7280.700
20
-27594.000
30
0.0
11
7295.100
21
-27570.000
31
0.0
0
LINE
8
HEATING-THERMAL
10
7295.100
20
-27570.000
30
0.0
11
7309.500
21
-27559.000
31
0.0
0
LINE
8
HEATING-THERMAL
10
7309.500
20
-27559.000
30
0.0
11
7323.900
21
-27570.000
31
0.0
0
LINE
8
HEATING-THERMAL
10
7323.900
20
-27570.000
30
0.0
11
7338.300
21
-27594.000
31
0.0
0
LINE
8
HEATING-THERMAL
10
7338.300
20
-27594.000
30
0.0
11
7352.700
21
-27611.000
31
0.0
0
LINE
8
HEATING-THERMAL
10
7352.700
20
-27611.000
30
0.0
11
7367.100
21
-27607.500
31
0.0
0
LINE
8
HEATING-THERMAL
10
7367.100
20
-27607.500
30
0.0
11
7381.500
21
-27586.000
31
0.0
0
TEXT
8
LEGEND
10
5934.750
20
-29158.440
30
0.0
40
173.700
1
\U+05D7\U+05D9\U+05DE\U+05D5\U+05DD \U+05EA\U+05EA-\U+05E8\U+05E6\U+05E4\U+05EA\U+05D9 \U+2014 \U+05E7\U+05D5\U+05DC\U+05E7\U+05D8\U+05D5\U+05E8
7
HEB
0
LINE
8
FRAME
10
10087.500
20
-27547.500
30
0.0
11
10177.500
21
-27547.500
31
0.0
0
LINE
8
FRAME
10
10177.500
20
-27547.500
30
0.0
11
10177.500
21
-27457.500
31
0.0
0
LINE
8
FRAME
10
10177.500
20
-27457.500
30
0.0
11
10087.500
21
-27457.500
31
0.0
0
LINE
8
FRAME
10
10087.500
20
-27457.500
30
0.0
11
10087.500
21
-27547.500
31
0.0
0
LINE
8
HEATING-THERMAL
10
10152.660
20
-27496.740
30
0.0
11
10151.130
21
-27489.000
31
0.0
0
LINE
8
HEATING-THERMAL
10
10151.130
20
-27489.000
30
0.0
11
10146.720
21
-27482.520
31
0.0
0
LINE
8
HEATING-THERMAL
10
10146.720
20
-27482.520
30
0.0
11
10140.240
21
-27478.110
31
0.0
0
LINE
8
HEATING-THERMAL
10
10140.240
20
-27478.110
30
0.0
11
10132.500
21
-27476.580
31
0.0
0
LINE
8
HEATING-THERMAL
10
10132.500
20
-27476.580
30
0.0
11
10124.760
21
-27478.110
31
0.0
0
LINE
8
HEATING-THERMAL
10
10124.760
20
-27478.110
30
0.0
11
10118.280
21
-27482.520
31
0.0
0
LINE
8
HEATING-THERMAL
10
10118.280
20
-27482.520
30
0.0
11
10113.870
21
-27489.000
31
0.0
0
LINE
8
HEATING-THERMAL
10
10113.870
20
-27489.000
30
0.0
11
10112.340
21
-27496.740
31
0.0
0
LINE
8
HEATING-THERMAL
10
10112.340
20
-27496.740
30
0.0
11
10113.870
21
-27504.480
31
0.0
0
LINE
8
HEATING-THERMAL
10
10113.870
20
-27504.480
30
0.0
11
10118.280
21
-27510.960
31
0.0
0
LINE
8
HEATING-THERMAL
10
10118.280
20
-27510.960
30
0.0
11
10124.760
21
-27515.370
31
0.0
0
LINE
8
HEATING-THERMAL
10
10124.760
20
-27515.370
30
0.0
11
10132.500
21
-27516.900
31
0.0
0
LINE
8
HEATING-THERMAL
10
10132.500
20
-27516.900
30
0.0
11
10140.240
21
-27515.370
31
0.0
0
LINE
8
HEATING-THERMAL
10
10140.240
20
-27515.370
30
0.0
11
10146.720
21
-27510.960
31
0.0
0
LINE
8
HEATING-THERMAL
10
10146.720
20
-27510.960
30
0.0
11
10151.130
21
-27504.480
31
0.0
0
LINE
8
HEATING-THERMAL
10
10151.130
20
-27504.480
30
0.0
11
10152.660
21
-27496.740
31
0.0
0
LINE
8
HEATING-THERMAL
10
10132.500
20
-27496.740
30
0.0
11
10137.540
21
-27488.010
31
0.0
0
LINE
8
HEATING-THERMAL
10
10110.900
20
-27525.540
30
0.0
11
10113.600
21
-27521.580
31
0.0
0
LINE
8
HEATING-THERMAL
10
10113.600
20
-27521.580
30
0.0
11
10116.300
21
-27522.480
31
0.0
0
LINE
8
HEATING-THERMAL
10
10116.300
20
-27522.480
30
0.0
11
10119.000
21
-27527.160
31
0.0
0
LINE
8
HEATING-THERMAL
10
10119.000
20
-27527.160
30
0.0
11
10121.700
21
-27529.860
31
0.0
0
LINE
8
HEATING-THERMAL
10
10121.700
20
-27529.860
30
0.0
11
10124.400
21
-27527.160
31
0.0
0
LINE
8
HEATING-THERMAL
10
10124.400
20
-27527.160
30
0.0
11
10127.100
21
-27522.480
31
0.0
0
LINE
8
HEATING-THERMAL
10
10127.100
20
-27522.480
30
0.0
11
10129.800
21
-27521.580
31
0.0
0
LINE
8
HEATING-THERMAL
10
10129.800
20
-27521.580
30
0.0
11
10132.500
21
-27525.540
31
0.0
0
LINE
8
HEATING-THERMAL
10
10132.500
20
-27525.540
30
0.0
11
10135.200
21
-27529.500
31
0.0
0
LINE
8
HEATING-THERMAL
10
10135.200
20
-27529.500
30
0.0
11
10137.900
21
-27528.600
31
0.0
0
LINE
8
HEATING-THERMAL
10
10137.900
20
-27528.600
30
0.0
11
10140.600
21
-27523.920
31
0.0
0
LINE
8
HEATING-THERMAL
10
10140.600
20
-27523.920
30
0.0
11
10143.300
21
-27521.220
31
0.0
0
LINE
8
HEATING-THERMAL
10
10143.300
20
-27521.220
30
0.0
11
10146.000
21
-27523.920
31
0.0
0
LINE
8
HEATING-THERMAL
10
10146.000
20
-27523.920
30
0.0
11
10148.700
21
-27528.600
31
0.0
0
LINE
8
HEATING-THERMAL
10
10148.700
20
-27528.600
30
0.0
11
10151.400
21
-27529.500
31
0.0
0
LINE
8
HEATING-THERMAL
10
10151.400
20
-27529.500
30
0.0
11
10154.100
21
-27525.540
31
0.0
0
TEXT
8
LEGEND
10
8829.750
20
-29158.440
30
0.0
40
173.700
1
\U+05EA\U+05E8\U+05DE\U+05D5\U+05E1\U+05D8\U+05D8 \U+05E8\U+05E6\U+05E4\U+05D4 \U+05D7\U+05DE\U+05D4
7
HEB
0
LINE
8
FRAME
10
12462.500
20
-28382.500
30
0.0
11
13592.500
21
-28382.500
31
0.0
0
LINE
8
FRAME
10
13592.500
20
-28382.500
30
0.0
11
13592.500
21
-26622.500
31
0.0
0
LINE
8
FRAME
10
13592.500
20
-26622.500
30
0.0
11
12462.500
21
-26622.500
31
0.0
0
LINE
8
FRAME
10
12462.500
20
-26622.500
30
0.0
11
12462.500
21
-28382.500
31
0.0
0
LINE
8
RENEWABLE-ENERGY-STORAGE
10
12772.120
20
-28151.940
30
0.0
11
13282.880
21
-28151.940
31
0.0
0
LINE
8
RENEWABLE-ENERGY-STORAGE
10
13282.880
20
-28151.940
30
0.0
11
13282.880
21
-26853.060
31
0.0
0
LINE
8
RENEWABLE-ENERGY-STORAGE
10
13282.880
20
-26853.060
30
0.0
11
12772.120
21
-26853.060
31
0.0
0
LINE
8
RENEWABLE-ENERGY-STORAGE
10
12772.120
20
-26853.060
30
0.0
11
12772.120
21
-28151.940
31
0.0
0
LINE
8
RENEWABLE-ENERGY-STORAGE
10
12899.810
20
-28151.940
30
0.0
11
12899.810
21
-26853.060
31
0.0
0
LINE
8
RENEWABLE-ENERGY-STORAGE
10
13027.500
20
-28151.940
30
0.0
11
13027.500
21
-26853.060
31
0.0
0
LINE
8
RENEWABLE-ENERGY-STORAGE
10
13155.190
20
-28151.940
30
0.0
11
13155.190
21
-26853.060
31
0.0
0
LINE
8
RENEWABLE-ENERGY-STORAGE
10
12772.120
20
-27935.460
30
0.0
11
13282.880
21
-27935.460
31
0.0
0
LINE
8
RENEWABLE-ENERGY-STORAGE
10
12772.120
20
-27718.980
30
0.0
11
13282.880
21
-27718.980
31
0.0
0
LINE
8
RENEWABLE-ENERGY-STORAGE
10
12772.120
20
-27502.500
30
0.0
11
13282.880
21
-27502.500
31
0.0
0
LINE
8
RENEWABLE-ENERGY-STORAGE
10
12772.120
20
-27286.020
30
0.0
11
13282.880
21
-27286.020
31
0.0
0
LINE
8
RENEWABLE-ENERGY-STORAGE
10
12772.120
20
-27069.540
30
0.0
11
13282.880
21
-27069.540
31
0.0
0
TEXT
8
LEGEND
10
11724.750
20
-29158.440
30
0.0
40
173.700
1
\U+05E4\U+05D0\U+05E0\U+05DC \U+05E1\U+05D5\U+05DC\U+05D0\U+05E8\U+05D9 / \U+05DE\U+05E2\U+05E8\U+05DA PV
7
HEB
0
LINE
8
FRAME
10
15697.500
20
-27827.500
30
0.0
11
16147.500
21
-27827.500
31
0.0
0
LINE
8
FRAME
10
16147.500
20
-27827.500
30
0.0
11
16147.500
21
-27177.500
31
0.0
0
LINE
8
FRAME
10
16147.500
20
-27177.500
30
0.0
11
15697.500
21
-27177.500
31
0.0
0
LINE
8
FRAME
10
15697.500
20
-27177.500
30
0.0
11
15697.500
21
-27827.500
31
0.0
0
LINE
8
RENEWABLE-ENERGY-STORAGE
10
15828.000
20
-27719.600
30
0.0
11
16017.000
21
-27719.600
31
0.0
0
LINE
8
RENEWABLE-ENERGY-STORAGE
10
16017.000
20
-27719.600
30
0.0
11
16017.000
21
-27285.400
31
0.0
0
LINE
8
RENEWABLE-ENERGY-STORAGE
10
16017.000
20
-27285.400
30
0.0
11
15828.000
21
-27285.400
31
0.0
0
LINE
8
RENEWABLE-ENERGY-STORAGE
10
15828.000
20
-27285.400
30
0.0
11
15828.000
21
-27719.600
31
0.0
0
LINE
8
RENEWABLE-ENERGY-STORAGE
10
15847.800
20
-27440.100
30
0.0
11
15909.900
21
-27440.100
31
0.0
0
LINE
8
RENEWABLE-ENERGY-STORAGE
10
15847.800
20
-27476.500
30
0.0
11
15897.750
21
-27476.500
31
0.0
0
LINE
8
RENEWABLE-ENERGY-STORAGE
10
15935.100
20
-27460.900
30
0.0
11
15940.500
21
-27438.800
31
0.0
0
LINE
8
RENEWABLE-ENERGY-STORAGE
10
15940.500
20
-27438.800
30
0.0
11
15946.350
21
-27429.700
31
0.0
0
LINE
8
RENEWABLE-ENERGY-STORAGE
10
15946.350
20
-27429.700
30
0.0
11
15951.750
21
-27438.800
31
0.0
0
LINE
8
RENEWABLE-ENERGY-STORAGE
10
15951.750
20
-27438.800
30
0.0
11
15957.600
21
-27460.900
31
0.0
0
LINE
8
RENEWABLE-ENERGY-STORAGE
10
15957.600
20
-27460.900
30
0.0
11
15963.000
21
-27483.000
31
0.0
0
LINE
8
RENEWABLE-ENERGY-STORAGE
10
15963.000
20
-27483.000
30
0.0
11
15968.400
21
-27492.100
31
0.0
0
LINE
8
RENEWABLE-ENERGY-STORAGE
10
15968.400
20
-27492.100
30
0.0
11
15974.250
21
-27483.000
31
0.0
0
LINE
8
RENEWABLE-ENERGY-STORAGE
10
15974.250
20
-27483.000
30
0.0
11
15979.650
21
-27460.900
31
0.0
0
LINE
8
RENEWABLE-ENERGY-STORAGE
10
15979.650
20
-27460.900
30
0.0
11
15985.500
21
-27438.800
31
0.0
0
LINE
8
RENEWABLE-ENERGY-STORAGE
10
15985.500
20
-27438.800
30
0.0
11
15990.900
21
-27429.700
31
0.0
0
LINE
8
RENEWABLE-ENERGY-STORAGE
10
15990.900
20
-27429.700
30
0.0
11
15996.750
21
-27438.800
31
0.0
0
LINE
8
RENEWABLE-ENERGY-STORAGE
10
15996.750
20
-27438.800
30
0.0
11
16002.150
21
-27460.900
31
0.0
0
LINE
8
RENEWABLE-ENERGY-STORAGE
10
15917.550
20
-27398.500
30
0.0
11
15927.450
21
-27512.900
31
0.0
0
TEXT
8
LEGEND
10
14619.750
20
-29158.440
30
0.0
40
173.700
1
\U+05DE\U+05DE\U+05D9\U+05E8 / \U+05D0\U+05D9\U+05E0\U+05D5\U+05D1\U+05E8\U+05D8\U+05E8 PV
7
HEB
0
LINE
8
FRAME
10
18777.500
20
-27542.500
30
0.0
11
18857.500
21
-27542.500
31
0.0
0
LINE
8
FRAME
10
18857.500
20
-27542.500
30
0.0
11
18857.500
21
-27462.500
31
0.0
0
LINE
8
FRAME
10
18857.500
20
-27462.500
30
0.0
11
18777.500
21
-27462.500
31
0.0
0
LINE
8
FRAME
10
18777.500
20
-27462.500
30
0.0
11
18777.500
21
-27542.500
31
0.0
0
LINE
8
RENEWABLE-ENERGY-STORAGE
10
18790.620
20
-27529.380
30
0.0
11
18844.380
21
-27529.380
31
0.0
0
LINE
8
RENEWABLE-ENERGY-STORAGE
10
18844.380
20
-27529.380
30
0.0
11
18844.380
21
-27475.620
31
0.0
0
LINE
8
RENEWABLE-ENERGY-STORAGE
10
18844.380
20
-27475.620
30
0.0
11
18790.620
21
-27475.620
31
0.0
0
LINE
8
RENEWABLE-ENERGY-STORAGE
10
18790.620
20
-27475.620
30
0.0
11
18790.620
21
-27529.380
31
0.0
0
LINE
8
RENEWABLE-ENERGY-STORAGE
10
18825.180
20
-27496.100
30
0.0
11
18824.140
21
-27492.260
31
0.0
0
LINE
8
RENEWABLE-ENERGY-STORAGE
10
18824.140
20
-27492.260
30
0.0
11
18821.340
21
-27489.460
31
0.0
0
LINE
8
RENEWABLE-ENERGY-STORAGE
10
18821.340
20
-27489.460
30
0.0
11
18817.500
21
-27488.420
31
0.0
0
LINE
8
RENEWABLE-ENERGY-STORAGE
10
18817.500
20
-27488.420
30
0.0
11
18813.660
21
-27489.460
31
0.0
0
LINE
8
RENEWABLE-ENERGY-STORAGE
10
18813.660
20
-27489.460
30
0.0
11
18810.860
21
-27492.260
31
0.0
0
LINE
8
RENEWABLE-ENERGY-STORAGE
10
18810.860
20
-27492.260
30
0.0
11
18809.820
21
-27496.100
31
0.0
0
LINE
8
RENEWABLE-ENERGY-STORAGE
10
18809.820
20
-27496.100
30
0.0
11
18810.860
21
-27499.940
31
0.0
0
LINE
8
RENEWABLE-ENERGY-STORAGE
10
18810.860
20
-27499.940
30
0.0
11
18813.660
21
-27502.740
31
0.0
0
LINE
8
RENEWABLE-ENERGY-STORAGE
10
18813.660
20
-27502.740
30
0.0
11
18817.500
21
-27503.780
31
0.0
0
LINE
8
RENEWABLE-ENERGY-STORAGE
10
18817.500
20
-27503.780
30
0.0
11
18821.340
21
-27502.740
31
0.0
0
LINE
8
RENEWABLE-ENERGY-STORAGE
10
18821.340
20
-27502.740
30
0.0
11
18824.140
21
-27499.940
31
0.0
0
LINE
8
RENEWABLE-ENERGY-STORAGE
10
18824.140
20
-27499.940
30
0.0
11
18825.180
21
-27496.100
31
0.0
0
LINE
8
RENEWABLE-ENERGY-STORAGE
10
18827.100
20
-27496.100
30
0.0
11
18830.540
21
-27496.100
31
0.0
0
LINE
8
RENEWABLE-ENERGY-STORAGE
10
18824.300
20
-27489.300
30
0.0
11
18826.700
21
-27486.900
31
0.0
0
LINE
8
RENEWABLE-ENERGY-STORAGE
10
18817.500
20
-27486.500
30
0.0
11
18817.500
21
-27483.060
31
0.0
0
LINE
8
RENEWABLE-ENERGY-STORAGE
10
18810.700
20
-27489.300
30
0.0
11
18808.300
21
-27486.900
31
0.0
0
LINE
8
RENEWABLE-ENERGY-STORAGE
10
18807.900
20
-27496.100
30
0.0
11
18804.460
21
-27496.100
31
0.0
0
LINE
8
RENEWABLE-ENERGY-STORAGE
10
18810.700
20
-27502.900
30
0.0
11
18808.300
21
-27505.300
31
0.0
0
LINE
8
RENEWABLE-ENERGY-STORAGE
10
18817.500
20
-27505.700
30
0.0
11
18817.500
21
-27509.140
31
0.0
0
LINE
8
RENEWABLE-ENERGY-STORAGE
10
18824.300
20
-27502.900
30
0.0
11
18826.700
21
-27505.300
31
0.0
0
LINE
8
RENEWABLE-ENERGY-STORAGE
10
18805.980
20
-27515.300
30
0.0
11
18812.380
21
-27515.300
31
0.0
0
LINE
8
RENEWABLE-ENERGY-STORAGE
10
18809.180
20
-27518.500
30
0.0
11
18809.180
21
-27512.100
31
0.0
0
LINE
8
RENEWABLE-ENERGY-STORAGE
10
18822.620
20
-27515.300
30
0.0
11
18829.020
21
-27515.300
31
0.0
0
TEXT
8
LEGEND
10
17514.750
20
-29158.440
30
0.0
40
173.700
1
\U+05E0\U+05E7\U+05D5\U+05D3\U+05EA \U+05D7\U+05D9\U+05D1\U+05D5\U+05E8 PV (DC)
7
HEB
0
LINE
8
FRAME
10
21412.500
20
-27952.500
30
0.0
11
22012.500
21
-27952.500
31
0.0
0
LINE
8
FRAME
10
22012.500
20
-27952.500
30
0.0
11
22012.500
21
-27052.500
31
0.0
0
LINE
8
FRAME
10
22012.500
20
-27052.500
30
0.0
11
21412.500
21
-27052.500
31
0.0
0
LINE
8
FRAME
10
21412.500
20
-27052.500
30
0.0
11
21412.500
21
-27952.500
31
0.0
0
LINE
8
RENEWABLE-ENERGY-STORAGE
10
21597.300
20
-27795.000
30
0.0
11
21827.700
21
-27795.000
31
0.0
0
LINE
8
RENEWABLE-ENERGY-STORAGE
10
21827.700
20
-27795.000
30
0.0
11
21827.700
21
-27210.000
31
0.0
0
LINE
8
RENEWABLE-ENERGY-STORAGE
10
21827.700
20
-27210.000
30
0.0
11
21597.300
21
-27210.000
31
0.0
0
LINE
8
RENEWABLE-ENERGY-STORAGE
10
21597.300
20
-27210.000
30
0.0
11
21597.300
21
-27795.000
31
0.0
0
LINE
8
RENEWABLE-ENERGY-STORAGE
10
21686.700
20
-27210.000
30
0.0
11
21738.300
21
-27210.000
31
0.0
0
LINE
8
RENEWABLE-ENERGY-STORAGE
10
21738.300
20
-27210.000
30
0.0
11
21738.300
21
-27181.200
31
0.0
0
LINE
8
RENEWABLE-ENERGY-STORAGE
10
21738.300
20
-27181.200
30
0.0
11
21686.700
21
-27181.200
31
0.0
0
LINE
8
RENEWABLE-ENERGY-STORAGE
10
21686.700
20
-27181.200
30
0.0
11
21686.700
21
-27210.000
31
0.0
0
LINE
8
RENEWABLE-ENERGY-STORAGE
10
21723.900
20
-27380.100
30
0.0
11
21695.100
21
-27466.500
31
0.0
0
LINE
8
RENEWABLE-ENERGY-STORAGE
10
21695.100
20
-27466.500
30
0.0
11
21718.500
21
-27466.500
31
0.0
0
LINE
8
RENEWABLE-ENERGY-STORAGE
10
21718.500
20
-27466.500
30
0.0
11
21701.100
21
-27552.900
31
0.0
0
LINE
8
RENEWABLE-ENERGY-STORAGE
10
21701.100
20
-27552.900
30
0.0
11
21732.900
21
-27475.500
31
0.0
0
LINE
8
RENEWABLE-ENERGY-STORAGE
10
21732.900
20
-27475.500
30
0.0
11
21709.500
21
-27475.500
31
0.0
0
LINE
8
RENEWABLE-ENERGY-STORAGE
10
21709.500
20
-27475.500
30
0.0
11
21723.900
21
-27380.100
31
0.0
0
LINE
8
RENEWABLE-ENERGY-STORAGE
10
21616.500
20
-27682.500
30
0.0
11
21808.500
21
-27682.500
31
0.0
0
LINE
8
RENEWABLE-ENERGY-STORAGE
10
21616.500
20
-27639.300
30
0.0
11
21808.500
21
-27639.300
31
0.0
0
LINE
8
RENEWABLE-ENERGY-STORAGE
10
21616.500
20
-27596.100
30
0.0
11
21808.500
21
-27596.100
31
0.0
0
TEXT
8
LEGEND
10
20409.750
20
-29158.440
30
0.0
40
173.700
1
\U+05E1\U+05D5\U+05DC\U+05DC\U+05EA \U+05D0\U+05D2\U+05D9\U+05E8\U+05D4 \U+05D1\U+05D9\U+05EA\U+05D9\U+05EA
7
HEB
0
LINE
8
FRAME
10
24507.500
20
-27652.500
30
0.0
11
24707.500
21
-27652.500
31
0.0
0
LINE
8
FRAME
10
24707.500
20
-27652.500
30
0.0
11
24707.500
21
-27352.500
31
0.0
0
LINE
8
FRAME
10
24707.500
20
-27352.500
30
0.0
11
24507.500
21
-27352.500
31
0.0
0
LINE
8
FRAME
10
24507.500
20
-27352.500
30
0.0
11
24507.500
21
-27652.500
31
0.0
0
LINE
8
RENEWABLE-ENERGY-STORAGE
10
24569.100
20
-27600.000
30
0.0
11
24645.900
21
-27600.000
31
0.0
0
LINE
8
RENEWABLE-ENERGY-STORAGE
10
24645.900
20
-27600.000
30
0.0
11
24645.900
21
-27405.000
31
0.0
0
LINE
8
RENEWABLE-ENERGY-STORAGE
10
24645.900
20
-27405.000
30
0.0
11
24569.100
21
-27405.000
31
0.0
0
LINE
8
RENEWABLE-ENERGY-STORAGE
10
24569.100
20
-27405.000
30
0.0
11
24569.100
21
-27600.000
31
0.0
0
LINE
8
RENEWABLE-ENERGY-STORAGE
10
24624.500
20
-27478.500
30
0.0
11
24622.300
21
-27465.600
31
0.0
0
LINE
8
RENEWABLE-ENERGY-STORAGE
10
24622.300
20
-27465.600
30
0.0
11
24616.100
21
-27456.300
31
0.0
0
LINE
8
RENEWABLE-ENERGY-STORAGE
10
24616.100
20
-27456.300
30
0.0
11
24607.500
21
-27453.000
31
0.0
0
LINE
8
RENEWABLE-ENERGY-STORAGE
10
24607.500
20
-27453.000
30
0.0
11
24598.900
21
-27456.300
31
0.0
0
LINE
8
RENEWABLE-ENERGY-STORAGE
10
24598.900
20
-27456.300
30
0.0
11
24592.700
21
-27465.600
31
0.0
0
LINE
8
RENEWABLE-ENERGY-STORAGE
10
24592.700
20
-27465.600
30
0.0
11
24590.500
21
-27478.500
31
0.0
0
LINE
8
RENEWABLE-ENERGY-STORAGE
10
24590.500
20
-27478.500
30
0.0
11
24592.700
21
-27491.400
31
0.0
0
LINE
8
RENEWABLE-ENERGY-STORAGE
10
24592.700
20
-27491.400
30
0.0
11
24598.900
21
-27500.700
31
0.0
0
LINE
8
RENEWABLE-ENERGY-STORAGE
10
24598.900
20
-27500.700
30
0.0
11
24607.500
21
-27504.000
31
0.0
0
LINE
8
RENEWABLE-ENERGY-STORAGE
10
24607.500
20
-27504.000
30
0.0
11
24616.100
21
-27500.700
31
0.0
0
LINE
8
RENEWABLE-ENERGY-STORAGE
10
24616.100
20
-27500.700
30
0.0
11
24622.300
21
-27491.400
31
0.0
0
LINE
8
RENEWABLE-ENERGY-STORAGE
10
24622.300
20
-27491.400
30
0.0
11
24624.500
21
-27478.500
31
0.0
0
LINE
8
RENEWABLE-ENERGY-STORAGE
10
24584.100
20
-27545.700
30
0.0
11
24620.300
21
-27545.700
31
0.0
0
LINE
8
RENEWABLE-ENERGY-STORAGE
10
24620.300
20
-27545.700
30
0.0
11
24612.500
21
-27551.100
31
0.0
0
LINE
8
RENEWABLE-ENERGY-STORAGE
10
24620.300
20
-27545.700
30
0.0
11
24612.500
21
-27540.300
31
0.0
0
LINE
8
RENEWABLE-ENERGY-STORAGE
10
24630.900
20
-27564.900
30
0.0
11
24594.700
21
-27564.900
31
0.0
0
LINE
8
RENEWABLE-ENERGY-STORAGE
10
24594.700
20
-27564.900
30
0.0
11
24602.500
21
-27559.500
31
0.0
0
LINE
8
RENEWABLE-ENERGY-STORAGE
10
24594.700
20
-27564.900
30
0.0
11
24602.500
21
-27570.300
31
0.0
0
TEXT
8
LEGEND
10
23304.750
20
-29158.440
30
0.0
40
173.700
1
\U+05DE\U+05D5\U+05E0\U+05D4 \U+05D3\U+05D5-\U+05DB\U+05D9\U+05D5\U+05D5\U+05E0\U+05D9 (\U+05E0\U+05D8\U+05D5)
7
HEB
0
LINE
8
FRAME
10
26902.500
20
-28222.500
30
0.0
11
28102.500
21
-28222.500
31
0.0
0
LINE
8
FRAME
10
28102.500
20
-28222.500
30
0.0
11
28102.500
21
-26782.500
31
0.0
0
LINE
8
FRAME
10
28102.500
20
-26782.500
30
0.0
11
26902.500
21
-26782.500
31
0.0
0
LINE
8
FRAME
10
26902.500
20
-26782.500
30
0.0
11
26902.500
21
-28222.500
31
0.0
0
LINE
8
ARCH-OPENINGS-STRUCTURE
10
27102.900
20
-27617.700
30
0.0
11
27902.100
21
-27617.700
31
0.0
0
LINE
8
ARCH-OPENINGS-STRUCTURE
10
27902.100
20
-27617.700
30
0.0
11
27902.100
21
-27387.300
31
0.0
0
LINE
8
ARCH-OPENINGS-STRUCTURE
10
27902.100
20
-27387.300
30
0.0
11
27102.900
21
-27387.300
31
0.0
0
LINE
8
ARCH-OPENINGS-STRUCTURE
10
27102.900
20
-27387.300
30
0.0
11
27102.900
21
-27617.700
31
0.0
0
LINE
8
ARCH-OPENINGS-STRUCTURE
10
27102.900
20
-27502.500
30
0.0
11
27902.100
21
-27502.500
31
0.0
0
TEXT
8
LEGEND
10
26199.750
20
-29158.440
30
0.0
40
173.700
1
\U+05D7\U+05DC\U+05D5\U+05DF
7
HEB
0
LINE
8
FRAME
10
29797.500
20
-27522.500
30
0.0
11
30997.500
21
-27522.500
31
0.0
0
LINE
8
FRAME
10
30997.500
20
-27522.500
30
0.0
11
30997.500
21
-27482.500
31
0.0
0
LINE
8
FRAME
10
30997.500
20
-27482.500
30
0.0
11
29797.500
21
-27482.500
31
0.0
0
LINE
8
FRAME
10
29797.500
20
-27482.500
30
0.0
11
29797.500
21
-27522.500
31
0.0
0
LINE
8
ARCH-OPENINGS-STRUCTURE
10
29917.500
20
-27503.020
30
0.0
11
30877.500
21
-27503.020
31
0.0
0
LINE
8
ARCH-OPENINGS-STRUCTURE
10
30877.500
20
-27503.020
30
0.0
11
30877.500
21
-27502.380
31
0.0
0
LINE
8
ARCH-OPENINGS-STRUCTURE
10
30877.500
20
-27502.380
30
0.0
11
29917.500
21
-27502.380
31
0.0
0
LINE
8
ARCH-OPENINGS-STRUCTURE
10
29917.500
20
-27502.380
30
0.0
11
29917.500
21
-27503.020
31
0.0
0
LINE
8
ARCH-OPENINGS-STRUCTURE
10
29917.500
20
-27502.380
30
0.0
11
30877.500
21
-27502.380
31
0.0
0
LINE
8
ARCH-OPENINGS-STRUCTURE
10
29917.500
20
-27501.980
30
0.0
11
30877.500
21
-27501.980
31
0.0
0
TEXT
8
LEGEND
10
29094.750
20
-29158.440
30
0.0
40
173.700
1
\U+05D0\U+05D3\U+05DF \U+05D7\U+05DC\U+05D5\U+05DF
7
HEB
0
LINE
8
FRAME
10
32134.500
20
-27625.000
30
0.0
11
34450.500
21
-27625.000
31
0.0
0
LINE
8
FRAME
10
34450.500
20
-27625.000
30
0.0
11
34450.500
21
-27380.000
31
0.0
0
LINE
8
FRAME
10
34450.500
20
-27380.000
30
0.0
11
32134.500
21
-27380.000
31
0.0
0
LINE
8
FRAME
10
32134.500
20
-27380.000
30
0.0
11
32134.500
21
-27625.000
31
0.0
0
LINE
8
ARCH-OPENINGS-STRUCTURE
10
32366.100
20
-27512.790
30
0.0
11
34218.900
21
-27512.790
31
0.0
0
LINE
8
ARCH-OPENINGS-STRUCTURE
10
34218.900
20
-27512.790
30
0.0
11
34218.900
21
-27492.210
31
0.0
0
LINE
8
ARCH-OPENINGS-STRUCTURE
10
34218.900
20
-27492.210
30
0.0
11
32366.100
21
-27492.210
31
0.0
0
LINE
8
ARCH-OPENINGS-STRUCTURE
10
32366.100
20
-27492.210
30
0.0
11
32366.100
21
-27512.790
31
0.0
0
LINE
8
ARCH-OPENINGS-STRUCTURE
10
32366.100
20
-27507.645
30
0.0
11
34218.900
21
-27507.645
31
0.0
0
LINE
8
ARCH-OPENINGS-STRUCTURE
10
32366.100
20
-27502.500
30
0.0
11
34218.900
21
-27502.500
31
0.0
0
LINE
8
ARCH-OPENINGS-STRUCTURE
10
32366.100
20
-27497.355
30
0.0
11
34218.900
21
-27497.355
31
0.0
0
TEXT
8
LEGEND
10
31989.750
20
-29158.440
30
0.0
40
173.700
1
\U+05D0\U+05E8\U+05D2\U+05D6 \U+05EA\U+05E8\U+05D9\U+05E1
7
HEB
0
LINE
8
FRAME
10
1047.500
20
-31447.500
30
0.0
11
1847.500
21
-31447.500
31
0.0
0
LINE
8
FRAME
10
1847.500
20
-31447.500
30
0.0
11
1847.500
21
-29347.500
31
0.0
0
LINE
8
FRAME
10
1847.500
20
-29347.500
30
0.0
11
1047.500
21
-29347.500
31
0.0
0
LINE
8
FRAME
10
1047.500
20
-29347.500
30
0.0
11
1047.500
21
-31447.500
31
0.0
0
LINE
8
ARCH-OPENINGS-STRUCTURE
10
1325.900
20
-31237.500
30
0.0
11
1361.900
21
-31237.500
31
0.0
0
LINE
8
ARCH-OPENINGS-STRUCTURE
10
1325.900
20
-31237.500
30
0.0
11
1325.900
21
-31103.100
31
0.0
0
LINE
8
ARCH-OPENINGS-STRUCTURE
10
1325.900
20
-31237.500
30
0.0
11
1325.900
21
-29557.500
31
0.0
0
LINE
8
ARCH-OPENINGS-STRUCTURE
10
1847.500
20
-31237.500
30
0.0
11
1847.500
21
-31029.600
31
0.0
0
LINE
8
ARCH-OPENINGS-STRUCTURE
10
1847.500
20
-31029.600
30
0.0
11
1847.500
21
-30823.800
31
0.0
0
LINE
8
ARCH-OPENINGS-STRUCTURE
10
1847.500
20
-30823.800
30
0.0
11
1847.500
21
-30626.400
31
0.0
0
LINE
8
ARCH-OPENINGS-STRUCTURE
10
1847.500
20
-30626.400
30
0.0
11
1847.500
21
-30439.500
31
0.0
0
LINE
8
ARCH-OPENINGS-STRUCTURE
10
1847.500
20
-30439.500
30
0.0
11
1808.300
21
-30265.200
31
0.0
0
LINE
8
ARCH-OPENINGS-STRUCTURE
10
1808.300
20
-30265.200
30
0.0
11
1755.500
21
-30109.800
31
0.0
0
LINE
8
ARCH-OPENINGS-STRUCTURE
10
1755.500
20
-30109.800
30
0.0
11
1695.500
21
-29971.200
31
0.0
0
LINE
8
ARCH-OPENINGS-STRUCTURE
10
1695.500
20
-29971.200
30
0.0
11
1629.900
21
-29855.700
31
0.0
0
LINE
8
ARCH-OPENINGS-STRUCTURE
10
1629.900
20
-29855.700
30
0.0
11
1557.900
21
-29763.300
31
0.0
0
LINE
8
ARCH-OPENINGS-STRUCTURE
10
1557.900
20
-29763.300
30
0.0
11
1482.700
21
-29696.100
31
0.0
0
LINE
8
ARCH-OPENINGS-STRUCTURE
10
1482.700
20
-29696.100
30
0.0
11
1405.100
21
-29656.200
31
0.0
0
LINE
8
ARCH-OPENINGS-STRUCTURE
10
1405.100
20
-29656.200
30
0.0
11
1325.900
21
-29641.500
31
0.0
0
TEXT
8
LEGEND
10
144.750
20
-32053.440
30
0.0
40
173.700
1
\U+05E4\U+05EA\U+05D7 \U+05D3\U+05DC\U+05EA (\U+05DC\U+05DC\U+05D0 \U+05DE\U+05E9\U+05E7\U+05D5\U+05E3)
7
HEB
0
LINE
8
FRAME
10
3892.500
20
-31447.500
30
0.0
11
4792.500
21
-31447.500
31
0.0
0
LINE
8
FRAME
10
4792.500
20
-31447.500
30
0.0
11
4792.500
21
-29347.500
31
0.0
0
LINE
8
FRAME
10
4792.500
20
-29347.500
30
0.0
11
3892.500
21
-29347.500
31
0.0
0
LINE
8
FRAME
10
3892.500
20
-29347.500
30
0.0
11
3892.500
21
-31447.500
31
0.0
0
LINE
8
ARCH-OPENINGS-STRUCTURE
10
4188.600
20
-31237.500
30
0.0
11
4212.900
21
-31237.500
31
0.0
0
LINE
8
ARCH-OPENINGS-STRUCTURE
10
4212.900
20
-31237.500
30
0.0
11
4212.900
21
-29557.500
31
0.0
0
LINE
8
ARCH-OPENINGS-STRUCTURE
10
4212.900
20
-29557.500
30
0.0
11
4188.600
21
-29557.500
31
0.0
0
LINE
8
ARCH-OPENINGS-STRUCTURE
10
4188.600
20
-29557.500
30
0.0
11
4188.600
21
-31237.500
31
0.0
0
LINE
8
ARCH-OPENINGS-STRUCTURE
10
4472.100
20
-31237.500
30
0.0
11
4496.400
21
-31237.500
31
0.0
0
LINE
8
ARCH-OPENINGS-STRUCTURE
10
4496.400
20
-31237.500
30
0.0
11
4496.400
21
-29557.500
31
0.0
0
LINE
8
ARCH-OPENINGS-STRUCTURE
10
4496.400
20
-29557.500
30
0.0
11
4472.100
21
-29557.500
31
0.0
0
LINE
8
ARCH-OPENINGS-STRUCTURE
10
4472.100
20
-29557.500
30
0.0
11
4472.100
21
-31237.500
31
0.0
0
LINE
8
ARCH-OPENINGS-STRUCTURE
10
4188.600
20
-29557.500
30
0.0
11
4496.400
21
-29557.500
31
0.0
0
LINE
8
ARCH-OPENINGS-STRUCTURE
10
4212.900
20
-31237.500
30
0.0
11
4212.900
21
-29591.100
31
0.0
0
LINE
8
ARCH-OPENINGS-STRUCTURE
10
4212.900
20
-31237.500
30
0.0
11
4212.900
21
-31237.500
31
0.0
0
LINE
8
ARCH-OPENINGS-STRUCTURE
10
4212.900
20
-31203.900
30
0.0
11
4472.100
21
-31203.900
31
0.0
0
LINE
8
ARCH-OPENINGS-STRUCTURE
10
4472.100
20
-31237.500
30
0.0
11
4470.300
21
-31157.700
31
0.0
0
LINE
8
ARCH-OPENINGS-STRUCTURE
10
4470.300
20
-31157.700
30
0.0
11
4463.100
21
-31080.000
31
0.0
0
LINE
8
ARCH-OPENINGS-STRUCTURE
10
4463.100
20
-31080.000
30
0.0
11
4452.300
21
-31006.500
31
0.0
0
LINE
8
ARCH-OPENINGS-STRUCTURE
10
4452.300
20
-31006.500
30
0.0
11
4437.000
21
-30935.100
31
0.0
0
LINE
8
ARCH-OPENINGS-STRUCTURE
10
4437.000
20
-30935.100
30
0.0
11
4418.100
21
-30870.000
31
0.0
0
LINE
8
ARCH-OPENINGS-STRUCTURE
10
4418.100
20
-30870.000
30
0.0
11
4396.500
21
-30809.100
31
0.0
0
LINE
8
ARCH-OPENINGS-STRUCTURE
10
4396.500
20
-30809.100
30
0.0
11
4370.400
21
-30758.700
31
0.0
0
LINE
8
ARCH-OPENINGS-STRUCTURE
10
4370.400
20
-30758.700
30
0.0
11
4342.500
21
-30714.600
31
0.0
0
LINE
8
ARCH-OPENINGS-STRUCTURE
10
4342.500
20
-30714.600
30
0.0
11
4311.900
21
-30678.900
31
0.0
0
LINE
8
ARCH-OPENINGS-STRUCTURE
10
4311.900
20
-30678.900
30
0.0
11
4280.400
21
-30653.700
31
0.0
0
LINE
8
ARCH-OPENINGS-STRUCTURE
10
4280.400
20
-30653.700
30
0.0
11
4247.100
21
-30636.900
31
0.0
0
LINE
8
ARCH-OPENINGS-STRUCTURE
10
4247.100
20
-30636.900
30
0.0
11
4212.900
21
-30632.700
31
0.0
0
TEXT
8
LEGEND
10
3039.750
20
-32053.440
30
0.0
40
173.700
1
\U+05E4\U+05EA\U+05D7 \U+05D3\U+05DC\U+05EA (\U+05E2\U+05DD \U+05DE\U+05E9\U+05E7\U+05D5\U+05E3)
7
HEB
0
LINE
8
FRAME
10
7087.500
20
-30547.500
30
0.0
11
7387.500
21
-30547.500
31
0.0
0
LINE
8
FRAME
10
7387.500
20
-30547.500
30
0.0
11
7387.500
21
-30247.500
31
0.0
0
LINE
8
FRAME
10
7387.500
20
-30247.500
30
0.0
11
7087.500
21
-30247.500
31
0.0
0
LINE
8
FRAME
10
7087.500
20
-30247.500
30
0.0
11
7087.500
21
-30547.500
31
0.0
0
LINE
8
ARCH-OPENINGS-STRUCTURE
10
7141.500
20
-30493.500
30
0.0
11
7333.500
21
-30493.500
31
0.0
0
LINE
8
ARCH-OPENINGS-STRUCTURE
10
7333.500
20
-30493.500
30
0.0
11
7333.500
21
-30301.500
31
0.0
0
LINE
8
ARCH-OPENINGS-STRUCTURE
10
7333.500
20
-30301.500
30
0.0
11
7141.500
21
-30301.500
31
0.0
0
LINE
8
ARCH-OPENINGS-STRUCTURE
10
7141.500
20
-30301.500
30
0.0
11
7141.500
21
-30493.500
31
0.0
0
LINE
8
ARCH-OPENINGS-STRUCTURE
10
7175.100
20
-30459.900
30
0.0
11
7299.900
21
-30459.900
31
0.0
0
LINE
8
ARCH-OPENINGS-STRUCTURE
10
7299.900
20
-30459.900
30
0.0
11
7299.900
21
-30335.100
31
0.0
0
LINE
8
ARCH-OPENINGS-STRUCTURE
10
7299.900
20
-30335.100
30
0.0
11
7175.100
21
-30335.100
31
0.0
0
LINE
8
ARCH-OPENINGS-STRUCTURE
10
7175.100
20
-30335.100
30
0.0
11
7175.100
21
-30459.900
31
0.0
0
LINE
8
ARCH-OPENINGS-STRUCTURE
10
7223.100
20
-30397.500
30
0.0
11
7251.900
21
-30397.500
31
0.0
0
LINE
8
ARCH-OPENINGS-STRUCTURE
10
7141.500
20
-30493.500
30
0.0
11
7175.100
21
-30459.900
31
0.0
0
LINE
8
ARCH-OPENINGS-STRUCTURE
10
7333.500
20
-30301.500
30
0.0
11
7299.900
21
-30335.100
31
0.0
0
TEXT
8
LEGEND
10
5934.750
20
-32053.440
30
0.0
40
173.700
1
\U+05E4\U+05EA\U+05D7 / \U+05E7\U+05D5\U+05E4\U+05E1\U+05EA \U+05D1\U+05D9\U+05E7\U+05D5\U+05E8\U+05EA (\U+05E7.\U+05D1\U+05E7\U+05D5\U+05E8\U+05EA)
7
HEB
0
LINE
8
FRAME
10
9632.500
20
-30485.000
30
0.0
11
10632.500
21
-30485.000
31
0.0
0
LINE
8
FRAME
10
10632.500
20
-30485.000
30
0.0
11
10632.500
21
-30310.000
31
0.0
0
LINE
8
FRAME
10
10632.500
20
-30310.000
30
0.0
11
9632.500
21
-30310.000
31
0.0
0
LINE
8
FRAME
10
9632.500
20
-30310.000
30
0.0
11
9632.500
21
-30485.000
31
0.0
0
LINE
8
ARCH-OPENINGS-STRUCTURE
10
9732.500
20
-30385.250
30
0.0
11
9732.500
21
-30385.250
31
0.0
0
LINE
8
ARCH-OPENINGS-STRUCTURE
10
9732.500
20
-30385.250
30
0.0
11
9732.500
21
-30391.375
31
0.0
0
LINE
8
ARCH-OPENINGS-STRUCTURE
10
9732.500
20
-30391.375
30
0.0
11
9932.500
21
-30391.375
31
0.0
0
LINE
8
ARCH-OPENINGS-STRUCTURE
10
9932.500
20
-30391.375
30
0.0
11
9932.500
21
-30391.375
31
0.0
0
LINE
8
ARCH-OPENINGS-STRUCTURE
10
9932.500
20
-30391.375
30
0.0
11
9932.500
21
-30397.500
31
0.0
0
LINE
8
ARCH-OPENINGS-STRUCTURE
10
9932.500
20
-30397.500
30
0.0
11
10132.500
21
-30397.500
31
0.0
0
LINE
8
ARCH-OPENINGS-STRUCTURE
10
10132.500
20
-30397.500
30
0.0
11
10132.500
21
-30397.500
31
0.0
0
LINE
8
ARCH-OPENINGS-STRUCTURE
10
10132.500
20
-30397.500
30
0.0
11
10132.500
21
-30403.625
31
0.0
0
LINE
8
ARCH-OPENINGS-STRUCTURE
10
10132.500
20
-30403.625
30
0.0
11
10332.500
21
-30403.625
31
0.0
0
LINE
8
ARCH-OPENINGS-STRUCTURE
10
10332.500
20
-30403.625
30
0.0
11
10332.500
21
-30403.625
31
0.0
0
LINE
8
ARCH-OPENINGS-STRUCTURE
10
10332.500
20
-30403.625
30
0.0
11
10332.500
21
-30409.750
31
0.0
0
LINE
8
ARCH-OPENINGS-STRUCTURE
10
10332.500
20
-30409.750
30
0.0
11
10532.500
21
-30409.750
31
0.0
0
TEXT
8
LEGEND
10
8829.750
20
-32053.440
30
0.0
40
173.700
1
\U+05DE\U+05D3\U+05E8\U+05D2\U+05D4 (\U+05E8\U+05D5\U+05DD / \U+05E9\U+05DC\U+05D7)
7
HEB
0
LINE
8
FRAME
10
12527.500
20
-30397.500
30
0.0
11
13527.500
21
-30397.500
31
0.0
0
LINE
8
FRAME
10
13527.500
20
-30397.500
30
0.0
11
13527.500
21
-30397.500
31
0.0
0
LINE
8
FRAME
10
13527.500
20
-30397.500
30
0.0
11
12527.500
21
-30397.500
31
0.0
0
LINE
8
FRAME
10
12527.500
20
-30397.500
30
0.0
11
12527.500
21
-30397.500
31
0.0
0
LINE
8
ARCH-OPENINGS-STRUCTURE
10
12667.500
20
-30397.500
30
0.0
11
13387.500
21
-30397.500
31
0.0
0
LINE
8
ARCH-OPENINGS-STRUCTURE
10
13387.500
20
-30397.500
30
0.0
11
13387.500
21
-30397.500
31
0.0
0
LINE
8
ARCH-OPENINGS-STRUCTURE
10
13387.500
20
-30397.500
30
0.0
11
12667.500
21
-30397.500
31
0.0
0
LINE
8
ARCH-OPENINGS-STRUCTURE
10
12667.500
20
-30397.500
30
0.0
11
12667.500
21
-30397.500
31
0.0
0
LINE
8
ARCH-OPENINGS-STRUCTURE
10
13027.500
20
-30397.500
30
0.0
11
13027.500
21
-30397.500
31
0.0
0
LINE
8
ARCH-OPENINGS-STRUCTURE
10
13027.500
20
-30397.500
30
0.0
11
13047.500
21
-30397.500
31
0.0
0
LINE
8
ARCH-OPENINGS-STRUCTURE
10
13027.500
20
-30397.500
30
0.0
11
13007.500
21
-30397.500
31
0.0
0
LINE
8
ARCH-OPENINGS-STRUCTURE
10
12667.500
20
-30397.500
30
0.0
11
12907.500
21
-30397.500
31
0.0
0
TEXT
8
LEGEND
10
11724.750
20
-32053.440
30
0.0
40
173.700
1
\U+05E4\U+05D5\U+05D3\U+05E1\U+05D8 (\U+05DE\U+05D9\U+05E9\U+05D5\U+05E8\U+05EA \U+05D1\U+05D9\U+05E0\U+05D9\U+05D9\U+05DD)
7
HEB
0
LINE
8
FRAME
10
15322.500
20
-30397.500
30
0.0
11
16522.500
21
-30397.500
31
0.0
0
LINE
8
FRAME
10
16522.500
20
-30397.500
30
0.0
11
16522.500
21
-30397.500
31
0.0
0
LINE
8
FRAME
10
16522.500
20
-30397.500
30
0.0
11
15322.500
21
-30397.500
31
0.0
0
LINE
8
FRAME
10
15322.500
20
-30397.500
30
0.0
11
15322.500
21
-30397.500
31
0.0
0
LINE
8
ARCH-OPENINGS-STRUCTURE
10
15490.500
20
-30397.500
30
0.0
11
16354.500
21
-30397.500
31
0.0
0
LINE
8
ARCH-OPENINGS-STRUCTURE
10
16354.500
20
-30397.500
30
0.0
11
16354.500
21
-30397.500
31
0.0
0
LINE
8
ARCH-OPENINGS-STRUCTURE
10
16354.500
20
-30397.500
30
0.0
11
15490.500
21
-30397.500
31
0.0
0
LINE
8
ARCH-OPENINGS-STRUCTURE
10
15634.500
20
-30397.500
30
0.0
11
16258.500
21
-30397.500
31
0.0
0
LINE
8
ARCH-OPENINGS-STRUCTURE
10
16258.500
20
-30397.500
30
0.0
11
16233.300
21
-30397.500
31
0.0
0
LINE
8
ARCH-OPENINGS-STRUCTURE
10
16258.500
20
-30397.500
30
0.0
11
16227.300
21
-30397.500
31
0.0
0
TEXT
8
LEGEND
10
14619.750
20
-32053.440
30
0.0
40
173.700
1
\U+05E8\U+05DE\U+05E4\U+05D4
7
HEB
0
LINE
8
FRAME
10
18717.500
20
-30597.500
30
0.0
11
18917.500
21
-30597.500
31
0.0
0
LINE
8
FRAME
10
18917.500
20
-30597.500
30
0.0
11
18917.500
21
-30197.500
31
0.0
0
LINE
8
FRAME
10
18917.500
20
-30197.500
30
0.0
11
18717.500
21
-30197.500
31
0.0
0
LINE
8
FRAME
10
18717.500
20
-30197.500
30
0.0
11
18717.500
21
-30597.500
31
0.0
0
LINE
8
ARCH-OPENINGS-STRUCTURE
10
18777.500
20
-30461.500
30
0.0
11
18857.500
21
-30461.500
31
0.0
0
LINE
8
ARCH-OPENINGS-STRUCTURE
10
18857.500
20
-30461.500
30
0.0
11
18857.500
21
-30333.500
31
0.0
0
LINE
8
ARCH-OPENINGS-STRUCTURE
10
18857.500
20
-30333.500
30
0.0
11
18777.500
21
-30333.500
31
0.0
0
LINE
8
ARCH-OPENINGS-STRUCTURE
10
18777.500
20
-30333.500
30
0.0
11
18777.500
21
-30461.500
31
0.0
0
LINE
8
ARCH-OPENINGS-STRUCTURE
10
18779.100
20
-30397.500
30
0.0
11
18787.100
21
-30397.500
31
0.0
0
LINE
8
ARCH-OPENINGS-STRUCTURE
10
18792.500
20
-30397.500
30
0.0
11
18800.500
21
-30397.500
31
0.0
0
LINE
8
ARCH-OPENINGS-STRUCTURE
10
18805.700
20
-30397.500
30
0.0
11
18813.700
21
-30397.500
31
0.0
0
LINE
8
ARCH-OPENINGS-STRUCTURE
10
18819.100
20
-30397.500
30
0.0
11
18827.100
21
-30397.500
31
0.0
0
LINE
8
ARCH-OPENINGS-STRUCTURE
10
18832.500
20
-30397.500
30
0.0
11
18840.500
21
-30397.500
31
0.0
0
LINE
8
ARCH-OPENINGS-STRUCTURE
10
18845.700
20
-30397.500
30
0.0
11
18853.700
21
-30397.500
31
0.0
0
TEXT
8
LEGEND
10
17514.750
20
-32053.440
30
0.0
40
173.700
1
\U+05E7\U+05D5\U+05E8\U+05D4 (\U+05D1\U+05D8\U+05D5\U+05DF/\U+05D2\U+05D1\U+05E1)
7
HEB
0
LINE
8
FRAME
10
21562.500
20
-30397.500
30
0.0
11
21862.500
21
-30397.500
31
0.0
0
LINE
8
FRAME
10
21862.500
20
-30397.500
30
0.0
11
21862.500
21
-30397.500
31
0.0
0
LINE
8
FRAME
10
21862.500
20
-30397.500
30
0.0
11
21562.500
21
-30397.500
31
0.0
0
LINE
8
FRAME
10
21562.500
20
-30397.500
30
0.0
11
21562.500
21
-30397.500
31
0.0
0
LINE
8
ARCH-OPENINGS-STRUCTURE
10
21604.500
20
-30397.500
30
0.0
11
21820.500
21
-30397.500
31
0.0
0
LINE
8
ARCH-OPENINGS-STRUCTURE
10
21820.500
20
-30397.500
30
0.0
11
21820.500
21
-30397.500
31
0.0
0
LINE
8
ARCH-OPENINGS-STRUCTURE
10
21820.500
20
-30397.500
30
0.0
11
21604.500
21
-30397.500
31
0.0
0
LINE
8
ARCH-OPENINGS-STRUCTURE
10
21604.500
20
-30397.500
30
0.0
11
21604.500
21
-30397.500
31
0.0
0
LINE
8
ARCH-OPENINGS-STRUCTURE
10
21604.500
20
-30397.500
30
0.0
11
21647.700
21
-30397.500
31
0.0
0
LINE
8
ARCH-OPENINGS-STRUCTURE
10
21647.700
20
-30397.500
30
0.0
11
21820.500
21
-30397.500
31
0.0
0
LINE
8
ARCH-OPENINGS-STRUCTURE
10
21604.500
20
-30397.500
30
0.0
11
21690.900
21
-30397.500
31
0.0
0
LINE
8
ARCH-OPENINGS-STRUCTURE
10
21690.900
20
-30397.500
30
0.0
11
21820.500
21
-30397.500
31
0.0
0
LINE
8
ARCH-OPENINGS-STRUCTURE
10
21604.500
20
-30397.500
30
0.0
11
21734.100
21
-30397.500
31
0.0
0
LINE
8
ARCH-OPENINGS-STRUCTURE
10
21734.100
20
-30397.500
30
0.0
11
21820.500
21
-30397.500
31
0.0
0
LINE
8
ARCH-OPENINGS-STRUCTURE
10
21604.500
20
-30397.500
30
0.0
11
21777.300
21
-30397.500
31
0.0
0
LINE
8
ARCH-OPENINGS-STRUCTURE
10
21777.300
20
-30397.500
30
0.0
11
21820.500
21
-30397.500
31
0.0
0
TEXT
8
LEGEND
10
20409.750
20
-32053.440
30
0.0
40
173.700
1
\U+05E2\U+05DE\U+05D5\U+05D3 \U+05E7\U+05D5\U+05E0\U+05E1\U+05D8\U+05E8\U+05D5\U+05E7\U+05D8\U+05D9\U+05D1\U+05D9
7
HEB
0
LINE
8
FRAME
10
24607.500
20
-30397.500
30
0.0
11
24607.500
21
-30397.500
31
0.0
0
LINE
8
FRAME
10
24607.500
20
-30397.500
30
0.0
11
24607.500
21
-30397.500
31
0.0
0
LINE
8
FRAME
10
24607.500
20
-30397.500
30
0.0
11
24607.500
21
-30397.500
31
0.0
0
LINE
8
FRAME
10
24607.500
20
-30397.500
30
0.0
11
24607.500
21
-30397.500
31
0.0
0
LINE
8
ARCH-OPENINGS-STRUCTURE
10
24607.500
20
-30397.500
30
0.0
11
24607.500
21
-30397.500
31
0.0
0
LINE
8
ARCH-OPENINGS-STRUCTURE
10
24607.500
20
-30397.500
30
0.0
11
24607.500
21
-30397.500
31
0.0
0
LINE
8
ARCH-OPENINGS-STRUCTURE
10
24607.500
20
-30397.500
30
0.0
11
24607.500
21
-30397.500
31
0.0
0
LINE
8
ARCH-OPENINGS-STRUCTURE
10
24607.500
20
-30397.500
30
0.0
11
24607.500
21
-30397.500
31
0.0
0
LINE
8
ARCH-OPENINGS-STRUCTURE
10
24607.500
20
-30397.500
30
0.0
11
24607.500
21
-30397.500
31
0.0
0
LINE
8
ARCH-OPENINGS-STRUCTURE
10
24607.500
20
-30397.500
30
0.0
11
24607.500
21
-30397.500
31
0.0
0
LINE
8
ARCH-OPENINGS-STRUCTURE
10
24607.500
20
-30397.500
30
0.0
11
24607.500
21
-30397.500
31
0.0
0
LINE
8
ARCH-OPENINGS-STRUCTURE
10
24607.500
20
-30397.500
30
0.0
11
24607.500
21
-30397.500
31
0.0
0
LINE
8
ARCH-OPENINGS-STRUCTURE
10
24607.500
20
-30397.500
30
0.0
11
24607.500
21
-30397.500
31
0.0
0
LINE
8
ARCH-OPENINGS-STRUCTURE
10
24607.500
20
-30397.500
30
0.0
11
24607.500
21
-30397.500
31
0.0
0
LINE
8
ARCH-OPENINGS-STRUCTURE
10
24607.500
20
-30397.500
30
0.0
11
24607.500
21
-30397.500
31
0.0
0
LINE
8
ARCH-OPENINGS-STRUCTURE
10
24607.500
20
-30397.500
30
0.0
11
24607.500
21
-30397.500
31
0.0
0
LINE
8
ARCH-OPENINGS-STRUCTURE
10
24607.500
20
-30397.500
30
0.0
11
24607.500
21
-30397.500
31
0.0
0
LINE
8
ARCH-OPENINGS-STRUCTURE
10
24607.500
20
-30397.500
30
0.0
11
24607.500
21
-30397.500
31
0.0
0
LINE
8
ARCH-OPENINGS-STRUCTURE
10
24607.500
20
-30397.500
30
0.0
11
24607.500
21
-30397.500
31
0.0
0
TEXT
8
LEGEND
10
23304.750
20
-32053.440
30
0.0
40
173.700
1
\U+05E7\U+05D9\U+05E8 \U+05D2\U+05D1\U+05E1 / \U+05E7\U+05D5\U+05E0\U+05E1\U+05D8\U+05E8\U+05D5\U+05E7\U+05E6\U+05D9\U+05D9\U+05EA \U+05D2\U+05D1\U+05E1
7
HEB
0
LINE
8
FRAME
10
27502.500
20
-30522.500
30
0.0
11
27502.500
21
-30522.500
31
0.0
0
LINE
8
FRAME
10
27502.500
20
-30522.500
30
0.0
11
27502.500
21
-30272.500
31
0.0
0
LINE
8
FRAME
10
27502.500
20
-30272.500
30
0.0
11
27502.500
21
-30272.500
31
0.0
0
LINE
8
FRAME
10
27502.500
20
-30272.500
30
0.0
11
27502.500
21
-30522.500
31
0.0
0
LINE
8
ARCH-OPENINGS-STRUCTURE
10
27502.500
20
-30439.250
30
0.0
11
27502.500
21
-30439.250
31
0.0
0
LINE
8
ARCH-OPENINGS-STRUCTURE
10
27502.500
20
-30439.250
30
0.0
11
27502.500
21
-30355.750
31
0.0
0
LINE
8
ARCH-OPENINGS-STRUCTURE
10
27502.500
20
-30355.750
30
0.0
11
27502.500
21
-30355.750
31
0.0
0
LINE
8
ARCH-OPENINGS-STRUCTURE
10
27502.500
20
-30355.750
30
0.0
11
27502.500
21
-30439.250
31
0.0
0
LINE
8
ARCH-OPENINGS-STRUCTURE
10
27502.500
20
-30439.250
30
0.0
11
27502.500
21
-30355.750
31
0.0
0
LINE
8
ARCH-OPENINGS-STRUCTURE
10
27502.500
20
-30439.250
30
0.0
11
27502.500
21
-30355.750
31
0.0
0
LINE
8
ARCH-OPENINGS-STRUCTURE
10
27502.500
20
-30439.250
30
0.0
11
27502.500
21
-30355.750
31
0.0
0
LINE
8
ARCH-OPENINGS-STRUCTURE
10
27502.500
20
-30439.250
30
0.0
11
27502.500
21
-30355.750
31
0.0
0
LINE
8
ARCH-OPENINGS-STRUCTURE
10
27502.500
20
-30439.250
30
0.0
11
27502.500
21
-30355.750
31
0.0
0
LINE
8
ARCH-OPENINGS-STRUCTURE
10
27502.500
20
-30439.250
30
0.0
11
27502.500
21
-30355.750
31
0.0
0
LINE
8
ARCH-OPENINGS-STRUCTURE
10
27502.500
20
-30439.250
30
0.0
11
27502.500
21
-30355.750
31
0.0
0
LINE
8
ARCH-OPENINGS-STRUCTURE
10
27502.500
20
-30439.250
30
0.0
11
27502.500
21
-30355.750
31
0.0
0
LINE
8
ARCH-OPENINGS-STRUCTURE
10
27502.500
20
-30439.250
30
0.0
11
27502.500
21
-30355.750
31
0.0
0
LINE
8
ARCH-OPENINGS-STRUCTURE
10
27502.500
20
-30439.250
30
0.0
11
27502.500
21
-30355.750
31
0.0
0
LINE
8
ARCH-OPENINGS-STRUCTURE
10
27502.500
20
-30439.250
30
0.0
11
27502.500
21
-30355.750
31
0.0
0
LINE
8
ARCH-OPENINGS-STRUCTURE
10
27502.500
20
-30355.750
30
0.0
11
27502.500
21
-30355.750
31
0.0
0
TEXT
8
LEGEND
10
26199.750
20
-32053.440
30
0.0
40
173.700
1
\U+05D4\U+05E0\U+05DE\U+05DB\U+05EA \U+05EA\U+05E7\U+05E8\U+05D4 (\U+05D2\U+05D1\U+05E1)
7
HEB
0
LINE
8
FRAME
10
30097.500
20
-30747.500
30
0.0
11
30697.500
21
-30747.500
31
0.0
0
LINE
8
FRAME
10
30697.500
20
-30747.500
30
0.0
11
30697.500
21
-30047.500
31
0.0
0
LINE
8
FRAME
10
30697.500
20
-30047.500
30
0.0
11
30097.500
21
-30047.500
31
0.0
0
LINE
8
FRAME
10
30097.500
20
-30047.500
30
0.0
11
30097.500
21
-30747.500
31
0.0
0
LINE
8
ARCH-OPENINGS-STRUCTURE
10
30224.700
20
-30639.000
30
0.0
11
30570.300
21
-30639.000
31
0.0
0
LINE
8
ARCH-OPENINGS-STRUCTURE
10
30570.300
20
-30639.000
30
0.0
11
30570.300
21
-30156.000
31
0.0
0
LINE
8
ARCH-OPENINGS-STRUCTURE
10
30570.300
20
-30156.000
30
0.0
11
30224.700
21
-30156.000
31
0.0
0
LINE
8
ARCH-OPENINGS-STRUCTURE
10
30224.700
20
-30156.000
30
0.0
11
30224.700
21
-30639.000
31
0.0
0
LINE
8
ARCH-OPENINGS-STRUCTURE
10
30266.100
20
-30591.400
30
0.0
11
30528.900
21
-30591.400
31
0.0
0
LINE
8
ARCH-OPENINGS-STRUCTURE
10
30528.900
20
-30591.400
30
0.0
11
30528.900
21
-30203.600
31
0.0
0
LINE
8
ARCH-OPENINGS-STRUCTURE
10
30528.900
20
-30203.600
30
0.0
11
30266.100
21
-30203.600
31
0.0
0
LINE
8
ARCH-OPENINGS-STRUCTURE
10
30266.100
20
-30203.600
30
0.0
11
30266.100
21
-30591.400
31
0.0
0
LINE
8
ARCH-OPENINGS-STRUCTURE
10
30286.500
20
-30565.500
30
0.0
11
30282.900
21
-30555.000
31
0.0
0
LINE
8
ARCH-OPENINGS-STRUCTURE
10
30282.900
20
-30555.000
30
0.0
11
30273.900
21
-30550.800
31
0.0
0
LINE
8
ARCH-OPENINGS-STRUCTURE
10
30273.900
20
-30550.800
30
0.0
11
30265.500
21
-30555.000
31
0.0
0
LINE
8
ARCH-OPENINGS-STRUCTURE
10
30265.500
20
-30555.000
30
0.0
11
30261.900
21
-30565.500
31
0.0
0
LINE
8
ARCH-OPENINGS-STRUCTURE
10
30261.900
20
-30565.500
30
0.0
11
30265.500
21
-30576.000
31
0.0
0
LINE
8
ARCH-OPENINGS-STRUCTURE
10
30265.500
20
-30576.000
30
0.0
11
30273.900
21
-30580.200
31
0.0
0
LINE
8
ARCH-OPENINGS-STRUCTURE
10
30273.900
20
-30580.200
30
0.0
11
30282.900
21
-30576.000
31
0.0
0
LINE
8
ARCH-OPENINGS-STRUCTURE
10
30282.900
20
-30576.000
30
0.0
11
30286.500
21
-30565.500
31
0.0
0
LINE
8
ARCH-OPENINGS-STRUCTURE
10
30533.100
20
-30565.500
30
0.0
11
30529.500
21
-30555.000
31
0.0
0
LINE
8
ARCH-OPENINGS-STRUCTURE
10
30529.500
20
-30555.000
30
0.0
11
30521.100
21
-30550.800
31
0.0
0
LINE
8
ARCH-OPENINGS-STRUCTURE
10
30521.100
20
-30550.800
30
0.0
11
30512.100
21
-30555.000
31
0.0
0
LINE
8
ARCH-OPENINGS-STRUCTURE
10
30512.100
20
-30555.000
30
0.0
11
30508.500
21
-30565.500
31
0.0
0
LINE
8
ARCH-OPENINGS-STRUCTURE
10
30508.500
20
-30565.500
30
0.0
11
30512.100
21
-30576.000
31
0.0
0
LINE
8
ARCH-OPENINGS-STRUCTURE
10
30512.100
20
-30576.000
30
0.0
11
30521.100
21
-30580.200
31
0.0
0
LINE
8
ARCH-OPENINGS-STRUCTURE
10
30521.100
20
-30580.200
30
0.0
11
30529.500
21
-30576.000
31
0.0
0
LINE
8
ARCH-OPENINGS-STRUCTURE
10
30529.500
20
-30576.000
30
0.0
11
30533.100
21
-30565.500
31
0.0
0
LINE
8
ARCH-OPENINGS-STRUCTURE
10
30286.500
20
-30229.500
30
0.0
11
30282.900
21
-30219.000
31
0.0
0
LINE
8
ARCH-OPENINGS-STRUCTURE
10
30282.900
20
-30219.000
30
0.0
11
30273.900
21
-30214.800
31
0.0
0
LINE
8
ARCH-OPENINGS-STRUCTURE
10
30273.900
20
-30214.800
30
0.0
11
30265.500
21
-30219.000
31
0.0
0
LINE
8
ARCH-OPENINGS-STRUCTURE
10
30265.500
20
-30219.000
30
0.0
11
30261.900
21
-30229.500
31
0.0
0
LINE
8
ARCH-OPENINGS-STRUCTURE
10
30261.900
20
-30229.500
30
0.0
11
30265.500
21
-30240.000
31
0.0
0
LINE
8
ARCH-OPENINGS-STRUCTURE
10
30265.500
20
-30240.000
30
0.0
11
30273.900
21
-30244.200
31
0.0
0
LINE
8
ARCH-OPENINGS-STRUCTURE
10
30273.900
20
-30244.200
30
0.0
11
30282.900
21
-30240.000
31
0.0
0
LINE
8
ARCH-OPENINGS-STRUCTURE
10
30282.900
20
-30240.000
30
0.0
11
30286.500
21
-30229.500
31
0.0
0
LINE
8
ARCH-OPENINGS-STRUCTURE
10
30533.100
20
-30229.500
30
0.0
11
30529.500
21
-30219.000
31
0.0
0
LINE
8
ARCH-OPENINGS-STRUCTURE
10
30529.500
20
-30219.000
30
0.0
11
30521.100
21
-30214.800
31
0.0
0
LINE
8
ARCH-OPENINGS-STRUCTURE
10
30521.100
20
-30214.800
30
0.0
11
30512.100
21
-30219.000
31
0.0
0
LINE
8
ARCH-OPENINGS-STRUCTURE
10
30512.100
20
-30219.000
30
0.0
11
30508.500
21
-30229.500
31
0.0
0
LINE
8
ARCH-OPENINGS-STRUCTURE
10
30508.500
20
-30229.500
30
0.0
11
30512.100
21
-30240.000
31
0.0
0
LINE
8
ARCH-OPENINGS-STRUCTURE
10
30512.100
20
-30240.000
30
0.0
11
30521.100
21
-30244.200
31
0.0
0
LINE
8
ARCH-OPENINGS-STRUCTURE
10
30521.100
20
-30244.200
30
0.0
11
30529.500
21
-30240.000
31
0.0
0
LINE
8
ARCH-OPENINGS-STRUCTURE
10
30529.500
20
-30240.000
30
0.0
11
30533.100
21
-30229.500
31
0.0
0
TEXT
8
LEGEND
10
29094.750
20
-32053.440
30
0.0
40
173.700
1
\U+05DE\U+05E1\U+05EA\U+05D5\U+05E8 (\U+05E4\U+05D0\U+05E0\U+05DC \U+05D4\U+05E1\U+05EA\U+05E8\U+05D4 \U+05E4\U+05E8\U+05D9\U+05E7)
7
HEB
0
ENDSEC
0
EOF
