0
SECTION
2
ENTITIES
0
LINE
8
מסגרת
10
0.00
20
0.00
30
0.0
11
80.00
21
0.00
31
0.0
0
LINE
8
מסגרת
10
80.00
20
0.00
30
0.0
11
80.00
21
80.00
31
0.0
0
LINE
8
מסגרת
10
80.00
20
80.00
30
0.0
11
0.00
21
80.00
31
0.0
0
LINE
8
מסגרת
10
0.00
20
80.00
30
0.0
11
0.00
21
0.00
31
0.0
0
LINE
8
חשמל — שקעים
10
4.00
20
12.80
30
0.0
11
76.00
21
12.80
31
0.0
0
LINE
8
חשמל — שקעים
10
67.20
20
12.80
30
0.0
11
65.87
21
21.21
31
0.0
0
LINE
8
חשמל — שקעים
10
65.87
20
21.21
30
0.0
11
62.01
21
28.79
31
0.0
0
LINE
8
חשמל — שקעים
10
62.01
20
28.79
30
0.0
11
55.99
21
34.81
31
0.0
0
LINE
8
חשמל — שקעים
10
55.99
20
34.81
30
0.0
11
48.41
21
38.67
31
0.0
0
LINE
8
חשמל — שקעים
10
48.41
20
38.67
30
0.0
11
40.00
21
40.00
31
0.0
0
LINE
8
חשמל — שקעים
10
40.00
20
40.00
30
0.0
11
31.59
21
38.67
31
0.0
0
LINE
8
חשמל — שקעים
10
31.59
20
38.67
30
0.0
11
24.01
21
34.81
31
0.0
0
LINE
8
חשמל — שקעים
10
24.01
20
34.81
30
0.0
11
17.99
21
28.79
31
0.0
0
LINE
8
חשמל — שקעים
10
17.99
20
28.79
30
0.0
11
14.13
21
21.21
31
0.0
0
LINE
8
חשמל — שקעים
10
14.13
20
21.21
30
0.0
11
12.80
21
12.80
31
0.0
0
LINE
8
חשמל — שקעים
10
12.80
20
12.80
30
0.0
11
67.20
21
12.80
31
0.0
0
LINE
8
חשמל — שקעים
10
40.00
20
12.80
30
0.0
11
40.00
21
40.00
31
0.0
0
TEXT
8
מקרא
10
0.00
20
-30.00
30
0.0
40
40
1
שקע יחיד
0
LINE
8
מסגרת
10
400.00
20
0.00
30
0.0
11
560.00
21
0.00
31
0.0
0
LINE
8
מסגרת
10
560.00
20
0.00
30
0.0
11
560.00
21
80.00
31
0.0
0
LINE
8
מסגרת
10
560.00
20
80.00
30
0.0
11
400.00
21
80.00
31
0.0
0
LINE
8
מסגרת
10
400.00
20
80.00
30
0.0
11
400.00
21
0.00
31
0.0
0
LINE
8
חשמל — שקעים
10
406.40
20
12.80
30
0.0
11
553.60
21
12.80
31
0.0
0
LINE
8
חשמל — שקעים
10
472.00
20
12.80
30
0.0
11
470.67
21
21.21
31
0.0
0
LINE
8
חשמל — שקעים
10
470.67
20
21.21
30
0.0
11
466.81
21
28.79
31
0.0
0
LINE
8
חשמל — שקעים
10
466.81
20
28.79
30
0.0
11
460.79
21
34.81
31
0.0
0
LINE
8
חשמל — שקעים
10
460.79
20
34.81
30
0.0
11
453.21
21
38.67
31
0.0
0
LINE
8
חשמל — שקעים
10
453.21
20
38.67
30
0.0
11
444.80
21
40.00
31
0.0
0
LINE
8
חשמל — שקעים
10
444.80
20
40.00
30
0.0
11
436.39
21
38.67
31
0.0
0
LINE
8
חשמל — שקעים
10
436.39
20
38.67
30
0.0
11
428.81
21
34.81
31
0.0
0
LINE
8
חשמל — שקעים
10
428.81
20
34.81
30
0.0
11
422.79
21
28.79
31
0.0
0
LINE
8
חשמל — שקעים
10
422.79
20
28.79
30
0.0
11
418.93
21
21.21
31
0.0
0
LINE
8
חשמל — שקעים
10
418.93
20
21.21
30
0.0
11
417.60
21
12.80
31
0.0
0
LINE
8
חשמל — שקעים
10
417.60
20
12.80
30
0.0
11
472.00
21
12.80
31
0.0
0
LINE
8
חשמל — שקעים
10
444.80
20
12.80
30
0.0
11
444.80
21
40.00
31
0.0
0
LINE
8
חשמל — שקעים
10
542.40
20
12.80
30
0.0
11
541.07
21
21.21
31
0.0
0
LINE
8
חשמל — שקעים
10
541.07
20
21.21
30
0.0
11
537.21
21
28.79
31
0.0
0
LINE
8
חשמל — שקעים
10
537.21
20
28.79
30
0.0
11
531.19
21
34.81
31
0.0
0
LINE
8
חשמל — שקעים
10
531.19
20
34.81
30
0.0
11
523.61
21
38.67
31
0.0
0
LINE
8
חשמל — שקעים
10
523.61
20
38.67
30
0.0
11
515.20
21
40.00
31
0.0
0
LINE
8
חשמל — שקעים
10
515.20
20
40.00
30
0.0
11
506.79
21
38.67
31
0.0
0
LINE
8
חשמל — שקעים
10
506.79
20
38.67
30
0.0
11
499.21
21
34.81
31
0.0
0
LINE
8
חשמל — שקעים
10
499.21
20
34.81
30
0.0
11
493.19
21
28.79
31
0.0
0
LINE
8
חשמל — שקעים
10
493.19
20
28.79
30
0.0
11
489.33
21
21.21
31
0.0
0
LINE
8
חשמל — שקעים
10
489.33
20
21.21
30
0.0
11
488.00
21
12.80
31
0.0
0
LINE
8
חשמל — שקעים
10
488.00
20
12.80
30
0.0
11
542.40
21
12.80
31
0.0
0
LINE
8
חשמל — שקעים
10
515.20
20
12.80
30
0.0
11
515.20
21
40.00
31
0.0
0
TEXT
8
מקרא
10
400.00
20
-30.00
30
0.0
40
40
1
שקע כפול
0
LINE
8
מסגרת
10
800.00
20
0.00
30
0.0
11
1040.00
21
0.00
31
0.0
0
LINE
8
מסגרת
10
1040.00
20
0.00
30
0.0
11
1040.00
21
80.00
31
0.0
0
LINE
8
מסגרת
10
1040.00
20
80.00
30
0.0
11
800.00
21
80.00
31
0.0
0
LINE
8
מסגרת
10
800.00
20
80.00
30
0.0
11
800.00
21
0.00
31
0.0
0
LINE
8
חשמל — שקעים
10
807.20
20
12.80
30
0.0
11
1032.80
21
12.80
31
0.0
0
LINE
8
חשמל — שקעים
10
867.20
20
12.80
30
0.0
11
865.87
21
21.21
31
0.0
0
LINE
8
חשמל — שקעים
10
865.87
20
21.21
30
0.0
11
862.01
21
28.79
31
0.0
0
LINE
8
חשמל — שקעים
10
862.01
20
28.79
30
0.0
11
855.99
21
34.81
31
0.0
0
LINE
8
חשמל — שקעים
10
855.99
20
34.81
30
0.0
11
848.41
21
38.67
31
0.0
0
LINE
8
חשמל — שקעים
10
848.41
20
38.67
30
0.0
11
840.00
21
40.00
31
0.0
0
LINE
8
חשמל — שקעים
10
840.00
20
40.00
30
0.0
11
831.59
21
38.67
31
0.0
0
LINE
8
חשמל — שקעים
10
831.59
20
38.67
30
0.0
11
824.01
21
34.81
31
0.0
0
LINE
8
חשמל — שקעים
10
824.01
20
34.81
30
0.0
11
817.99
21
28.79
31
0.0
0
LINE
8
חשמל — שקעים
10
817.99
20
28.79
30
0.0
11
814.13
21
21.21
31
0.0
0
LINE
8
חשמל — שקעים
10
814.13
20
21.21
30
0.0
11
812.80
21
12.80
31
0.0
0
LINE
8
חשמל — שקעים
10
812.80
20
12.80
30
0.0
11
867.20
21
12.80
31
0.0
0
LINE
8
חשמל — שקעים
10
840.00
20
12.80
30
0.0
11
840.00
21
40.00
31
0.0
0
LINE
8
חשמל — שקעים
10
947.20
20
12.80
30
0.0
11
945.87
21
21.21
31
0.0
0
LINE
8
חשמל — שקעים
10
945.87
20
21.21
30
0.0
11
942.01
21
28.79
31
0.0
0
LINE
8
חשמל — שקעים
10
942.01
20
28.79
30
0.0
11
935.99
21
34.81
31
0.0
0
LINE
8
חשמל — שקעים
10
935.99
20
34.81
30
0.0
11
928.41
21
38.67
31
0.0
0
LINE
8
חשמל — שקעים
10
928.41
20
38.67
30
0.0
11
920.00
21
40.00
31
0.0
0
LINE
8
חשמל — שקעים
10
920.00
20
40.00
30
0.0
11
911.59
21
38.67
31
0.0
0
LINE
8
חשמל — שקעים
10
911.59
20
38.67
30
0.0
11
904.01
21
34.81
31
0.0
0
LINE
8
חשמל — שקעים
10
904.01
20
34.81
30
0.0
11
897.99
21
28.79
31
0.0
0
LINE
8
חשמל — שקעים
10
897.99
20
28.79
30
0.0
11
894.13
21
21.21
31
0.0
0
LINE
8
חשמל — שקעים
10
894.13
20
21.21
30
0.0
11
892.80
21
12.80
31
0.0
0
LINE
8
חשמל — שקעים
10
892.80
20
12.80
30
0.0
11
947.20
21
12.80
31
0.0
0
LINE
8
חשמל — שקעים
10
920.00
20
12.80
30
0.0
11
920.00
21
40.00
31
0.0
0
LINE
8
חשמל — שקעים
10
1027.20
20
12.80
30
0.0
11
1025.87
21
21.21
31
0.0
0
LINE
8
חשמל — שקעים
10
1025.87
20
21.21
30
0.0
11
1022.01
21
28.79
31
0.0
0
LINE
8
חשמל — שקעים
10
1022.01
20
28.79
30
0.0
11
1015.99
21
34.81
31
0.0
0
LINE
8
חשמל — שקעים
10
1015.99
20
34.81
30
0.0
11
1008.41
21
38.67
31
0.0
0
LINE
8
חשמל — שקעים
10
1008.41
20
38.67
30
0.0
11
1000.00
21
40.00
31
0.0
0
LINE
8
חשמל — שקעים
10
1000.00
20
40.00
30
0.0
11
991.59
21
38.67
31
0.0
0
LINE
8
חשמל — שקעים
10
991.59
20
38.67
30
0.0
11
984.01
21
34.81
31
0.0
0
LINE
8
חשמל — שקעים
10
984.01
20
34.81
30
0.0
11
977.99
21
28.79
31
0.0
0
LINE
8
חשמל — שקעים
10
977.99
20
28.79
30
0.0
11
974.13
21
21.21
31
0.0
0
LINE
8
חשמל — שקעים
10
974.13
20
21.21
30
0.0
11
972.80
21
12.80
31
0.0
0
LINE
8
חשמל — שקעים
10
972.80
20
12.80
30
0.0
11
1027.20
21
12.80
31
0.0
0
LINE
8
חשמל — שקעים
10
1000.00
20
12.80
30
0.0
11
1000.00
21
40.00
31
0.0
0
TEXT
8
מקרא
10
800.00
20
-30.00
30
0.0
40
40
1
שקע משולש
0
LINE
8
מסגרת
10
1200.00
20
0.00
30
0.0
11
1360.00
21
0.00
31
0.0
0
LINE
8
מסגרת
10
1360.00
20
0.00
30
0.0
11
1360.00
21
80.00
31
0.0
0
LINE
8
מסגרת
10
1360.00
20
80.00
30
0.0
11
1200.00
21
80.00
31
0.0
0
LINE
8
מסגרת
10
1200.00
20
80.00
30
0.0
11
1200.00
21
0.00
31
0.0
0
LINE
8
חשמל — שקעים
10
1206.40
20
11.20
30
0.0
11
1353.60
21
11.20
31
0.0
0
LINE
8
חשמל — שקעים
10
1270.40
20
11.20
30
0.0
11
1269.30
21
18.12
31
0.0
0
LINE
8
חשמל — שקעים
10
1269.30
20
18.12
30
0.0
11
1266.12
21
24.37
31
0.0
0
LINE
8
חשמל — שקעים
10
1266.12
20
24.37
30
0.0
11
1261.17
21
29.32
31
0.0
0
LINE
8
חשמל — שקעים
10
1261.17
20
29.32
30
0.0
11
1254.92
21
32.50
31
0.0
0
LINE
8
חשמל — שקעים
10
1254.92
20
32.50
30
0.0
11
1248.00
21
33.60
31
0.0
0
LINE
8
חשמל — שקעים
10
1248.00
20
33.60
30
0.0
11
1241.08
21
32.50
31
0.0
0
LINE
8
חשמל — שקעים
10
1241.08
20
32.50
30
0.0
11
1234.83
21
29.32
31
0.0
0
LINE
8
חשמל — שקעים
10
1234.83
20
29.32
30
0.0
11
1229.88
21
24.37
31
0.0
0
LINE
8
חשמל — שקעים
10
1229.88
20
24.37
30
0.0
11
1226.70
21
18.12
31
0.0
0
LINE
8
חשמל — שקעים
10
1226.70
20
18.12
30
0.0
11
1225.60
21
11.20
31
0.0
0
LINE
8
חשמל — שקעים
10
1225.60
20
11.20
30
0.0
11
1270.40
21
11.20
31
0.0
0
LINE
8
חשמל — שקעים
10
1248.00
20
11.20
30
0.0
11
1248.00
21
33.60
31
0.0
0
LINE
8
חשמל — שקעים
10
1334.40
20
11.20
30
0.0
11
1333.30
21
18.12
31
0.0
0
LINE
8
חשמל — שקעים
10
1333.30
20
18.12
30
0.0
11
1330.12
21
24.37
31
0.0
0
LINE
8
חשמל — שקעים
10
1330.12
20
24.37
30
0.0
11
1325.17
21
29.32
31
0.0
0
LINE
8
חשמל — שקעים
10
1325.17
20
29.32
30
0.0
11
1318.92
21
32.50
31
0.0
0
LINE
8
חשמל — שקעים
10
1318.92
20
32.50
30
0.0
11
1312.00
21
33.60
31
0.0
0
LINE
8
חשמל — שקעים
10
1312.00
20
33.60
30
0.0
11
1305.08
21
32.50
31
0.0
0
LINE
8
חשמל — שקעים
10
1305.08
20
32.50
30
0.0
11
1298.83
21
29.32
31
0.0
0
LINE
8
חשמל — שקעים
10
1298.83
20
29.32
30
0.0
11
1293.88
21
24.37
31
0.0
0
LINE
8
חשמל — שקעים
10
1293.88
20
24.37
30
0.0
11
1290.70
21
18.12
31
0.0
0
LINE
8
חשמל — שקעים
10
1290.70
20
18.12
30
0.0
11
1289.60
21
11.20
31
0.0
0
LINE
8
חשמל — שקעים
10
1289.60
20
11.20
30
0.0
11
1334.40
21
11.20
31
0.0
0
LINE
8
חשמל — שקעים
10
1312.00
20
11.20
30
0.0
11
1312.00
21
33.60
31
0.0
0
LINE
8
חשמל — שקעים
10
1219.20
20
72.00
30
0.0
11
1340.80
21
72.00
31
0.0
0
LINE
8
חשמל — שקעים
10
1219.20
20
72.00
30
0.0
11
1219.20
21
62.40
31
0.0
0
LINE
8
חשמל — שקעים
10
1340.80
20
72.00
30
0.0
11
1340.80
21
62.40
31
0.0
0
TEXT
8
מקרא
10
1200.00
20
-30.00
30
0.0
40
40
1
שקע מעל שיש (מטבח)
0
LINE
8
מסגרת
10
1600.00
20
0.00
30
0.0
11
1760.00
21
0.00
31
0.0
0
LINE
8
מסגרת
10
1760.00
20
0.00
30
0.0
11
1760.00
21
80.00
31
0.0
0
LINE
8
מסגרת
10
1760.00
20
80.00
30
0.0
11
1600.00
21
80.00
31
0.0
0
LINE
8
מסגרת
10
1600.00
20
80.00
30
0.0
11
1600.00
21
0.00
31
0.0
0
LINE
8
חשמל — שקעים
10
1606.40
20
11.20
30
0.0
11
1753.60
21
11.20
31
0.0
0
LINE
8
חשמל — שקעים
10
1670.40
20
11.20
30
0.0
11
1669.30
21
18.12
31
0.0
0
LINE
8
חשמל — שקעים
10
1669.30
20
18.12
30
0.0
11
1666.12
21
24.37
31
0.0
0
LINE
8
חשמל — שקעים
10
1666.12
20
24.37
30
0.0
11
1661.17
21
29.32
31
0.0
0
LINE
8
חשמל — שקעים
10
1661.17
20
29.32
30
0.0
11
1654.92
21
32.50
31
0.0
0
LINE
8
חשמל — שקעים
10
1654.92
20
32.50
30
0.0
11
1648.00
21
33.60
31
0.0
0
LINE
8
חשמל — שקעים
10
1648.00
20
33.60
30
0.0
11
1641.08
21
32.50
31
0.0
0
LINE
8
חשמל — שקעים
10
1641.08
20
32.50
30
0.0
11
1634.83
21
29.32
31
0.0
0
LINE
8
חשמל — שקעים
10
1634.83
20
29.32
30
0.0
11
1629.88
21
24.37
31
0.0
0
LINE
8
חשמל — שקעים
10
1629.88
20
24.37
30
0.0
11
1626.70
21
18.12
31
0.0
0
LINE
8
חשמל — שקעים
10
1626.70
20
18.12
30
0.0
11
1625.60
21
11.20
31
0.0
0
LINE
8
חשמל — שקעים
10
1625.60
20
11.20
30
0.0
11
1670.40
21
11.20
31
0.0
0
LINE
8
חשמל — שקעים
10
1648.00
20
11.20
30
0.0
11
1648.00
21
33.60
31
0.0
0
LINE
8
חשמל — שקעים
10
1734.40
20
11.20
30
0.0
11
1733.30
21
18.12
31
0.0
0
LINE
8
חשמל — שקעים
10
1733.30
20
18.12
30
0.0
11
1730.12
21
24.37
31
0.0
0
LINE
8
חשמל — שקעים
10
1730.12
20
24.37
30
0.0
11
1725.17
21
29.32
31
0.0
0
LINE
8
חשמל — שקעים
10
1725.17
20
29.32
30
0.0
11
1718.92
21
32.50
31
0.0
0
LINE
8
חשמל — שקעים
10
1718.92
20
32.50
30
0.0
11
1712.00
21
33.60
31
0.0
0
LINE
8
חשמל — שקעים
10
1712.00
20
33.60
30
0.0
11
1705.08
21
32.50
31
0.0
0
LINE
8
חשמל — שקעים
10
1705.08
20
32.50
30
0.0
11
1698.83
21
29.32
31
0.0
0
LINE
8
חשמל — שקעים
10
1698.83
20
29.32
30
0.0
11
1693.88
21
24.37
31
0.0
0
LINE
8
חשמל — שקעים
10
1693.88
20
24.37
30
0.0
11
1690.70
21
18.12
31
0.0
0
LINE
8
חשמל — שקעים
10
1690.70
20
18.12
30
0.0
11
1689.60
21
11.20
31
0.0
0
LINE
8
חשמל — שקעים
10
1689.60
20
11.20
30
0.0
11
1734.40
21
11.20
31
0.0
0
LINE
8
חשמל — שקעים
10
1712.00
20
11.20
30
0.0
11
1712.00
21
33.60
31
0.0
0
LINE
8
חשמל — שקעים
10
1616.00
20
72.00
30
0.0
11
1744.00
21
72.00
31
0.0
0
LINE
8
חשמל — שקעים
10
1616.00
20
72.00
30
0.0
11
1616.00
21
64.00
31
0.0
0
LINE
8
חשמל — שקעים
10
1744.00
20
72.00
30
0.0
11
1744.00
21
64.00
31
0.0
0
LINE
8
חשמל — שקעים
10
1673.60
20
60.00
30
0.0
11
1686.40
21
60.00
31
0.0
0
LINE
8
חשמל — שקעים
10
1675.47
20
55.47
30
0.0
11
1684.53
21
64.53
31
0.0
0
LINE
8
חשמל — שקעים
10
1680.00
20
53.60
30
0.0
11
1680.00
21
66.40
31
0.0
0
LINE
8
חשמל — שקעים
10
1684.53
20
55.47
30
0.0
11
1675.47
21
64.53
31
0.0
0
TEXT
8
מקרא
10
1600.00
20
-30.00
30
0.0
40
40
1
שקע שירות
0
LINE
8
מסגרת
10
2000.00
20
0.00
30
0.0
11
2100.00
21
0.00
31
0.0
0
LINE
8
מסגרת
10
2100.00
20
0.00
30
0.0
11
2100.00
21
100.00
31
0.0
0
LINE
8
מסגרת
10
2100.00
20
100.00
30
0.0
11
2000.00
21
100.00
31
0.0
0
LINE
8
מסגרת
10
2000.00
20
100.00
30
0.0
11
2000.00
21
0.00
31
0.0
0
LINE
8
חשמל — שקעים
10
2005.00
20
35.00
30
0.0
11
2095.00
21
35.00
31
0.0
0
LINE
8
חשמל — שקעים
10
2035.00
20
35.00
30
0.0
11
2065.00
21
35.00
31
0.0
0
LINE
8
חשמל — שקעים
10
2065.00
20
35.00
30
0.0
11
2065.00
21
72.00
31
0.0
0
LINE
8
חשמל — שקעים
10
2065.00
20
72.00
30
0.0
11
2035.00
21
72.00
31
0.0
0
LINE
8
חשמל — שקעים
10
2035.00
20
72.00
30
0.0
11
2035.00
21
35.00
31
0.0
0
LINE
8
חשמל — שקעים
10
2042.00
20
50.00
30
0.0
11
2058.00
21
50.00
31
0.0
0
LINE
8
חשמל — שקעים
10
2050.00
20
72.00
30
0.0
11
2050.00
21
95.00
31
0.0
0
LINE
8
חשמל — שקעים
10
2050.00
20
95.00
30
0.0
11
2054.23
21
85.94
31
0.0
0
LINE
8
חשמל — שקעים
10
2050.00
20
95.00
30
0.0
11
2045.77
21
85.94
31
0.0
0
TEXT
8
מקרא
10
2000.00
20
-30.00
30
0.0
40
40
1
שקע פופאפ (נשלף משיש)
0
LINE
8
מסגרת
10
2400.00
20
0.00
30
0.0
11
2575.00
21
0.00
31
0.0
0
LINE
8
מסגרת
10
2575.00
20
0.00
30
0.0
11
2575.00
21
70.00
31
0.0
0
LINE
8
מסגרת
10
2575.00
20
70.00
30
0.0
11
2400.00
21
70.00
31
0.0
0
LINE
8
מסגרת
10
2400.00
20
70.00
30
0.0
11
2400.00
21
0.00
31
0.0
0
LINE
8
חשמל — שקעים
10
2408.75
20
14.00
30
0.0
11
2566.25
21
14.00
31
0.0
0
LINE
8
חשמל — שקעים
10
2522.50
20
14.00
30
0.0
11
2520.79
21
24.82
31
0.0
0
LINE
8
חשמל — שקעים
10
2520.79
20
24.82
30
0.0
11
2515.82
21
34.57
31
0.0
0
LINE
8
חשמל — שקעים
10
2515.82
20
34.57
30
0.0
11
2508.07
21
42.32
31
0.0
0
LINE
8
חשמל — שקעים
10
2508.07
20
42.32
30
0.0
11
2498.32
21
47.29
31
0.0
0
LINE
8
חשמל — שקעים
10
2498.32
20
47.29
30
0.0
11
2487.50
21
49.00
31
0.0
0
LINE
8
חשמל — שקעים
10
2487.50
20
49.00
30
0.0
11
2476.68
21
47.29
31
0.0
0
LINE
8
חשמל — שקעים
10
2476.68
20
47.29
30
0.0
11
2466.93
21
42.32
31
0.0
0
LINE
8
חשמל — שקעים
10
2466.93
20
42.32
30
0.0
11
2459.18
21
34.57
31
0.0
0
LINE
8
חשמל — שקעים
10
2459.18
20
34.57
30
0.0
11
2454.21
21
24.82
31
0.0
0
LINE
8
חשמל — שקעים
10
2454.21
20
24.82
30
0.0
11
2452.50
21
14.00
31
0.0
0
LINE
8
חשמל — שקעים
10
2452.50
20
14.00
30
0.0
11
2522.50
21
14.00
31
0.0
0
LINE
8
חשמל — שקעים
10
2487.50
20
14.00
30
0.0
11
2487.50
21
49.00
31
0.0
0
LINE
8
חשמל — שקעים
10
2538.21
20
27.59
30
0.0
11
2534.07
21
38.24
31
0.0
0
LINE
8
חשמל — שקעים
10
2534.07
20
38.24
30
0.0
11
2527.72
21
47.75
31
0.0
0
LINE
8
חשמל — שקעים
10
2527.72
20
47.75
30
0.0
11
2519.46
21
55.65
31
0.0
0
LINE
8
חשמל — שקעים
10
2519.46
20
55.65
30
0.0
11
2509.69
21
61.58
31
0.0
0
LINE
8
חשמל — שקעים
10
2509.69
20
61.58
30
0.0
11
2498.86
21
65.26
31
0.0
0
LINE
8
חשמל — שקעים
10
2498.86
20
65.26
30
0.0
11
2487.50
21
66.50
31
0.0
0
LINE
8
חשמל — שקעים
10
2487.50
20
66.50
30
0.0
11
2476.14
21
65.26
31
0.0
0
LINE
8
חשמל — שקעים
10
2476.14
20
65.26
30
0.0
11
2465.31
21
61.58
31
0.0
0
LINE
8
חשמל — שקעים
10
2465.31
20
61.58
30
0.0
11
2455.54
21
55.65
31
0.0
0
LINE
8
חשמל — שקעים
10
2455.54
20
55.65
30
0.0
11
2447.28
21
47.75
31
0.0
0
LINE
8
חשמל — שקעים
10
2447.28
20
47.75
30
0.0
11
2440.93
21
38.24
31
0.0
0
LINE
8
חשמל — שקעים
10
2440.93
20
38.24
30
0.0
11
2436.79
21
27.59
31
0.0
0
LINE
8
חשמל — שקעים
10
2436.79
20
27.59
30
0.0
11
2452.50
21
14.00
31
0.0
0
LINE
8
חשמל — שקעים
10
2538.21
20
27.59
30
0.0
11
2522.50
21
14.00
31
0.0
0
TEXT
8
מקרא
10
2400.00
20
-30.00
30
0.0
40
40
1
שקע מוגן מים IP44
0
LINE
8
מסגרת
10
2800.00
20
0.00
30
0.0
11
2900.00
21
0.00
31
0.0
0
LINE
8
מסגרת
10
2900.00
20
0.00
30
0.0
11
2900.00
21
100.00
31
0.0
0
LINE
8
מסגרת
10
2900.00
20
100.00
30
0.0
11
2800.00
21
100.00
31
0.0
0
LINE
8
מסגרת
10
2800.00
20
100.00
30
0.0
11
2800.00
21
0.00
31
0.0
0
LINE
8
חשמל — שקעים
10
2886.00
20
50.00
30
0.0
11
2883.26
21
63.78
31
0.0
0
LINE
8
חשמל — שקעים
10
2883.26
20
63.78
30
0.0
11
2875.46
21
75.46
31
0.0
0
LINE
8
חשמל — שקעים
10
2875.46
20
75.46
30
0.0
11
2863.78
21
83.26
31
0.0
0
LINE
8
חשמל — שקעים
10
2863.78
20
83.26
30
0.0
11
2850.00
21
86.00
31
0.0
0
LINE
8
חשמל — שקעים
10
2850.00
20
86.00
30
0.0
11
2836.22
21
83.26
31
0.0
0
LINE
8
חשמל — שקעים
10
2836.22
20
83.26
30
0.0
11
2824.54
21
75.46
31
0.0
0
LINE
8
חשמל — שקעים
10
2824.54
20
75.46
30
0.0
11
2816.74
21
63.78
31
0.0
0
LINE
8
חשמל — שקעים
10
2816.74
20
63.78
30
0.0
11
2814.00
21
50.00
31
0.0
0
LINE
8
חשמל — שקעים
10
2814.00
20
50.00
30
0.0
11
2816.74
21
36.22
31
0.0
0
LINE
8
חשמל — שקעים
10
2816.74
20
36.22
30
0.0
11
2824.54
21
24.54
31
0.0
0
LINE
8
חשמל — שקעים
10
2824.54
20
24.54
30
0.0
11
2836.22
21
16.74
31
0.0
0
LINE
8
חשמל — שקעים
10
2836.22
20
16.74
30
0.0
11
2850.00
21
14.00
31
0.0
0
LINE
8
חשמל — שקעים
10
2850.00
20
14.00
30
0.0
11
2863.78
21
16.74
31
0.0
0
LINE
8
חשמל — שקעים
10
2863.78
20
16.74
30
0.0
11
2875.46
21
24.54
31
0.0
0
LINE
8
חשמל — שקעים
10
2875.46
20
24.54
30
0.0
11
2883.26
21
36.22
31
0.0
0
LINE
8
חשמל — שקעים
10
2883.26
20
36.22
30
0.0
11
2886.00
21
50.00
31
0.0
0
LINE
8
חשמל — שקעים
10
2850.00
20
50.00
30
0.0
11
2850.00
21
86.00
31
0.0
0
LINE
8
חשמל — שקעים
10
2850.00
20
50.00
30
0.0
11
2818.82
21
32.00
31
0.0
0
LINE
8
חשמל — שקעים
10
2850.00
20
50.00
30
0.0
11
2881.18
21
32.00
31
0.0
0
TEXT
8
מקרא
10
2800.00
20
-30.00
30
0.0
40
40
1
שקע כוח תלת-פאזי
0
LINE
8
מסגרת
10
3200.00
20
0.00
30
0.0
11
3280.00
21
0.00
31
0.0
0
LINE
8
מסגרת
10
3280.00
20
0.00
30
0.0
11
3280.00
21
80.00
31
0.0
0
LINE
8
מסגרת
10
3280.00
20
80.00
30
0.0
11
3200.00
21
80.00
31
0.0
0
LINE
8
מסגרת
10
3200.00
20
80.00
30
0.0
11
3200.00
21
0.00
31
0.0
0
LINE
8
חשמל — שקעים
10
3206.40
20
6.40
30
0.0
11
3273.60
21
6.40
31
0.0
0
LINE
8
חשמל — שקעים
10
3273.60
20
6.40
30
0.0
11
3273.60
21
73.60
31
0.0
0
LINE
8
חשמל — שקעים
10
3273.60
20
73.60
30
0.0
11
3206.40
21
73.60
31
0.0
0
LINE
8
חשמל — שקעים
10
3206.40
20
73.60
30
0.0
11
3206.40
21
6.40
31
0.0
0
LINE
8
חשמל — שקעים
10
3240.00
20
22.40
30
0.0
11
3240.00
21
57.60
31
0.0
0
LINE
8
חשמל — שקעים
10
3237.60
20
25.60
30
0.0
11
3240.00
21
20.80
31
0.0
0
LINE
8
חשמל — שקעים
10
3240.00
20
20.80
30
0.0
11
3242.40
21
25.60
31
0.0
0
LINE
8
חשמל — שקעים
10
3240.00
20
44.00
30
0.0
11
3228.00
21
36.00
31
0.0
0
LINE
8
חשמל — שקעים
10
3230.40
20
36.00
30
0.0
11
3229.70
21
37.70
31
0.0
0
LINE
8
חשמל — שקעים
10
3229.70
20
37.70
30
0.0
11
3228.00
21
38.40
31
0.0
0
LINE
8
חשמל — שקעים
10
3228.00
20
38.40
30
0.0
11
3226.30
21
37.70
31
0.0
0
LINE
8
חשמל — שקעים
10
3226.30
20
37.70
30
0.0
11
3225.60
21
36.00
31
0.0
0
LINE
8
חשמל — שקעים
10
3225.60
20
36.00
30
0.0
11
3226.30
21
34.30
31
0.0
0
LINE
8
חשמל — שקעים
10
3226.30
20
34.30
30
0.0
11
3228.00
21
33.60
31
0.0
0
LINE
8
חשמל — שקעים
10
3228.00
20
33.60
30
0.0
11
3229.70
21
34.30
31
0.0
0
LINE
8
חשמל — שקעים
10
3229.70
20
34.30
30
0.0
11
3230.40
21
36.00
31
0.0
0
LINE
8
חשמל — שקעים
10
3240.00
20
40.00
30
0.0
11
3252.00
21
32.00
31
0.0
0
LINE
8
חשמל — שקעים
10
3248.80
20
28.80
30
0.0
11
3255.20
21
28.80
31
0.0
0
LINE
8
חשמל — שקעים
10
3255.20
20
28.80
30
0.0
11
3255.20
21
35.20
31
0.0
0
LINE
8
חשמל — שקעים
10
3255.20
20
35.20
30
0.0
11
3248.80
21
35.20
31
0.0
0
LINE
8
חשמל — שקעים
10
3248.80
20
35.20
30
0.0
11
3248.80
21
28.80
31
0.0
0
TEXT
8
מקרא
10
3200.00
20
-30.00
30
0.0
40
40
1
שקע USB / USB-C משולב
0
LINE
8
מסגרת
10
3600.00
20
0.00
30
0.0
11
3720.00
21
0.00
31
0.0
0
LINE
8
מסגרת
10
3720.00
20
0.00
30
0.0
11
3720.00
21
120.00
31
0.0
0
LINE
8
מסגרת
10
3720.00
20
120.00
30
0.0
11
3600.00
21
120.00
31
0.0
0
LINE
8
מסגרת
10
3600.00
20
120.00
30
0.0
11
3600.00
21
0.00
31
0.0
0
LINE
8
חשמל — שקעים
10
3614.40
20
14.40
30
0.0
11
3705.60
21
14.40
31
0.0
0
LINE
8
חשמל — שקעים
10
3705.60
20
14.40
30
0.0
11
3705.60
21
105.60
31
0.0
0
LINE
8
חשמל — שקעים
10
3705.60
20
105.60
30
0.0
11
3614.40
21
105.60
31
0.0
0
LINE
8
חשמל — שקעים
10
3614.40
20
105.60
30
0.0
11
3614.40
21
14.40
31
0.0
0
LINE
8
חשמל — שקעים
10
3628.80
20
28.80
30
0.0
11
3691.20
21
28.80
31
0.0
0
LINE
8
חשמל — שקעים
10
3691.20
20
28.80
30
0.0
11
3691.20
21
91.20
31
0.0
0
LINE
8
חשמל — שקעים
10
3691.20
20
91.20
30
0.0
11
3628.80
21
91.20
31
0.0
0
LINE
8
חשמל — שקעים
10
3628.80
20
91.20
30
0.0
11
3628.80
21
28.80
31
0.0
0
LINE
8
חשמל — שקעים
10
3628.80
20
28.80
30
0.0
11
3691.20
21
91.20
31
0.0
0
LINE
8
חשמל — שקעים
10
3628.80
20
91.20
30
0.0
11
3691.20
21
28.80
31
0.0
0
LINE
8
חשמל — שקעים
10
3667.20
20
60.00
30
0.0
11
3666.24
21
63.60
31
0.0
0
LINE
8
חשמל — שקעים
10
3666.24
20
63.60
30
0.0
11
3663.60
21
66.24
31
0.0
0
LINE
8
חשמל — שקעים
10
3663.60
20
66.24
30
0.0
11
3660.00
21
67.20
31
0.0
0
LINE
8
חשמל — שקעים
10
3660.00
20
67.20
30
0.0
11
3656.40
21
66.24
31
0.0
0
LINE
8
חשמל — שקעים
10
3656.40
20
66.24
30
0.0
11
3653.76
21
63.60
31
0.0
0
LINE
8
חשמל — שקעים
10
3653.76
20
63.60
30
0.0
11
3652.80
21
60.00
31
0.0
0
LINE
8
חשמל — שקעים
10
3652.80
20
60.00
30
0.0
11
3653.76
21
56.40
31
0.0
0
LINE
8
חשמל — שקעים
10
3653.76
20
56.40
30
0.0
11
3656.40
21
53.76
31
0.0
0
LINE
8
חשמל — שקעים
10
3656.40
20
53.76
30
0.0
11
3660.00
21
52.80
31
0.0
0
LINE
8
חשמל — שקעים
10
3660.00
20
52.80
30
0.0
11
3663.60
21
53.76
31
0.0
0
LINE
8
חשמל — שקעים
10
3663.60
20
53.76
30
0.0
11
3666.24
21
56.40
31
0.0
0
LINE
8
חשמל — שקעים
10
3666.24
20
56.40
30
0.0
11
3667.20
21
60.00
31
0.0
0
TEXT
8
מקרא
10
3600.00
20
-30.00
30
0.0
40
40
1
שקע רצפה (קופסת רצפה)
0
LINE
8
מסגרת
10
0.00
20
-400.00
30
0.0
11
80.00
21
-400.00
31
0.0
0
LINE
8
מסגרת
10
80.00
20
-400.00
30
0.0
11
80.00
21
-320.00
31
0.0
0
LINE
8
מסגרת
10
80.00
20
-320.00
30
0.0
11
0.00
21
-320.00
31
0.0
0
LINE
8
מסגרת
10
0.00
20
-320.00
30
0.0
11
0.00
21
-400.00
31
0.0
0
LINE
8
חשמל — מפסקים
10
32.00
20
-377.60
30
0.0
11
30.71
21
-372.80
31
0.0
0
LINE
8
חשמל — מפסקים
10
30.71
20
-372.80
30
0.0
11
27.20
21
-369.29
31
0.0
0
LINE
8
חשמל — מפסקים
10
27.20
20
-369.29
30
0.0
11
22.40
21
-368.00
31
0.0
0
LINE
8
חשמל — מפסקים
10
22.40
20
-368.00
30
0.0
11
17.60
21
-369.29
31
0.0
0
LINE
8
חשמל — מפסקים
10
17.60
20
-369.29
30
0.0
11
14.09
21
-372.80
31
0.0
0
LINE
8
חשמל — מפסקים
10
14.09
20
-372.80
30
0.0
11
12.80
21
-377.60
31
0.0
0
LINE
8
חשמל — מפסקים
10
12.80
20
-377.60
30
0.0
11
14.09
21
-382.40
31
0.0
0
LINE
8
חשמל — מפסקים
10
14.09
20
-382.40
30
0.0
11
17.60
21
-385.91
31
0.0
0
LINE
8
חשמל — מפסקים
10
17.60
20
-385.91
30
0.0
11
22.40
21
-387.20
31
0.0
0
LINE
8
חשמל — מפסקים
10
22.40
20
-387.20
30
0.0
11
27.20
21
-385.91
31
0.0
0
LINE
8
חשמל — מפסקים
10
27.20
20
-385.91
30
0.0
11
30.71
21
-382.40
31
0.0
0
LINE
8
חשמל — מפסקים
10
30.71
20
-382.40
30
0.0
11
32.00
21
-377.60
31
0.0
0
LINE
8
חשמל — מפסקים
10
22.40
20
-377.60
30
0.0
11
50.85
21
-336.97
31
0.0
0
TEXT
8
מקרא
10
0.00
20
-430.00
30
0.0
40
40
1
מפסק חד-קוטבי
0
LINE
8
מסגרת
10
400.00
20
-400.00
30
0.0
11
480.00
21
-400.00
31
0.0
0
LINE
8
מסגרת
10
480.00
20
-400.00
30
0.0
11
480.00
21
-320.00
31
0.0
0
LINE
8
מסגרת
10
480.00
20
-320.00
30
0.0
11
400.00
21
-320.00
31
0.0
0
LINE
8
מסגרת
10
400.00
20
-320.00
30
0.0
11
400.00
21
-400.00
31
0.0
0
LINE
8
חשמל — מפסקים
10
432.00
20
-377.60
30
0.0
11
430.71
21
-372.80
31
0.0
0
LINE
8
חשמל — מפסקים
10
430.71
20
-372.80
30
0.0
11
427.20
21
-369.29
31
0.0
0
LINE
8
חשמל — מפסקים
10
427.20
20
-369.29
30
0.0
11
422.40
21
-368.00
31
0.0
0
LINE
8
חשמל — מפסקים
10
422.40
20
-368.00
30
0.0
11
417.60
21
-369.29
31
0.0
0
LINE
8
חשמל — מפסקים
10
417.60
20
-369.29
30
0.0
11
414.09
21
-372.80
31
0.0
0
LINE
8
חשמל — מפסקים
10
414.09
20
-372.80
30
0.0
11
412.80
21
-377.60
31
0.0
0
LINE
8
חשמל — מפסקים
10
412.80
20
-377.60
30
0.0
11
414.09
21
-382.40
31
0.0
0
LINE
8
חשמל — מפסקים
10
414.09
20
-382.40
30
0.0
11
417.60
21
-385.91
31
0.0
0
LINE
8
חשמל — מפסקים
10
417.60
20
-385.91
30
0.0
11
422.40
21
-387.20
31
0.0
0
LINE
8
חשמל — מפסקים
10
422.40
20
-387.20
30
0.0
11
427.20
21
-385.91
31
0.0
0
LINE
8
חשמל — מפסקים
10
427.20
20
-385.91
30
0.0
11
430.71
21
-382.40
31
0.0
0
LINE
8
חשמל — מפסקים
10
430.71
20
-382.40
30
0.0
11
432.00
21
-377.60
31
0.0
0
LINE
8
חשמל — מפסקים
10
422.40
20
-377.60
30
0.0
11
453.25
21
-340.83
31
0.0
0
LINE
8
חשמל — מפסקים
10
432.00
20
-380.48
30
0.0
11
462.85
21
-343.71
31
0.0
0
TEXT
8
מקרא
10
400.00
20
-430.00
30
0.0
40
40
1
מפסק דו-קוטבי / כפול
0
LINE
8
מסגרת
10
800.00
20
-400.00
30
0.0
11
880.00
21
-400.00
31
0.0
0
LINE
8
מסגרת
10
880.00
20
-400.00
30
0.0
11
880.00
21
-320.00
31
0.0
0
LINE
8
מסגרת
10
880.00
20
-320.00
30
0.0
11
800.00
21
-320.00
31
0.0
0
LINE
8
מסגרת
10
800.00
20
-320.00
30
0.0
11
800.00
21
-400.00
31
0.0
0
LINE
8
חשמל — מפסקים
10
832.00
20
-377.60
30
0.0
11
830.71
21
-372.80
31
0.0
0
LINE
8
חשמל — מפסקים
10
830.71
20
-372.80
30
0.0
11
827.20
21
-369.29
31
0.0
0
LINE
8
חשמל — מפסקים
10
827.20
20
-369.29
30
0.0
11
822.40
21
-368.00
31
0.0
0
LINE
8
חשמל — מפסקים
10
822.40
20
-368.00
30
0.0
11
817.60
21
-369.29
31
0.0
0
LINE
8
חשמל — מפסקים
10
817.60
20
-369.29
30
0.0
11
814.09
21
-372.80
31
0.0
0
LINE
8
חשמל — מפסקים
10
814.09
20
-372.80
30
0.0
11
812.80
21
-377.60
31
0.0
0
LINE
8
חשמל — מפסקים
10
812.80
20
-377.60
30
0.0
11
814.09
21
-382.40
31
0.0
0
LINE
8
חשמל — מפסקים
10
814.09
20
-382.40
30
0.0
11
817.60
21
-385.91
31
0.0
0
LINE
8
חשמל — מפסקים
10
817.60
20
-385.91
30
0.0
11
822.40
21
-387.20
31
0.0
0
LINE
8
חשמל — מפסקים
10
822.40
20
-387.20
30
0.0
11
827.20
21
-385.91
31
0.0
0
LINE
8
חשמל — מפסקים
10
827.20
20
-385.91
30
0.0
11
830.71
21
-382.40
31
0.0
0
LINE
8
חשמל — מפסקים
10
830.71
20
-382.40
30
0.0
11
832.00
21
-377.60
31
0.0
0
LINE
8
חשמל — מפסקים
10
822.40
20
-377.60
30
0.0
11
851.84
21
-344.90
31
0.0
0
LINE
8
חשמל — מפסקים
10
831.04
20
-380.00
30
0.0
11
860.48
21
-347.30
31
0.0
0
LINE
8
חשמל — מפסקים
10
839.68
20
-382.40
30
0.0
11
869.12
21
-349.70
31
0.0
0
TEXT
8
מקרא
10
800.00
20
-430.00
30
0.0
40
40
1
מפסק תלת-קוטבי
0
LINE
8
מסגרת
10
1200.00
20
-400.00
30
0.0
11
1280.00
21
-400.00
31
0.0
0
LINE
8
מסגרת
10
1280.00
20
-400.00
30
0.0
11
1280.00
21
-320.00
31
0.0
0
LINE
8
מסגרת
10
1280.00
20
-320.00
30
0.0
11
1200.00
21
-320.00
31
0.0
0
LINE
8
מסגרת
10
1200.00
20
-320.00
30
0.0
11
1200.00
21
-400.00
31
0.0
0
LINE
8
חשמל — מפסקים
10
1232.00
20
-377.60
30
0.0
11
1230.71
21
-372.80
31
0.0
0
LINE
8
חשמל — מפסקים
10
1230.71
20
-372.80
30
0.0
11
1227.20
21
-369.29
31
0.0
0
LINE
8
חשמל — מפסקים
10
1227.20
20
-369.29
30
0.0
11
1222.40
21
-368.00
31
0.0
0
LINE
8
חשמל — מפסקים
10
1222.40
20
-368.00
30
0.0
11
1217.60
21
-369.29
31
0.0
0
LINE
8
חשמל — מפסקים
10
1217.60
20
-369.29
30
0.0
11
1214.09
21
-372.80
31
0.0
0
LINE
8
חשמל — מפסקים
10
1214.09
20
-372.80
30
0.0
11
1212.80
21
-377.60
31
0.0
0
LINE
8
חשמל — מפסקים
10
1212.80
20
-377.60
30
0.0
11
1214.09
21
-382.40
31
0.0
0
LINE
8
חשמל — מפסקים
10
1214.09
20
-382.40
30
0.0
11
1217.60
21
-385.91
31
0.0
0
LINE
8
חשמל — מפסקים
10
1217.60
20
-385.91
30
0.0
11
1222.40
21
-387.20
31
0.0
0
LINE
8
חשמל — מפסקים
10
1222.40
20
-387.20
30
0.0
11
1227.20
21
-385.91
31
0.0
0
LINE
8
חשמל — מפסקים
10
1227.20
20
-385.91
30
0.0
11
1230.71
21
-382.40
31
0.0
0
LINE
8
חשמל — מפסקים
10
1230.71
20
-382.40
30
0.0
11
1232.00
21
-377.60
31
0.0
0
LINE
8
חשמל — מפסקים
10
1222.40
20
-377.60
30
0.0
11
1250.85
21
-336.97
31
0.0
0
LINE
8
חשמל — מפסקים
10
1250.85
20
-336.97
30
0.0
11
1242.85
21
-336.97
31
0.0
0
LINE
8
חשמל — מפסקים
10
1250.85
20
-336.97
30
0.0
11
1250.85
21
-344.97
31
0.0
0
TEXT
8
מקרא
10
1200.00
20
-430.00
30
0.0
40
40
1
מפסק מחליף (חילוף)
0
LINE
8
מסגרת
10
1600.00
20
-400.00
30
0.0
11
1680.00
21
-400.00
31
0.0
0
LINE
8
מסגרת
10
1680.00
20
-400.00
30
0.0
11
1680.00
21
-320.00
31
0.0
0
LINE
8
מסגרת
10
1680.00
20
-320.00
30
0.0
11
1600.00
21
-320.00
31
0.0
0
LINE
8
מסגרת
10
1600.00
20
-320.00
30
0.0
11
1600.00
21
-400.00
31
0.0
0
LINE
8
חשמל — מפסקים
10
1632.00
20
-377.60
30
0.0
11
1630.71
21
-372.80
31
0.0
0
LINE
8
חשמל — מפסקים
10
1630.71
20
-372.80
30
0.0
11
1627.20
21
-369.29
31
0.0
0
LINE
8
חשמל — מפסקים
10
1627.20
20
-369.29
30
0.0
11
1622.40
21
-368.00
31
0.0
0
LINE
8
חשמל — מפסקים
10
1622.40
20
-368.00
30
0.0
11
1617.60
21
-369.29
31
0.0
0
LINE
8
חשמל — מפסקים
10
1617.60
20
-369.29
30
0.0
11
1614.09
21
-372.80
31
0.0
0
LINE
8
חשמל — מפסקים
10
1614.09
20
-372.80
30
0.0
11
1612.80
21
-377.60
31
0.0
0
LINE
8
חשמל — מפסקים
10
1612.80
20
-377.60
30
0.0
11
1614.09
21
-382.40
31
0.0
0
LINE
8
חשמל — מפסקים
10
1614.09
20
-382.40
30
0.0
11
1617.60
21
-385.91
31
0.0
0
LINE
8
חשמל — מפסקים
10
1617.60
20
-385.91
30
0.0
11
1622.40
21
-387.20
31
0.0
0
LINE
8
חשמל — מפסקים
10
1622.40
20
-387.20
30
0.0
11
1627.20
21
-385.91
31
0.0
0
LINE
8
חשמל — מפסקים
10
1627.20
20
-385.91
30
0.0
11
1630.71
21
-382.40
31
0.0
0
LINE
8
חשמל — מפסקים
10
1630.71
20
-382.40
30
0.0
11
1632.00
21
-377.60
31
0.0
0
LINE
8
חשמל — מפסקים
10
1622.40
20
-377.60
30
0.0
11
1649.93
21
-338.28
31
0.0
0
LINE
8
חשמל — מפסקים
10
1630.92
20
-362.01
30
0.0
11
1646.92
21
-346.01
31
0.0
0
LINE
8
חשמל — מפסקים
10
1630.92
20
-346.01
30
0.0
11
1646.92
21
-362.01
31
0.0
0
TEXT
8
מקרא
10
1600.00
20
-430.00
30
0.0
40
40
1
מפסק צלב
0
LINE
8
מסגרת
10
2000.00
20
-400.00
30
0.0
11
2080.00
21
-400.00
31
0.0
0
LINE
8
מסגרת
10
2080.00
20
-400.00
30
0.0
11
2080.00
21
-320.00
31
0.0
0
LINE
8
מסגרת
10
2080.00
20
-320.00
30
0.0
11
2000.00
21
-320.00
31
0.0
0
LINE
8
מסגרת
10
2000.00
20
-320.00
30
0.0
11
2000.00
21
-400.00
31
0.0
0
LINE
8
חשמל — מפסקים
10
2032.00
20
-377.60
30
0.0
11
2030.71
21
-372.80
31
0.0
0
LINE
8
חשמל — מפסקים
10
2030.71
20
-372.80
30
0.0
11
2027.20
21
-369.29
31
0.0
0
LINE
8
חשמל — מפסקים
10
2027.20
20
-369.29
30
0.0
11
2022.40
21
-368.00
31
0.0
0
LINE
8
חשמל — מפסקים
10
2022.40
20
-368.00
30
0.0
11
2017.60
21
-369.29
31
0.0
0
LINE
8
חשמל — מפסקים
10
2017.60
20
-369.29
30
0.0
11
2014.09
21
-372.80
31
0.0
0
LINE
8
חשמל — מפסקים
10
2014.09
20
-372.80
30
0.0
11
2012.80
21
-377.60
31
0.0
0
LINE
8
חשמל — מפסקים
10
2012.80
20
-377.60
30
0.0
11
2014.09
21
-382.40
31
0.0
0
LINE
8
חשמל — מפסקים
10
2014.09
20
-382.40
30
0.0
11
2017.60
21
-385.91
31
0.0
0
LINE
8
חשמל — מפסקים
10
2017.60
20
-385.91
30
0.0
11
2022.40
21
-387.20
31
0.0
0
LINE
8
חשמל — מפסקים
10
2022.40
20
-387.20
30
0.0
11
2027.20
21
-385.91
31
0.0
0
LINE
8
חשמל — מפסקים
10
2027.20
20
-385.91
30
0.0
11
2030.71
21
-382.40
31
0.0
0
LINE
8
חשמל — מפסקים
10
2030.71
20
-382.40
30
0.0
11
2032.00
21
-377.60
31
0.0
0
LINE
8
חשמל — מפסקים
10
2022.40
20
-377.60
30
0.0
11
2049.01
21
-339.59
31
0.0
0
LINE
8
חשמל — מפסקים
10
2044.00
20
-356.00
30
0.0
11
2069.60
21
-356.00
31
0.0
0
LINE
8
חשמל — מפסקים
10
2069.60
20
-356.00
30
0.0
11
2069.60
21
-333.60
31
0.0
0
LINE
8
חשמל — מפסקים
10
2069.60
20
-333.60
30
0.0
11
2044.00
21
-356.00
31
0.0
0
TEXT
8
מקרא
10
2000.00
20
-430.00
30
0.0
40
40
1
דימר (עמעם)
0
LINE
8
מסגרת
10
2400.00
20
-400.00
30
0.0
11
2480.00
21
-400.00
31
0.0
0
LINE
8
מסגרת
10
2480.00
20
-400.00
30
0.0
11
2480.00
21
-320.00
31
0.0
0
LINE
8
מסגרת
10
2480.00
20
-320.00
30
0.0
11
2400.00
21
-320.00
31
0.0
0
LINE
8
מסגרת
10
2400.00
20
-320.00
30
0.0
11
2400.00
21
-400.00
31
0.0
0
LINE
8
חשמל — מפסקים
10
2464.00
20
-360.00
30
0.0
11
2461.62
21
-349.59
31
0.0
0
LINE
8
חשמל — מפסקים
10
2461.62
20
-349.59
30
0.0
11
2454.96
21
-341.24
31
0.0
0
LINE
8
חשמל — מפסקים
10
2454.96
20
-341.24
30
0.0
11
2445.34
21
-336.60
31
0.0
0
LINE
8
חשמל — מפסקים
10
2445.34
20
-336.60
30
0.0
11
2434.66
21
-336.60
31
0.0
0
LINE
8
חשמל — מפסקים
10
2434.66
20
-336.60
30
0.0
11
2425.04
21
-341.24
31
0.0
0
LINE
8
חשמל — מפסקים
10
2425.04
20
-341.24
30
0.0
11
2418.38
21
-349.59
31
0.0
0
LINE
8
חשמל — מפסקים
10
2418.38
20
-349.59
30
0.0
11
2416.00
21
-360.00
31
0.0
0
LINE
8
חשמל — מפסקים
10
2416.00
20
-360.00
30
0.0
11
2418.38
21
-370.41
31
0.0
0
LINE
8
חשמל — מפסקים
10
2418.38
20
-370.41
30
0.0
11
2425.04
21
-378.76
31
0.0
0
LINE
8
חשמל — מפסקים
10
2425.04
20
-378.76
30
0.0
11
2434.66
21
-383.40
31
0.0
0
LINE
8
חשמל — מפסקים
10
2434.66
20
-383.40
30
0.0
11
2445.34
21
-383.40
31
0.0
0
LINE
8
חשמל — מפסקים
10
2445.34
20
-383.40
30
0.0
11
2454.96
21
-378.76
31
0.0
0
LINE
8
חשמל — מפסקים
10
2454.96
20
-378.76
30
0.0
11
2461.62
21
-370.41
31
0.0
0
LINE
8
חשמל — מפסקים
10
2461.62
20
-370.41
30
0.0
11
2464.00
21
-360.00
31
0.0
0
LINE
8
חשמל — מפסקים
10
2449.60
20
-360.00
30
0.0
11
2447.77
21
-354.36
31
0.0
0
LINE
8
חשמל — מפסקים
10
2447.77
20
-354.36
30
0.0
11
2442.97
21
-350.87
31
0.0
0
LINE
8
חשמל — מפסקים
10
2442.97
20
-350.87
30
0.0
11
2437.03
21
-350.87
31
0.0
0
LINE
8
חשמל — מפסקים
10
2437.03
20
-350.87
30
0.0
11
2432.23
21
-354.36
31
0.0
0
LINE
8
חשמל — מפסקים
10
2432.23
20
-354.36
30
0.0
11
2430.40
21
-360.00
31
0.0
0
LINE
8
חשמל — מפסקים
10
2430.40
20
-360.00
30
0.0
11
2432.23
21
-365.64
31
0.0
0
LINE
8
חשמל — מפסקים
10
2432.23
20
-365.64
30
0.0
11
2437.03
21
-369.13
31
0.0
0
LINE
8
חשמל — מפסקים
10
2437.03
20
-369.13
30
0.0
11
2442.97
21
-369.13
31
0.0
0
LINE
8
חשמל — מפסקים
10
2442.97
20
-369.13
30
0.0
11
2447.77
21
-365.64
31
0.0
0
LINE
8
חשמל — מפסקים
10
2447.77
20
-365.64
30
0.0
11
2449.60
21
-360.00
31
0.0
0
TEXT
8
מקרא
10
2400.00
20
-430.00
30
0.0
40
40
1
לחצן (מיידי)
0
LINE
8
מסגרת
10
2800.00
20
-400.00
30
0.0
11
2880.00
21
-400.00
31
0.0
0
LINE
8
מסגרת
10
2880.00
20
-400.00
30
0.0
11
2880.00
21
-320.00
31
0.0
0
LINE
8
מסגרת
10
2880.00
20
-320.00
30
0.0
11
2800.00
21
-320.00
31
0.0
0
LINE
8
מסגרת
10
2800.00
20
-320.00
30
0.0
11
2800.00
21
-400.00
31
0.0
0
LINE
8
חשמל — מפסקים
10
2857.60
20
-342.40
30
0.0
11
2855.24
21
-333.60
31
0.0
0
LINE
8
חשמל — מפסקים
10
2855.24
20
-333.60
30
0.0
11
2848.80
21
-327.16
31
0.0
0
LINE
8
חשמל — מפסקים
10
2848.80
20
-327.16
30
0.0
11
2840.00
21
-324.80
31
0.0
0
LINE
8
חשמל — מפסקים
10
2840.00
20
-324.80
30
0.0
11
2831.20
21
-327.16
31
0.0
0
LINE
8
חשמל — מפסקים
10
2831.20
20
-327.16
30
0.0
11
2824.76
21
-333.60
31
0.0
0
LINE
8
חשמל — מפסקים
10
2824.76
20
-333.60
30
0.0
11
2822.40
21
-342.40
31
0.0
0
LINE
8
חשמל — מפסקים
10
2822.40
20
-342.40
30
0.0
11
2824.76
21
-351.20
31
0.0
0
LINE
8
חשמל — מפסקים
10
2824.76
20
-351.20
30
0.0
11
2831.20
21
-357.64
31
0.0
0
LINE
8
חשמל — מפסקים
10
2831.20
20
-357.64
30
0.0
11
2840.00
21
-360.00
31
0.0
0
LINE
8
חשמל — מפסקים
10
2840.00
20
-360.00
30
0.0
11
2848.80
21
-357.64
31
0.0
0
LINE
8
חשמל — מפסקים
10
2848.80
20
-357.64
30
0.0
11
2855.24
21
-351.20
31
0.0
0
LINE
8
חשמל — מפסקים
10
2855.24
20
-351.20
30
0.0
11
2857.60
21
-342.40
31
0.0
0
LINE
8
חשמל — מפסקים
10
2840.00
20
-360.00
30
0.0
11
2840.00
21
-365.60
31
0.0
0
LINE
8
חשמל — מפסקים
10
2840.00
20
-370.40
30
0.0
11
2840.00
21
-376.00
31
0.0
0
LINE
8
חשמל — מפסקים
10
2840.00
20
-380.80
30
0.0
11
2840.00
21
-386.40
31
0.0
0
LINE
8
חשמל — מפסקים
10
2840.00
20
-391.20
30
0.0
11
2840.00
21
-396.80
31
0.0
0
LINE
8
חשמל — מפסקים
10
2848.80
20
-393.60
30
0.0
11
2846.22
21
-387.38
31
0.0
0
LINE
8
חשמל — מפסקים
10
2846.22
20
-387.38
30
0.0
11
2840.00
21
-384.80
31
0.0
0
LINE
8
חשמל — מפסקים
10
2840.00
20
-384.80
30
0.0
11
2833.78
21
-387.38
31
0.0
0
LINE
8
חשמל — מפסקים
10
2833.78
20
-387.38
30
0.0
11
2831.20
21
-393.60
31
0.0
0
LINE
8
חשמל — מפסקים
10
2831.20
20
-393.60
30
0.0
11
2833.78
21
-399.82
31
0.0
0
LINE
8
חשמל — מפסקים
10
2833.78
20
-399.82
30
0.0
11
2840.00
21
-400.00
31
0.0
0
LINE
8
חשמל — מפסקים
10
2840.00
20
-400.00
30
0.0
11
2846.22
21
-399.82
31
0.0
0
LINE
8
חשמל — מפסקים
10
2846.22
20
-399.82
30
0.0
11
2848.80
21
-393.60
31
0.0
0
TEXT
8
מקרא
10
2800.00
20
-430.00
30
0.0
40
40
1
מפסק חבל משיכה
0
LINE
8
מסגרת
10
3200.00
20
-400.00
30
0.0
11
3300.00
21
-400.00
31
0.0
0
LINE
8
מסגרת
10
3300.00
20
-400.00
30
0.0
11
3300.00
21
-300.00
31
0.0
0
LINE
8
מסגרת
10
3300.00
20
-300.00
30
0.0
11
3200.00
21
-300.00
31
0.0
0
LINE
8
מסגרת
10
3200.00
20
-300.00
30
0.0
11
3200.00
21
-400.00
31
0.0
0
LINE
8
חשמל — יציאות מכשירים
10
3208.00
20
-392.00
30
0.0
11
3292.00
21
-392.00
31
0.0
0
LINE
8
חשמל — יציאות מכשירים
10
3292.00
20
-392.00
30
0.0
11
3292.00
21
-308.00
31
0.0
0
LINE
8
חשמל — יציאות מכשירים
10
3292.00
20
-308.00
30
0.0
11
3208.00
21
-308.00
31
0.0
0
LINE
8
חשמל — יציאות מכשירים
10
3208.00
20
-308.00
30
0.0
11
3208.00
21
-392.00
31
0.0
0
LINE
8
חשמל — יציאות מכשירים
10
3220.00
20
-380.00
30
0.0
11
3280.00
21
-380.00
31
0.0
0
LINE
8
חשמל — יציאות מכשירים
10
3280.00
20
-380.00
30
0.0
11
3280.00
21
-332.00
31
0.0
0
LINE
8
חשמל — יציאות מכשירים
10
3280.00
20
-332.00
30
0.0
11
3220.00
21
-332.00
31
0.0
0
LINE
8
חשמל — יציאות מכשירים
10
3220.00
20
-332.00
30
0.0
11
3220.00
21
-380.00
31
0.0
0
LINE
8
חשמל — יציאות מכשירים
10
3220.00
20
-332.00
30
0.0
11
3280.00
21
-332.00
31
0.0
0
LINE
8
חשמל — יציאות מכשירים
10
3243.00
20
-322.00
30
0.0
11
3242.12
21
-319.88
31
0.0
0
LINE
8
חשמל — יציאות מכשירים
10
3242.12
20
-319.88
30
0.0
11
3240.00
21
-319.00
31
0.0
0
LINE
8
חשמל — יציאות מכשירים
10
3240.00
20
-319.00
30
0.0
11
3237.88
21
-319.88
31
0.0
0
LINE
8
חשמל — יציאות מכשירים
10
3237.88
20
-319.88
30
0.0
11
3237.00
21
-322.00
31
0.0
0
LINE
8
חשמל — יציאות מכשירים
10
3237.00
20
-322.00
30
0.0
11
3237.88
21
-324.12
31
0.0
0
LINE
8
חשמל — יציאות מכשירים
10
3237.88
20
-324.12
30
0.0
11
3240.00
21
-325.00
31
0.0
0
LINE
8
חשמל — יציאות מכשירים
10
3240.00
20
-325.00
30
0.0
11
3242.12
21
-324.12
31
0.0
0
LINE
8
חשמל — יציאות מכשירים
10
3242.12
20
-324.12
30
0.0
11
3243.00
21
-322.00
31
0.0
0
LINE
8
חשמל — יציאות מכשירים
10
3263.00
20
-322.00
30
0.0
11
3262.12
21
-319.88
31
0.0
0
LINE
8
חשמל — יציאות מכשירים
10
3262.12
20
-319.88
30
0.0
11
3260.00
21
-319.00
31
0.0
0
LINE
8
חשמל — יציאות מכשירים
10
3260.00
20
-319.00
30
0.0
11
3257.88
21
-319.88
31
0.0
0
LINE
8
חשמל — יציאות מכשירים
10
3257.88
20
-319.88
30
0.0
11
3257.00
21
-322.00
31
0.0
0
LINE
8
חשמל — יציאות מכשירים
10
3257.00
20
-322.00
30
0.0
11
3257.88
21
-324.12
31
0.0
0
LINE
8
חשמל — יציאות מכשירים
10
3257.88
20
-324.12
30
0.0
11
3260.00
21
-325.00
31
0.0
0
LINE
8
חשמל — יציאות מכשירים
10
3260.00
20
-325.00
30
0.0
11
3262.12
21
-324.12
31
0.0
0
LINE
8
חשמל — יציאות מכשירים
10
3262.12
20
-324.12
30
0.0
11
3263.00
21
-322.00
31
0.0
0
LINE
8
חשמל — יציאות מכשירים
10
3238.00
20
-356.00
30
0.0
11
3244.00
21
-351.00
31
0.0
0
LINE
8
חשמל — יציאות מכשירים
10
3244.00
20
-351.00
30
0.0
11
3250.00
21
-356.00
31
0.0
0
LINE
8
חשמל — יציאות מכשירים
10
3250.00
20
-356.00
30
0.0
11
3256.00
21
-351.00
31
0.0
0
LINE
8
חשמל — יציאות מכשירים
10
3256.00
20
-351.00
30
0.0
11
3262.00
21
-356.00
31
0.0
0
TEXT
8
מקרא
10
3200.00
20
-430.00
30
0.0
40
40
1
יציאת חשמל לתנור אפייה
0
LINE
8
מסגרת
10
3600.00
20
-400.00
30
0.0
11
3700.00
21
-400.00
31
0.0
0
LINE
8
מסגרת
10
3700.00
20
-400.00
30
0.0
11
3700.00
21
-300.00
31
0.0
0
LINE
8
מסגרת
10
3700.00
20
-300.00
30
0.0
11
3600.00
21
-300.00
31
0.0
0
LINE
8
מסגרת
10
3600.00
20
-300.00
30
0.0
11
3600.00
21
-400.00
31
0.0
0
LINE
8
חשמל — יציאות מכשירים
10
3608.00
20
-392.00
30
0.0
11
3692.00
21
-392.00
31
0.0
0
LINE
8
חשמל — יציאות מכשירים
10
3692.00
20
-392.00
30
0.0
11
3692.00
21
-308.00
31
0.0
0
LINE
8
חשמל — יציאות מכשירים
10
3692.00
20
-308.00
30
0.0
11
3608.00
21
-308.00
31
0.0
0
LINE
8
חשמל — יציאות מכשירים
10
3608.00
20
-308.00
30
0.0
11
3608.00
21
-392.00
31
0.0
0
LINE
8
חשמל — יציאות מכשירים
10
3648.00
20
-338.00
30
0.0
11
3646.09
21
-332.12
31
0.0
0
LINE
8
חשמל — יציאות מכשירים
10
3646.09
20
-332.12
30
0.0
11
3641.09
21
-328.49
31
0.0
0
LINE
8
חשמל — יציאות מכשירים
10
3641.09
20
-328.49
30
0.0
11
3634.91
21
-328.49
31
0.0
0
LINE
8
חשמל — יציאות מכשירים
10
3634.91
20
-328.49
30
0.0
11
3629.91
21
-332.12
31
0.0
0
LINE
8
חשמל — יציאות מכשירים
10
3629.91
20
-332.12
30
0.0
11
3628.00
21
-338.00
31
0.0
0
LINE
8
חשמל — יציאות מכשירים
10
3628.00
20
-338.00
30
0.0
11
3629.91
21
-343.88
31
0.0
0
LINE
8
חשמל — יציאות מכשירים
10
3629.91
20
-343.88
30
0.0
11
3634.91
21
-347.51
31
0.0
0
LINE
8
חשמל — יציאות מכשירים
10
3634.91
20
-347.51
30
0.0
11
3641.09
21
-347.51
31
0.0
0
LINE
8
חשמל — יציאות מכשירים
10
3641.09
20
-347.51
30
0.0
11
3646.09
21
-343.88
31
0.0
0
LINE
8
חשמל — יציאות מכשירים
10
3646.09
20
-343.88
30
0.0
11
3648.00
21
-338.00
31
0.0
0
LINE
8
חשמל — יציאות מכשירים
10
3672.00
20
-338.00
30
0.0
11
3670.09
21
-332.12
31
0.0
0
LINE
8
חשמל — יציאות מכשירים
10
3670.09
20
-332.12
30
0.0
11
3665.09
21
-328.49
31
0.0
0
LINE
8
חשמל — יציאות מכשירים
10
3665.09
20
-328.49
30
0.0
11
3658.91
21
-328.49
31
0.0
0
LINE
8
חשמל — יציאות מכשירים
10
3658.91
20
-328.49
30
0.0
11
3653.91
21
-332.12
31
0.0
0
LINE
8
חשמל — יציאות מכשירים
10
3653.91
20
-332.12
30
0.0
11
3652.00
21
-338.00
31
0.0
0
LINE
8
חשמל — יציאות מכשירים
10
3652.00
20
-338.00
30
0.0
11
3653.91
21
-343.88
31
0.0
0
LINE
8
חשמל — יציאות מכשירים
10
3653.91
20
-343.88
30
0.0
11
3658.91
21
-347.51
31
0.0
0
LINE
8
חשמל — יציאות מכשירים
10
3658.91
20
-347.51
30
0.0
11
3665.09
21
-347.51
31
0.0
0
LINE
8
חשמל — יציאות מכשירים
10
3665.09
20
-347.51
30
0.0
11
3670.09
21
-343.88
31
0.0
0
LINE
8
חשמל — יציאות מכשירים
10
3670.09
20
-343.88
30
0.0
11
3672.00
21
-338.00
31
0.0
0
LINE
8
חשמל — יציאות מכשירים
10
3648.00
20
-362.00
30
0.0
11
3646.09
21
-356.12
31
0.0
0
LINE
8
חשמל — יציאות מכשירים
10
3646.09
20
-356.12
30
0.0
11
3641.09
21
-352.49
31
0.0
0
LINE
8
חשמל — יציאות מכשירים
10
3641.09
20
-352.49
30
0.0
11
3634.91
21
-352.49
31
0.0
0
LINE
8
חשמל — יציאות מכשירים
10
3634.91
20
-352.49
30
0.0
11
3629.91
21
-356.12
31
0.0
0
LINE
8
חשמל — יציאות מכשירים
10
3629.91
20
-356.12
30
0.0
11
3628.00
21
-362.00
31
0.0
0
LINE
8
חשמל — יציאות מכשירים
10
3628.00
20
-362.00
30
0.0
11
3629.91
21
-367.88
31
0.0
0
LINE
8
חשמל — יציאות מכשירים
10
3629.91
20
-367.88
30
0.0
11
3634.91
21
-371.51
31
0.0
0
LINE
8
חשמל — יציאות מכשירים
10
3634.91
20
-371.51
30
0.0
11
3641.09
21
-371.51
31
0.0
0
LINE
8
חשמל — יציאות מכשירים
10
3641.09
20
-371.51
30
0.0
11
3646.09
21
-367.88
31
0.0
0
LINE
8
חשמל — יציאות מכשירים
10
3646.09
20
-367.88
30
0.0
11
3648.00
21
-362.00
31
0.0
0
LINE
8
חשמל — יציאות מכשירים
10
3672.00
20
-362.00
30
0.0
11
3670.09
21
-356.12
31
0.0
0
LINE
8
חשמל — יציאות מכשירים
10
3670.09
20
-356.12
30
0.0
11
3665.09
21
-352.49
31
0.0
0
LINE
8
חשמל — יציאות מכשירים
10
3665.09
20
-352.49
30
0.0
11
3658.91
21
-352.49
31
0.0
0
LINE
8
חשמל — יציאות מכשירים
10
3658.91
20
-352.49
30
0.0
11
3653.91
21
-356.12
31
0.0
0
LINE
8
חשמל — יציאות מכשירים
10
3653.91
20
-356.12
30
0.0
11
3652.00
21
-362.00
31
0.0
0
LINE
8
חשמל — יציאות מכשירים
10
3652.00
20
-362.00
30
0.0
11
3653.91
21
-367.88
31
0.0
0
LINE
8
חשמל — יציאות מכשירים
10
3653.91
20
-367.88
30
0.0
11
3658.91
21
-371.51
31
0.0
0
LINE
8
חשמל — יציאות מכשירים
10
3658.91
20
-371.51
30
0.0
11
3665.09
21
-371.51
31
0.0
0
LINE
8
חשמל — יציאות מכשירים
10
3665.09
20
-371.51
30
0.0
11
3670.09
21
-367.88
31
0.0
0
LINE
8
חשמל — יציאות מכשירים
10
3670.09
20
-367.88
30
0.0
11
3672.00
21
-362.00
31
0.0
0
TEXT
8
מקרא
10
3600.00
20
-430.00
30
0.0
40
40
1
יציאת חשמל לכיריים
0
LINE
8
מסגרת
10
0.00
20
-800.00
30
0.0
11
80.00
21
-800.00
31
0.0
0
LINE
8
מסגרת
10
80.00
20
-800.00
30
0.0
11
80.00
21
-720.00
31
0.0
0
LINE
8
מסגרת
10
80.00
20
-720.00
30
0.0
11
0.00
21
-720.00
31
0.0
0
LINE
8
מסגרת
10
0.00
20
-720.00
30
0.0
11
0.00
21
-800.00
31
0.0
0
LINE
8
חשמל — יציאות מכשירים
10
6.40
20
-793.60
30
0.0
11
73.60
21
-793.60
31
0.0
0
LINE
8
חשמל — יציאות מכשירים
10
73.60
20
-793.60
30
0.0
11
73.60
21
-726.40
31
0.0
0
LINE
8
חשמל — יציאות מכשירים
10
73.60
20
-726.40
30
0.0
11
6.40
21
-726.40
31
0.0
0
LINE
8
חשמל — יציאות מכשירים
10
6.40
20
-726.40
30
0.0
11
6.40
21
-793.60
31
0.0
0
LINE
8
חשמל — יציאות מכשירים
10
17.60
20
-782.40
30
0.0
11
62.40
21
-782.40
31
0.0
0
LINE
8
חשמל — יציאות מכשירים
10
62.40
20
-782.40
30
0.0
11
62.40
21
-737.60
31
0.0
0
LINE
8
חשמל — יציאות מכשירים
10
62.40
20
-737.60
30
0.0
11
17.60
21
-737.60
31
0.0
0
LINE
8
חשמל — יציאות מכשירים
10
17.60
20
-737.60
30
0.0
11
17.60
21
-782.40
31
0.0
0
LINE
8
חשמל — יציאות מכשירים
10
17.60
20
-744.00
30
0.0
11
62.40
21
-744.00
31
0.0
0
LINE
8
חשמל — יציאות מכשירים
10
48.80
20
-763.20
30
0.0
11
47.62
21
-758.80
31
0.0
0
LINE
8
חשמל — יציאות מכשירים
10
47.62
20
-758.80
30
0.0
11
44.40
21
-755.58
31
0.0
0
LINE
8
חשמל — יציאות מכשירים
10
44.40
20
-755.58
30
0.0
11
40.00
21
-754.40
31
0.0
0
LINE
8
חשמל — יציאות מכשירים
10
40.00
20
-754.40
30
0.0
11
35.60
21
-755.58
31
0.0
0
LINE
8
חשמל — יציאות מכשירים
10
35.60
20
-755.58
30
0.0
11
32.38
21
-758.80
31
0.0
0
LINE
8
חשמל — יציאות מכשירים
10
32.38
20
-758.80
30
0.0
11
31.20
21
-763.20
31
0.0
0
LINE
8
חשמל — יציאות מכשירים
10
31.20
20
-763.20
30
0.0
11
32.38
21
-767.60
31
0.0
0
LINE
8
חשמל — יציאות מכשירים
10
32.38
20
-767.60
30
0.0
11
35.60
21
-770.82
31
0.0
0
LINE
8
חשמל — יציאות מכשירים
10
35.60
20
-770.82
30
0.0
11
40.00
21
-772.00
31
0.0
0
LINE
8
חשמל — יציאות מכשירים
10
40.00
20
-772.00
30
0.0
11
44.40
21
-770.82
31
0.0
0
LINE
8
חשמל — יציאות מכשירים
10
44.40
20
-770.82
30
0.0
11
47.62
21
-767.60
31
0.0
0
LINE
8
חשמל — יציאות מכשירים
10
47.62
20
-767.60
30
0.0
11
48.80
21
-763.20
31
0.0
0
LINE
8
חשמל — יציאות מכשירים
10
40.00
20
-768.60
30
0.0
11
41.01
21
-770.62
31
0.0
0
LINE
8
חשמל — יציאות מכשירים
10
41.01
20
-770.62
30
0.0
11
41.76
21
-771.17
31
0.0
0
LINE
8
חשמל — יציאות מכשירים
10
41.76
20
-771.17
30
0.0
11
42.24
21
-771.95
31
0.0
0
LINE
8
חשמל — יציאות מכשירים
10
42.24
20
-771.95
30
0.0
11
42.40
21
-772.86
31
0.0
0
LINE
8
חשמל — יציאות מכשירים
10
42.40
20
-772.86
30
0.0
11
42.20
21
-773.76
31
0.0
0
LINE
8
חשמל — יציאות מכשירים
10
42.20
20
-773.76
30
0.0
11
41.68
21
-774.52
31
0.0
0
LINE
8
חשמל — יציאות מכשירים
10
41.68
20
-774.52
30
0.0
11
40.90
21
-775.02
31
0.0
0
LINE
8
חשמל — יציאות מכשירים
10
40.90
20
-775.02
30
0.0
11
40.00
21
-775.20
31
0.0
0
LINE
8
חשמל — יציאות מכשירים
10
40.00
20
-775.20
30
0.0
11
39.10
21
-775.02
31
0.0
0
LINE
8
חשמל — יציאות מכשירים
10
39.10
20
-775.02
30
0.0
11
38.32
21
-774.52
31
0.0
0
LINE
8
חשמל — יציאות מכשירים
10
38.32
20
-774.52
30
0.0
11
37.80
21
-773.76
31
0.0
0
LINE
8
חשמל — יציאות מכשירים
10
37.80
20
-773.76
30
0.0
11
37.60
21
-772.86
31
0.0
0
LINE
8
חשמל — יציאות מכשירים
10
37.60
20
-772.86
30
0.0
11
37.76
21
-771.95
31
0.0
0
LINE
8
חשמל — יציאות מכשירים
10
37.76
20
-771.95
30
0.0
11
38.24
21
-771.17
31
0.0
0
LINE
8
חשמל — יציאות מכשירים
10
38.24
20
-771.17
30
0.0
11
38.99
21
-770.62
31
0.0
0
LINE
8
חשמל — יציאות מכשירים
10
38.99
20
-770.62
30
0.0
11
40.00
21
-768.60
31
0.0
0
TEXT
8
מקרא
10
0.00
20
-830.00
30
0.0
40
40
1
יציאת חשמל למדיח כלים
0
LINE
8
מסגרת
10
400.00
20
-800.00
30
0.0
11
480.00
21
-800.00
31
0.0
0
LINE
8
מסגרת
10
480.00
20
-800.00
30
0.0
11
480.00
21
-720.00
31
0.0
0
LINE
8
מסגרת
10
480.00
20
-720.00
30
0.0
11
400.00
21
-720.00
31
0.0
0
LINE
8
מסגרת
10
400.00
20
-720.00
30
0.0
11
400.00
21
-800.00
31
0.0
0
LINE
8
חשמל — יציאות מכשירים
10
406.40
20
-793.60
30
0.0
11
473.60
21
-793.60
31
0.0
0
LINE
8
חשמל — יציאות מכשירים
10
473.60
20
-793.60
30
0.0
11
473.60
21
-726.40
31
0.0
0
LINE
8
חשמל — יציאות מכשירים
10
473.60
20
-726.40
30
0.0
11
406.40
21
-726.40
31
0.0
0
LINE
8
חשמל — יציאות מכשירים
10
406.40
20
-726.40
30
0.0
11
406.40
21
-793.60
31
0.0
0
LINE
8
חשמל — יציאות מכשירים
10
419.20
20
-780.80
30
0.0
11
460.80
21
-780.80
31
0.0
0
LINE
8
חשמל — יציאות מכשירים
10
460.80
20
-780.80
30
0.0
11
460.80
21
-739.20
31
0.0
0
LINE
8
חשמל — יציאות מכשירים
10
460.80
20
-739.20
30
0.0
11
419.20
21
-739.20
31
0.0
0
LINE
8
חשמל — יציאות מכשירים
10
419.20
20
-739.20
30
0.0
11
419.20
21
-780.80
31
0.0
0
LINE
8
חשמל — יציאות מכשירים
10
419.20
20
-757.92
30
0.0
11
460.80
21
-757.92
31
0.0
0
LINE
8
חשמל — יציאות מכשירים
10
421.60
20
-754.72
30
0.0
11
421.60
21
-748.32
31
0.0
0
LINE
8
חשמל — יציאות מכשירים
10
421.60
20
-761.12
30
0.0
11
421.60
21
-767.52
31
0.0
0
TEXT
8
מקרא
10
400.00
20
-830.00
30
0.0
40
40
1
יציאת חשמל למקרר
0
LINE
8
מסגרת
10
800.00
20
-800.00
30
0.0
11
880.00
21
-800.00
31
0.0
0
LINE
8
מסגרת
10
880.00
20
-800.00
30
0.0
11
880.00
21
-720.00
31
0.0
0
LINE
8
מסגרת
10
880.00
20
-720.00
30
0.0
11
800.00
21
-720.00
31
0.0
0
LINE
8
מסגרת
10
800.00
20
-720.00
30
0.0
11
800.00
21
-800.00
31
0.0
0
LINE
8
חשמל — יציאות מכשירים
10
806.40
20
-793.60
30
0.0
11
873.60
21
-793.60
31
0.0
0
LINE
8
חשמל — יציאות מכשירים
10
873.60
20
-793.60
30
0.0
11
873.60
21
-726.40
31
0.0
0
LINE
8
חשמל — יציאות מכשירים
10
873.60
20
-726.40
30
0.0
11
806.40
21
-726.40
31
0.0
0
LINE
8
חשמל — יציאות מכשירים
10
806.40
20
-726.40
30
0.0
11
806.40
21
-793.60
31
0.0
0
LINE
8
חשמל — יציאות מכשירים
10
817.60
20
-782.40
30
0.0
11
862.40
21
-782.40
31
0.0
0
LINE
8
חשמל — יציאות מכשירים
10
862.40
20
-782.40
30
0.0
11
862.40
21
-737.60
31
0.0
0
LINE
8
חשמל — יציאות מכשירים
10
862.40
20
-737.60
30
0.0
11
817.60
21
-737.60
31
0.0
0
LINE
8
חשמל — יציאות מכשירים
10
817.60
20
-737.60
30
0.0
11
817.60
21
-782.40
31
0.0
0
LINE
8
חשמל — יציאות מכשירים
10
848.06
20
-782.40
30
0.0
11
848.06
21
-737.60
31
0.0
0
LINE
8
חשמל — יציאות מכשירים
10
820.00
20
-779.20
30
0.0
11
845.66
21
-779.20
31
0.0
0
LINE
8
חשמל — יציאות מכשירים
10
845.66
20
-779.20
30
0.0
11
845.66
21
-740.80
31
0.0
0
LINE
8
חשמל — יציאות מכשירים
10
845.66
20
-740.80
30
0.0
11
820.00
21
-740.80
31
0.0
0
LINE
8
חשמל — יציאות מכשירים
10
820.00
20
-740.80
30
0.0
11
820.00
21
-779.20
31
0.0
0
LINE
8
חשמל — יציאות מכשירים
10
856.83
20
-742.40
30
0.0
11
856.36
21
-741.27
31
0.0
0
LINE
8
חשמל — יציאות מכשירים
10
856.36
20
-741.27
30
0.0
11
855.23
21
-740.80
31
0.0
0
LINE
8
חשמל — יציאות מכשירים
10
855.23
20
-740.80
30
0.0
11
854.10
21
-741.27
31
0.0
0
LINE
8
חשמל — יציאות מכשירים
10
854.10
20
-741.27
30
0.0
11
853.63
21
-742.40
31
0.0
0
LINE
8
חשמל — יציאות מכשירים
10
853.63
20
-742.40
30
0.0
11
854.10
21
-743.53
31
0.0
0
LINE
8
חשמל — יציאות מכשירים
10
854.10
20
-743.53
30
0.0
11
855.23
21
-744.00
31
0.0
0
LINE
8
חשמל — יציאות מכשירים
10
855.23
20
-744.00
30
0.0
11
856.36
21
-743.53
31
0.0
0
LINE
8
חשמל — יציאות מכשירים
10
856.36
20
-743.53
30
0.0
11
856.83
21
-742.40
31
0.0
0
TEXT
8
מקרא
10
800.00
20
-830.00
30
0.0
40
40
1
יציאת חשמל למיקרוגל
0
LINE
8
מסגרת
10
1200.00
20
-800.00
30
0.0
11
1280.00
21
-800.00
31
0.0
0
LINE
8
מסגרת
10
1280.00
20
-800.00
30
0.0
11
1280.00
21
-720.00
31
0.0
0
LINE
8
מסגרת
10
1280.00
20
-720.00
30
0.0
11
1200.00
21
-720.00
31
0.0
0
LINE
8
מסגרת
10
1200.00
20
-720.00
30
0.0
11
1200.00
21
-800.00
31
0.0
0
LINE
8
חשמל — יציאות מכשירים
10
1206.40
20
-793.60
30
0.0
11
1273.60
21
-793.60
31
0.0
0
LINE
8
חשמל — יציאות מכשירים
10
1273.60
20
-793.60
30
0.0
11
1273.60
21
-726.40
31
0.0
0
LINE
8
חשמל — יציאות מכשירים
10
1273.60
20
-726.40
30
0.0
11
1206.40
21
-726.40
31
0.0
0
LINE
8
חשמל — יציאות מכשירים
10
1206.40
20
-726.40
30
0.0
11
1206.40
21
-793.60
31
0.0
0
LINE
8
חשמל — יציאות מכשירים
10
1217.60
20
-772.00
30
0.0
11
1262.40
21
-772.00
31
0.0
0
LINE
8
חשמל — יציאות מכשירים
10
1262.40
20
-772.00
30
0.0
11
1252.80
21
-750.40
31
0.0
0
LINE
8
חשמל — יציאות מכשירים
10
1252.80
20
-750.40
30
0.0
11
1227.20
21
-750.40
31
0.0
0
LINE
8
חשמל — יציאות מכשירים
10
1227.20
20
-750.40
30
0.0
11
1217.60
21
-772.00
31
0.0
0
LINE
8
חשמל — יציאות מכשירים
10
1224.00
20
-772.00
30
0.0
11
1224.00
21
-777.60
31
0.0
0
LINE
8
חשמל — יציאות מכשירים
10
1256.00
20
-772.00
30
0.0
11
1256.00
21
-777.60
31
0.0
0
TEXT
8
מקרא
10
1200.00
20
-830.00
30
0.0
40
40
1
יציאת חשמל לקולט אדים (ונטה)
0
LINE
8
מסגרת
10
1600.00
20
-800.00
30
0.0
11
1680.00
21
-800.00
31
0.0
0
LINE
8
מסגרת
10
1680.00
20
-800.00
30
0.0
11
1680.00
21
-720.00
31
0.0
0
LINE
8
מסגרת
10
1680.00
20
-720.00
30
0.0
11
1600.00
21
-720.00
31
0.0
0
LINE
8
מסגרת
10
1600.00
20
-720.00
30
0.0
11
1600.00
21
-800.00
31
0.0
0
LINE
8
חשמל — יציאות מכשירים
10
1606.40
20
-793.60
30
0.0
11
1673.60
21
-793.60
31
0.0
0
LINE
8
חשמל — יציאות מכשירים
10
1673.60
20
-793.60
30
0.0
11
1673.60
21
-726.40
31
0.0
0
LINE
8
חשמל — יציאות מכשירים
10
1673.60
20
-726.40
30
0.0
11
1606.40
21
-726.40
31
0.0
0
LINE
8
חשמל — יציאות מכשירים
10
1606.40
20
-726.40
30
0.0
11
1606.40
21
-793.60
31
0.0
0
LINE
8
חשמל — יציאות מכשירים
10
1617.60
20
-782.40
30
0.0
11
1662.40
21
-782.40
31
0.0
0
LINE
8
חשמל — יציאות מכשירים
10
1662.40
20
-782.40
30
0.0
11
1662.40
21
-737.60
31
0.0
0
LINE
8
חשמל — יציאות מכשירים
10
1662.40
20
-737.60
30
0.0
11
1617.60
21
-737.60
31
0.0
0
LINE
8
חשמל — יציאות מכשירים
10
1617.60
20
-737.60
30
0.0
11
1617.60
21
-782.40
31
0.0
0
LINE
8
חשמל — יציאות מכשירים
10
1617.60
20
-744.80
30
0.0
11
1662.40
21
-744.80
31
0.0
0
LINE
8
חשמל — יציאות מכשירים
10
1651.20
20
-763.60
30
0.0
11
1650.09
21
-758.74
31
0.0
0
LINE
8
חשמל — יציאות מכשירים
10
1650.09
20
-758.74
30
0.0
11
1646.98
21
-754.84
31
0.0
0
LINE
8
חשמל — יציאות מכשירים
10
1646.98
20
-754.84
30
0.0
11
1642.49
21
-752.68
31
0.0
0
LINE
8
חשמל — יציאות מכשירים
10
1642.49
20
-752.68
30
0.0
11
1637.51
21
-752.68
31
0.0
0
LINE
8
חשמל — יציאות מכשירים
10
1637.51
20
-752.68
30
0.0
11
1633.02
21
-754.84
31
0.0
0
LINE
8
חשמל — יציאות מכשירים
10
1633.02
20
-754.84
30
0.0
11
1629.91
21
-758.74
31
0.0
0
LINE
8
חשמל — יציאות מכשירים
10
1629.91
20
-758.74
30
0.0
11
1628.80
21
-763.60
31
0.0
0
LINE
8
חשמל — יציאות מכשירים
10
1628.80
20
-763.60
30
0.0
11
1629.91
21
-768.46
31
0.0
0
LINE
8
חשמל — יציאות מכשירים
10
1629.91
20
-768.46
30
0.0
11
1633.02
21
-772.36
31
0.0
0
LINE
8
חשמל — יציאות מכשירים
10
1633.02
20
-772.36
30
0.0
11
1637.51
21
-774.52
31
0.0
0
LINE
8
חשמל — יציאות מכשירים
10
1637.51
20
-774.52
30
0.0
11
1642.49
21
-774.52
31
0.0
0
LINE
8
חשמל — יציאות מכשירים
10
1642.49
20
-774.52
30
0.0
11
1646.98
21
-772.36
31
0.0
0
LINE
8
חשמל — יציאות מכשירים
10
1646.98
20
-772.36
30
0.0
11
1650.09
21
-768.46
31
0.0
0
LINE
8
חשמל — יציאות מכשירים
10
1650.09
20
-768.46
30
0.0
11
1651.20
21
-763.60
31
0.0
0
LINE
8
חשמל — יציאות מכשירים
10
1644.00
20
-763.60
30
0.0
11
1642.83
21
-760.77
31
0.0
0
LINE
8
חשמל — יציאות מכשירים
10
1642.83
20
-760.77
30
0.0
11
1640.00
21
-759.60
31
0.0
0
LINE
8
חשמל — יציאות מכשירים
10
1640.00
20
-759.60
30
0.0
11
1637.17
21
-760.77
31
0.0
0
LINE
8
חשמל — יציאות מכשירים
10
1637.17
20
-760.77
30
0.0
11
1636.00
21
-763.60
31
0.0
0
LINE
8
חשמל — יציאות מכשירים
10
1636.00
20
-763.60
30
0.0
11
1637.17
21
-766.43
31
0.0
0
LINE
8
חשמל — יציאות מכשירים
10
1637.17
20
-766.43
30
0.0
11
1640.00
21
-767.60
31
0.0
0
LINE
8
חשמל — יציאות מכשירים
10
1640.00
20
-767.60
30
0.0
11
1642.83
21
-766.43
31
0.0
0
LINE
8
חשמל — יציאות מכשירים
10
1642.83
20
-766.43
30
0.0
11
1644.00
21
-763.60
31
0.0
0
TEXT
8
מקרא
10
1600.00
20
-830.00
30
0.0
40
40
1
יציאת חשמל למכונת כביסה
0
LINE
8
מסגרת
10
2000.00
20
-800.00
30
0.0
11
2080.00
21
-800.00
31
0.0
0
LINE
8
מסגרת
10
2080.00
20
-800.00
30
0.0
11
2080.00
21
-720.00
31
0.0
0
LINE
8
מסגרת
10
2080.00
20
-720.00
30
0.0
11
2000.00
21
-720.00
31
0.0
0
LINE
8
מסגרת
10
2000.00
20
-720.00
30
0.0
11
2000.00
21
-800.00
31
0.0
0
LINE
8
חשמל — יציאות מכשירים
10
2006.40
20
-793.60
30
0.0
11
2073.60
21
-793.60
31
0.0
0
LINE
8
חשמל — יציאות מכשירים
10
2073.60
20
-793.60
30
0.0
11
2073.60
21
-726.40
31
0.0
0
LINE
8
חשמל — יציאות מכשירים
10
2073.60
20
-726.40
30
0.0
11
2006.40
21
-726.40
31
0.0
0
LINE
8
חשמל — יציאות מכשירים
10
2006.40
20
-726.40
30
0.0
11
2006.40
21
-793.60
31
0.0
0
LINE
8
חשמל — יציאות מכשירים
10
2017.60
20
-782.40
30
0.0
11
2062.40
21
-782.40
31
0.0
0
LINE
8
חשמל — יציאות מכשירים
10
2062.40
20
-782.40
30
0.0
11
2062.40
21
-737.60
31
0.0
0
LINE
8
חשמל — יציאות מכשירים
10
2062.40
20
-737.60
30
0.0
11
2017.60
21
-737.60
31
0.0
0
LINE
8
חשמל — יציאות מכשירים
10
2017.60
20
-737.60
30
0.0
11
2017.60
21
-782.40
31
0.0
0
LINE
8
חשמל — יציאות מכשירים
10
2017.60
20
-744.80
30
0.0
11
2062.40
21
-744.80
31
0.0
0
LINE
8
חשמל — יציאות מכשירים
10
2051.20
20
-763.60
30
0.0
11
2050.09
21
-758.74
31
0.0
0
LINE
8
חשמל — יציאות מכשירים
10
2050.09
20
-758.74
30
0.0
11
2046.98
21
-754.84
31
0.0
0
LINE
8
חשמל — יציאות מכשירים
10
2046.98
20
-754.84
30
0.0
11
2042.49
21
-752.68
31
0.0
0
LINE
8
חשמל — יציאות מכשירים
10
2042.49
20
-752.68
30
0.0
11
2037.51
21
-752.68
31
0.0
0
LINE
8
חשמל — יציאות מכשירים
10
2037.51
20
-752.68
30
0.0
11
2033.02
21
-754.84
31
0.0
0
LINE
8
חשמל — יציאות מכשירים
10
2033.02
20
-754.84
30
0.0
11
2029.91
21
-758.74
31
0.0
0
LINE
8
חשמל — יציאות מכשירים
10
2029.91
20
-758.74
30
0.0
11
2028.80
21
-763.60
31
0.0
0
LINE
8
חשמל — יציאות מכשירים
10
2028.80
20
-763.60
30
0.0
11
2029.91
21
-768.46
31
0.0
0
LINE
8
חשמל — יציאות מכשירים
10
2029.91
20
-768.46
30
0.0
11
2033.02
21
-772.36
31
0.0
0
LINE
8
חשמל — יציאות מכשירים
10
2033.02
20
-772.36
30
0.0
11
2037.51
21
-774.52
31
0.0
0
LINE
8
חשמל — יציאות מכשירים
10
2037.51
20
-774.52
30
0.0
11
2042.49
21
-774.52
31
0.0
0
LINE
8
חשמל — יציאות מכשירים
10
2042.49
20
-774.52
30
0.0
11
2046.98
21
-772.36
31
0.0
0
LINE
8
חשמל — יציאות מכשירים
10
2046.98
20
-772.36
30
0.0
11
2050.09
21
-768.46
31
0.0
0
LINE
8
חשמל — יציאות מכשירים
10
2050.09
20
-768.46
30
0.0
11
2051.20
21
-763.60
31
0.0
0
LINE
8
חשמל — יציאות מכשירים
10
2038.40
20
-763.60
30
0.0
11
2041.60
21
-763.60
31
0.0
0
LINE
8
חשמל — יציאות מכשירים
10
2040.00
20
-767.60
30
0.0
11
2040.00
21
-759.60
31
0.0
0
TEXT
8
מקרא
10
2000.00
20
-830.00
30
0.0
40
40
1
יציאת חשמל למייבש כביסה
0
LINE
8
מסגרת
10
2400.00
20
-800.00
30
0.0
11
2500.00
21
-800.00
31
0.0
0
LINE
8
מסגרת
10
2500.00
20
-800.00
30
0.0
11
2500.00
21
-700.00
31
0.0
0
LINE
8
מסגרת
10
2500.00
20
-700.00
30
0.0
11
2400.00
21
-700.00
31
0.0
0
LINE
8
מסגרת
10
2400.00
20
-700.00
30
0.0
11
2400.00
21
-800.00
31
0.0
0
LINE
8
חשמל — יציאות מכשירים
10
2408.00
20
-792.00
30
0.0
11
2492.00
21
-792.00
31
0.0
0
LINE
8
חשמל — יציאות מכשירים
10
2492.00
20
-792.00
30
0.0
11
2492.00
21
-708.00
31
0.0
0
LINE
8
חשמל — יציאות מכשירים
10
2492.00
20
-708.00
30
0.0
11
2408.00
21
-708.00
31
0.0
0
LINE
8
חשמל — יציאות מכשירים
10
2408.00
20
-708.00
30
0.0
11
2408.00
21
-792.00
31
0.0
0
LINE
8
חשמל — יציאות מכשירים
10
2466.00
20
-728.00
30
0.0
11
2464.78
21
-721.88
31
0.0
0
LINE
8
חשמל — יציאות מכשירים
10
2464.78
20
-721.88
30
0.0
11
2461.31
21
-716.69
31
0.0
0
LINE
8
חשמל — יציאות מכשירים
10
2461.31
20
-716.69
30
0.0
11
2456.12
21
-713.22
31
0.0
0
LINE
8
חשמל — יציאות מכשירים
10
2456.12
20
-713.22
30
0.0
11
2450.00
21
-712.00
31
0.0
0
LINE
8
חשמל — יציאות מכשירים
10
2450.00
20
-712.00
30
0.0
11
2443.88
21
-713.22
31
0.0
0
LINE
8
חשמל — יציאות מכשירים
10
2443.88
20
-713.22
30
0.0
11
2438.69
21
-716.69
31
0.0
0
LINE
8
חשמל — יציאות מכשירים
10
2438.69
20
-716.69
30
0.0
11
2435.22
21
-721.88
31
0.0
0
LINE
8
חשמל — יציאות מכשירים
10
2435.22
20
-721.88
30
0.0
11
2434.00
21
-728.00
31
0.0
0
LINE
8
חשמל — יציאות מכשירים
10
2434.00
20
-728.00
30
0.0
11
2434.00
21
-780.00
31
0.0
0
LINE
8
חשמל — יציאות מכשירים
10
2434.00
20
-780.00
30
0.0
11
2466.00
21
-780.00
31
0.0
0
LINE
8
חשמל — יציאות מכשירים
10
2466.00
20
-780.00
30
0.0
11
2466.00
21
-728.00
31
0.0
0
LINE
8
חשמל — יציאות מכשירים
10
2434.00
20
-780.00
30
0.0
11
2466.00
21
-780.00
31
0.0
0
LINE
8
חשמל — יציאות מכשירים
10
2444.00
20
-712.00
30
0.0
11
2444.00
21
-710.00
31
0.0
0
LINE
8
חשמל — יציאות מכשירים
10
2456.00
20
-712.00
30
0.0
11
2456.00
21
-710.00
31
0.0
0
TEXT
8
מקרא
10
2400.00
20
-830.00
30
0.0
40
40
1
יציאת חשמל לדוד חשמל
0
LINE
8
מסגרת
10
2800.00
20
-800.00
30
0.0
11
2880.00
21
-800.00
31
0.0
0
LINE
8
מסגרת
10
2880.00
20
-800.00
30
0.0
11
2880.00
21
-720.00
31
0.0
0
LINE
8
מסגרת
10
2880.00
20
-720.00
30
0.0
11
2800.00
21
-720.00
31
0.0
0
LINE
8
מסגרת
10
2800.00
20
-720.00
30
0.0
11
2800.00
21
-800.00
31
0.0
0
LINE
8
חשמל — יציאות מכשירים
10
2806.40
20
-793.60
30
0.0
11
2873.60
21
-793.60
31
0.0
0
LINE
8
חשמל — יציאות מכשירים
10
2873.60
20
-793.60
30
0.0
11
2873.60
21
-726.40
31
0.0
0
LINE
8
חשמל — יציאות מכשירים
10
2873.60
20
-726.40
30
0.0
11
2806.40
21
-726.40
31
0.0
0
LINE
8
חשמל — יציאות מכשירים
10
2806.40
20
-726.40
30
0.0
11
2806.40
21
-793.60
31
0.0
0
LINE
8
חשמל — יציאות מכשירים
10
2816.00
20
-766.40
30
0.0
11
2864.00
21
-766.40
31
0.0
0
LINE
8
חשמל — יציאות מכשירים
10
2864.00
20
-766.40
30
0.0
11
2864.00
21
-750.40
31
0.0
0
LINE
8
חשמל — יציאות מכשירים
10
2864.00
20
-750.40
30
0.0
11
2816.00
21
-750.40
31
0.0
0
LINE
8
חשמל — יציאות מכשירים
10
2816.00
20
-750.40
30
0.0
11
2816.00
21
-766.40
31
0.0
0
LINE
8
חשמל — יציאות מכשירים
10
2819.20
20
-764.00
30
0.0
11
2860.80
21
-764.00
31
0.0
0
LINE
8
חשמל — יציאות מכשירים
10
2826.47
20
-771.33
30
0.0
11
2828.58
21
-775.17
31
0.0
0
LINE
8
חשמל — יציאות מכשירים
10
2828.58
20
-775.17
30
0.0
11
2831.74
21
-778.20
31
0.0
0
LINE
8
חשמל — יציאות מכשירים
10
2831.74
20
-778.20
30
0.0
11
2835.67
21
-780.13
31
0.0
0
LINE
8
חשמל — יציאות מכשירים
10
2835.67
20
-780.13
30
0.0
11
2840.00
21
-780.80
31
0.0
0
LINE
8
חשמל — יציאות מכשירים
10
2840.00
20
-780.80
30
0.0
11
2844.33
21
-780.13
31
0.0
0
LINE
8
חשמל — יציאות מכשירים
10
2844.33
20
-780.13
30
0.0
11
2848.26
21
-778.20
31
0.0
0
LINE
8
חשמל — יציאות מכשירים
10
2848.26
20
-778.20
30
0.0
11
2851.42
21
-775.17
31
0.0
0
LINE
8
חשמל — יציאות מכשירים
10
2851.42
20
-775.17
30
0.0
11
2853.53
21
-771.33
31
0.0
0
TEXT
8
מקרא
10
2800.00
20
-830.00
30
0.0
40
40
1
יציאת חשמל למזגן (יח׳ פנימית)
0
LINE
8
מסגרת
10
3200.00
20
-800.00
30
0.0
11
3300.00
21
-800.00
31
0.0
0
LINE
8
מסגרת
10
3300.00
20
-800.00
30
0.0
11
3300.00
21
-700.00
31
0.0
0
LINE
8
מסגרת
10
3300.00
20
-700.00
30
0.0
11
3200.00
21
-700.00
31
0.0
0
LINE
8
מסגרת
10
3200.00
20
-700.00
30
0.0
11
3200.00
21
-800.00
31
0.0
0
LINE
8
חשמל — יציאות מכשירים
10
3208.00
20
-792.00
30
0.0
11
3292.00
21
-792.00
31
0.0
0
LINE
8
חשמל — יציאות מכשירים
10
3292.00
20
-792.00
30
0.0
11
3292.00
21
-708.00
31
0.0
0
LINE
8
חשמל — יציאות מכשירים
10
3292.00
20
-708.00
30
0.0
11
3208.00
21
-708.00
31
0.0
0
LINE
8
חשמל — יציאות מכשירים
10
3208.00
20
-708.00
30
0.0
11
3208.00
21
-792.00
31
0.0
0
LINE
8
חשמל — יציאות מכשירים
10
3274.00
20
-750.00
30
0.0
11
3271.62
21
-739.59
31
0.0
0
LINE
8
חשמל — יציאות מכשירים
10
3271.62
20
-739.59
30
0.0
11
3264.96
21
-731.24
31
0.0
0
LINE
8
חשמל — יציאות מכשירים
10
3264.96
20
-731.24
30
0.0
11
3255.34
21
-726.60
31
0.0
0
LINE
8
חשמל — יציאות מכשירים
10
3255.34
20
-726.60
30
0.0
11
3244.66
21
-726.60
31
0.0
0
LINE
8
חשמל — יציאות מכשירים
10
3244.66
20
-726.60
30
0.0
11
3235.04
21
-731.24
31
0.0
0
LINE
8
חשמל — יציאות מכשירים
10
3235.04
20
-731.24
30
0.0
11
3228.38
21
-739.59
31
0.0
0
LINE
8
חשמל — יציאות מכשירים
10
3228.38
20
-739.59
30
0.0
11
3226.00
21
-750.00
31
0.0
0
LINE
8
חשמל — יציאות מכשירים
10
3226.00
20
-750.00
30
0.0
11
3228.38
21
-760.41
31
0.0
0
LINE
8
חשמל — יציאות מכשירים
10
3228.38
20
-760.41
30
0.0
11
3235.04
21
-768.76
31
0.0
0
LINE
8
חשמל — יציאות מכשירים
10
3235.04
20
-768.76
30
0.0
11
3244.66
21
-773.40
31
0.0
0
LINE
8
חשמל — יציאות מכשירים
10
3244.66
20
-773.40
30
0.0
11
3255.34
21
-773.40
31
0.0
0
LINE
8
חשמל — יציאות מכשירים
10
3255.34
20
-773.40
30
0.0
11
3264.96
21
-768.76
31
0.0
0
LINE
8
חשמל — יציאות מכשירים
10
3264.96
20
-768.76
30
0.0
11
3271.62
21
-760.41
31
0.0
0
LINE
8
חשמל — יציאות מכשירים
10
3271.62
20
-760.41
30
0.0
11
3274.00
21
-750.00
31
0.0
0
LINE
8
חשמל — יציאות מכשירים
10
3269.36
20
-746.59
30
0.0
11
3270.47
21
-740.89
31
0.0
0
LINE
8
חשמל — יציאות מכשירים
10
3270.47
20
-740.89
30
0.0
11
3268.77
21
-735.33
31
0.0
0
LINE
8
חשמל — יציאות מכשירים
10
3268.77
20
-735.33
30
0.0
11
3264.67
21
-731.23
31
0.0
0
LINE
8
חשמל — יציאות מכשירים
10
3264.67
20
-731.23
30
0.0
11
3259.11
21
-729.53
31
0.0
0
LINE
8
חשמל — יציאות מכשירים
10
3259.11
20
-729.53
30
0.0
11
3253.41
21
-730.64
31
0.0
0
LINE
8
חשמל — יציאות מכשירים
10
3246.59
20
-730.64
30
0.0
11
3240.89
21
-729.53
31
0.0
0
LINE
8
חשמל — יציאות מכשירים
10
3240.89
20
-729.53
30
0.0
11
3235.33
21
-731.23
31
0.0
0
LINE
8
חשמל — יציאות מכשירים
10
3235.33
20
-731.23
30
0.0
11
3231.23
21
-735.33
31
0.0
0
LINE
8
חשמל — יציאות מכשירים
10
3231.23
20
-735.33
30
0.0
11
3229.53
21
-740.89
31
0.0
0
LINE
8
חשמל — יציאות מכשירים
10
3229.53
20
-740.89
30
0.0
11
3230.64
21
-746.59
31
0.0
0
LINE
8
חשמל — יציאות מכשירים
10
3230.64
20
-753.41
30
0.0
11
3229.53
21
-759.11
31
0.0
0
LINE
8
חשמל — יציאות מכשירים
10
3229.53
20
-759.11
30
0.0
11
3231.23
21
-764.67
31
0.0
0
LINE
8
חשמל — יציאות מכשירים
10
3231.23
20
-764.67
30
0.0
11
3235.33
21
-768.77
31
0.0
0
LINE
8
חשמל — יציאות מכשירים
10
3235.33
20
-768.77
30
0.0
11
3240.89
21
-770.47
31
0.0
0
LINE
8
חשמל — יציאות מכשירים
10
3240.89
20
-770.47
30
0.0
11
3246.59
21
-769.36
31
0.0
0
LINE
8
חשמל — יציאות מכשירים
10
3253.41
20
-769.36
30
0.0
11
3259.11
21
-770.47
31
0.0
0
LINE
8
חשמל — יציאות מכשירים
10
3259.11
20
-770.47
30
0.0
11
3264.67
21
-768.77
31
0.0
0
LINE
8
חשמל — יציאות מכשירים
10
3264.67
20
-768.77
30
0.0
11
3268.77
21
-764.67
31
0.0
0
LINE
8
חשמל — יציאות מכשירים
10
3268.77
20
-764.67
30
0.0
11
3270.47
21
-759.11
31
0.0
0
LINE
8
חשמל — יציאות מכשירים
10
3270.47
20
-759.11
30
0.0
11
3269.36
21
-753.41
31
0.0
0
TEXT
8
מקרא
10
3200.00
20
-830.00
30
0.0
40
40
1
יציאת כוח למעבה מזגן
0
LINE
8
מסגרת
10
3600.00
20
-800.00
30
0.0
11
3700.00
21
-800.00
31
0.0
0
LINE
8
מסגרת
10
3700.00
20
-800.00
30
0.0
11
3700.00
21
-700.00
31
0.0
0
LINE
8
מסגרת
10
3700.00
20
-700.00
30
0.0
11
3600.00
21
-700.00
31
0.0
0
LINE
8
מסגרת
10
3600.00
20
-700.00
30
0.0
11
3600.00
21
-800.00
31
0.0
0
LINE
8
חשמל — יציאות מכשירים
10
3656.00
20
-750.00
30
0.0
11
3654.85
21
-746.47
31
0.0
0
LINE
8
חשמל — יציאות מכשירים
10
3654.85
20
-746.47
30
0.0
11
3651.85
21
-744.29
31
0.0
0
LINE
8
חשמל — יציאות מכשירים
10
3651.85
20
-744.29
30
0.0
11
3648.15
21
-744.29
31
0.0
0
LINE
8
חשמל — יציאות מכשירים
10
3648.15
20
-744.29
30
0.0
11
3645.15
21
-746.47
31
0.0
0
LINE
8
חשמל — יציאות מכשירים
10
3645.15
20
-746.47
30
0.0
11
3644.00
21
-750.00
31
0.0
0
LINE
8
חשמל — יציאות מכשירים
10
3644.00
20
-750.00
30
0.0
11
3645.15
21
-753.53
31
0.0
0
LINE
8
חשמל — יציאות מכשירים
10
3645.15
20
-753.53
30
0.0
11
3648.15
21
-755.71
31
0.0
0
LINE
8
חשמל — יציאות מכשירים
10
3648.15
20
-755.71
30
0.0
11
3651.85
21
-755.71
31
0.0
0
LINE
8
חשמל — יציאות מכשירים
10
3651.85
20
-755.71
30
0.0
11
3654.85
21
-753.53
31
0.0
0
LINE
8
חשמל — יציאות מכשירים
10
3654.85
20
-753.53
30
0.0
11
3656.00
21
-750.00
31
0.0
0
LINE
8
חשמל — יציאות מכשירים
10
3650.00
20
-750.00
30
0.0
11
3691.36
21
-757.29
31
0.0
0
LINE
8
חשמל — יציאות מכשירים
10
3691.36
20
-757.29
30
0.0
11
3691.36
21
-742.71
31
0.0
0
LINE
8
חשמל — יציאות מכשירים
10
3691.36
20
-742.71
30
0.0
11
3650.00
21
-750.00
31
0.0
0
LINE
8
חשמל — יציאות מכשירים
10
3650.00
20
-750.00
30
0.0
11
3657.29
21
-708.64
31
0.0
0
LINE
8
חשמל — יציאות מכשירים
10
3657.29
20
-708.64
30
0.0
11
3642.71
21
-708.64
31
0.0
0
LINE
8
חשמל — יציאות מכשירים
10
3642.71
20
-708.64
30
0.0
11
3650.00
21
-750.00
31
0.0
0
LINE
8
חשמל — יציאות מכשירים
10
3650.00
20
-750.00
30
0.0
11
3608.64
21
-742.71
31
0.0
0
LINE
8
חשמל — יציאות מכשירים
10
3608.64
20
-742.71
30
0.0
11
3608.64
21
-757.29
31
0.0
0
LINE
8
חשמל — יציאות מכשירים
10
3608.64
20
-757.29
30
0.0
11
3650.00
21
-750.00
31
0.0
0
LINE
8
חשמל — יציאות מכשירים
10
3650.00
20
-750.00
30
0.0
11
3642.71
21
-791.36
31
0.0
0
LINE
8
חשמל — יציאות מכשירים
10
3642.71
20
-791.36
30
0.0
11
3657.29
21
-791.36
31
0.0
0
LINE
8
חשמל — יציאות מכשירים
10
3657.29
20
-791.36
30
0.0
11
3650.00
21
-750.00
31
0.0
0
TEXT
8
מקרא
10
3600.00
20
-830.00
30
0.0
40
40
1
נקודת חשמל למאוורר תקרה
0
LINE
8
מסגרת
10
0.00
20
-1200.00
30
0.0
11
120.00
21
-1200.00
31
0.0
0
LINE
8
מסגרת
10
120.00
20
-1200.00
30
0.0
11
120.00
21
-1080.00
31
0.0
0
LINE
8
מסגרת
10
120.00
20
-1080.00
30
0.0
11
0.00
21
-1080.00
31
0.0
0
LINE
8
מסגרת
10
0.00
20
-1080.00
30
0.0
11
0.00
21
-1200.00
31
0.0
0
LINE
8
חשמל — יציאות מכשירים
10
9.60
20
-1190.40
30
0.0
11
110.40
21
-1190.40
31
0.0
0
LINE
8
חשמל — יציאות מכשירים
10
110.40
20
-1190.40
30
0.0
11
110.40
21
-1089.60
31
0.0
0
LINE
8
חשמל — יציאות מכשירים
10
110.40
20
-1089.60
30
0.0
11
9.60
21
-1089.60
31
0.0
0
LINE
8
חשמל — יציאות מכשירים
10
9.60
20
-1089.60
30
0.0
11
9.60
21
-1190.40
31
0.0
0
LINE
8
חשמל — יציאות מכשירים
10
28.80
20
-1128.00
30
0.0
11
67.20
21
-1128.00
31
0.0
0
LINE
8
חשמל — יציאות מכשירים
10
38.40
20
-1144.63
30
0.0
11
57.60
21
-1111.37
31
0.0
0
LINE
8
חשמל — יציאות מכשירים
10
57.60
20
-1144.63
30
0.0
11
38.40
21
-1111.37
31
0.0
0
LINE
8
חשמל — יציאות מכשירים
10
67.20
20
-1128.00
30
0.0
11
62.79
21
-1124.30
31
0.0
0
LINE
8
חשמל — יציאות מכשירים
10
67.20
20
-1128.00
30
0.0
11
62.79
21
-1131.70
31
0.0
0
LINE
8
חשמל — יציאות מכשירים
10
57.60
20
-1111.37
30
0.0
11
52.19
21
-1113.34
31
0.0
0
LINE
8
חשמל — יציאות מכשירים
10
57.60
20
-1111.37
30
0.0
11
58.60
21
-1117.04
31
0.0
0
LINE
8
חשמל — יציאות מכשירים
10
38.40
20
-1111.37
30
0.0
11
37.40
21
-1117.04
31
0.0
0
LINE
8
חשמל — יציאות מכשירים
10
38.40
20
-1111.37
30
0.0
11
43.81
21
-1113.34
31
0.0
0
LINE
8
חשמל — יציאות מכשירים
10
28.80
20
-1128.00
30
0.0
11
33.21
21
-1131.70
31
0.0
0
LINE
8
חשמל — יציאות מכשירים
10
28.80
20
-1128.00
30
0.0
11
33.21
21
-1124.30
31
0.0
0
LINE
8
חשמל — יציאות מכשירים
10
38.40
20
-1144.63
30
0.0
11
43.81
21
-1142.66
31
0.0
0
LINE
8
חשמל — יציאות מכשירים
10
38.40
20
-1144.63
30
0.0
11
37.40
21
-1138.96
31
0.0
0
LINE
8
חשמל — יציאות מכשירים
10
57.60
20
-1144.63
30
0.0
11
58.60
21
-1138.96
31
0.0
0
LINE
8
חשמל — יציאות מכשירים
10
57.60
20
-1144.63
30
0.0
11
52.19
21
-1142.66
31
0.0
0
LINE
8
חשמל — יציאות מכשירים
10
86.40
20
-1104.60
30
0.0
11
91.47
21
-1114.72
31
0.0
0
LINE
8
חשמל — יציאות מכשירים
10
91.47
20
-1114.72
30
0.0
11
95.20
21
-1117.44
31
0.0
0
LINE
8
חשמל — יציאות מכשירים
10
95.20
20
-1117.44
30
0.0
11
97.62
21
-1121.36
31
0.0
0
LINE
8
חשמל — יציאות מכשירים
10
97.62
20
-1121.36
30
0.0
11
98.40
21
-1125.90
31
0.0
0
LINE
8
חשמל — יציאות מכשירים
10
98.40
20
-1125.90
30
0.0
11
97.40
21
-1130.40
31
0.0
0
LINE
8
חשמל — יציאות מכשירים
10
97.40
20
-1130.40
30
0.0
11
94.78
21
-1134.19
31
0.0
0
LINE
8
חשמל — יציאות מכשירים
10
94.78
20
-1134.19
30
0.0
11
90.92
21
-1136.71
31
0.0
0
LINE
8
חשמל — יציאות מכשירים
10
90.92
20
-1136.71
30
0.0
11
86.40
21
-1137.60
31
0.0
0
LINE
8
חשמל — יציאות מכשירים
10
86.40
20
-1137.60
30
0.0
11
81.88
21
-1136.71
31
0.0
0
LINE
8
חשמל — יציאות מכשירים
10
81.88
20
-1136.71
30
0.0
11
78.02
21
-1134.19
31
0.0
0
LINE
8
חשמל — יציאות מכשירים
10
78.02
20
-1134.19
30
0.0
11
75.40
21
-1130.40
31
0.0
0
LINE
8
חשמל — יציאות מכשירים
10
75.40
20
-1130.40
30
0.0
11
74.40
21
-1125.90
31
0.0
0
LINE
8
חשמל — יציאות מכשירים
10
74.40
20
-1125.90
30
0.0
11
75.18
21
-1121.36
31
0.0
0
LINE
8
חשמל — יציאות מכשירים
10
75.18
20
-1121.36
30
0.0
11
77.60
21
-1117.44
31
0.0
0
LINE
8
חשמל — יציאות מכשירים
10
77.60
20
-1117.44
30
0.0
11
81.33
21
-1114.72
31
0.0
0
LINE
8
חשמל — יציאות מכשירים
10
81.33
20
-1114.72
30
0.0
11
86.40
21
-1104.60
31
0.0
0
LINE
8
חשמל — יציאות מכשירים
10
60.00
20
-1164.00
30
0.0
11
60.00
21
-1173.60
31
0.0
0
LINE
8
חשמל — יציאות מכשירים
10
67.20
20
-1173.60
30
0.0
11
66.24
21
-1170.00
31
0.0
0
LINE
8
חשמל — יציאות מכשירים
10
66.24
20
-1170.00
30
0.0
11
63.60
21
-1167.36
31
0.0
0
LINE
8
חשמל — יציאות מכשירים
10
63.60
20
-1167.36
30
0.0
11
60.00
21
-1166.40
31
0.0
0
LINE
8
חשמל — יציאות מכשירים
10
60.00
20
-1166.40
30
0.0
11
56.40
21
-1167.36
31
0.0
0
LINE
8
חשמל — יציאות מכשירים
10
56.40
20
-1167.36
30
0.0
11
53.76
21
-1170.00
31
0.0
0
LINE
8
חשמל — יציאות מכשירים
10
53.76
20
-1170.00
30
0.0
11
52.80
21
-1173.60
31
0.0
0
TEXT
8
מקרא
10
0.00
20
-1230.00
30
0.0
40
40
1
נקודת מכונת קרח (אייסמייקר)
0
LINE
8
מסגרת
10
400.00
20
-1200.00
30
0.0
11
520.00
21
-1200.00
31
0.0
0
LINE
8
מסגרת
10
520.00
20
-1200.00
30
0.0
11
520.00
21
-1080.00
31
0.0
0
LINE
8
מסגרת
10
520.00
20
-1080.00
30
0.0
11
400.00
21
-1080.00
31
0.0
0
LINE
8
מסגרת
10
400.00
20
-1080.00
30
0.0
11
400.00
21
-1200.00
31
0.0
0
LINE
8
חשמל — יציאות מכשירים
10
479.20
20
-1140.00
30
0.0
11
476.63
21
-1130.40
31
0.0
0
LINE
8
חשמל — יציאות מכשירים
10
476.63
20
-1130.40
30
0.0
11
469.60
21
-1123.37
31
0.0
0
LINE
8
חשמל — יציאות מכשירים
10
469.60
20
-1123.37
30
0.0
11
460.00
21
-1120.80
31
0.0
0
LINE
8
חשמל — יציאות מכשירים
10
460.00
20
-1120.80
30
0.0
11
450.40
21
-1123.37
31
0.0
0
LINE
8
חשמל — יציאות מכשירים
10
450.40
20
-1123.37
30
0.0
11
443.37
21
-1130.40
31
0.0
0
LINE
8
חשמל — יציאות מכשירים
10
443.37
20
-1130.40
30
0.0
11
440.80
21
-1140.00
31
0.0
0
LINE
8
חשמל — יציאות מכשירים
10
440.80
20
-1140.00
30
0.0
11
443.37
21
-1149.60
31
0.0
0
LINE
8
חשמל — יציאות מכשירים
10
443.37
20
-1149.60
30
0.0
11
450.40
21
-1156.63
31
0.0
0
LINE
8
חשמל — יציאות מכשירים
10
450.40
20
-1156.63
30
0.0
11
460.00
21
-1159.20
31
0.0
0
LINE
8
חשמל — יציאות מכשירים
10
460.00
20
-1159.20
30
0.0
11
469.60
21
-1156.63
31
0.0
0
LINE
8
חשמל — יציאות מכשירים
10
469.60
20
-1156.63
30
0.0
11
476.63
21
-1149.60
31
0.0
0
LINE
8
חשמל — יציאות מכשירים
10
476.63
20
-1149.60
30
0.0
11
479.20
21
-1140.00
31
0.0
0
LINE
8
חשמל — יציאות מכשירים
10
478.55
20
-1135.03
30
0.0
11
508.68
21
-1126.96
31
0.0
0
LINE
8
חשמל — יציאות מכשירים
10
464.97
20
-1121.45
30
0.0
11
473.04
21
-1091.32
31
0.0
0
LINE
8
חשמל — יציאות מכשירים
10
446.42
20
-1126.42
30
0.0
11
424.36
21
-1104.36
31
0.0
0
LINE
8
חשמל — יציאות מכשירים
10
441.45
20
-1144.97
30
0.0
11
411.32
21
-1153.04
31
0.0
0
LINE
8
חשמל — יציאות מכשירים
10
455.03
20
-1158.55
30
0.0
11
446.96
21
-1188.68
31
0.0
0
LINE
8
חשמל — יציאות מכשירים
10
473.58
20
-1153.58
30
0.0
11
495.64
21
-1175.64
31
0.0
0
TEXT
8
מקרא
10
400.00
20
-1230.00
30
0.0
40
40
1
צומת / צמת חשמל (ריכוז כבלים)
0
LINE
8
מסגרת
10
800.00
20
-1200.00
30
0.0
11
1150.00
21
-1200.00
31
0.0
0
LINE
8
מסגרת
10
1150.00
20
-1200.00
30
0.0
11
1150.00
21
-750.00
31
0.0
0
LINE
8
מסגרת
10
1150.00
20
-750.00
30
0.0
11
800.00
21
-750.00
31
0.0
0
LINE
8
מסגרת
10
800.00
20
-750.00
30
0.0
11
800.00
21
-1200.00
31
0.0
0
LINE
8
חשמל — יציאות מכשירים
10
849.00
20
-1151.00
30
0.0
11
1101.00
21
-1151.00
31
0.0
0
LINE
8
חשמל — יציאות מכשירים
10
1101.00
20
-1151.00
30
0.0
11
1101.00
21
-799.00
31
0.0
0
LINE
8
חשמל — יציאות מכשירים
10
1101.00
20
-799.00
30
0.0
11
849.00
21
-799.00
31
0.0
0
LINE
8
חשמל — יציאות מכשירים
10
849.00
20
-799.00
30
0.0
11
849.00
21
-1151.00
31
0.0
0
LINE
8
חשמל — יציאות מכשירים
10
986.20
20
-865.00
30
0.0
11
958.20
21
-921.00
31
0.0
0
LINE
8
חשמל — יציאות מכשירים
10
958.20
20
-921.00
30
0.0
11
980.60
21
-921.00
31
0.0
0
LINE
8
חשמל — יציאות מכשירים
10
980.60
20
-921.00
30
0.0
11
963.80
21
-977.00
31
0.0
0
LINE
8
חשמל — יציאות מכשירים
10
963.80
20
-977.00
30
0.0
11
994.60
21
-926.60
31
0.0
0
LINE
8
חשמל — יציאות מכשירים
10
994.60
20
-926.60
30
0.0
11
972.20
21
-926.60
31
0.0
0
LINE
8
חשמל — יציאות מכשירים
10
972.20
20
-926.60
30
0.0
11
986.20
21
-865.00
31
0.0
0
LINE
8
חשמל — יציאות מכשירים
10
909.22
20
-1088.94
30
0.0
11
905.04
21
-1067.44
31
0.0
0
LINE
8
חשמל — יציאות מכשירים
10
905.04
20
-1067.44
30
0.0
11
907.71
21
-1045.71
31
0.0
0
LINE
8
חשמל — יציאות מכשירים
10
907.71
20
-1045.71
30
0.0
11
916.97
21
-1025.86
31
0.0
0
LINE
8
חשמל — יציאות מכשירים
10
916.97
20
-1025.86
30
0.0
11
931.90
21
-1009.84
31
0.0
0
LINE
8
חשמל — יציאות מכשירים
10
931.90
20
-1009.84
30
0.0
11
951.06
21
-999.22
31
0.0
0
LINE
8
חשמל — יציאות מכשירים
10
951.06
20
-999.22
30
0.0
11
972.56
21
-995.04
31
0.0
0
LINE
8
חשמל — יציאות מכשירים
10
972.56
20
-995.04
30
0.0
11
994.29
21
-997.71
31
0.0
0
LINE
8
חשמל — יציאות מכשירים
10
994.29
20
-997.71
30
0.0
11
1014.14
21
-1006.97
31
0.0
0
LINE
8
חשמל — יציאות מכשירים
10
1014.14
20
-1006.97
30
0.0
11
1030.16
21
-1021.90
31
0.0
0
LINE
8
חשמל — יציאות מכשירים
10
1030.16
20
-1021.90
30
0.0
11
1040.78
21
-1041.06
31
0.0
0
LINE
8
חשמל — יציאות מכשירים
10
947.00
20
-1128.00
30
0.0
11
1003.00
21
-1128.00
31
0.0
0
LINE
8
חשמל — יציאות מכשירים
10
1003.00
20
-1128.00
30
0.0
11
1003.00
21
-1092.00
31
0.0
0
LINE
8
חשמל — יציאות מכשירים
10
1003.00
20
-1092.00
30
0.0
11
947.00
21
-1092.00
31
0.0
0
LINE
8
חשמל — יציאות מכשירים
10
947.00
20
-1092.00
30
0.0
11
947.00
21
-1128.00
31
0.0
0
TEXT
8
מקרא
10
800.00
20
-1230.00
30
0.0
40
40
1
עמדת טעינת רכב חשמלי (EV Wallbox)
0
LINE
8
מסגרת
10
1200.00
20
-1200.00
30
0.0
11
1280.00
21
-1200.00
31
0.0
0
LINE
8
מסגרת
10
1280.00
20
-1200.00
30
0.0
11
1280.00
21
-1120.00
31
0.0
0
LINE
8
מסגרת
10
1280.00
20
-1120.00
30
0.0
11
1200.00
21
-1120.00
31
0.0
0
LINE
8
מסגרת
10
1200.00
20
-1120.00
30
0.0
11
1200.00
21
-1200.00
31
0.0
0
LINE
8
חשמל — לוחות והגנה
10
1214.40
20
-1185.60
30
0.0
11
1265.60
21
-1185.60
31
0.0
0
LINE
8
חשמל — לוחות והגנה
10
1265.60
20
-1185.60
30
0.0
11
1265.60
21
-1134.40
31
0.0
0
LINE
8
חשמל — לוחות והגנה
10
1265.60
20
-1134.40
30
0.0
11
1214.40
21
-1134.40
31
0.0
0
LINE
8
חשמל — לוחות והגנה
10
1214.40
20
-1134.40
30
0.0
11
1214.40
21
-1185.60
31
0.0
0
LINE
8
חשמל — לוחות והגנה
10
1214.40
20
-1185.60
30
0.0
11
1265.60
21
-1134.40
31
0.0
0
LINE
8
חשמל — לוחות והגנה
10
1214.40
20
-1134.40
30
0.0
11
1265.60
21
-1185.60
31
0.0
0
TEXT
8
מקרא
10
1200.00
20
-1230.00
30
0.0
40
40
1
קופסת חיבורים (ג׳אנקשן)
0
LINE
8
מסגרת
10
1600.00
20
-1200.00
30
0.0
11
2000.00
21
-1200.00
31
0.0
0
LINE
8
מסגרת
10
2000.00
20
-1200.00
30
0.0
11
2000.00
21
-600.00
31
0.0
0
LINE
8
מסגרת
10
2000.00
20
-600.00
30
0.0
11
1600.00
21
-600.00
31
0.0
0
LINE
8
מסגרת
10
1600.00
20
-600.00
30
0.0
11
1600.00
21
-1200.00
31
0.0
0
LINE
8
חשמל — לוחות והגנה
10
1640.00
20
-1160.00
30
0.0
11
1960.00
21
-1160.00
31
0.0
0
LINE
8
חשמל — לוחות והגנה
10
1960.00
20
-1160.00
30
0.0
11
1960.00
21
-640.00
31
0.0
0
LINE
8
חשמל — לוחות והגנה
10
1960.00
20
-640.00
30
0.0
11
1640.00
21
-640.00
31
0.0
0
LINE
8
חשמל — לוחות והגנה
10
1640.00
20
-640.00
30
0.0
11
1640.00
21
-1160.00
31
0.0
0
LINE
8
חשמל — לוחות והגנה
10
1640.00
20
-1056.00
30
0.0
11
1960.00
21
-1056.00
31
0.0
0
LINE
8
חשמל — לוחות והגנה
10
1640.00
20
-952.00
30
0.0
11
1960.00
21
-952.00
31
0.0
0
LINE
8
חשמל — לוחות והגנה
10
1640.00
20
-848.00
30
0.0
11
1960.00
21
-848.00
31
0.0
0
LINE
8
חשמל — לוחות והגנה
10
1640.00
20
-744.00
30
0.0
11
1960.00
21
-744.00
31
0.0
0
LINE
8
חשמל — לוחות והגנה
10
1666.67
20
-744.00
30
0.0
11
1666.67
21
-640.00
31
0.0
0
LINE
8
חשמל — לוחות והגנה
10
1720.00
20
-744.00
30
0.0
11
1720.00
21
-640.00
31
0.0
0
LINE
8
חשמל — לוחות והגנה
10
1773.33
20
-744.00
30
0.0
11
1773.33
21
-640.00
31
0.0
0
LINE
8
חשמל — לוחות והגנה
10
1826.67
20
-744.00
30
0.0
11
1826.67
21
-640.00
31
0.0
0
LINE
8
חשמל — לוחות והגנה
10
1880.00
20
-744.00
30
0.0
11
1880.00
21
-640.00
31
0.0
0
LINE
8
חשמל — לוחות והגנה
10
1933.33
20
-744.00
30
0.0
11
1933.33
21
-640.00
31
0.0
0
TEXT
8
מקרא
10
1600.00
20
-1230.00
30
0.0
40
40
1
לוח חשמל דירתי
0
LINE
8
מסגרת
10
2000.00
20
-1200.00
30
0.0
11
2070.00
21
-1200.00
31
0.0
0
LINE
8
מסגרת
10
2070.00
20
-1200.00
30
0.0
11
2070.00
21
-1080.00
31
0.0
0
LINE
8
מסגרת
10
2070.00
20
-1080.00
30
0.0
11
2000.00
21
-1080.00
31
0.0
0
LINE
8
מסגרת
10
2000.00
20
-1080.00
30
0.0
11
2000.00
21
-1200.00
31
0.0
0
LINE
8
חשמל — לוחות והגנה
10
2009.80
20
-1190.20
30
0.0
11
2060.20
21
-1190.20
31
0.0
0
LINE
8
חשמל — לוחות והגנה
10
2060.20
20
-1190.20
30
0.0
11
2060.20
21
-1089.80
31
0.0
0
LINE
8
חשמל — לוחות והגנה
10
2060.20
20
-1089.80
30
0.0
11
2009.80
21
-1089.80
31
0.0
0
LINE
8
חשמל — לוחות והגנה
10
2009.80
20
-1089.80
30
0.0
11
2009.80
21
-1190.20
31
0.0
0
LINE
8
חשמל — לוחות והגנה
10
2035.00
20
-1113.60
30
0.0
11
2022.40
21
-1161.60
31
0.0
0
LINE
8
חשמל — לוחות והגנה
10
2022.40
20
-1161.60
30
0.0
11
2047.60
21
-1161.60
31
0.0
0
LINE
8
חשמל — לוחות והגנה
10
2047.60
20
-1161.60
30
0.0
11
2035.00
21
-1113.60
31
0.0
0
LINE
8
חשמל — לוחות והגנה
10
2029.40
20
-1146.00
30
0.0
11
2040.60
21
-1146.00
31
0.0
0
TEXT
8
מקרא
10
2000.00
20
-1230.00
30
0.0
40
40
1
מפסק פחת (ממסר)
0
LINE
8
מסגרת
10
2400.00
20
-1200.00
30
0.0
11
2520.00
21
-1200.00
31
0.0
0
LINE
8
מסגרת
10
2520.00
20
-1200.00
30
0.0
11
2520.00
21
-1140.00
31
0.0
0
LINE
8
מסגרת
10
2520.00
20
-1140.00
30
0.0
11
2400.00
21
-1140.00
31
0.0
0
LINE
8
מסגרת
10
2400.00
20
-1140.00
30
0.0
11
2400.00
21
-1200.00
31
0.0
0
LINE
8
חשמל — לוחות והגנה
10
2412.00
20
-1167.00
30
0.0
11
2508.00
21
-1167.00
31
0.0
0
LINE
8
חשמל — לוחות והגנה
10
2508.00
20
-1167.00
30
0.0
11
2508.00
21
-1149.00
31
0.0
0
LINE
8
חשמל — לוחות והגנה
10
2508.00
20
-1149.00
30
0.0
11
2412.00
21
-1149.00
31
0.0
0
LINE
8
חשמל — לוחות והגנה
10
2412.00
20
-1149.00
30
0.0
11
2412.00
21
-1167.00
31
0.0
0
LINE
8
חשמל — לוחות והגנה
10
2424.00
20
-1167.00
30
0.0
11
2424.00
21
-1174.80
31
0.0
0
LINE
8
חשמל — לוחות והגנה
10
2448.00
20
-1167.00
30
0.0
11
2448.00
21
-1174.80
31
0.0
0
LINE
8
חשמל — לוחות והגנה
10
2472.00
20
-1167.00
30
0.0
11
2472.00
21
-1174.80
31
0.0
0
LINE
8
חשמל — לוחות והגנה
10
2496.00
20
-1167.00
30
0.0
11
2496.00
21
-1174.80
31
0.0
0
LINE
8
חשמל — לוחות והגנה
10
2460.00
20
-1171.20
30
0.0
11
2460.00
21
-1178.40
31
0.0
0
LINE
8
חשמל — לוחות והגנה
10
2430.00
20
-1178.40
30
0.0
11
2490.00
21
-1178.40
31
0.0
0
LINE
8
חשמל — לוחות והגנה
10
2440.80
20
-1184.40
30
0.0
11
2479.20
21
-1184.40
31
0.0
0
LINE
8
חשמל — לוחות והגנה
10
2451.60
20
-1190.40
30
0.0
11
2468.40
21
-1190.40
31
0.0
0
TEXT
8
מקרא
10
2400.00
20
-1230.00
30
0.0
40
40
1
פס השוואת פוטנציאלים
0
LINE
8
מסגרת
10
2800.00
20
-1200.00
30
0.0
11
2840.00
21
-1200.00
31
0.0
0
LINE
8
מסגרת
10
2840.00
20
-1200.00
30
0.0
11
2840.00
21
-1160.00
31
0.0
0
LINE
8
מסגרת
10
2840.00
20
-1160.00
30
0.0
11
2800.00
21
-1160.00
31
0.0
0
LINE
8
מסגרת
10
2800.00
20
-1160.00
30
0.0
11
2800.00
21
-1200.00
31
0.0
0
LINE
8
חשמל — לוחות והגנה
10
2820.00
20
-1170.32
30
0.0
11
2820.00
21
-1178.00
31
0.0
0
LINE
8
חשמל — לוחות והגנה
10
2808.00
20
-1178.00
30
0.0
11
2832.00
21
-1178.00
31
0.0
0
LINE
8
חשמל — לוחות והגנה
10
2812.32
20
-1184.40
30
0.0
11
2827.68
21
-1184.40
31
0.0
0
LINE
8
חשמל — לוחות והגנה
10
2816.64
20
-1190.80
30
0.0
11
2823.36
21
-1190.80
31
0.0
0
TEXT
8
מקרא
10
2800.00
20
-1230.00
30
0.0
40
40
1
נקודת הארקה
0
LINE
8
מסגרת
10
3200.00
20
-1200.00
30
0.0
11
3300.00
21
-1200.00
31
0.0
0
LINE
8
מסגרת
10
3300.00
20
-1200.00
30
0.0
11
3300.00
21
-1170.00
31
0.0
0
LINE
8
מסגרת
10
3300.00
20
-1170.00
30
0.0
11
3200.00
21
-1170.00
31
0.0
0
LINE
8
מסגרת
10
3200.00
20
-1170.00
30
0.0
11
3200.00
21
-1200.00
31
0.0
0
LINE
8
תאורה
10
3262.00
20
-1185.00
30
0.0
11
3261.09
21
-1180.41
31
0.0
0
LINE
8
תאורה
10
3261.09
20
-1180.41
30
0.0
11
3258.49
21
-1176.51
31
0.0
0
LINE
8
תאורה
10
3258.49
20
-1176.51
30
0.0
11
3254.59
21
-1173.91
31
0.0
0
LINE
8
תאורה
10
3254.59
20
-1173.91
30
0.0
11
3250.00
21
-1173.00
31
0.0
0
LINE
8
תאורה
10
3250.00
20
-1173.00
30
0.0
11
3245.41
21
-1173.91
31
0.0
0
LINE
8
תאורה
10
3245.41
20
-1173.91
30
0.0
11
3241.51
21
-1176.51
31
0.0
0
LINE
8
תאורה
10
3241.51
20
-1176.51
30
0.0
11
3238.91
21
-1180.41
31
0.0
0
LINE
8
תאורה
10
3238.91
20
-1180.41
30
0.0
11
3238.00
21
-1185.00
31
0.0
0
LINE
8
תאורה
10
3238.00
20
-1185.00
30
0.0
11
3238.91
21
-1189.59
31
0.0
0
LINE
8
תאורה
10
3238.91
20
-1189.59
30
0.0
11
3241.51
21
-1193.49
31
0.0
0
LINE
8
תאורה
10
3241.51
20
-1193.49
30
0.0
11
3245.41
21
-1196.09
31
0.0
0
LINE
8
תאורה
10
3245.41
20
-1196.09
30
0.0
11
3250.00
21
-1197.00
31
0.0
0
LINE
8
תאורה
10
3250.00
20
-1197.00
30
0.0
11
3254.59
21
-1196.09
31
0.0
0
LINE
8
תאורה
10
3254.59
20
-1196.09
30
0.0
11
3258.49
21
-1193.49
31
0.0
0
LINE
8
תאורה
10
3258.49
20
-1193.49
30
0.0
11
3261.09
21
-1189.59
31
0.0
0
LINE
8
תאורה
10
3261.09
20
-1189.59
30
0.0
11
3262.00
21
-1185.00
31
0.0
0
LINE
8
תאורה
10
3241.51
20
-1193.49
30
0.0
11
3258.49
21
-1176.51
31
0.0
0
LINE
8
תאורה
10
3241.51
20
-1176.51
30
0.0
11
3258.49
21
-1193.49
31
0.0
0
TEXT
8
מקרא
10
3200.00
20
-1230.00
30
0.0
40
40
1
ספוט שקוע (גוף תאורה שקוע)
0
LINE
8
מסגרת
10
3600.00
20
-1200.00
30
0.0
11
3900.00
21
-1200.00
31
0.0
0
LINE
8
מסגרת
10
3900.00
20
-1200.00
30
0.0
11
3900.00
21
-900.00
31
0.0
0
LINE
8
מסגרת
10
3900.00
20
-900.00
30
0.0
11
3600.00
21
-900.00
31
0.0
0
LINE
8
מסגרת
10
3600.00
20
-900.00
30
0.0
11
3600.00
21
-1200.00
31
0.0
0
LINE
8
תאורה
10
3870.00
20
-1050.00
30
0.0
11
3860.87
21
-1004.08
31
0.0
0
LINE
8
תאורה
10
3860.87
20
-1004.08
30
0.0
11
3834.85
21
-965.15
31
0.0
0
LINE
8
תאורה
10
3834.85
20
-965.15
30
0.0
11
3795.92
21
-939.13
31
0.0
0
LINE
8
תאורה
10
3795.92
20
-939.13
30
0.0
11
3750.00
21
-930.00
31
0.0
0
LINE
8
תאורה
10
3750.00
20
-930.00
30
0.0
11
3704.08
21
-939.13
31
0.0
0
LINE
8
תאורה
10
3704.08
20
-939.13
30
0.0
11
3665.15
21
-965.15
31
0.0
0
LINE
8
תאורה
10
3665.15
20
-965.15
30
0.0
11
3639.13
21
-1004.08
31
0.0
0
LINE
8
תאורה
10
3639.13
20
-1004.08
30
0.0
11
3630.00
21
-1050.00
31
0.0
0
LINE
8
תאורה
10
3630.00
20
-1050.00
30
0.0
11
3639.13
21
-1095.92
31
0.0
0
LINE
8
תאורה
10
3639.13
20
-1095.92
30
0.0
11
3665.15
21
-1134.85
31
0.0
0
LINE
8
תאורה
10
3665.15
20
-1134.85
30
0.0
11
3704.08
21
-1160.87
31
0.0
0
LINE
8
תאורה
10
3704.08
20
-1160.87
30
0.0
11
3750.00
21
-1170.00
31
0.0
0
LINE
8
תאורה
10
3750.00
20
-1170.00
30
0.0
11
3795.92
21
-1160.87
31
0.0
0
LINE
8
תאורה
10
3795.92
20
-1160.87
30
0.0
11
3834.85
21
-1134.85
31
0.0
0
LINE
8
תאורה
10
3834.85
20
-1134.85
30
0.0
11
3860.87
21
-1095.92
31
0.0
0
LINE
8
תאורה
10
3860.87
20
-1095.92
30
0.0
11
3870.00
21
-1050.00
31
0.0
0
LINE
8
תאורה
10
3816.00
20
-1050.00
30
0.0
11
3809.46
21
-1021.36
31
0.0
0
LINE
8
תאורה
10
3809.46
20
-1021.36
30
0.0
11
3791.15
21
-998.40
31
0.0
0
LINE
8
תאורה
10
3791.15
20
-998.40
30
0.0
11
3764.69
21
-985.65
31
0.0
0
LINE
8
תאורה
10
3764.69
20
-985.65
30
0.0
11
3735.31
21
-985.65
31
0.0
0
LINE
8
תאורה
10
3735.31
20
-985.65
30
0.0
11
3708.85
21
-998.40
31
0.0
0
LINE
8
תאורה
10
3708.85
20
-998.40
30
0.0
11
3690.54
21
-1021.36
31
0.0
0
LINE
8
תאורה
10
3690.54
20
-1021.36
30
0.0
11
3684.00
21
-1050.00
31
0.0
0
LINE
8
תאורה
10
3684.00
20
-1050.00
30
0.0
11
3690.54
21
-1078.64
31
0.0
0
LINE
8
תאורה
10
3690.54
20
-1078.64
30
0.0
11
3708.85
21
-1101.60
31
0.0
0
LINE
8
תאורה
10
3708.85
20
-1101.60
30
0.0
11
3735.31
21
-1114.35
31
0.0
0
LINE
8
תאורה
10
3735.31
20
-1114.35
30
0.0
11
3764.69
21
-1114.35
31
0.0
0
LINE
8
תאורה
10
3764.69
20
-1114.35
30
0.0
11
3791.15
21
-1101.60
31
0.0
0
LINE
8
תאורה
10
3791.15
20
-1101.60
30
0.0
11
3809.46
21
-1078.64
31
0.0
0
LINE
8
תאורה
10
3809.46
20
-1078.64
30
0.0
11
3816.00
21
-1050.00
31
0.0
0
LINE
8
תאורה
10
3665.15
20
-1134.85
30
0.0
11
3834.85
21
-965.15
31
0.0
0
LINE
8
תאורה
10
3665.15
20
-965.15
30
0.0
11
3834.85
21
-1134.85
31
0.0
0
TEXT
8
מקרא
10
3600.00
20
-1230.00
30
0.0
40
40
1
גוף תאורה צמוד תקרה
0
LINE
8
מסגרת
10
0.00
20
-1600.00
30
0.0
11
250.00
21
-1600.00
31
0.0
0
LINE
8
מסגרת
10
250.00
20
-1600.00
30
0.0
11
250.00
21
-1300.00
31
0.0
0
LINE
8
מסגרת
10
250.00
20
-1300.00
30
0.0
11
0.00
21
-1300.00
31
0.0
0
LINE
8
מסגרת
10
0.00
20
-1300.00
30
0.0
11
0.00
21
-1600.00
31
0.0
0
LINE
8
תאורה
10
125.00
20
-1315.00
30
0.0
11
125.00
21
-1410.00
31
0.0
0
LINE
8
תאורה
10
195.00
20
-1480.00
30
0.0
11
189.67
21
-1453.21
31
0.0
0
LINE
8
תאורה
10
189.67
20
-1453.21
30
0.0
11
174.50
21
-1430.50
31
0.0
0
LINE
8
תאורה
10
174.50
20
-1430.50
30
0.0
11
151.79
21
-1415.33
31
0.0
0
LINE
8
תאורה
10
151.79
20
-1415.33
30
0.0
11
125.00
21
-1410.00
31
0.0
0
LINE
8
תאורה
10
125.00
20
-1410.00
30
0.0
11
98.21
21
-1415.33
31
0.0
0
LINE
8
תאורה
10
98.21
20
-1415.33
30
0.0
11
75.50
21
-1430.50
31
0.0
0
LINE
8
תאורה
10
75.50
20
-1430.50
30
0.0
11
60.33
21
-1453.21
31
0.0
0
LINE
8
תאורה
10
60.33
20
-1453.21
30
0.0
11
55.00
21
-1480.00
31
0.0
0
LINE
8
תאורה
10
55.00
20
-1480.00
30
0.0
11
60.33
21
-1506.79
31
0.0
0
LINE
8
תאורה
10
60.33
20
-1506.79
30
0.0
11
75.50
21
-1529.50
31
0.0
0
LINE
8
תאורה
10
75.50
20
-1529.50
30
0.0
11
98.21
21
-1544.67
31
0.0
0
LINE
8
תאורה
10
98.21
20
-1544.67
30
0.0
11
125.00
21
-1550.00
31
0.0
0
LINE
8
תאורה
10
125.00
20
-1550.00
30
0.0
11
151.79
21
-1544.67
31
0.0
0
LINE
8
תאורה
10
151.79
20
-1544.67
30
0.0
11
174.50
21
-1529.50
31
0.0
0
LINE
8
תאורה
10
174.50
20
-1529.50
30
0.0
11
189.67
21
-1506.79
31
0.0
0
LINE
8
תאורה
10
189.67
20
-1506.79
30
0.0
11
195.00
21
-1480.00
31
0.0
0
LINE
8
תאורה
10
55.00
20
-1480.00
30
0.0
11
195.00
21
-1480.00
31
0.0
0
TEXT
8
מקרא
10
0.00
20
-1630.00
30
0.0
40
40
1
מנורה תלויה (פנדנט)
0
LINE
8
מסגרת
10
400.00
20
-1600.00
30
0.0
11
480.00
21
-1600.00
31
0.0
0
LINE
8
מסגרת
10
480.00
20
-1600.00
30
0.0
11
480.00
21
-1520.00
31
0.0
0
LINE
8
מסגרת
10
480.00
20
-1520.00
30
0.0
11
400.00
21
-1520.00
31
0.0
0
LINE
8
מסגרת
10
400.00
20
-1520.00
30
0.0
11
400.00
21
-1600.00
31
0.0
0
LINE
8
תאורה
10
454.40
20
-1553.60
30
0.0
11
452.34
21
-1544.58
31
0.0
0
LINE
8
תאורה
10
452.34
20
-1544.58
30
0.0
11
446.57
21
-1537.34
31
0.0
0
LINE
8
תאורה
10
446.57
20
-1537.34
30
0.0
11
438.23
21
-1533.32
31
0.0
0
LINE
8
תאורה
10
438.23
20
-1533.32
30
0.0
11
428.97
21
-1533.32
31
0.0
0
LINE
8
תאורה
10
428.97
20
-1533.32
30
0.0
11
420.63
21
-1537.34
31
0.0
0
LINE
8
תאורה
10
420.63
20
-1537.34
30
0.0
11
414.86
21
-1544.58
31
0.0
0
LINE
8
תאורה
10
414.86
20
-1544.58
30
0.0
11
412.80
21
-1553.60
31
0.0
0
LINE
8
תאורה
10
412.80
20
-1553.60
30
0.0
11
414.86
21
-1562.62
31
0.0
0
LINE
8
תאורה
10
414.86
20
-1562.62
30
0.0
11
420.63
21
-1569.86
31
0.0
0
LINE
8
תאורה
10
420.63
20
-1569.86
30
0.0
11
428.97
21
-1573.88
31
0.0
0
LINE
8
תאורה
10
428.97
20
-1573.88
30
0.0
11
438.23
21
-1573.88
31
0.0
0
LINE
8
תאורה
10
438.23
20
-1573.88
30
0.0
11
446.57
21
-1569.86
31
0.0
0
LINE
8
תאורה
10
446.57
20
-1569.86
30
0.0
11
452.34
21
-1562.62
31
0.0
0
LINE
8
תאורה
10
452.34
20
-1562.62
30
0.0
11
454.40
21
-1553.60
31
0.0
0
LINE
8
תאורה
10
448.16
20
-1568.16
30
0.0
11
472.00
21
-1584.00
31
0.0
0
LINE
8
תאורה
10
472.00
20
-1584.00
30
0.0
11
462.40
21
-1582.40
31
0.0
0
LINE
8
תאורה
10
472.00
20
-1584.00
30
0.0
11
470.40
21
-1574.40
31
0.0
0
TEXT
8
מקרא
10
400.00
20
-1630.00
30
0.0
40
40
1
זרקור / ספוט צמוד
0
LINE
8
מסגרת
10
800.00
20
-1600.00
30
0.0
11
920.00
21
-1600.00
31
0.0
0
LINE
8
מסגרת
10
920.00
20
-1600.00
30
0.0
11
920.00
21
-1400.00
31
0.0
0
LINE
8
מסגרת
10
920.00
20
-1400.00
30
0.0
11
800.00
21
-1400.00
31
0.0
0
LINE
8
מסגרת
10
800.00
20
-1400.00
30
0.0
11
800.00
21
-1600.00
31
0.0
0
LINE
8
תאורה
10
812.00
20
-1500.00
30
0.0
11
908.00
21
-1500.00
31
0.0
0
LINE
8
תאורה
10
800.00
20
-1500.00
30
0.0
11
802.94
21
-1518.54
31
0.0
0
LINE
8
תאורה
10
802.94
20
-1518.54
30
0.0
11
811.46
21
-1535.27
31
0.0
0
LINE
8
תאורה
10
811.46
20
-1535.27
30
0.0
11
824.73
21
-1548.54
31
0.0
0
LINE
8
תאורה
10
824.73
20
-1548.54
30
0.0
11
841.46
21
-1557.06
31
0.0
0
LINE
8
תאורה
10
841.46
20
-1557.06
30
0.0
11
860.00
21
-1560.00
31
0.0
0
LINE
8
תאורה
10
860.00
20
-1560.00
30
0.0
11
878.54
21
-1557.06
31
0.0
0
LINE
8
תאורה
10
878.54
20
-1557.06
30
0.0
11
895.27
21
-1548.54
31
0.0
0
LINE
8
תאורה
10
895.27
20
-1548.54
30
0.0
11
908.54
21
-1535.27
31
0.0
0
LINE
8
תאורה
10
908.54
20
-1535.27
30
0.0
11
917.06
21
-1518.54
31
0.0
0
LINE
8
תאורה
10
917.06
20
-1518.54
30
0.0
11
920.00
21
-1500.00
31
0.0
0
LINE
8
תאורה
10
817.58
20
-1550.56
30
0.0
11
802.15
21
-1568.94
31
0.0
0
LINE
8
תאורה
10
860.00
20
-1566.00
30
0.0
11
860.00
21
-1590.00
31
0.0
0
LINE
8
תאורה
10
902.42
20
-1550.56
30
0.0
11
917.85
21
-1568.94
31
0.0
0
TEXT
8
מקרא
10
800.00
20
-1630.00
30
0.0
40
40
1
תאורת קיר (אפליק)
0
LINE
8
מסגרת
10
1200.00
20
-1600.00
30
0.0
11
1500.00
21
-1600.00
31
0.0
0
LINE
8
מסגרת
10
1500.00
20
-1600.00
30
0.0
11
1500.00
21
-1590.00
31
0.0
0
LINE
8
מסגרת
10
1500.00
20
-1590.00
30
0.0
11
1200.00
21
-1590.00
31
0.0
0
LINE
8
מסגרת
10
1200.00
20
-1590.00
30
0.0
11
1200.00
21
-1600.00
31
0.0
0
LINE
8
תאורה
10
1206.00
20
-1596.50
30
0.0
11
1494.00
21
-1596.50
31
0.0
0
LINE
8
תאורה
10
1206.00
20
-1593.50
30
0.0
11
1494.00
21
-1593.50
31
0.0
0
LINE
8
תאורה
10
1215.00
20
-1596.50
30
0.0
11
1215.00
21
-1593.50
31
0.0
0
LINE
8
תאורה
10
1242.00
20
-1596.50
30
0.0
11
1242.00
21
-1593.50
31
0.0
0
LINE
8
תאורה
10
1269.00
20
-1596.50
30
0.0
11
1269.00
21
-1593.50
31
0.0
0
LINE
8
תאורה
10
1296.00
20
-1596.50
30
0.0
11
1296.00
21
-1593.50
31
0.0
0
LINE
8
תאורה
10
1323.00
20
-1596.50
30
0.0
11
1323.00
21
-1593.50
31
0.0
0
LINE
8
תאורה
10
1350.00
20
-1596.50
30
0.0
11
1350.00
21
-1593.50
31
0.0
0
LINE
8
תאורה
10
1377.00
20
-1596.50
30
0.0
11
1377.00
21
-1593.50
31
0.0
0
LINE
8
תאורה
10
1404.00
20
-1596.50
30
0.0
11
1404.00
21
-1593.50
31
0.0
0
LINE
8
תאורה
10
1431.00
20
-1596.50
30
0.0
11
1431.00
21
-1593.50
31
0.0
0
LINE
8
תאורה
10
1458.00
20
-1596.50
30
0.0
11
1458.00
21
-1593.50
31
0.0
0
LINE
8
תאורה
10
1485.00
20
-1596.50
30
0.0
11
1485.00
21
-1593.50
31
0.0
0
TEXT
8
מקרא
10
1200.00
20
-1630.00
30
0.0
40
40
1
פס תאורה LED
0
LINE
8
מסגרת
10
1600.00
20
-1600.00
30
0.0
11
1900.00
21
-1600.00
31
0.0
0
LINE
8
מסגרת
10
1900.00
20
-1600.00
30
0.0
11
1900.00
21
-1585.00
31
0.0
0
LINE
8
מסגרת
10
1900.00
20
-1585.00
30
0.0
11
1600.00
21
-1585.00
31
0.0
0
LINE
8
מסגרת
10
1600.00
20
-1585.00
30
0.0
11
1600.00
21
-1600.00
31
0.0
0
LINE
8
תאורה
10
1606.00
20
-1588.00
30
0.0
11
1894.00
21
-1588.00
31
0.0
0
LINE
8
תאורה
10
1618.00
20
-1591.00
30
0.0
11
1618.00
21
-1597.00
31
0.0
0
LINE
8
תאורה
10
1651.00
20
-1591.00
30
0.0
11
1651.00
21
-1597.00
31
0.0
0
LINE
8
תאורה
10
1684.00
20
-1591.00
30
0.0
11
1684.00
21
-1597.00
31
0.0
0
LINE
8
תאורה
10
1717.00
20
-1591.00
30
0.0
11
1717.00
21
-1597.00
31
0.0
0
LINE
8
תאורה
10
1750.00
20
-1591.00
30
0.0
11
1750.00
21
-1597.00
31
0.0
0
LINE
8
תאורה
10
1783.00
20
-1591.00
30
0.0
11
1783.00
21
-1597.00
31
0.0
0
LINE
8
תאורה
10
1816.00
20
-1591.00
30
0.0
11
1816.00
21
-1597.00
31
0.0
0
LINE
8
תאורה
10
1849.00
20
-1591.00
30
0.0
11
1849.00
21
-1597.00
31
0.0
0
LINE
8
תאורה
10
1882.00
20
-1591.00
30
0.0
11
1882.00
21
-1597.00
31
0.0
0
TEXT
8
מקרא
10
1600.00
20
-1630.00
30
0.0
40
40
1
תאורת ארון עליון (תחתית ארון)
0
LINE
8
מסגרת
10
2000.00
20
-1600.00
30
0.0
11
2300.00
21
-1600.00
31
0.0
0
LINE
8
מסגרת
10
2300.00
20
-1600.00
30
0.0
11
2300.00
21
-1590.00
31
0.0
0
LINE
8
מסגרת
10
2300.00
20
-1590.00
30
0.0
11
2000.00
21
-1590.00
31
0.0
0
LINE
8
מסגרת
10
2000.00
20
-1590.00
30
0.0
11
2000.00
21
-1600.00
31
0.0
0
LINE
8
תאורה
10
2006.00
20
-1593.00
30
0.0
11
2294.00
21
-1593.00
31
0.0
0
LINE
8
תאורה
10
2018.00
20
-1594.50
30
0.0
11
2018.00
21
-1598.00
31
0.0
0
LINE
8
תאורה
10
2051.00
20
-1594.50
30
0.0
11
2051.00
21
-1598.00
31
0.0
0
LINE
8
תאורה
10
2084.00
20
-1594.50
30
0.0
11
2084.00
21
-1598.00
31
0.0
0
LINE
8
תאורה
10
2117.00
20
-1594.50
30
0.0
11
2117.00
21
-1598.00
31
0.0
0
LINE
8
תאורה
10
2150.00
20
-1594.50
30
0.0
11
2150.00
21
-1598.00
31
0.0
0
LINE
8
תאורה
10
2183.00
20
-1594.50
30
0.0
11
2183.00
21
-1598.00
31
0.0
0
LINE
8
תאורה
10
2216.00
20
-1594.50
30
0.0
11
2216.00
21
-1598.00
31
0.0
0
LINE
8
תאורה
10
2249.00
20
-1594.50
30
0.0
11
2249.00
21
-1598.00
31
0.0
0
LINE
8
תאורה
10
2282.00
20
-1594.50
30
0.0
11
2282.00
21
-1598.00
31
0.0
0
TEXT
8
מקרא
10
2000.00
20
-1630.00
30
0.0
40
40
1
תאורת ארון תחתון / קורניץ
0
LINE
8
מסגרת
10
2400.00
20
-1600.00
30
0.0
11
2600.00
21
-1600.00
31
0.0
0
LINE
8
מסגרת
10
2600.00
20
-1600.00
30
0.0
11
2600.00
21
-1540.00
31
0.0
0
LINE
8
מסגרת
10
2600.00
20
-1540.00
30
0.0
11
2400.00
21
-1540.00
31
0.0
0
LINE
8
מסגרת
10
2400.00
20
-1540.00
30
0.0
11
2400.00
21
-1600.00
31
0.0
0
LINE
8
תאורה
10
2410.00
20
-1591.00
30
0.0
11
2590.00
21
-1591.00
31
0.0
0
LINE
8
תאורה
10
2590.00
20
-1591.00
30
0.0
11
2590.00
21
-1549.00
31
0.0
0
LINE
8
תאורה
10
2590.00
20
-1549.00
30
0.0
11
2410.00
21
-1549.00
31
0.0
0
LINE
8
תאורה
10
2410.00
20
-1549.00
30
0.0
11
2410.00
21
-1591.00
31
0.0
0
LINE
8
תאורה
10
2430.00
20
-1570.00
30
0.0
11
2434.00
21
-1565.10
31
0.0
0
LINE
8
תאורה
10
2434.00
20
-1565.10
30
0.0
11
2438.00
21
-1561.26
31
0.0
0
LINE
8
תאורה
10
2438.00
20
-1561.26
30
0.0
11
2442.00
21
-1559.33
31
0.0
0
LINE
8
תאורה
10
2442.00
20
-1559.33
30
0.0
11
2446.00
21
-1559.73
31
0.0
0
LINE
8
תאורה
10
2446.00
20
-1559.73
30
0.0
11
2450.00
21
-1562.36
31
0.0
0
LINE
8
תאורה
10
2450.00
20
-1562.36
30
0.0
11
2454.00
21
-1566.66
31
0.0
0
LINE
8
תאורה
10
2454.00
20
-1566.66
30
0.0
11
2458.00
21
-1571.69
31
0.0
0
LINE
8
תאורה
10
2458.00
20
-1571.69
30
0.0
11
2462.00
21
-1576.35
31
0.0
0
LINE
8
תאורה
10
2462.00
20
-1576.35
30
0.0
11
2466.00
21
-1579.62
31
0.0
0
LINE
8
תאורה
10
2466.00
20
-1579.62
30
0.0
11
2470.00
21
-1580.80
31
0.0
0
LINE
8
תאורה
10
2470.00
20
-1580.80
30
0.0
11
2474.00
21
-1579.62
31
0.0
0
LINE
8
תאורה
10
2474.00
20
-1579.62
30
0.0
11
2478.00
21
-1576.35
31
0.0
0
LINE
8
תאורה
10
2478.00
20
-1576.35
30
0.0
11
2482.00
21
-1571.69
31
0.0
0
LINE
8
תאורה
10
2482.00
20
-1571.69
30
0.0
11
2486.00
21
-1566.66
31
0.0
0
LINE
8
תאורה
10
2486.00
20
-1566.66
30
0.0
11
2490.00
21
-1562.36
31
0.0
0
LINE
8
תאורה
10
2490.00
20
-1562.36
30
0.0
11
2494.00
21
-1559.73
31
0.0
0
LINE
8
תאורה
10
2494.00
20
-1559.73
30
0.0
11
2498.00
21
-1559.33
31
0.0
0
LINE
8
תאורה
10
2498.00
20
-1559.33
30
0.0
11
2502.00
21
-1561.26
31
0.0
0
LINE
8
תאורה
10
2502.00
20
-1561.26
30
0.0
11
2506.00
21
-1565.10
31
0.0
0
LINE
8
תאורה
10
2506.00
20
-1565.10
30
0.0
11
2510.00
21
-1570.00
31
0.0
0
LINE
8
תאורה
10
2520.00
20
-1570.00
30
0.0
11
2590.00
21
-1570.00
31
0.0
0
LINE
8
תאורה
10
2544.00
20
-1576.00
30
0.0
11
2544.00
21
-1564.00
31
0.0
0
TEXT
8
מקרא
10
2400.00
20
-1630.00
30
0.0
40
40
1
שנאי / דרייבר LED
0
LINE
8
מסגרת
10
2800.00
20
-1600.00
30
0.0
11
2950.00
21
-1600.00
31
0.0
0
LINE
8
מסגרת
10
2950.00
20
-1600.00
30
0.0
11
2950.00
21
-1400.00
31
0.0
0
LINE
8
מסגרת
10
2950.00
20
-1400.00
30
0.0
11
2800.00
21
-1400.00
31
0.0
0
LINE
8
מסגרת
10
2800.00
20
-1400.00
30
0.0
11
2800.00
21
-1600.00
31
0.0
0
LINE
8
תאורה
10
2818.00
20
-1582.00
30
0.0
11
2932.00
21
-1582.00
31
0.0
0
LINE
8
תאורה
10
2932.00
20
-1582.00
30
0.0
11
2932.00
21
-1418.00
31
0.0
0
LINE
8
תאורה
10
2932.00
20
-1418.00
30
0.0
11
2818.00
21
-1418.00
31
0.0
0
LINE
8
תאורה
10
2818.00
20
-1418.00
30
0.0
11
2818.00
21
-1582.00
31
0.0
0
LINE
8
תאורה
10
2905.00
20
-1500.00
30
0.0
11
2902.03
21
-1486.98
31
0.0
0
LINE
8
תאורה
10
2902.03
20
-1486.98
30
0.0
11
2893.70
21
-1476.55
31
0.0
0
LINE
8
תאורה
10
2893.70
20
-1476.55
30
0.0
11
2881.68
21
-1470.75
31
0.0
0
LINE
8
תאורה
10
2881.68
20
-1470.75
30
0.0
11
2868.32
21
-1470.75
31
0.0
0
LINE
8
תאורה
10
2868.32
20
-1470.75
30
0.0
11
2856.30
21
-1476.55
31
0.0
0
LINE
8
תאורה
10
2856.30
20
-1476.55
30
0.0
11
2847.97
21
-1486.98
31
0.0
0
LINE
8
תאורה
10
2847.97
20
-1486.98
30
0.0
11
2845.00
21
-1500.00
31
0.0
0
LINE
8
תאורה
10
2845.00
20
-1500.00
30
0.0
11
2847.97
21
-1513.02
31
0.0
0
LINE
8
תאורה
10
2847.97
20
-1513.02
30
0.0
11
2856.30
21
-1523.45
31
0.0
0
LINE
8
תאורה
10
2856.30
20
-1523.45
30
0.0
11
2868.32
21
-1529.25
31
0.0
0
LINE
8
תאורה
10
2868.32
20
-1529.25
30
0.0
11
2881.68
21
-1529.25
31
0.0
0
LINE
8
תאורה
10
2881.68
20
-1529.25
30
0.0
11
2893.70
21
-1523.45
31
0.0
0
LINE
8
תאורה
10
2893.70
20
-1523.45
30
0.0
11
2902.03
21
-1513.02
31
0.0
0
LINE
8
תאורה
10
2902.03
20
-1513.02
30
0.0
11
2905.00
21
-1500.00
31
0.0
0
LINE
8
תאורה
10
2909.50
20
-1500.00
30
0.0
11
2923.00
21
-1500.00
31
0.0
0
LINE
8
תאורה
10
2899.40
20
-1475.60
30
0.0
11
2908.94
21
-1466.06
31
0.0
0
LINE
8
תאורה
10
2875.00
20
-1465.50
30
0.0
11
2875.00
21
-1452.00
31
0.0
0
LINE
8
תאורה
10
2850.60
20
-1475.60
30
0.0
11
2841.06
21
-1466.06
31
0.0
0
LINE
8
תאורה
10
2840.50
20
-1500.00
30
0.0
11
2827.00
21
-1500.00
31
0.0
0
LINE
8
תאורה
10
2850.60
20
-1524.40
30
0.0
11
2841.06
21
-1533.94
31
0.0
0
LINE
8
תאורה
10
2875.00
20
-1534.50
30
0.0
11
2875.00
21
-1548.00
31
0.0
0
LINE
8
תאורה
10
2899.40
20
-1524.40
30
0.0
11
2908.94
21
-1533.94
31
0.0
0
TEXT
8
מקרא
10
2800.00
20
-1630.00
30
0.0
40
40
1
פנס/תאורת חוץ
0
LINE
8
מסגרת
10
3200.00
20
-1600.00
30
0.0
11
3450.00
21
-1600.00
31
0.0
0
LINE
8
מסגרת
10
3450.00
20
-1600.00
30
0.0
11
3450.00
21
-1480.00
31
0.0
0
LINE
8
מסגרת
10
3450.00
20
-1480.00
30
0.0
11
3200.00
21
-1480.00
31
0.0
0
LINE
8
מסגרת
10
3200.00
20
-1480.00
30
0.0
11
3200.00
21
-1600.00
31
0.0
0
LINE
8
תאורה
10
3215.00
20
-1570.00
30
0.0
11
3435.00
21
-1570.00
31
0.0
0
LINE
8
תאורה
10
3435.00
20
-1570.00
30
0.0
11
3435.00
21
-1510.00
31
0.0
0
LINE
8
תאורה
10
3435.00
20
-1510.00
30
0.0
11
3215.00
21
-1510.00
31
0.0
0
LINE
8
תאורה
10
3215.00
20
-1510.00
30
0.0
11
3215.00
21
-1570.00
31
0.0
0
LINE
8
תאורה
10
3325.00
20
-1570.00
30
0.0
11
3325.00
21
-1510.00
31
0.0
0
LINE
8
תאורה
10
3230.00
20
-1540.00
30
0.0
11
3305.00
21
-1540.00
31
0.0
0
LINE
8
תאורה
10
3305.00
20
-1540.00
30
0.0
11
3285.00
21
-1528.00
31
0.0
0
LINE
8
תאורה
10
3305.00
20
-1540.00
30
0.0
11
3285.00
21
-1552.00
31
0.0
0
LINE
8
תאורה
10
3350.00
20
-1552.00
30
0.0
11
3412.50
21
-1552.00
31
0.0
0
LINE
8
תאורה
10
3412.50
20
-1552.00
30
0.0
11
3412.50
21
-1528.00
31
0.0
0
LINE
8
תאורה
10
3412.50
20
-1528.00
30
0.0
11
3350.00
21
-1528.00
31
0.0
0
LINE
8
תאורה
10
3350.00
20
-1528.00
30
0.0
11
3350.00
21
-1552.00
31
0.0
0
LINE
8
תאורה
10
3412.50
20
-1544.80
30
0.0
11
3425.00
21
-1544.80
31
0.0
0
LINE
8
תאורה
10
3412.50
20
-1535.20
30
0.0
11
3425.00
21
-1535.20
31
0.0
0
TEXT
8
מקרא
10
3200.00
20
-1630.00
30
0.0
40
40
1
גוף תאורת חירום
0
LINE
8
מסגרת
10
3600.00
20
-1600.00
30
0.0
11
3680.00
21
-1600.00
31
0.0
0
LINE
8
מסגרת
10
3680.00
20
-1600.00
30
0.0
11
3680.00
21
-1520.00
31
0.0
0
LINE
8
מסגרת
10
3680.00
20
-1520.00
30
0.0
11
3600.00
21
-1520.00
31
0.0
0
LINE
8
מסגרת
10
3600.00
20
-1520.00
30
0.0
11
3600.00
21
-1600.00
31
0.0
0
LINE
8
תקשורת ומולטימדיה
10
3611.20
20
-1588.80
30
0.0
11
3668.80
21
-1588.80
31
0.0
0
LINE
8
תקשורת ומולטימדיה
10
3668.80
20
-1588.80
30
0.0
11
3668.80
21
-1531.20
31
0.0
0
LINE
8
תקשורת ומולטימדיה
10
3668.80
20
-1531.20
30
0.0
11
3611.20
21
-1531.20
31
0.0
0
LINE
8
תקשורת ומולטימדיה
10
3611.20
20
-1531.20
30
0.0
11
3611.20
21
-1588.80
31
0.0
0
LINE
8
תקשורת ומולטימדיה
10
3640.00
20
-1542.40
30
0.0
11
3621.28
21
-1577.76
31
0.0
0
LINE
8
תקשורת ומולטימדיה
10
3621.28
20
-1577.76
30
0.0
11
3658.72
21
-1577.76
31
0.0
0
LINE
8
תקשורת ומולטימדיה
10
3658.72
20
-1577.76
30
0.0
11
3640.00
21
-1542.40
31
0.0
0
LINE
8
תקשורת ומולטימדיה
10
3635.32
20
-1551.24
30
0.0
11
3644.68
21
-1551.24
31
0.0
0
LINE
8
תקשורת ומולטימדיה
10
3630.64
20
-1560.08
30
0.0
11
3649.36
21
-1560.08
31
0.0
0
LINE
8
תקשורת ומולטימדיה
10
3625.96
20
-1568.92
30
0.0
11
3654.04
21
-1568.92
31
0.0
0
TEXT
8
מקרא
10
3600.00
20
-1630.00
30
0.0
40
40
1
שקע תקשורת רשת (RJ45)
0
LINE
8
מסגרת
10
0.00
20
-2000.00
30
0.0
11
80.00
21
-2000.00
31
0.0
0
LINE
8
מסגרת
10
80.00
20
-2000.00
30
0.0
11
80.00
21
-1920.00
31
0.0
0
LINE
8
מסגרת
10
80.00
20
-1920.00
30
0.0
11
0.00
21
-1920.00
31
0.0
0
LINE
8
מסגרת
10
0.00
20
-1920.00
30
0.0
11
0.00
21
-2000.00
31
0.0
0
LINE
8
תקשורת ומולטימדיה
10
11.20
20
-1988.80
30
0.0
11
68.80
21
-1988.80
31
0.0
0
LINE
8
תקשורת ומולטימדיה
10
68.80
20
-1988.80
30
0.0
11
68.80
21
-1931.20
31
0.0
0
LINE
8
תקשורת ומולטימדיה
10
68.80
20
-1931.20
30
0.0
11
11.20
21
-1931.20
31
0.0
0
LINE
8
תקשורת ומולטימדיה
10
11.20
20
-1931.20
30
0.0
11
11.20
21
-1988.80
31
0.0
0
LINE
8
תקשורת ומולטימדיה
10
40.00
20
-1937.60
30
0.0
11
24.16
21
-1967.52
31
0.0
0
LINE
8
תקשורת ומולטימדיה
10
24.16
20
-1967.52
30
0.0
11
55.84
21
-1967.52
31
0.0
0
LINE
8
תקשורת ומולטימדיה
10
55.84
20
-1967.52
30
0.0
11
40.00
21
-1937.60
31
0.0
0
LINE
8
תקשורת ומולטימדיה
10
36.04
20
-1945.08
30
0.0
11
43.96
21
-1945.08
31
0.0
0
LINE
8
תקשורת ומולטימדיה
10
32.08
20
-1952.56
30
0.0
11
47.92
21
-1952.56
31
0.0
0
LINE
8
תקשורת ומולטימדיה
10
28.12
20
-1960.04
30
0.0
11
51.88
21
-1960.04
31
0.0
0
LINE
8
תקשורת ומולטימדיה
10
40.00
20
-1955.20
30
0.0
11
24.16
21
-1985.12
31
0.0
0
LINE
8
תקשורת ומולטימדיה
10
24.16
20
-1985.12
30
0.0
11
55.84
21
-1985.12
31
0.0
0
LINE
8
תקשורת ומולטימדיה
10
55.84
20
-1985.12
30
0.0
11
40.00
21
-1955.20
31
0.0
0
LINE
8
תקשורת ומולטימדיה
10
36.04
20
-1962.68
30
0.0
11
43.96
21
-1962.68
31
0.0
0
LINE
8
תקשורת ומולטימדיה
10
32.08
20
-1970.16
30
0.0
11
47.92
21
-1970.16
31
0.0
0
LINE
8
תקשורת ומולטימדיה
10
28.12
20
-1977.64
30
0.0
11
51.88
21
-1977.64
31
0.0
0
TEXT
8
מקרא
10
0.00
20
-2030.00
30
0.0
40
40
1
נקודת רשת Cat6A / Cat7
0
LINE
8
מסגרת
10
400.00
20
-2000.00
30
0.0
11
480.00
21
-2000.00
31
0.0
0
LINE
8
מסגרת
10
480.00
20
-2000.00
30
0.0
11
480.00
21
-1920.00
31
0.0
0
LINE
8
מסגרת
10
480.00
20
-1920.00
30
0.0
11
400.00
21
-1920.00
31
0.0
0
LINE
8
מסגרת
10
400.00
20
-1920.00
30
0.0
11
400.00
21
-2000.00
31
0.0
0
LINE
8
תקשורת ומולטימדיה
10
411.20
20
-1988.80
30
0.0
11
468.80
21
-1988.80
31
0.0
0
LINE
8
תקשורת ומולטימדיה
10
468.80
20
-1988.80
30
0.0
11
468.80
21
-1931.20
31
0.0
0
LINE
8
תקשורת ומולטימדיה
10
468.80
20
-1931.20
30
0.0
11
411.20
21
-1931.20
31
0.0
0
LINE
8
תקשורת ומולטימדיה
10
411.20
20
-1931.20
30
0.0
11
411.20
21
-1988.80
31
0.0
0
LINE
8
תקשורת ומולטימדיה
10
448.00
20
-1960.00
30
0.0
11
446.47
21
-1955.30
31
0.0
0
LINE
8
תקשורת ומולטימדיה
10
446.47
20
-1955.30
30
0.0
11
442.47
21
-1952.39
31
0.0
0
LINE
8
תקשורת ומולטימדיה
10
442.47
20
-1952.39
30
0.0
11
437.53
21
-1952.39
31
0.0
0
LINE
8
תקשורת ומולטימדיה
10
437.53
20
-1952.39
30
0.0
11
433.53
21
-1955.30
31
0.0
0
LINE
8
תקשורת ומולטימדיה
10
433.53
20
-1955.30
30
0.0
11
432.00
21
-1960.00
31
0.0
0
LINE
8
תקשורת ומולטימדיה
10
432.00
20
-1960.00
30
0.0
11
433.53
21
-1964.70
31
0.0
0
LINE
8
תקשורת ומולטימדיה
10
433.53
20
-1964.70
30
0.0
11
437.53
21
-1967.61
31
0.0
0
LINE
8
תקשורת ומולטימדיה
10
437.53
20
-1967.61
30
0.0
11
442.47
21
-1967.61
31
0.0
0
LINE
8
תקשורת ומולטימדיה
10
442.47
20
-1967.61
30
0.0
11
446.47
21
-1964.70
31
0.0
0
LINE
8
תקשורת ומולטימדיה
10
446.47
20
-1964.70
30
0.0
11
448.00
21
-1960.00
31
0.0
0
LINE
8
תקשורת ומולטימדיה
10
448.40
20
-1974.55
30
0.0
11
440.00
21
-1976.80
31
0.0
0
LINE
8
תקשורת ומולטימדיה
10
440.00
20
-1976.80
30
0.0
11
431.60
21
-1974.55
31
0.0
0
LINE
8
תקשורת ומולטימדיה
10
431.60
20
-1974.55
30
0.0
11
425.45
21
-1968.40
31
0.0
0
LINE
8
תקשורת ומולטימדיה
10
425.45
20
-1968.40
30
0.0
11
423.20
21
-1960.00
31
0.0
0
LINE
8
תקשורת ומולטימדיה
10
423.20
20
-1960.00
30
0.0
11
425.45
21
-1951.60
31
0.0
0
LINE
8
תקשורת ומולטימדיה
10
425.45
20
-1951.60
30
0.0
11
431.60
21
-1945.45
31
0.0
0
LINE
8
תקשורת ומולטימדיה
10
431.60
20
-1945.45
30
0.0
11
440.00
21
-1943.20
31
0.0
0
LINE
8
תקשורת ומולטימדיה
10
440.00
20
-1943.20
30
0.0
11
448.40
21
-1945.45
31
0.0
0
LINE
8
תקשורת ומולטימדיה
10
452.80
20
-1982.17
30
0.0
11
440.00
21
-1985.60
31
0.0
0
LINE
8
תקשורת ומולטימדיה
10
440.00
20
-1985.60
30
0.0
11
427.20
21
-1982.17
31
0.0
0
LINE
8
תקשורת ומולטימדיה
10
427.20
20
-1982.17
30
0.0
11
417.83
21
-1972.80
31
0.0
0
LINE
8
תקשורת ומולטימדיה
10
417.83
20
-1972.80
30
0.0
11
414.40
21
-1960.00
31
0.0
0
LINE
8
תקשורת ומולטימדיה
10
414.40
20
-1960.00
30
0.0
11
417.83
21
-1947.20
31
0.0
0
LINE
8
תקשורת ומולטימדיה
10
417.83
20
-1947.20
30
0.0
11
427.20
21
-1937.83
31
0.0
0
LINE
8
תקשורת ומולטימדיה
10
427.20
20
-1937.83
30
0.0
11
440.00
21
-1934.40
31
0.0
0
LINE
8
תקשורת ומולטימדיה
10
440.00
20
-1934.40
30
0.0
11
452.80
21
-1937.83
31
0.0
0
LINE
8
תקשורת ומולטימדיה
10
457.20
20
-1989.79
30
0.0
11
440.00
21
-1994.40
31
0.0
0
LINE
8
תקשורת ומולטימדיה
10
440.00
20
-1994.40
30
0.0
11
422.80
21
-1989.79
31
0.0
0
LINE
8
תקשורת ומולטימדיה
10
422.80
20
-1989.79
30
0.0
11
410.21
21
-1977.20
31
0.0
0
LINE
8
תקשורת ומולטימדיה
10
410.21
20
-1977.20
30
0.0
11
405.60
21
-1960.00
31
0.0
0
LINE
8
תקשורת ומולטימדיה
10
405.60
20
-1960.00
30
0.0
11
410.21
21
-1942.80
31
0.0
0
LINE
8
תקשורת ומולטימדיה
10
410.21
20
-1942.80
30
0.0
11
422.80
21
-1930.21
31
0.0
0
LINE
8
תקשורת ומולטימדיה
10
422.80
20
-1930.21
30
0.0
11
440.00
21
-1925.60
31
0.0
0
LINE
8
תקשורת ומולטימדיה
10
440.00
20
-1925.60
30
0.0
11
457.20
21
-1930.21
31
0.0
0
TEXT
8
מקרא
10
400.00
20
-2030.00
30
0.0
40
40
1
נקודת סיב אופטי (FTTH)
0
LINE
8
מסגרת
10
800.00
20
-2000.00
30
0.0
11
880.00
21
-2000.00
31
0.0
0
LINE
8
מסגרת
10
880.00
20
-2000.00
30
0.0
11
880.00
21
-1920.00
31
0.0
0
LINE
8
מסגרת
10
880.00
20
-1920.00
30
0.0
11
800.00
21
-1920.00
31
0.0
0
LINE
8
מסגרת
10
800.00
20
-1920.00
30
0.0
11
800.00
21
-2000.00
31
0.0
0
LINE
8
תקשורת ומולטימדיה
10
811.20
20
-1988.80
30
0.0
11
868.80
21
-1988.80
31
0.0
0
LINE
8
תקשורת ומולטימדיה
10
868.80
20
-1988.80
30
0.0
11
868.80
21
-1931.20
31
0.0
0
LINE
8
תקשורת ומולטימדיה
10
868.80
20
-1931.20
30
0.0
11
811.20
21
-1931.20
31
0.0
0
LINE
8
תקשורת ומולטימדיה
10
811.20
20
-1931.20
30
0.0
11
811.20
21
-1988.80
31
0.0
0
LINE
8
תקשורת ומולטימדיה
10
855.73
20
-1956.67
30
0.0
11
852.66
21
-1953.24
31
0.0
0
LINE
8
תקשורת ומולטימדיה
10
852.66
20
-1953.24
30
0.0
11
848.87
21
-1950.65
31
0.0
0
LINE
8
תקשורת ומולטימדיה
10
848.87
20
-1950.65
30
0.0
11
844.56
21
-1949.03
31
0.0
0
LINE
8
תקשורת ומולטימדיה
10
844.56
20
-1949.03
30
0.0
11
840.00
21
-1948.48
31
0.0
0
LINE
8
תקשורת ומולטימדיה
10
840.00
20
-1948.48
30
0.0
11
835.44
21
-1949.03
31
0.0
0
LINE
8
תקשורת ומולטימדיה
10
835.44
20
-1949.03
30
0.0
11
831.13
21
-1950.65
31
0.0
0
LINE
8
תקשורת ומולטימדיה
10
831.13
20
-1950.65
30
0.0
11
827.34
21
-1953.24
31
0.0
0
LINE
8
תקשורת ומולטימדיה
10
827.34
20
-1953.24
30
0.0
11
824.27
21
-1956.67
31
0.0
0
LINE
8
תקשורת ומולטימדיה
10
828.48
20
-1958.08
30
0.0
11
827.24
21
-1955.09
31
0.0
0
LINE
8
תקשורת ומולטימדיה
10
827.24
20
-1955.09
30
0.0
11
824.26
21
-1953.86
31
0.0
0
LINE
8
תקשורת ומולטימדיה
10
824.26
20
-1953.86
30
0.0
11
821.27
21
-1955.09
31
0.0
0
LINE
8
תקשורת ומולטימדיה
10
821.27
20
-1955.09
30
0.0
11
820.03
21
-1958.08
31
0.0
0
LINE
8
תקשורת ומולטימדיה
10
820.03
20
-1958.08
30
0.0
11
821.27
21
-1961.07
31
0.0
0
LINE
8
תקשורת ומולטימדיה
10
821.27
20
-1961.07
30
0.0
11
824.26
21
-1962.30
31
0.0
0
LINE
8
תקשורת ומולטימדיה
10
824.26
20
-1962.30
30
0.0
11
827.24
21
-1961.07
31
0.0
0
LINE
8
תקשורת ומולטימדיה
10
827.24
20
-1961.07
30
0.0
11
828.48
21
-1958.08
31
0.0
0
LINE
8
תקשורת ומולטימדיה
10
859.97
20
-1958.08
30
0.0
11
858.73
21
-1955.09
31
0.0
0
LINE
8
תקשורת ומולטימדיה
10
858.73
20
-1955.09
30
0.0
11
855.74
21
-1953.86
31
0.0
0
LINE
8
תקשורת ומולטימדיה
10
855.74
20
-1953.86
30
0.0
11
852.76
21
-1955.09
31
0.0
0
LINE
8
תקשורת ומולטימדיה
10
852.76
20
-1955.09
30
0.0
11
851.52
21
-1958.08
31
0.0
0
LINE
8
תקשורת ומולטימדיה
10
851.52
20
-1958.08
30
0.0
11
852.76
21
-1961.07
31
0.0
0
LINE
8
תקשורת ומולטימדיה
10
852.76
20
-1961.07
30
0.0
11
855.74
21
-1962.30
31
0.0
0
LINE
8
תקשורת ומולטימדיה
10
855.74
20
-1962.30
30
0.0
11
858.73
21
-1961.07
31
0.0
0
LINE
8
תקשורת ומולטימדיה
10
858.73
20
-1961.07
30
0.0
11
859.97
21
-1958.08
31
0.0
0
TEXT
8
מקרא
10
800.00
20
-2030.00
30
0.0
40
40
1
שקע טלפון (RJ11)
0
LINE
8
מסגרת
10
1200.00
20
-2000.00
30
0.0
11
1280.00
21
-2000.00
31
0.0
0
LINE
8
מסגרת
10
1280.00
20
-2000.00
30
0.0
11
1280.00
21
-1920.00
31
0.0
0
LINE
8
מסגרת
10
1280.00
20
-1920.00
30
0.0
11
1200.00
21
-1920.00
31
0.0
0
LINE
8
מסגרת
10
1200.00
20
-1920.00
30
0.0
11
1200.00
21
-2000.00
31
0.0
0
LINE
8
תקשורת ומולטימדיה
10
1211.20
20
-1988.80
30
0.0
11
1268.80
21
-1988.80
31
0.0
0
LINE
8
תקשורת ומולטימדיה
10
1268.80
20
-1988.80
30
0.0
11
1268.80
21
-1931.20
31
0.0
0
LINE
8
תקשורת ומולטימדיה
10
1268.80
20
-1931.20
30
0.0
11
1211.20
21
-1931.20
31
0.0
0
LINE
8
תקשורת ומולטימדיה
10
1211.20
20
-1931.20
30
0.0
11
1211.20
21
-1988.80
31
0.0
0
LINE
8
תקשורת ומולטימדיה
10
1251.20
20
-1966.40
30
0.0
11
1249.06
21
-1959.82
31
0.0
0
LINE
8
תקשורת ומולטימדיה
10
1249.06
20
-1959.82
30
0.0
11
1243.46
21
-1955.75
31
0.0
0
LINE
8
תקשורת ומולטימדיה
10
1243.46
20
-1955.75
30
0.0
11
1236.54
21
-1955.75
31
0.0
0
LINE
8
תקשורת ומולטימדיה
10
1236.54
20
-1955.75
30
0.0
11
1230.94
21
-1959.82
31
0.0
0
LINE
8
תקשורת ומולטימדיה
10
1230.94
20
-1959.82
30
0.0
11
1228.80
21
-1966.40
31
0.0
0
LINE
8
תקשורת ומולטימדיה
10
1228.80
20
-1966.40
30
0.0
11
1230.94
21
-1972.98
31
0.0
0
LINE
8
תקשורת ומולטימדיה
10
1230.94
20
-1972.98
30
0.0
11
1236.54
21
-1977.05
31
0.0
0
LINE
8
תקשורת ומולטימדיה
10
1236.54
20
-1977.05
30
0.0
11
1243.46
21
-1977.05
31
0.0
0
LINE
8
תקשורת ומולטימדיה
10
1243.46
20
-1977.05
30
0.0
11
1249.06
21
-1972.98
31
0.0
0
LINE
8
תקשורת ומולטימדיה
10
1249.06
20
-1972.98
30
0.0
11
1251.20
21
-1966.40
31
0.0
0
LINE
8
תקשורת ומולטימדיה
10
1251.01
20
-1950.67
30
0.0
11
1248.49
21
-1949.18
31
0.0
0
LINE
8
תקשורת ומולטימדיה
10
1248.49
20
-1949.18
30
0.0
11
1245.77
21
-1948.09
31
0.0
0
LINE
8
תקשורת ומולטימדיה
10
1245.77
20
-1948.09
30
0.0
11
1242.92
21
-1947.42
31
0.0
0
LINE
8
תקשורת ומולטימדיה
10
1242.92
20
-1947.42
30
0.0
11
1240.00
21
-1947.20
31
0.0
0
LINE
8
תקשורת ומולטימדיה
10
1240.00
20
-1947.20
30
0.0
11
1237.08
21
-1947.42
31
0.0
0
LINE
8
תקשורת ומולטימדיה
10
1237.08
20
-1947.42
30
0.0
11
1234.23
21
-1948.09
31
0.0
0
LINE
8
תקשורת ומולטימדיה
10
1234.23
20
-1948.09
30
0.0
11
1231.51
21
-1949.18
31
0.0
0
LINE
8
תקשורת ומולטימדיה
10
1231.51
20
-1949.18
30
0.0
11
1228.99
21
-1950.67
31
0.0
0
LINE
8
תקשורת ומולטימדיה
10
1255.60
20
-1944.12
30
0.0
11
1252.03
21
-1942.01
31
0.0
0
LINE
8
תקשורת ומולטימדיה
10
1252.03
20
-1942.01
30
0.0
11
1248.18
21
-1940.46
31
0.0
0
LINE
8
תקשורת ומולטימדיה
10
1248.18
20
-1940.46
30
0.0
11
1244.14
21
-1939.52
31
0.0
0
LINE
8
תקשורת ומולטימדיה
10
1244.14
20
-1939.52
30
0.0
11
1240.00
21
-1939.20
31
0.0
0
LINE
8
תקשורת ומולטימדיה
10
1240.00
20
-1939.20
30
0.0
11
1235.86
21
-1939.52
31
0.0
0
LINE
8
תקשורת ומולטימדיה
10
1235.86
20
-1939.52
30
0.0
11
1231.82
21
-1940.46
31
0.0
0
LINE
8
תקשורת ומולטימדיה
10
1231.82
20
-1940.46
30
0.0
11
1227.97
21
-1942.01
31
0.0
0
LINE
8
תקשורת ומולטימדיה
10
1227.97
20
-1942.01
30
0.0
11
1224.40
21
-1944.12
31
0.0
0
LINE
8
תקשורת ומולטימדיה
10
1260.19
20
-1937.57
30
0.0
11
1255.57
21
-1934.83
31
0.0
0
LINE
8
תקשורת ומולטימדיה
10
1255.57
20
-1934.83
30
0.0
11
1250.58
21
-1932.83
31
0.0
0
LINE
8
תקשורת ומולטימדיה
10
1250.58
20
-1932.83
30
0.0
11
1245.35
21
-1931.61
31
0.0
0
LINE
8
תקשורת ומולטימדיה
10
1245.35
20
-1931.61
30
0.0
11
1240.00
21
-1931.20
31
0.0
0
LINE
8
תקשורת ומולטימדיה
10
1240.00
20
-1931.20
30
0.0
11
1234.65
21
-1931.61
31
0.0
0
LINE
8
תקשורת ומולטימדיה
10
1234.65
20
-1931.61
30
0.0
11
1229.42
21
-1932.83
31
0.0
0
LINE
8
תקשורת ומולטימדיה
10
1229.42
20
-1932.83
30
0.0
11
1224.43
21
-1934.83
31
0.0
0
LINE
8
תקשורת ומולטימדיה
10
1224.43
20
-1934.83
30
0.0
11
1219.81
21
-1937.57
31
0.0
0
TEXT
8
מקרא
10
1200.00
20
-2030.00
30
0.0
40
40
1
שקע טלוויזיה / כבלים (קואקס)
0
LINE
8
מסגרת
10
1600.00
20
-2000.00
30
0.0
11
1680.00
21
-2000.00
31
0.0
0
LINE
8
מסגרת
10
1680.00
20
-2000.00
30
0.0
11
1680.00
21
-1920.00
31
0.0
0
LINE
8
מסגרת
10
1680.00
20
-1920.00
30
0.0
11
1600.00
21
-1920.00
31
0.0
0
LINE
8
מסגרת
10
1600.00
20
-1920.00
30
0.0
11
1600.00
21
-2000.00
31
0.0
0
LINE
8
תקשורת ומולטימדיה
10
1611.20
20
-1988.80
30
0.0
11
1668.80
21
-1988.80
31
0.0
0
LINE
8
תקשורת ומולטימדיה
10
1668.80
20
-1988.80
30
0.0
11
1668.80
21
-1931.20
31
0.0
0
LINE
8
תקשורת ומולטימדיה
10
1668.80
20
-1931.20
30
0.0
11
1611.20
21
-1931.20
31
0.0
0
LINE
8
תקשורת ומולטימדיה
10
1611.20
20
-1931.20
30
0.0
11
1611.20
21
-1988.80
31
0.0
0
LINE
8
תקשורת ומולטימדיה
10
1624.00
20
-1952.00
30
0.0
11
1656.00
21
-1952.00
31
0.0
0
LINE
8
תקשורת ומולטימדיה
10
1656.00
20
-1952.00
30
0.0
11
1649.60
21
-1968.00
31
0.0
0
LINE
8
תקשורת ומולטימדיה
10
1649.60
20
-1968.00
30
0.0
11
1630.40
21
-1968.00
31
0.0
0
LINE
8
תקשורת ומולטימדיה
10
1630.40
20
-1968.00
30
0.0
11
1624.00
21
-1952.00
31
0.0
0
TEXT
8
מקרא
10
1600.00
20
-2030.00
30
0.0
40
40
1
שקע HDMI / מולטימדיה
0
LINE
8
מסגרת
10
2000.00
20
-2000.00
30
0.0
11
2180.00
21
-2000.00
31
0.0
0
LINE
8
מסגרת
10
2180.00
20
-2000.00
30
0.0
11
2180.00
21
-1820.00
31
0.0
0
LINE
8
מסגרת
10
2180.00
20
-1820.00
30
0.0
11
2000.00
21
-1820.00
31
0.0
0
LINE
8
מסגרת
10
2000.00
20
-1820.00
30
0.0
11
2000.00
21
-2000.00
31
0.0
0
LINE
8
תקשורת ומולטימדיה
10
2165.60
20
-1910.00
30
0.0
11
2159.85
21
-1881.07
31
0.0
0
LINE
8
תקשורת ומולטימדיה
10
2159.85
20
-1881.07
30
0.0
11
2143.46
21
-1856.54
31
0.0
0
LINE
8
תקשורת ומולטימדיה
10
2143.46
20
-1856.54
30
0.0
11
2118.93
21
-1840.15
31
0.0
0
LINE
8
תקשורת ומולטימדיה
10
2118.93
20
-1840.15
30
0.0
11
2090.00
21
-1834.40
31
0.0
0
LINE
8
תקשורת ומולטימדיה
10
2090.00
20
-1834.40
30
0.0
11
2061.07
21
-1840.15
31
0.0
0
LINE
8
תקשורת ומולטימדיה
10
2061.07
20
-1840.15
30
0.0
11
2036.54
21
-1856.54
31
0.0
0
LINE
8
תקשורת ומולטימדיה
10
2036.54
20
-1856.54
30
0.0
11
2020.15
21
-1881.07
31
0.0
0
LINE
8
תקשורת ומולטימדיה
10
2020.15
20
-1881.07
30
0.0
11
2014.40
21
-1910.00
31
0.0
0
LINE
8
תקשורת ומולטימדיה
10
2014.40
20
-1910.00
30
0.0
11
2020.15
21
-1938.93
31
0.0
0
LINE
8
תקשורת ומולטימדיה
10
2020.15
20
-1938.93
30
0.0
11
2036.54
21
-1963.46
31
0.0
0
LINE
8
תקשורת ומולטימדיה
10
2036.54
20
-1963.46
30
0.0
11
2061.07
21
-1979.85
31
0.0
0
LINE
8
תקשורת ומולטימדיה
10
2061.07
20
-1979.85
30
0.0
11
2090.00
21
-1985.60
31
0.0
0
LINE
8
תקשורת ומולטימדיה
10
2090.00
20
-1985.60
30
0.0
11
2118.93
21
-1979.85
31
0.0
0
LINE
8
תקשורת ומולטימדיה
10
2118.93
20
-1979.85
30
0.0
11
2143.46
21
-1963.46
31
0.0
0
LINE
8
תקשורת ומולטימדיה
10
2143.46
20
-1963.46
30
0.0
11
2159.85
21
-1938.93
31
0.0
0
LINE
8
תקשורת ומולטימדיה
10
2159.85
20
-1938.93
30
0.0
11
2165.60
21
-1910.00
31
0.0
0
LINE
8
תקשורת ומולטימדיה
10
2074.88
20
-1883.54
30
0.0
11
2074.88
21
-1936.46
31
0.0
0
LINE
8
תקשורת ומולטימדיה
10
2074.88
20
-1936.46
30
0.0
11
2127.80
21
-1955.36
31
0.0
0
LINE
8
תקשורת ומולטימדיה
10
2127.80
20
-1955.36
30
0.0
11
2127.80
21
-1864.64
31
0.0
0
LINE
8
תקשורת ומולטימדיה
10
2127.80
20
-1864.64
30
0.0
11
2074.88
21
-1883.54
31
0.0
0
LINE
8
תקשורת ומולטימדיה
10
2052.20
20
-1925.12
30
0.0
11
2074.88
21
-1925.12
31
0.0
0
LINE
8
תקשורת ומולטימדיה
10
2074.88
20
-1925.12
30
0.0
11
2074.88
21
-1894.88
31
0.0
0
LINE
8
תקשורת ומולטימדיה
10
2074.88
20
-1894.88
30
0.0
11
2052.20
21
-1894.88
31
0.0
0
LINE
8
תקשורת ומולטימדיה
10
2052.20
20
-1894.88
30
0.0
11
2052.20
21
-1925.12
31
0.0
0
TEXT
8
מקרא
10
2000.00
20
-2030.00
30
0.0
40
40
1
נקודת רמקול שקוע
0
LINE
8
מסגרת
10
2400.00
20
-2000.00
30
0.0
11
2520.00
21
-2000.00
31
0.0
0
LINE
8
מסגרת
10
2520.00
20
-2000.00
30
0.0
11
2520.00
21
-1820.00
31
0.0
0
LINE
8
מסגרת
10
2520.00
20
-1820.00
30
0.0
11
2400.00
21
-1820.00
31
0.0
0
LINE
8
מסגרת
10
2400.00
20
-1820.00
30
0.0
11
2400.00
21
-2000.00
31
0.0
0
LINE
8
תקשורת ומולטימדיה
10
2426.40
20
-1973.00
30
0.0
11
2493.60
21
-1973.00
31
0.0
0
LINE
8
תקשורת ומולטימדיה
10
2493.60
20
-1973.00
30
0.0
11
2493.60
21
-1847.00
31
0.0
0
LINE
8
תקשורת ומולטימדיה
10
2493.60
20
-1847.00
30
0.0
11
2426.40
21
-1847.00
31
0.0
0
LINE
8
תקשורת ומולטימדיה
10
2426.40
20
-1847.00
30
0.0
11
2426.40
21
-1973.00
31
0.0
0
LINE
8
תקשורת ומולטימדיה
10
2475.73
20
-1888.67
30
0.0
11
2472.66
21
-1885.24
31
0.0
0
LINE
8
תקשורת ומולטימדיה
10
2472.66
20
-1885.24
30
0.0
11
2468.87
21
-1882.65
31
0.0
0
LINE
8
תקשורת ומולטימדיה
10
2468.87
20
-1882.65
30
0.0
11
2464.56
21
-1881.03
31
0.0
0
LINE
8
תקשורת ומולטימדיה
10
2464.56
20
-1881.03
30
0.0
11
2460.00
21
-1880.48
31
0.0
0
LINE
8
תקשורת ומולטימדיה
10
2460.00
20
-1880.48
30
0.0
11
2455.44
21
-1881.03
31
0.0
0
LINE
8
תקשורת ומולטימדיה
10
2455.44
20
-1881.03
30
0.0
11
2451.13
21
-1882.65
31
0.0
0
LINE
8
תקשורת ומולטימדיה
10
2451.13
20
-1882.65
30
0.0
11
2447.34
21
-1885.24
31
0.0
0
LINE
8
תקשורת ומולטימדיה
10
2447.34
20
-1885.24
30
0.0
11
2444.27
21
-1888.67
31
0.0
0
LINE
8
תקשורת ומולטימדיה
10
2448.48
20
-1890.08
30
0.0
11
2447.24
21
-1887.09
31
0.0
0
LINE
8
תקשורת ומולטימדיה
10
2447.24
20
-1887.09
30
0.0
11
2444.26
21
-1885.86
31
0.0
0
LINE
8
תקשורת ומולטימדיה
10
2444.26
20
-1885.86
30
0.0
11
2441.27
21
-1887.09
31
0.0
0
LINE
8
תקשורת ומולטימדיה
10
2441.27
20
-1887.09
30
0.0
11
2440.03
21
-1890.08
31
0.0
0
LINE
8
תקשורת ומולטימדיה
10
2440.03
20
-1890.08
30
0.0
11
2441.27
21
-1893.07
31
0.0
0
LINE
8
תקשורת ומולטימדיה
10
2441.27
20
-1893.07
30
0.0
11
2444.26
21
-1894.30
31
0.0
0
LINE
8
תקשורת ומולטימדיה
10
2444.26
20
-1894.30
30
0.0
11
2447.24
21
-1893.07
31
0.0
0
LINE
8
תקשורת ומולטימדיה
10
2447.24
20
-1893.07
30
0.0
11
2448.48
21
-1890.08
31
0.0
0
LINE
8
תקשורת ומולטימדיה
10
2479.97
20
-1890.08
30
0.0
11
2478.73
21
-1887.09
31
0.0
0
LINE
8
תקשורת ומולטימדיה
10
2478.73
20
-1887.09
30
0.0
11
2475.74
21
-1885.86
31
0.0
0
LINE
8
תקשורת ומולטימדיה
10
2475.74
20
-1885.86
30
0.0
11
2472.76
21
-1887.09
31
0.0
0
LINE
8
תקשורת ומולטימדיה
10
2472.76
20
-1887.09
30
0.0
11
2471.52
21
-1890.08
31
0.0
0
LINE
8
תקשורת ומולטימדיה
10
2471.52
20
-1890.08
30
0.0
11
2472.76
21
-1893.07
31
0.0
0
LINE
8
תקשורת ומולטימדיה
10
2472.76
20
-1893.07
30
0.0
11
2475.74
21
-1894.30
31
0.0
0
LINE
8
תקשורת ומולטימדיה
10
2475.74
20
-1894.30
30
0.0
11
2478.73
21
-1893.07
31
0.0
0
LINE
8
תקשורת ומולטימדיה
10
2478.73
20
-1893.07
30
0.0
11
2479.97
21
-1890.08
31
0.0
0
LINE
8
תקשורת ומולטימדיה
10
2445.60
20
-1946.00
30
0.0
11
2445.60
21
-1937.00
31
0.0
0
LINE
8
תקשורת ומולטימדיה
10
2460.00
20
-1946.00
30
0.0
11
2460.00
21
-1937.00
31
0.0
0
LINE
8
תקשורת ומולטימדיה
10
2474.40
20
-1946.00
30
0.0
11
2474.40
21
-1937.00
31
0.0
0
TEXT
8
מקרא
10
2400.00
20
-2030.00
30
0.0
40
40
1
נקודת אינטרקום / דלתון (קול)
0
LINE
8
מסגרת
10
2800.00
20
-2000.00
30
0.0
11
2950.00
21
-2000.00
31
0.0
0
LINE
8
מסגרת
10
2950.00
20
-2000.00
30
0.0
11
2950.00
21
-1800.00
31
0.0
0
LINE
8
מסגרת
10
2950.00
20
-1800.00
30
0.0
11
2800.00
21
-1800.00
31
0.0
0
LINE
8
מסגרת
10
2800.00
20
-1800.00
30
0.0
11
2800.00
21
-2000.00
31
0.0
0
LINE
8
תקשורת ומולטימדיה
10
2827.00
20
-1976.00
30
0.0
11
2923.00
21
-1976.00
31
0.0
0
LINE
8
תקשורת ומולטימדיה
10
2923.00
20
-1976.00
30
0.0
11
2923.00
21
-1824.00
31
0.0
0
LINE
8
תקשורת ומולטימדיה
10
2923.00
20
-1824.00
30
0.0
11
2827.00
21
-1824.00
31
0.0
0
LINE
8
תקשורת ומולטימדיה
10
2827.00
20
-1824.00
30
0.0
11
2827.00
21
-1976.00
31
0.0
0
LINE
8
תקשורת ומולטימדיה
10
2839.00
20
-1916.00
30
0.0
11
2911.00
21
-1916.00
31
0.0
0
LINE
8
תקשורת ומולטימדיה
10
2911.00
20
-1916.00
30
0.0
11
2911.00
21
-1844.00
31
0.0
0
LINE
8
תקשורת ומולטימדיה
10
2911.00
20
-1844.00
30
0.0
11
2839.00
21
-1844.00
31
0.0
0
LINE
8
תקשורת ומולטימדיה
10
2839.00
20
-1844.00
30
0.0
11
2839.00
21
-1916.00
31
0.0
0
LINE
8
תקשורת ומולטימדיה
10
2888.50
20
-1880.00
30
0.0
11
2885.92
21
-1872.06
31
0.0
0
LINE
8
תקשורת ומולטימדיה
10
2885.92
20
-1872.06
30
0.0
11
2879.17
21
-1867.16
31
0.0
0
LINE
8
תקשורת ומולטימדיה
10
2879.17
20
-1867.16
30
0.0
11
2870.83
21
-1867.16
31
0.0
0
LINE
8
תקשורת ומולטימדיה
10
2870.83
20
-1867.16
30
0.0
11
2864.08
21
-1872.06
31
0.0
0
LINE
8
תקשורת ומולטימדיה
10
2864.08
20
-1872.06
30
0.0
11
2861.50
21
-1880.00
31
0.0
0
LINE
8
תקשורת ומולטימדיה
10
2861.50
20
-1880.00
30
0.0
11
2864.08
21
-1887.94
31
0.0
0
LINE
8
תקשורת ומולטימדיה
10
2864.08
20
-1887.94
30
0.0
11
2870.83
21
-1892.84
31
0.0
0
LINE
8
תקשורת ומולטימדיה
10
2870.83
20
-1892.84
30
0.0
11
2879.17
21
-1892.84
31
0.0
0
LINE
8
תקשורת ומולטימדיה
10
2879.17
20
-1892.84
30
0.0
11
2885.92
21
-1887.94
31
0.0
0
LINE
8
תקשורת ומולטימדיה
10
2885.92
20
-1887.94
30
0.0
11
2888.50
21
-1880.00
31
0.0
0
LINE
8
תקשורת ומולטימדיה
10
2858.50
20
-1948.00
30
0.0
11
2856.74
21
-1943.76
31
0.0
0
LINE
8
תקשורת ומולטימדיה
10
2856.74
20
-1943.76
30
0.0
11
2852.50
21
-1942.00
31
0.0
0
LINE
8
תקשורת ומולטימדיה
10
2852.50
20
-1942.00
30
0.0
11
2848.26
21
-1943.76
31
0.0
0
LINE
8
תקשורת ומולטימדיה
10
2848.26
20
-1943.76
30
0.0
11
2846.50
21
-1948.00
31
0.0
0
LINE
8
תקשורת ומולטימדיה
10
2846.50
20
-1948.00
30
0.0
11
2848.26
21
-1952.24
31
0.0
0
LINE
8
תקשורת ומולטימדיה
10
2848.26
20
-1952.24
30
0.0
11
2852.50
21
-1954.00
31
0.0
0
LINE
8
תקשורת ומולטימדיה
10
2852.50
20
-1954.00
30
0.0
11
2856.74
21
-1952.24
31
0.0
0
LINE
8
תקשורת ומולטימדיה
10
2856.74
20
-1952.24
30
0.0
11
2858.50
21
-1948.00
31
0.0
0
LINE
8
תקשורת ומולטימדיה
10
2881.00
20
-1948.00
30
0.0
11
2879.24
21
-1943.76
31
0.0
0
LINE
8
תקשורת ומולטימדיה
10
2879.24
20
-1943.76
30
0.0
11
2875.00
21
-1942.00
31
0.0
0
LINE
8
תקשורת ומולטימדיה
10
2875.00
20
-1942.00
30
0.0
11
2870.76
21
-1943.76
31
0.0
0
LINE
8
תקשורת ומולטימדיה
10
2870.76
20
-1943.76
30
0.0
11
2869.00
21
-1948.00
31
0.0
0
LINE
8
תקשורת ומולטימדיה
10
2869.00
20
-1948.00
30
0.0
11
2870.76
21
-1952.24
31
0.0
0
LINE
8
תקשורת ומולטימדיה
10
2870.76
20
-1952.24
30
0.0
11
2875.00
21
-1954.00
31
0.0
0
LINE
8
תקשורת ומולטימדיה
10
2875.00
20
-1954.00
30
0.0
11
2879.24
21
-1952.24
31
0.0
0
LINE
8
תקשורת ומולטימדיה
10
2879.24
20
-1952.24
30
0.0
11
2881.00
21
-1948.00
31
0.0
0
LINE
8
תקשורת ומולטימדיה
10
2903.50
20
-1948.00
30
0.0
11
2901.74
21
-1943.76
31
0.0
0
LINE
8
תקשורת ומולטימדיה
10
2901.74
20
-1943.76
30
0.0
11
2897.50
21
-1942.00
31
0.0
0
LINE
8
תקשורת ומולטימדיה
10
2897.50
20
-1942.00
30
0.0
11
2893.26
21
-1943.76
31
0.0
0
LINE
8
תקשורת ומולטימדיה
10
2893.26
20
-1943.76
30
0.0
11
2891.50
21
-1948.00
31
0.0
0
LINE
8
תקשורת ומולטימדיה
10
2891.50
20
-1948.00
30
0.0
11
2893.26
21
-1952.24
31
0.0
0
LINE
8
תקשורת ומולטימדיה
10
2893.26
20
-1952.24
30
0.0
11
2897.50
21
-1954.00
31
0.0
0
LINE
8
תקשורת ומולטימדיה
10
2897.50
20
-1954.00
30
0.0
11
2901.74
21
-1952.24
31
0.0
0
LINE
8
תקשורת ומולטימדיה
10
2901.74
20
-1952.24
30
0.0
11
2903.50
21
-1948.00
31
0.0
0
TEXT
8
מקרא
10
2800.00
20
-2030.00
30
0.0
40
40
1
אינטרקום וידאו
0
LINE
8
מסגרת
10
3200.00
20
-2000.00
30
0.0
11
3360.00
21
-2000.00
31
0.0
0
LINE
8
מסגרת
10
3360.00
20
-2000.00
30
0.0
11
3360.00
21
-1880.00
31
0.0
0
LINE
8
מסגרת
10
3360.00
20
-1880.00
30
0.0
11
3200.00
21
-1880.00
31
0.0
0
LINE
8
מסגרת
10
3200.00
20
-1880.00
30
0.0
11
3200.00
21
-2000.00
31
0.0
0
LINE
8
תקשורת ומולטימדיה
10
3224.00
20
-1970.00
30
0.0
11
3336.00
21
-1970.00
31
0.0
0
LINE
8
תקשורת ומולטימדיה
10
3336.00
20
-1970.00
30
0.0
11
3336.00
21
-1934.00
31
0.0
0
LINE
8
תקשורת ומולטימדיה
10
3336.00
20
-1934.00
30
0.0
11
3224.00
21
-1934.00
31
0.0
0
LINE
8
תקשורת ומולטימדיה
10
3224.00
20
-1934.00
30
0.0
11
3224.00
21
-1970.00
31
0.0
0
LINE
8
תקשורת ומולטימדיה
10
3248.00
20
-1934.00
30
0.0
11
3248.00
21
-1904.00
31
0.0
0
LINE
8
תקשורת ומולטימדיה
10
3312.00
20
-1934.00
30
0.0
11
3312.00
21
-1904.00
31
0.0
0
LINE
8
תקשורת ומולטימדיה
10
3296.97
20
-1913.78
30
0.0
11
3293.20
21
-1911.14
31
0.0
0
LINE
8
תקשורת ומולטימדיה
10
3293.20
20
-1911.14
30
0.0
11
3289.03
21
-1909.19
31
0.0
0
LINE
8
תקשורת ומולטימדיה
10
3289.03
20
-1909.19
30
0.0
11
3284.58
21
-1908.00
31
0.0
0
LINE
8
תקשורת ומולטימדיה
10
3284.58
20
-1908.00
30
0.0
11
3280.00
21
-1907.60
31
0.0
0
LINE
8
תקשורת ומולטימדיה
10
3280.00
20
-1907.60
30
0.0
11
3275.42
21
-1908.00
31
0.0
0
LINE
8
תקשורת ומולטימדיה
10
3275.42
20
-1908.00
30
0.0
11
3270.97
21
-1909.19
31
0.0
0
LINE
8
תקשורת ומולטימדיה
10
3270.97
20
-1909.19
30
0.0
11
3266.80
21
-1911.14
31
0.0
0
LINE
8
תקשורת ומולטימדיה
10
3266.80
20
-1911.14
30
0.0
11
3263.03
21
-1913.78
31
0.0
0
LINE
8
תקשורת ומולטימדיה
10
3306.23
20
-1902.75
30
0.0
11
3300.40
21
-1898.67
31
0.0
0
LINE
8
תקשורת ומולטימדיה
10
3300.40
20
-1898.67
30
0.0
11
3293.95
21
-1895.66
31
0.0
0
LINE
8
תקשורת ומולטימדיה
10
3293.95
20
-1895.66
30
0.0
11
3287.08
21
-1893.82
31
0.0
0
LINE
8
תקשורת ומולטימדיה
10
3287.08
20
-1893.82
30
0.0
11
3280.00
21
-1893.20
31
0.0
0
LINE
8
תקשורת ומולטימדיה
10
3280.00
20
-1893.20
30
0.0
11
3272.92
21
-1893.82
31
0.0
0
LINE
8
תקשורת ומולטימדיה
10
3272.92
20
-1893.82
30
0.0
11
3266.05
21
-1895.66
31
0.0
0
LINE
8
תקשורת ומולטימדיה
10
3266.05
20
-1895.66
30
0.0
11
3259.60
21
-1898.67
31
0.0
0
LINE
8
תקשורת ומולטימדיה
10
3259.60
20
-1898.67
30
0.0
11
3253.77
21
-1902.75
31
0.0
0
LINE
8
תקשורת ומולטימדיה
10
3240.00
20
-1952.00
30
0.0
11
3264.00
21
-1952.00
31
0.0
0
TEXT
8
מקרא
10
3200.00
20
-2030.00
30
0.0
40
40
1
נקודת ראוטר / תקשורת מרכזית
0
LINE
8
מסגרת
10
3600.00
20
-2000.00
30
0.0
11
3720.00
21
-2000.00
31
0.0
0
LINE
8
מסגרת
10
3720.00
20
-2000.00
30
0.0
11
3720.00
21
-1880.00
31
0.0
0
LINE
8
מסגרת
10
3720.00
20
-1880.00
30
0.0
11
3600.00
21
-1880.00
31
0.0
0
LINE
8
מסגרת
10
3600.00
20
-1880.00
30
0.0
11
3600.00
21
-2000.00
31
0.0
0
LINE
8
בית חכם ובקרה
10
3621.60
20
-1982.00
30
0.0
11
3698.40
21
-1982.00
31
0.0
0
LINE
8
בית חכם ובקרה
10
3698.40
20
-1982.00
30
0.0
11
3698.40
21
-1898.00
31
0.0
0
LINE
8
בית חכם ובקרה
10
3698.40
20
-1898.00
30
0.0
11
3621.60
21
-1898.00
31
0.0
0
LINE
8
בית חכם ובקרה
10
3621.60
20
-1898.00
30
0.0
11
3621.60
21
-1982.00
31
0.0
0
LINE
8
בית חכם ובקרה
10
3631.20
20
-1964.00
30
0.0
11
3688.80
21
-1964.00
31
0.0
0
LINE
8
בית חכם ובקרה
10
3688.80
20
-1964.00
30
0.0
11
3688.80
21
-1906.40
31
0.0
0
LINE
8
בית חכם ובקרה
10
3688.80
20
-1906.40
30
0.0
11
3631.20
21
-1906.40
31
0.0
0
LINE
8
בית חכם ובקרה
10
3631.20
20
-1906.40
30
0.0
11
3631.20
21
-1964.00
31
0.0
0
LINE
8
בית חכם ובקרה
10
3651.60
20
-1928.00
30
0.0
11
3650.55
21
-1925.45
31
0.0
0
LINE
8
בית חכם ובקרה
10
3650.55
20
-1925.45
30
0.0
11
3648.00
21
-1924.40
31
0.0
0
LINE
8
בית חכם ובקרה
10
3648.00
20
-1924.40
30
0.0
11
3645.45
21
-1925.45
31
0.0
0
LINE
8
בית חכם ובקרה
10
3645.45
20
-1925.45
30
0.0
11
3644.40
21
-1928.00
31
0.0
0
LINE
8
בית חכם ובקרה
10
3644.40
20
-1928.00
30
0.0
11
3645.45
21
-1930.55
31
0.0
0
LINE
8
בית חכם ובקרה
10
3645.45
20
-1930.55
30
0.0
11
3648.00
21
-1931.60
31
0.0
0
LINE
8
בית חכם ובקרה
10
3648.00
20
-1931.60
30
0.0
11
3650.55
21
-1930.55
31
0.0
0
LINE
8
בית חכם ובקרה
10
3650.55
20
-1930.55
30
0.0
11
3651.60
21
-1928.00
31
0.0
0
LINE
8
בית חכם ובקרה
10
3675.60
20
-1920.80
30
0.0
11
3674.55
21
-1918.25
31
0.0
0
LINE
8
בית חכם ובקרה
10
3674.55
20
-1918.25
30
0.0
11
3672.00
21
-1917.20
31
0.0
0
LINE
8
בית חכם ובקרה
10
3672.00
20
-1917.20
30
0.0
11
3669.45
21
-1918.25
31
0.0
0
LINE
8
בית חכם ובקרה
10
3669.45
20
-1918.25
30
0.0
11
3668.40
21
-1920.80
31
0.0
0
LINE
8
בית חכם ובקרה
10
3668.40
20
-1920.80
30
0.0
11
3669.45
21
-1923.35
31
0.0
0
LINE
8
בית חכם ובקרה
10
3669.45
20
-1923.35
30
0.0
11
3672.00
21
-1924.40
31
0.0
0
LINE
8
בית חכם ובקרה
10
3672.00
20
-1924.40
30
0.0
11
3674.55
21
-1923.35
31
0.0
0
LINE
8
בית חכם ובקרה
10
3674.55
20
-1923.35
30
0.0
11
3675.60
21
-1920.80
31
0.0
0
LINE
8
בית חכם ובקרה
10
3663.60
20
-1949.60
30
0.0
11
3662.55
21
-1947.05
31
0.0
0
LINE
8
בית חכם ובקרה
10
3662.55
20
-1947.05
30
0.0
11
3660.00
21
-1946.00
31
0.0
0
LINE
8
בית חכם ובקרה
10
3660.00
20
-1946.00
30
0.0
11
3657.45
21
-1947.05
31
0.0
0
LINE
8
בית חכם ובקרה
10
3657.45
20
-1947.05
30
0.0
11
3656.40
21
-1949.60
31
0.0
0
LINE
8
בית חכם ובקרה
10
3656.40
20
-1949.60
30
0.0
11
3657.45
21
-1952.15
31
0.0
0
LINE
8
בית חכם ובקרה
10
3657.45
20
-1952.15
30
0.0
11
3660.00
21
-1953.20
31
0.0
0
LINE
8
בית חכם ובקרה
10
3660.00
20
-1953.20
30
0.0
11
3662.55
21
-1952.15
31
0.0
0
LINE
8
בית חכם ובקרה
10
3662.55
20
-1952.15
30
0.0
11
3663.60
21
-1949.60
31
0.0
0
LINE
8
בית חכם ובקרה
10
3649.20
20
-1946.00
30
0.0
11
3648.15
21
-1943.45
31
0.0
0
LINE
8
בית חכם ובקרה
10
3648.15
20
-1943.45
30
0.0
11
3645.60
21
-1942.40
31
0.0
0
LINE
8
בית חכם ובקרה
10
3645.60
20
-1942.40
30
0.0
11
3643.05
21
-1943.45
31
0.0
0
LINE
8
בית חכם ובקרה
10
3643.05
20
-1943.45
30
0.0
11
3642.00
21
-1946.00
31
0.0
0
LINE
8
בית חכם ובקרה
10
3642.00
20
-1946.00
30
0.0
11
3643.05
21
-1948.55
31
0.0
0
LINE
8
בית חכם ובקרה
10
3643.05
20
-1948.55
30
0.0
11
3645.60
21
-1949.60
31
0.0
0
LINE
8
בית חכם ובקרה
10
3645.60
20
-1949.60
30
0.0
11
3648.15
21
-1948.55
31
0.0
0
LINE
8
בית חכם ובקרה
10
3648.15
20
-1948.55
30
0.0
11
3649.20
21
-1946.00
31
0.0
0
LINE
8
בית חכם ובקרה
10
3648.00
20
-1928.00
30
0.0
11
3660.00
21
-1949.60
31
0.0
0
LINE
8
בית חכם ובקרה
10
3672.00
20
-1920.80
30
0.0
11
3660.00
21
-1949.60
31
0.0
0
LINE
8
בית חכם ובקרה
10
3645.60
20
-1946.00
30
0.0
11
3660.00
21
-1949.60
31
0.0
0
TEXT
8
מקרא
10
3600.00
20
-2030.00
30
0.0
40
40
1
בקר בית חכם / פאנל
0
LINE
8
מסגרת
10
0.00
20
-2400.00
30
0.0
11
90.00
21
-2400.00
31
0.0
0
LINE
8
מסגרת
10
90.00
20
-2400.00
30
0.0
11
90.00
21
-2310.00
31
0.0
0
LINE
8
מסגרת
10
90.00
20
-2310.00
30
0.0
11
0.00
21
-2310.00
31
0.0
0
LINE
8
מסגרת
10
0.00
20
-2310.00
30
0.0
11
0.00
21
-2400.00
31
0.0
0
LINE
8
בית חכם ובקרה
10
77.40
20
-2355.00
30
0.0
11
74.93
21
-2342.60
31
0.0
0
LINE
8
בית חכם ובקרה
10
74.93
20
-2342.60
30
0.0
11
67.91
21
-2332.09
31
0.0
0
LINE
8
בית חכם ובקרה
10
67.91
20
-2332.09
30
0.0
11
57.40
21
-2325.07
31
0.0
0
LINE
8
בית חכם ובקרה
10
57.40
20
-2325.07
30
0.0
11
45.00
21
-2322.60
31
0.0
0
LINE
8
בית חכם ובקרה
10
45.00
20
-2322.60
30
0.0
11
32.60
21
-2325.07
31
0.0
0
LINE
8
בית חכם ובקרה
10
32.60
20
-2325.07
30
0.0
11
22.09
21
-2332.09
31
0.0
0
LINE
8
בית חכם ובקרה
10
22.09
20
-2332.09
30
0.0
11
15.07
21
-2342.60
31
0.0
0
LINE
8
בית חכם ובקרה
10
15.07
20
-2342.60
30
0.0
11
12.60
21
-2355.00
31
0.0
0
LINE
8
בית חכם ובקרה
10
12.60
20
-2355.00
30
0.0
11
15.07
21
-2367.40
31
0.0
0
LINE
8
בית חכם ובקרה
10
15.07
20
-2367.40
30
0.0
11
22.09
21
-2377.91
31
0.0
0
LINE
8
בית חכם ובקרה
10
22.09
20
-2377.91
30
0.0
11
32.60
21
-2384.93
31
0.0
0
LINE
8
בית חכם ובקרה
10
32.60
20
-2384.93
30
0.0
11
45.00
21
-2387.40
31
0.0
0
LINE
8
בית חכם ובקרה
10
45.00
20
-2387.40
30
0.0
11
57.40
21
-2384.93
31
0.0
0
LINE
8
בית חכם ובקרה
10
57.40
20
-2384.93
30
0.0
11
67.91
21
-2377.91
31
0.0
0
LINE
8
בית חכם ובקרה
10
67.91
20
-2377.91
30
0.0
11
74.93
21
-2367.40
31
0.0
0
LINE
8
בית חכם ובקרה
10
74.93
20
-2367.40
30
0.0
11
77.40
21
-2355.00
31
0.0
0
LINE
8
בית חכם ובקרה
10
62.82
20
-2355.00
30
0.0
11
60.43
21
-2346.09
31
0.0
0
LINE
8
בית חכם ובקרה
10
60.43
20
-2346.09
30
0.0
11
53.91
21
-2339.57
31
0.0
0
LINE
8
בית חכם ובקרה
10
53.91
20
-2339.57
30
0.0
11
45.00
21
-2337.18
31
0.0
0
LINE
8
בית חכם ובקרה
10
45.00
20
-2337.18
30
0.0
11
36.09
21
-2339.57
31
0.0
0
LINE
8
בית חכם ובקרה
10
36.09
20
-2339.57
30
0.0
11
29.57
21
-2346.09
31
0.0
0
LINE
8
בית חכם ובקרה
10
29.57
20
-2346.09
30
0.0
11
27.18
21
-2355.00
31
0.0
0
LINE
8
בית חכם ובקרה
10
27.18
20
-2355.00
30
0.0
11
29.57
21
-2363.91
31
0.0
0
LINE
8
בית חכם ובקרה
10
29.57
20
-2363.91
30
0.0
11
36.09
21
-2370.43
31
0.0
0
LINE
8
בית חכם ובקרה
10
36.09
20
-2370.43
30
0.0
11
45.00
21
-2372.82
31
0.0
0
LINE
8
בית חכם ובקרה
10
45.00
20
-2372.82
30
0.0
11
53.91
21
-2370.43
31
0.0
0
LINE
8
בית חכם ובקרה
10
53.91
20
-2370.43
30
0.0
11
60.43
21
-2363.91
31
0.0
0
LINE
8
בית חכם ובקרה
10
60.43
20
-2363.91
30
0.0
11
62.82
21
-2355.00
31
0.0
0
LINE
8
בית חכם ובקרה
10
45.00
20
-2355.00
30
0.0
11
53.10
21
-2340.97
31
0.0
0
LINE
8
בית חכם ובקרה
10
69.30
20
-2355.00
30
0.0
11
74.16
21
-2355.00
31
0.0
0
LINE
8
בית חכם ובקרה
10
62.18
20
-2337.82
30
0.0
11
65.62
21
-2334.38
31
0.0
0
LINE
8
בית חכם ובקרה
10
45.00
20
-2330.70
30
0.0
11
45.00
21
-2325.84
31
0.0
0
LINE
8
בית חכם ובקרה
10
27.82
20
-2337.82
30
0.0
11
24.38
21
-2334.38
31
0.0
0
LINE
8
בית חכם ובקרה
10
20.70
20
-2355.00
30
0.0
11
15.84
21
-2355.00
31
0.0
0
LINE
8
בית חכם ובקרה
10
27.82
20
-2372.18
30
0.0
11
24.38
21
-2375.62
31
0.0
0
LINE
8
בית חכם ובקרה
10
45.00
20
-2379.30
30
0.0
11
45.00
21
-2384.16
31
0.0
0
LINE
8
בית חכם ובקרה
10
62.18
20
-2372.18
30
0.0
11
65.62
21
-2375.62
31
0.0
0
TEXT
8
מקרא
10
0.00
20
-2430.00
30
0.0
40
40
1
תרמוסטט
0
LINE
8
מסגרת
10
400.00
20
-2400.00
30
0.0
11
480.00
21
-2400.00
31
0.0
0
LINE
8
מסגרת
10
480.00
20
-2400.00
30
0.0
11
480.00
21
-2320.00
31
0.0
0
LINE
8
מסגרת
10
480.00
20
-2320.00
30
0.0
11
400.00
21
-2320.00
31
0.0
0
LINE
8
מסגרת
10
400.00
20
-2320.00
30
0.0
11
400.00
21
-2400.00
31
0.0
0
LINE
8
בית חכם ובקרה
10
427.20
20
-2344.00
30
0.0
11
428.17
21
-2348.90
31
0.0
0
LINE
8
בית חכם ובקרה
10
428.17
20
-2348.90
30
0.0
11
430.95
21
-2353.05
31
0.0
0
LINE
8
בית חכם ובקרה
10
430.95
20
-2353.05
30
0.0
11
435.10
21
-2355.83
31
0.0
0
LINE
8
בית חכם ובקרה
10
435.10
20
-2355.83
30
0.0
11
440.00
21
-2356.80
31
0.0
0
LINE
8
בית חכם ובקרה
10
440.00
20
-2356.80
30
0.0
11
444.90
21
-2355.83
31
0.0
0
LINE
8
בית חכם ובקרה
10
444.90
20
-2355.83
30
0.0
11
449.05
21
-2353.05
31
0.0
0
LINE
8
בית חכם ובקרה
10
449.05
20
-2353.05
30
0.0
11
451.83
21
-2348.90
31
0.0
0
LINE
8
בית חכם ובקרה
10
451.83
20
-2348.90
30
0.0
11
452.80
21
-2344.00
31
0.0
0
LINE
8
בית חכם ובקרה
10
427.20
20
-2344.00
30
0.0
11
452.80
21
-2344.00
31
0.0
0
LINE
8
בית חכם ובקרה
10
417.83
20
-2356.80
30
0.0
11
421.90
21
-2362.10
31
0.0
0
LINE
8
בית חכם ובקרה
10
421.90
20
-2362.10
30
0.0
11
427.20
21
-2366.17
31
0.0
0
LINE
8
בית חכם ובקרה
10
427.20
20
-2366.17
30
0.0
11
433.37
21
-2368.73
31
0.0
0
LINE
8
בית חכם ובקרה
10
433.37
20
-2368.73
30
0.0
11
440.00
21
-2369.60
31
0.0
0
LINE
8
בית חכם ובקרה
10
440.00
20
-2369.60
30
0.0
11
446.63
21
-2368.73
31
0.0
0
LINE
8
בית חכם ובקרה
10
446.63
20
-2368.73
30
0.0
11
452.80
21
-2366.17
31
0.0
0
LINE
8
בית חכם ובקרה
10
452.80
20
-2366.17
30
0.0
11
458.10
21
-2362.10
31
0.0
0
LINE
8
בית חכם ובקרה
10
458.10
20
-2362.10
30
0.0
11
462.17
21
-2356.80
31
0.0
0
LINE
8
בית חכם ובקרה
10
406.74
20
-2363.20
30
0.0
11
412.85
21
-2371.15
31
0.0
0
LINE
8
בית חכם ובקרה
10
412.85
20
-2371.15
30
0.0
11
420.80
21
-2377.26
31
0.0
0
LINE
8
בית חכם ובקרה
10
420.80
20
-2377.26
30
0.0
11
430.06
21
-2381.09
31
0.0
0
LINE
8
בית חכם ובקרה
10
430.06
20
-2381.09
30
0.0
11
440.00
21
-2382.40
31
0.0
0
LINE
8
בית חכם ובקרה
10
440.00
20
-2382.40
30
0.0
11
449.94
21
-2381.09
31
0.0
0
LINE
8
בית חכם ובקרה
10
449.94
20
-2381.09
30
0.0
11
459.20
21
-2377.26
31
0.0
0
LINE
8
בית חכם ובקרה
10
459.20
20
-2377.26
30
0.0
11
467.15
21
-2371.15
31
0.0
0
LINE
8
בית חכם ובקרה
10
467.15
20
-2371.15
30
0.0
11
473.26
21
-2363.20
31
0.0
0
LINE
8
בית חכם ובקרה
10
400.00
20
-2369.60
30
0.0
11
403.80
21
-2380.20
31
0.0
0
LINE
8
בית חכם ובקרה
10
403.80
20
-2380.20
30
0.0
11
414.40
21
-2388.34
31
0.0
0
LINE
8
בית חכם ובקרה
10
414.40
20
-2388.34
30
0.0
11
426.75
21
-2393.46
31
0.0
0
LINE
8
בית חכם ובקרה
10
426.75
20
-2393.46
30
0.0
11
440.00
21
-2395.20
31
0.0
0
LINE
8
בית חכם ובקרה
10
440.00
20
-2395.20
30
0.0
11
453.25
21
-2393.46
31
0.0
0
LINE
8
בית חכם ובקרה
10
453.25
20
-2393.46
30
0.0
11
465.60
21
-2388.34
31
0.0
0
LINE
8
בית חכם ובקרה
10
465.60
20
-2388.34
30
0.0
11
476.20
21
-2380.20
31
0.0
0
LINE
8
בית חכם ובקרה
10
476.20
20
-2380.20
30
0.0
11
480.00
21
-2369.60
31
0.0
0
TEXT
8
מקרא
10
400.00
20
-2430.00
30
0.0
40
40
1
גלאי נוכחות / תנועה
0
LINE
8
מסגרת
10
800.00
20
-2400.00
30
0.0
11
860.00
21
-2400.00
31
0.0
0
LINE
8
מסגרת
10
860.00
20
-2400.00
30
0.0
11
860.00
21
-2380.00
31
0.0
0
LINE
8
מסגרת
10
860.00
20
-2380.00
30
0.0
11
800.00
21
-2380.00
31
0.0
0
LINE
8
מסגרת
10
800.00
20
-2380.00
30
0.0
11
800.00
21
-2400.00
31
0.0
0
LINE
8
בית חכם ובקרה
10
808.40
20
-2394.00
30
0.0
11
828.80
21
-2394.00
31
0.0
0
LINE
8
בית חכם ובקרה
10
828.80
20
-2394.00
30
0.0
11
828.80
21
-2386.00
31
0.0
0
LINE
8
בית חכם ובקרה
10
828.80
20
-2386.00
30
0.0
11
808.40
21
-2386.00
31
0.0
0
LINE
8
בית חכם ובקרה
10
808.40
20
-2386.00
30
0.0
11
808.40
21
-2394.00
31
0.0
0
LINE
8
בית חכם ובקרה
10
831.20
20
-2394.00
30
0.0
11
851.60
21
-2394.00
31
0.0
0
LINE
8
בית חכם ובקרה
10
851.60
20
-2394.00
30
0.0
11
851.60
21
-2386.00
31
0.0
0
LINE
8
בית חכם ובקרה
10
851.60
20
-2386.00
30
0.0
11
831.20
21
-2386.00
31
0.0
0
LINE
8
בית חכם ובקרה
10
831.20
20
-2386.00
30
0.0
11
831.20
21
-2394.00
31
0.0
0
LINE
8
בית חכם ובקרה
10
828.80
20
-2390.00
30
0.0
11
831.20
21
-2390.00
31
0.0
0
TEXT
8
מקרא
10
800.00
20
-2430.00
30
0.0
40
40
1
חיישן חלון/דלת (מגנטי)
0
LINE
8
מסגרת
10
1200.00
20
-2400.00
30
0.0
11
1260.00
21
-2400.00
31
0.0
0
LINE
8
מסגרת
10
1260.00
20
-2400.00
30
0.0
11
1260.00
21
-2340.00
31
0.0
0
LINE
8
מסגרת
10
1260.00
20
-2340.00
30
0.0
11
1200.00
21
-2340.00
31
0.0
0
LINE
8
מסגרת
10
1200.00
20
-2340.00
30
0.0
11
1200.00
21
-2400.00
31
0.0
0
LINE
8
בית חכם ובקרה
10
1206.00
20
-2367.00
30
0.0
11
1254.00
21
-2367.00
31
0.0
0
LINE
8
בית חכם ובקרה
10
1254.00
20
-2367.00
30
0.0
11
1254.00
21
-2346.00
31
0.0
0
LINE
8
בית חכם ובקרה
10
1254.00
20
-2346.00
30
0.0
11
1206.00
21
-2346.00
31
0.0
0
LINE
8
בית חכם ובקרה
10
1206.00
20
-2346.00
30
0.0
11
1206.00
21
-2367.00
31
0.0
0
LINE
8
בית חכם ובקרה
10
1206.00
20
-2360.00
30
0.0
11
1254.00
21
-2360.00
31
0.0
0
LINE
8
בית חכם ובקרה
10
1206.00
20
-2353.00
30
0.0
11
1254.00
21
-2353.00
31
0.0
0
LINE
8
בית חכם ובקרה
10
1239.60
20
-2382.00
30
0.0
11
1238.31
21
-2377.20
31
0.0
0
LINE
8
בית חכם ובקרה
10
1238.31
20
-2377.20
30
0.0
11
1234.80
21
-2373.69
31
0.0
0
LINE
8
בית חכם ובקרה
10
1234.80
20
-2373.69
30
0.0
11
1230.00
21
-2372.40
31
0.0
0
LINE
8
בית חכם ובקרה
10
1230.00
20
-2372.40
30
0.0
11
1225.20
21
-2373.69
31
0.0
0
LINE
8
בית חכם ובקרה
10
1225.20
20
-2373.69
30
0.0
11
1221.69
21
-2377.20
31
0.0
0
LINE
8
בית חכם ובקרה
10
1221.69
20
-2377.20
30
0.0
11
1220.40
21
-2382.00
31
0.0
0
LINE
8
בית חכם ובקרה
10
1220.40
20
-2382.00
30
0.0
11
1221.69
21
-2386.80
31
0.0
0
LINE
8
בית חכם ובקרה
10
1221.69
20
-2386.80
30
0.0
11
1225.20
21
-2390.31
31
0.0
0
LINE
8
בית חכם ובקרה
10
1225.20
20
-2390.31
30
0.0
11
1230.00
21
-2391.60
31
0.0
0
LINE
8
בית חכם ובקרה
10
1230.00
20
-2391.60
30
0.0
11
1234.80
21
-2390.31
31
0.0
0
LINE
8
בית חכם ובקרה
10
1234.80
20
-2390.31
30
0.0
11
1238.31
21
-2386.80
31
0.0
0
LINE
8
בית חכם ובקרה
10
1238.31
20
-2386.80
30
0.0
11
1239.60
21
-2382.00
31
0.0
0
LINE
8
בית חכם ובקרה
10
1242.47
20
-2374.80
30
0.0
11
1237.84
21
-2369.92
31
0.0
0
LINE
8
בית חכם ובקרה
10
1237.84
20
-2369.92
30
0.0
11
1231.51
21
-2367.68
31
0.0
0
LINE
8
בית חכם ובקרה
10
1231.51
20
-2367.68
30
0.0
11
1224.84
21
-2368.56
31
0.0
0
LINE
8
בית חכם ובקרה
10
1224.84
20
-2368.56
30
0.0
11
1219.30
21
-2372.36
31
0.0
0
LINE
8
בית חכם ובקרה
10
1219.30
20
-2372.36
30
0.0
11
1216.09
21
-2378.27
31
0.0
0
LINE
8
בית חכם ובקרה
10
1216.09
20
-2378.27
30
0.0
11
1215.91
21
-2384.99
31
0.0
0
LINE
8
בית חכם ובקרה
10
1215.91
20
-2384.99
30
0.0
11
1218.81
21
-2391.06
31
0.0
0
LINE
8
בית חכם ובקרה
10
1218.81
20
-2391.06
30
0.0
11
1224.14
21
-2395.16
31
0.0
0
LINE
8
בית חכם ובקרה
10
1224.14
20
-2395.16
30
0.0
11
1230.75
21
-2396.38
31
0.0
0
LINE
8
בית חכם ובקרה
10
1230.75
20
-2396.38
30
0.0
11
1237.20
21
-2394.47
31
0.0
0
LINE
8
בית חכם ובקרה
10
1237.20
20
-2394.47
30
0.0
11
1238.40
21
-2398.07
31
0.0
0
LINE
8
בית חכם ובקרה
10
1238.40
20
-2398.07
30
0.0
11
1235.10
21
-2394.59
31
0.0
0
LINE
8
בית חכם ובקרה
10
1238.40
20
-2398.07
30
0.0
11
1238.95
21
-2393.30
31
0.0
0
TEXT
8
מקרא
10
1200.00
20
-2430.00
30
0.0
40
40
1
מנוע תריס חשמלי (גלילה)
0
LINE
8
מסגרת
10
1600.00
20
-2400.00
30
0.0
11
1680.00
21
-2400.00
31
0.0
0
LINE
8
מסגרת
10
1680.00
20
-2400.00
30
0.0
11
1680.00
21
-2320.00
31
0.0
0
LINE
8
מסגרת
10
1680.00
20
-2320.00
30
0.0
11
1600.00
21
-2320.00
31
0.0
0
LINE
8
מסגרת
10
1600.00
20
-2320.00
30
0.0
11
1600.00
21
-2400.00
31
0.0
0
LINE
8
בית חכם ובקרה
10
1606.40
20
-2393.60
30
0.0
11
1673.60
21
-2393.60
31
0.0
0
LINE
8
בית חכם ובקרה
10
1673.60
20
-2393.60
30
0.0
11
1673.60
21
-2326.40
31
0.0
0
LINE
8
בית חכם ובקרה
10
1673.60
20
-2326.40
30
0.0
11
1606.40
21
-2326.40
31
0.0
0
LINE
8
בית חכם ובקרה
10
1606.40
20
-2326.40
30
0.0
11
1606.40
21
-2393.60
31
0.0
0
LINE
8
בית חכם ובקרה
10
1632.00
20
-2360.00
30
0.0
11
1632.00
21
-2340.00
31
0.0
0
LINE
8
בית חכם ובקרה
10
1632.00
20
-2340.00
30
0.0
11
1635.38
21
-2347.25
31
0.0
0
LINE
8
בית חכם ובקרה
10
1632.00
20
-2340.00
30
0.0
11
1628.62
21
-2347.25
31
0.0
0
LINE
8
בית חכם ובקרה
10
1648.00
20
-2360.00
30
0.0
11
1648.00
21
-2380.00
31
0.0
0
LINE
8
בית חכם ובקרה
10
1648.00
20
-2380.00
30
0.0
11
1644.62
21
-2372.75
31
0.0
0
LINE
8
בית חכם ובקרה
10
1648.00
20
-2380.00
30
0.0
11
1651.38
21
-2372.75
31
0.0
0
TEXT
8
מקרא
10
1600.00
20
-2430.00
30
0.0
40
40
1
מפסק / בקר תריס חשמלי
0
LINE
8
מסגרת
10
2000.00
20
-2400.00
30
0.0
11
2060.00
21
-2400.00
31
0.0
0
LINE
8
מסגרת
10
2060.00
20
-2400.00
30
0.0
11
2060.00
21
-2340.00
31
0.0
0
LINE
8
מסגרת
10
2060.00
20
-2340.00
30
0.0
11
2000.00
21
-2340.00
31
0.0
0
LINE
8
מסגרת
10
2000.00
20
-2340.00
30
0.0
11
2000.00
21
-2400.00
31
0.0
0
LINE
8
בית חכם ובקרה
10
2006.00
20
-2358.00
30
0.0
11
2054.00
21
-2358.00
31
0.0
0
LINE
8
בית חכם ובקרה
10
2028.80
20
-2373.00
30
0.0
11
2027.35
21
-2367.60
31
0.0
0
LINE
8
בית חכם ובקרה
10
2027.35
20
-2367.60
30
0.0
11
2023.40
21
-2363.65
31
0.0
0
LINE
8
בית חכם ובקרה
10
2023.40
20
-2363.65
30
0.0
11
2018.00
21
-2362.20
31
0.0
0
LINE
8
בית חכם ובקרה
10
2018.00
20
-2362.20
30
0.0
11
2012.60
21
-2363.65
31
0.0
0
LINE
8
בית חכם ובקרה
10
2012.60
20
-2363.65
30
0.0
11
2008.65
21
-2367.60
31
0.0
0
LINE
8
בית חכם ובקרה
10
2008.65
20
-2367.60
30
0.0
11
2007.20
21
-2373.00
31
0.0
0
LINE
8
בית חכם ובקרה
10
2007.20
20
-2373.00
30
0.0
11
2008.65
21
-2378.40
31
0.0
0
LINE
8
בית חכם ובקרה
10
2008.65
20
-2378.40
30
0.0
11
2012.60
21
-2382.35
31
0.0
0
LINE
8
בית חכם ובקרה
10
2012.60
20
-2382.35
30
0.0
11
2018.00
21
-2383.80
31
0.0
0
LINE
8
בית חכם ובקרה
10
2018.00
20
-2383.80
30
0.0
11
2023.40
21
-2382.35
31
0.0
0
LINE
8
בית חכם ובקרה
10
2023.40
20
-2382.35
30
0.0
11
2027.35
21
-2378.40
31
0.0
0
LINE
8
בית חכם ובקרה
10
2027.35
20
-2378.40
30
0.0
11
2028.80
21
-2373.00
31
0.0
0
LINE
8
בית חכם ובקרה
10
2030.41
20
-2362.59
30
0.0
11
2024.59
21
-2358.20
31
0.0
0
LINE
8
בית חכם ובקרה
10
2024.59
20
-2358.20
30
0.0
11
2017.43
21
-2356.81
31
0.0
0
LINE
8
בית חכם ובקרה
10
2017.43
20
-2356.81
30
0.0
11
2010.39
21
-2358.70
31
0.0
0
LINE
8
בית חכם ובקרה
10
2010.39
20
-2358.70
30
0.0
11
2004.89
21
-2363.48
31
0.0
0
LINE
8
בית חכם ובקרה
10
2004.89
20
-2363.48
30
0.0
11
2002.05
21
-2370.19
31
0.0
0
LINE
8
בית חכם ובקרה
10
2002.05
20
-2370.19
30
0.0
11
2002.43
21
-2377.47
31
0.0
0
LINE
8
בית חכם ובקרה
10
2002.43
20
-2377.47
30
0.0
11
2005.96
21
-2383.84
31
0.0
0
LINE
8
בית חכם ובקרה
10
2005.96
20
-2383.84
30
0.0
11
2011.93
21
-2388.02
31
0.0
0
LINE
8
בית חכם ובקרה
10
2011.93
20
-2388.02
30
0.0
11
2019.13
21
-2389.16
31
0.0
0
LINE
8
בית חכם ובקרה
10
2019.13
20
-2389.16
30
0.0
11
2026.10
21
-2387.03
31
0.0
0
LINE
8
בית חכם ובקרה
10
2030.00
20
-2358.00
30
0.0
11
2030.40
21
-2359.50
31
0.0
0
LINE
8
בית חכם ובקרה
10
2030.40
20
-2359.50
30
0.0
11
2031.50
21
-2360.60
31
0.0
0
LINE
8
בית חכם ובקרה
10
2031.50
20
-2360.60
30
0.0
11
2033.00
21
-2361.00
31
0.0
0
LINE
8
בית חכם ובקרה
10
2033.00
20
-2361.00
30
0.0
11
2034.50
21
-2360.60
31
0.0
0
LINE
8
בית חכם ובקרה
10
2034.50
20
-2360.60
30
0.0
11
2035.60
21
-2359.50
31
0.0
0
LINE
8
בית חכם ובקרה
10
2035.60
20
-2359.50
30
0.0
11
2036.00
21
-2358.00
31
0.0
0
LINE
8
בית חכם ובקרה
10
2036.00
20
-2358.00
30
0.0
11
2036.40
21
-2359.50
31
0.0
0
LINE
8
בית חכם ובקרה
10
2036.40
20
-2359.50
30
0.0
11
2037.50
21
-2360.60
31
0.0
0
LINE
8
בית חכם ובקרה
10
2037.50
20
-2360.60
30
0.0
11
2039.00
21
-2361.00
31
0.0
0
LINE
8
בית חכם ובקרה
10
2039.00
20
-2361.00
30
0.0
11
2040.50
21
-2360.60
31
0.0
0
LINE
8
בית חכם ובקרה
10
2040.50
20
-2360.60
30
0.0
11
2041.60
21
-2359.50
31
0.0
0
LINE
8
בית חכם ובקרה
10
2041.60
20
-2359.50
30
0.0
11
2042.00
21
-2358.00
31
0.0
0
LINE
8
בית חכם ובקרה
10
2042.00
20
-2358.00
30
0.0
11
2042.40
21
-2359.50
31
0.0
0
LINE
8
בית חכם ובקרה
10
2042.40
20
-2359.50
30
0.0
11
2043.50
21
-2360.60
31
0.0
0
LINE
8
בית חכם ובקרה
10
2043.50
20
-2360.60
30
0.0
11
2045.00
21
-2361.00
31
0.0
0
LINE
8
בית חכם ובקרה
10
2045.00
20
-2361.00
30
0.0
11
2046.50
21
-2360.60
31
0.0
0
LINE
8
בית חכם ובקרה
10
2046.50
20
-2360.60
30
0.0
11
2047.60
21
-2359.50
31
0.0
0
LINE
8
בית חכם ובקרה
10
2047.60
20
-2359.50
30
0.0
11
2048.00
21
-2358.00
31
0.0
0
LINE
8
בית חכם ובקרה
10
2048.00
20
-2358.00
30
0.0
11
2048.40
21
-2359.50
31
0.0
0
LINE
8
בית חכם ובקרה
10
2048.40
20
-2359.50
30
0.0
11
2049.50
21
-2360.60
31
0.0
0
LINE
8
בית חכם ובקרה
10
2049.50
20
-2360.60
30
0.0
11
2051.00
21
-2361.00
31
0.0
0
LINE
8
בית חכם ובקרה
10
2051.00
20
-2361.00
30
0.0
11
2052.50
21
-2360.60
31
0.0
0
LINE
8
בית חכם ובקרה
10
2052.50
20
-2360.60
30
0.0
11
2053.60
21
-2359.50
31
0.0
0
LINE
8
בית חכם ובקרה
10
2053.60
20
-2359.50
30
0.0
11
2054.00
21
-2358.00
31
0.0
0
TEXT
8
מקרא
10
2000.00
20
-2430.00
30
0.0
40
40
1
מנוע וילון חשמלי
0
LINE
8
מסגרת
10
2400.00
20
-2400.00
30
0.0
11
2520.00
21
-2400.00
31
0.0
0
LINE
8
מסגרת
10
2520.00
20
-2400.00
30
0.0
11
2520.00
21
-2280.00
31
0.0
0
LINE
8
מסגרת
10
2520.00
20
-2280.00
30
0.0
11
2400.00
21
-2280.00
31
0.0
0
LINE
8
מסגרת
10
2400.00
20
-2280.00
30
0.0
11
2400.00
21
-2400.00
31
0.0
0
LINE
8
בטיחות ואבטחה
10
2508.00
20
-2340.00
30
0.0
11
2504.35
21
-2321.63
31
0.0
0
LINE
8
בטיחות ואבטחה
10
2504.35
20
-2321.63
30
0.0
11
2493.94
21
-2306.06
31
0.0
0
LINE
8
בטיחות ואבטחה
10
2493.94
20
-2306.06
30
0.0
11
2478.37
21
-2295.65
31
0.0
0
LINE
8
בטיחות ואבטחה
10
2478.37
20
-2295.65
30
0.0
11
2460.00
21
-2292.00
31
0.0
0
LINE
8
בטיחות ואבטחה
10
2460.00
20
-2292.00
30
0.0
11
2441.63
21
-2295.65
31
0.0
0
LINE
8
בטיחות ואבטחה
10
2441.63
20
-2295.65
30
0.0
11
2426.06
21
-2306.06
31
0.0
0
LINE
8
בטיחות ואבטחה
10
2426.06
20
-2306.06
30
0.0
11
2415.65
21
-2321.63
31
0.0
0
LINE
8
בטיחות ואבטחה
10
2415.65
20
-2321.63
30
0.0
11
2412.00
21
-2340.00
31
0.0
0
LINE
8
בטיחות ואבטחה
10
2412.00
20
-2340.00
30
0.0
11
2415.65
21
-2358.37
31
0.0
0
LINE
8
בטיחות ואבטחה
10
2415.65
20
-2358.37
30
0.0
11
2426.06
21
-2373.94
31
0.0
0
LINE
8
בטיחות ואבטחה
10
2426.06
20
-2373.94
30
0.0
11
2441.63
21
-2384.35
31
0.0
0
LINE
8
בטיחות ואבטחה
10
2441.63
20
-2384.35
30
0.0
11
2460.00
21
-2388.00
31
0.0
0
LINE
8
בטיחות ואבטחה
10
2460.00
20
-2388.00
30
0.0
11
2478.37
21
-2384.35
31
0.0
0
LINE
8
בטיחות ואבטחה
10
2478.37
20
-2384.35
30
0.0
11
2493.94
21
-2373.94
31
0.0
0
LINE
8
בטיחות ואבטחה
10
2493.94
20
-2373.94
30
0.0
11
2504.35
21
-2358.37
31
0.0
0
LINE
8
בטיחות ואבטחה
10
2504.35
20
-2358.37
30
0.0
11
2508.00
21
-2340.00
31
0.0
0
LINE
8
בטיחות ואבטחה
10
2484.00
20
-2340.00
30
0.0
11
2480.78
21
-2328.00
31
0.0
0
LINE
8
בטיחות ואבטחה
10
2480.78
20
-2328.00
30
0.0
11
2472.00
21
-2319.22
31
0.0
0
LINE
8
בטיחות ואבטחה
10
2472.00
20
-2319.22
30
0.0
11
2460.00
21
-2316.00
31
0.0
0
LINE
8
בטיחות ואבטחה
10
2460.00
20
-2316.00
30
0.0
11
2448.00
21
-2319.22
31
0.0
0
LINE
8
בטיחות ואבטחה
10
2448.00
20
-2319.22
30
0.0
11
2439.22
21
-2328.00
31
0.0
0
LINE
8
בטיחות ואבטחה
10
2439.22
20
-2328.00
30
0.0
11
2436.00
21
-2340.00
31
0.0
0
LINE
8
בטיחות ואבטחה
10
2436.00
20
-2340.00
30
0.0
11
2439.22
21
-2352.00
31
0.0
0
LINE
8
בטיחות ואבטחה
10
2439.22
20
-2352.00
30
0.0
11
2448.00
21
-2360.78
31
0.0
0
LINE
8
בטיחות ואבטחה
10
2448.00
20
-2360.78
30
0.0
11
2460.00
21
-2364.00
31
0.0
0
LINE
8
בטיחות ואבטחה
10
2460.00
20
-2364.00
30
0.0
11
2472.00
21
-2360.78
31
0.0
0
LINE
8
בטיחות ואבטחה
10
2472.00
20
-2360.78
30
0.0
11
2480.78
21
-2352.00
31
0.0
0
LINE
8
בטיחות ואבטחה
10
2480.78
20
-2352.00
30
0.0
11
2484.00
21
-2340.00
31
0.0
0
LINE
8
בטיחות ואבטחה
10
2486.40
20
-2340.00
30
0.0
11
2503.20
21
-2340.00
31
0.0
0
LINE
8
בטיחות ואבטחה
10
2478.67
20
-2321.33
30
0.0
11
2490.55
21
-2309.45
31
0.0
0
LINE
8
בטיחות ואבטחה
10
2460.00
20
-2313.60
30
0.0
11
2460.00
21
-2296.80
31
0.0
0
LINE
8
בטיחות ואבטחה
10
2441.33
20
-2321.33
30
0.0
11
2429.45
21
-2309.45
31
0.0
0
LINE
8
בטיחות ואבטחה
10
2433.60
20
-2340.00
30
0.0
11
2416.80
21
-2340.00
31
0.0
0
LINE
8
בטיחות ואבטחה
10
2441.33
20
-2358.67
30
0.0
11
2429.45
21
-2370.55
31
0.0
0
LINE
8
בטיחות ואבטחה
10
2460.00
20
-2366.40
30
0.0
11
2460.00
21
-2383.20
31
0.0
0
LINE
8
בטיחות ואבטחה
10
2478.67
20
-2358.67
30
0.0
11
2490.55
21
-2370.55
31
0.0
0
TEXT
8
מקרא
10
2400.00
20
-2430.00
30
0.0
40
40
1
גלאי עשן
0
LINE
8
מסגרת
10
2800.00
20
-2400.00
30
0.0
11
2900.00
21
-2400.00
31
0.0
0
LINE
8
מסגרת
10
2900.00
20
-2400.00
30
0.0
11
2900.00
21
-2300.00
31
0.0
0
LINE
8
מסגרת
10
2900.00
20
-2300.00
30
0.0
11
2800.00
21
-2300.00
31
0.0
0
LINE
8
מסגרת
10
2800.00
20
-2300.00
30
0.0
11
2800.00
21
-2400.00
31
0.0
0
LINE
8
בטיחות ואבטחה
10
2882.91
20
-2331.00
30
0.0
11
2850.00
21
-2312.00
31
0.0
0
LINE
8
בטיחות ואבטחה
10
2850.00
20
-2312.00
30
0.0
11
2817.09
21
-2331.00
31
0.0
0
LINE
8
בטיחות ואבטחה
10
2817.09
20
-2331.00
30
0.0
11
2817.09
21
-2369.00
31
0.0
0
LINE
8
בטיחות ואבטחה
10
2817.09
20
-2369.00
30
0.0
11
2850.00
21
-2388.00
31
0.0
0
LINE
8
בטיחות ואבטחה
10
2850.00
20
-2388.00
30
0.0
11
2882.91
21
-2369.00
31
0.0
0
LINE
8
בטיחות ואבטחה
10
2882.91
20
-2369.00
30
0.0
11
2882.91
21
-2331.00
31
0.0
0
LINE
8
בטיחות ואבטחה
10
2850.00
20
-2330.70
30
0.0
11
2856.69
21
-2345.29
31
0.0
0
LINE
8
בטיחות ואבטחה
10
2856.69
20
-2345.29
30
0.0
11
2858.51
21
-2356.23
31
0.0
0
LINE
8
בטיחות ואבטחה
10
2858.51
20
-2356.23
30
0.0
11
2854.26
21
-2364.74
31
0.0
0
LINE
8
בטיחות ואבטחה
10
2854.26
20
-2364.74
30
0.0
11
2845.74
21
-2364.74
31
0.0
0
LINE
8
בטיחות ואבטחה
10
2845.74
20
-2364.74
30
0.0
11
2841.49
21
-2356.23
31
0.0
0
LINE
8
בטיחות ואבטחה
10
2841.49
20
-2356.23
30
0.0
11
2843.31
21
-2345.29
31
0.0
0
LINE
8
בטיחות ואבטחה
10
2843.31
20
-2345.29
30
0.0
11
2850.00
21
-2330.70
31
0.0
0
TEXT
8
מקרא
10
2800.00
20
-2430.00
30
0.0
40
40
1
גלאי גז
0
LINE
8
מסגרת
10
3200.00
20
-2400.00
30
0.0
11
3300.00
21
-2400.00
31
0.0
0
LINE
8
מסגרת
10
3300.00
20
-2400.00
30
0.0
11
3300.00
21
-2300.00
31
0.0
0
LINE
8
מסגרת
10
3300.00
20
-2300.00
30
0.0
11
3200.00
21
-2300.00
31
0.0
0
LINE
8
מסגרת
10
3200.00
20
-2300.00
30
0.0
11
3200.00
21
-2400.00
31
0.0
0
LINE
8
בטיחות ואבטחה
10
3290.00
20
-2350.00
30
0.0
11
3286.96
21
-2334.69
31
0.0
0
LINE
8
בטיחות ואבטחה
10
3286.96
20
-2334.69
30
0.0
11
3278.28
21
-2321.72
31
0.0
0
LINE
8
בטיחות ואבטחה
10
3278.28
20
-2321.72
30
0.0
11
3265.31
21
-2313.04
31
0.0
0
LINE
8
בטיחות ואבטחה
10
3265.31
20
-2313.04
30
0.0
11
3250.00
21
-2310.00
31
0.0
0
LINE
8
בטיחות ואבטחה
10
3250.00
20
-2310.00
30
0.0
11
3234.69
21
-2313.04
31
0.0
0
LINE
8
בטיחות ואבטחה
10
3234.69
20
-2313.04
30
0.0
11
3221.72
21
-2321.72
31
0.0
0
LINE
8
בטיחות ואבטחה
10
3221.72
20
-2321.72
30
0.0
11
3213.04
21
-2334.69
31
0.0
0
LINE
8
בטיחות ואבטחה
10
3213.04
20
-2334.69
30
0.0
11
3210.00
21
-2350.00
31
0.0
0
LINE
8
בטיחות ואבטחה
10
3210.00
20
-2350.00
30
0.0
11
3213.04
21
-2365.31
31
0.0
0
LINE
8
בטיחות ואבטחה
10
3213.04
20
-2365.31
30
0.0
11
3221.72
21
-2378.28
31
0.0
0
LINE
8
בטיחות ואבטחה
10
3221.72
20
-2378.28
30
0.0
11
3234.69
21
-2386.96
31
0.0
0
LINE
8
בטיחות ואבטחה
10
3234.69
20
-2386.96
30
0.0
11
3250.00
21
-2390.00
31
0.0
0
LINE
8
בטיחות ואבטחה
10
3250.00
20
-2390.00
30
0.0
11
3265.31
21
-2386.96
31
0.0
0
LINE
8
בטיחות ואבטחה
10
3265.31
20
-2386.96
30
0.0
11
3278.28
21
-2378.28
31
0.0
0
LINE
8
בטיחות ואבטחה
10
3278.28
20
-2378.28
30
0.0
11
3286.96
21
-2365.31
31
0.0
0
LINE
8
בטיחות ואבטחה
10
3286.96
20
-2365.31
30
0.0
11
3290.00
21
-2350.00
31
0.0
0
LINE
8
בטיחות ואבטחה
10
3247.60
20
-2350.00
30
0.0
11
3245.61
21
-2343.89
31
0.0
0
LINE
8
בטיחות ואבטחה
10
3245.61
20
-2343.89
30
0.0
11
3240.41
21
-2340.11
31
0.0
0
LINE
8
בטיחות ואבטחה
10
3240.41
20
-2340.11
30
0.0
11
3233.99
21
-2340.11
31
0.0
0
LINE
8
בטיחות ואבטחה
10
3233.99
20
-2340.11
30
0.0
11
3228.79
21
-2343.89
31
0.0
0
LINE
8
בטיחות ואבטחה
10
3228.79
20
-2343.89
30
0.0
11
3226.80
21
-2350.00
31
0.0
0
LINE
8
בטיחות ואבטחה
10
3226.80
20
-2350.00
30
0.0
11
3228.79
21
-2356.11
31
0.0
0
LINE
8
בטיחות ואבטחה
10
3228.79
20
-2356.11
30
0.0
11
3233.99
21
-2359.89
31
0.0
0
LINE
8
בטיחות ואבטחה
10
3233.99
20
-2359.89
30
0.0
11
3240.41
21
-2359.89
31
0.0
0
LINE
8
בטיחות ואבטחה
10
3240.41
20
-2359.89
30
0.0
11
3245.61
21
-2356.11
31
0.0
0
LINE
8
בטיחות ואבטחה
10
3245.61
20
-2356.11
30
0.0
11
3247.60
21
-2350.00
31
0.0
0
LINE
8
בטיחות ואבטחה
10
3273.20
20
-2350.00
30
0.0
11
3271.21
21
-2343.89
31
0.0
0
LINE
8
בטיחות ואבטחה
10
3271.21
20
-2343.89
30
0.0
11
3266.01
21
-2340.11
31
0.0
0
LINE
8
בטיחות ואבטחה
10
3266.01
20
-2340.11
30
0.0
11
3259.59
21
-2340.11
31
0.0
0
LINE
8
בטיחות ואבטחה
10
3259.59
20
-2340.11
30
0.0
11
3254.39
21
-2343.89
31
0.0
0
LINE
8
בטיחות ואבטחה
10
3254.39
20
-2343.89
30
0.0
11
3252.40
21
-2350.00
31
0.0
0
LINE
8
בטיחות ואבטחה
10
3252.40
20
-2350.00
30
0.0
11
3254.39
21
-2356.11
31
0.0
0
LINE
8
בטיחות ואבטחה
10
3254.39
20
-2356.11
30
0.0
11
3259.59
21
-2359.89
31
0.0
0
LINE
8
בטיחות ואבטחה
10
3259.59
20
-2359.89
30
0.0
11
3266.01
21
-2359.89
31
0.0
0
LINE
8
בטיחות ואבטחה
10
3266.01
20
-2359.89
30
0.0
11
3271.21
21
-2356.11
31
0.0
0
LINE
8
בטיחות ואבטחה
10
3271.21
20
-2356.11
30
0.0
11
3273.20
21
-2350.00
31
0.0
0
LINE
8
בטיחות ואבטחה
10
3247.60
20
-2347.60
30
0.0
11
3252.40
21
-2347.60
31
0.0
0
LINE
8
בטיחות ואבטחה
10
3247.60
20
-2352.40
30
0.0
11
3252.40
21
-2352.40
31
0.0
0
TEXT
8
מקרא
10
3200.00
20
-2430.00
30
0.0
40
40
1
גלאי פחמן חד-חמצני (CO)
0
LINE
8
מסגרת
10
3600.00
20
-2400.00
30
0.0
11
3660.00
21
-2400.00
31
0.0
0
LINE
8
מסגרת
10
3660.00
20
-2400.00
30
0.0
11
3660.00
21
-2360.00
31
0.0
0
LINE
8
מסגרת
10
3660.00
20
-2360.00
30
0.0
11
3600.00
21
-2360.00
31
0.0
0
LINE
8
מסגרת
10
3600.00
20
-2360.00
30
0.0
11
3600.00
21
-2400.00
31
0.0
0
LINE
8
בטיחות ואבטחה
10
3607.20
20
-2394.00
30
0.0
11
3652.80
21
-2394.00
31
0.0
0
LINE
8
בטיחות ואבטחה
10
3652.80
20
-2394.00
30
0.0
11
3652.80
21
-2374.00
31
0.0
0
LINE
8
בטיחות ואבטחה
10
3652.80
20
-2374.00
30
0.0
11
3607.20
21
-2374.00
31
0.0
0
LINE
8
בטיחות ואבטחה
10
3607.20
20
-2374.00
30
0.0
11
3607.20
21
-2394.00
31
0.0
0
LINE
8
בטיחות ואבטחה
10
3630.00
20
-2372.00
30
0.0
11
3632.70
21
-2377.40
31
0.0
0
LINE
8
בטיחות ואבטחה
10
3632.70
20
-2377.40
30
0.0
11
3634.69
21
-2378.85
31
0.0
0
LINE
8
בטיחות ואבטחה
10
3634.69
20
-2378.85
30
0.0
11
3635.99
21
-2380.94
31
0.0
0
LINE
8
בטיחות ואבטחה
10
3635.99
20
-2380.94
30
0.0
11
3636.40
21
-2383.36
31
0.0
0
LINE
8
בטיחות ואבטחה
10
3636.40
20
-2383.36
30
0.0
11
3635.87
21
-2385.76
31
0.0
0
LINE
8
בטיחות ואבטחה
10
3635.87
20
-2385.76
30
0.0
11
3634.47
21
-2387.78
31
0.0
0
LINE
8
בטיחות ואבטחה
10
3634.47
20
-2387.78
30
0.0
11
3632.41
21
-2389.13
31
0.0
0
LINE
8
בטיחות ואבטחה
10
3632.41
20
-2389.13
30
0.0
11
3630.00
21
-2389.60
31
0.0
0
LINE
8
בטיחות ואבטחה
10
3630.00
20
-2389.60
30
0.0
11
3627.59
21
-2389.13
31
0.0
0
LINE
8
בטיחות ואבטחה
10
3627.59
20
-2389.13
30
0.0
11
3625.53
21
-2387.78
31
0.0
0
LINE
8
בטיחות ואבטחה
10
3625.53
20
-2387.78
30
0.0
11
3624.13
21
-2385.76
31
0.0
0
LINE
8
בטיחות ואבטחה
10
3624.13
20
-2385.76
30
0.0
11
3623.60
21
-2383.36
31
0.0
0
LINE
8
בטיחות ואבטחה
10
3623.60
20
-2383.36
30
0.0
11
3624.01
21
-2380.94
31
0.0
0
LINE
8
בטיחות ואבטחה
10
3624.01
20
-2380.94
30
0.0
11
3625.31
21
-2378.85
31
0.0
0
LINE
8
בטיחות ואבטחה
10
3625.31
20
-2378.85
30
0.0
11
3627.30
21
-2377.40
31
0.0
0
LINE
8
בטיחות ואבטחה
10
3627.30
20
-2377.40
30
0.0
11
3630.00
21
-2372.00
31
0.0
0
LINE
8
בטיחות ואבטחה
10
3609.00
20
-2367.20
30
0.0
11
3611.63
21
-2364.94
31
0.0
0
LINE
8
בטיחות ואבטחה
10
3611.63
20
-2364.94
30
0.0
11
3614.25
21
-2364.00
31
0.0
0
LINE
8
בטיחות ואבטחה
10
3614.25
20
-2364.00
30
0.0
11
3616.88
21
-2364.94
31
0.0
0
LINE
8
בטיחות ואבטחה
10
3616.88
20
-2364.94
30
0.0
11
3619.50
21
-2367.20
31
0.0
0
LINE
8
בטיחות ואבטחה
10
3619.50
20
-2367.20
30
0.0
11
3622.13
21
-2369.46
31
0.0
0
LINE
8
בטיחות ואבטחה
10
3622.13
20
-2369.46
30
0.0
11
3624.75
21
-2370.40
31
0.0
0
LINE
8
בטיחות ואבטחה
10
3624.75
20
-2370.40
30
0.0
11
3627.38
21
-2369.46
31
0.0
0
LINE
8
בטיחות ואבטחה
10
3627.38
20
-2369.46
30
0.0
11
3630.00
21
-2367.20
31
0.0
0
LINE
8
בטיחות ואבטחה
10
3630.00
20
-2367.20
30
0.0
11
3632.63
21
-2364.94
31
0.0
0
LINE
8
בטיחות ואבטחה
10
3632.63
20
-2364.94
30
0.0
11
3635.25
21
-2364.00
31
0.0
0
LINE
8
בטיחות ואבטחה
10
3635.25
20
-2364.00
30
0.0
11
3637.88
21
-2364.94
31
0.0
0
LINE
8
בטיחות ואבטחה
10
3637.88
20
-2364.94
30
0.0
11
3640.50
21
-2367.20
31
0.0
0
LINE
8
בטיחות ואבטחה
10
3640.50
20
-2367.20
30
0.0
11
3643.13
21
-2369.46
31
0.0
0
LINE
8
בטיחות ואבטחה
10
3643.13
20
-2369.46
30
0.0
11
3645.75
21
-2370.40
31
0.0
0
LINE
8
בטיחות ואבטחה
10
3645.75
20
-2370.40
30
0.0
11
3648.38
21
-2369.46
31
0.0
0
LINE
8
בטיחות ואבטחה
10
3648.38
20
-2369.46
30
0.0
11
3651.00
21
-2367.20
31
0.0
0
TEXT
8
מקרא
10
3600.00
20
-2430.00
30
0.0
40
40
1
גלאי הצפה (מים)
0
LINE
8
מסגרת
10
0.00
20
-2800.00
30
0.0
11
60.00
21
-2800.00
31
0.0
0
LINE
8
מסגרת
10
60.00
20
-2800.00
30
0.0
11
60.00
21
-2740.00
31
0.0
0
LINE
8
מסגרת
10
60.00
20
-2740.00
30
0.0
11
0.00
21
-2740.00
31
0.0
0
LINE
8
מסגרת
10
0.00
20
-2740.00
30
0.0
11
0.00
21
-2800.00
31
0.0
0
LINE
8
בטיחות ואבטחה
10
54.00
20
-2770.00
30
0.0
11
51.62
21
-2759.59
31
0.0
0
LINE
8
בטיחות ואבטחה
10
51.62
20
-2759.59
30
0.0
11
44.96
21
-2751.24
31
0.0
0
LINE
8
בטיחות ואבטחה
10
44.96
20
-2751.24
30
0.0
11
35.34
21
-2746.60
31
0.0
0
LINE
8
בטיחות ואבטחה
10
35.34
20
-2746.60
30
0.0
11
24.66
21
-2746.60
31
0.0
0
LINE
8
בטיחות ואבטחה
10
24.66
20
-2746.60
30
0.0
11
15.04
21
-2751.24
31
0.0
0
LINE
8
בטיחות ואבטחה
10
15.04
20
-2751.24
30
0.0
11
8.38
21
-2759.59
31
0.0
0
LINE
8
בטיחות ואבטחה
10
8.38
20
-2759.59
30
0.0
11
6.00
21
-2770.00
31
0.0
0
LINE
8
בטיחות ואבטחה
10
6.00
20
-2770.00
30
0.0
11
8.38
21
-2780.41
31
0.0
0
LINE
8
בטיחות ואבטחה
10
8.38
20
-2780.41
30
0.0
11
15.04
21
-2788.76
31
0.0
0
LINE
8
בטיחות ואבטחה
10
15.04
20
-2788.76
30
0.0
11
24.66
21
-2793.40
31
0.0
0
LINE
8
בטיחות ואבטחה
10
24.66
20
-2793.40
30
0.0
11
35.34
21
-2793.40
31
0.0
0
LINE
8
בטיחות ואבטחה
10
35.34
20
-2793.40
30
0.0
11
44.96
21
-2788.76
31
0.0
0
LINE
8
בטיחות ואבטחה
10
44.96
20
-2788.76
30
0.0
11
51.62
21
-2780.41
31
0.0
0
LINE
8
בטיחות ואבטחה
10
51.62
20
-2780.41
30
0.0
11
54.00
21
-2770.00
31
0.0
0
LINE
8
בטיחות ואבטחה
10
18.00
20
-2778.40
30
0.0
11
18.00
21
-2773.60
31
0.0
0
LINE
8
בטיחות ואבטחה
10
18.00
20
-2773.60
30
0.0
11
21.60
21
-2762.80
31
0.0
0
LINE
8
בטיחות ואבטחה
10
21.60
20
-2762.80
30
0.0
11
38.40
21
-2762.80
31
0.0
0
LINE
8
בטיחות ואבטחה
10
38.40
20
-2762.80
30
0.0
11
42.00
21
-2773.60
31
0.0
0
LINE
8
בטיחות ואבטחה
10
42.00
20
-2773.60
30
0.0
11
42.00
21
-2778.40
31
0.0
0
LINE
8
בטיחות ואבטחה
10
18.00
20
-2778.40
30
0.0
11
42.00
21
-2778.40
31
0.0
0
LINE
8
בטיחות ואבטחה
10
31.80
20
-2781.40
30
0.0
11
30.90
21
-2779.84
31
0.0
0
LINE
8
בטיחות ואבטחה
10
30.90
20
-2779.84
30
0.0
11
29.10
21
-2779.84
31
0.0
0
LINE
8
בטיחות ואבטחה
10
29.10
20
-2779.84
30
0.0
11
28.20
21
-2781.40
31
0.0
0
LINE
8
בטיחות ואבטחה
10
28.20
20
-2781.40
30
0.0
11
29.10
21
-2782.96
31
0.0
0
LINE
8
בטיחות ואבטחה
10
29.10
20
-2782.96
30
0.0
11
30.90
21
-2782.96
31
0.0
0
LINE
8
בטיחות ואבטחה
10
30.90
20
-2782.96
30
0.0
11
31.80
21
-2781.40
31
0.0
0
TEXT
8
מקרא
10
0.00
20
-2830.00
30
0.0
40
40
1
פעמון דלת (לחצן)
0
LINE
8
מסגרת
10
400.00
20
-2800.00
30
0.0
11
520.00
21
-2800.00
31
0.0
0
LINE
8
מסגרת
10
520.00
20
-2800.00
30
0.0
11
520.00
21
-2720.00
31
0.0
0
LINE
8
מסגרת
10
520.00
20
-2720.00
30
0.0
11
400.00
21
-2720.00
31
0.0
0
LINE
8
מסגרת
10
400.00
20
-2720.00
30
0.0
11
400.00
21
-2800.00
31
0.0
0
LINE
8
בטיחות ואבטחה
10
492.00
20
-2772.00
30
0.0
11
490.43
21
-2762.11
31
0.0
0
LINE
8
בטיחות ואבטחה
10
490.43
20
-2762.11
30
0.0
11
485.89
21
-2753.19
31
0.0
0
LINE
8
בטיחות ואבטחה
10
485.89
20
-2753.19
30
0.0
11
478.81
21
-2746.11
31
0.0
0
LINE
8
בטיחות ואבטחה
10
478.81
20
-2746.11
30
0.0
11
469.89
21
-2741.57
31
0.0
0
LINE
8
בטיחות ואבטחה
10
469.89
20
-2741.57
30
0.0
11
460.00
21
-2740.00
31
0.0
0
LINE
8
בטיחות ואבטחה
10
460.00
20
-2740.00
30
0.0
11
450.11
21
-2741.57
31
0.0
0
LINE
8
בטיחות ואבטחה
10
450.11
20
-2741.57
30
0.0
11
441.19
21
-2746.11
31
0.0
0
LINE
8
בטיחות ואבטחה
10
441.19
20
-2746.11
30
0.0
11
434.11
21
-2753.19
31
0.0
0
LINE
8
בטיחות ואבטחה
10
434.11
20
-2753.19
30
0.0
11
429.57
21
-2762.11
31
0.0
0
LINE
8
בטיחות ואבטחה
10
429.57
20
-2762.11
30
0.0
11
428.00
21
-2772.00
31
0.0
0
LINE
8
בטיחות ואבטחה
10
428.00
20
-2772.00
30
0.0
11
492.00
21
-2772.00
31
0.0
0
LINE
8
בטיחות ואבטחה
10
496.03
20
-2738.40
30
0.0
11
489.42
21
-2729.78
31
0.0
0
LINE
8
בטיחות ואבטחה
10
489.42
20
-2729.78
30
0.0
11
480.80
21
-2723.17
31
0.0
0
LINE
8
בטיחות ואבטחה
10
480.80
20
-2723.17
30
0.0
11
470.77
21
-2720.00
31
0.0
0
LINE
8
בטיחות ואבטחה
10
470.77
20
-2720.00
30
0.0
11
460.00
21
-2720.00
31
0.0
0
LINE
8
בטיחות ואבטחה
10
460.00
20
-2720.00
30
0.0
11
449.23
21
-2720.00
31
0.0
0
LINE
8
בטיחות ואבטחה
10
449.23
20
-2720.00
30
0.0
11
439.20
21
-2723.17
31
0.0
0
LINE
8
בטיחות ואבטחה
10
439.20
20
-2723.17
30
0.0
11
430.58
21
-2729.78
31
0.0
0
LINE
8
בטיחות ואבטחה
10
430.58
20
-2729.78
30
0.0
11
423.97
21
-2738.40
31
0.0
0
LINE
8
בטיחות ואבטחה
10
504.34
20
-2733.60
30
0.0
11
496.20
21
-2723.00
31
0.0
0
LINE
8
בטיחות ואבטחה
10
496.20
20
-2723.00
30
0.0
11
485.60
21
-2720.00
31
0.0
0
LINE
8
בטיחות ואבטחה
10
485.60
20
-2720.00
30
0.0
11
473.25
21
-2720.00
31
0.0
0
LINE
8
בטיחות ואבטחה
10
473.25
20
-2720.00
30
0.0
11
460.00
21
-2720.00
31
0.0
0
LINE
8
בטיחות ואבטחה
10
460.00
20
-2720.00
30
0.0
11
446.75
21
-2720.00
31
0.0
0
LINE
8
בטיחות ואבטחה
10
446.75
20
-2720.00
30
0.0
11
434.40
21
-2720.00
31
0.0
0
LINE
8
בטיחות ואבטחה
10
434.40
20
-2720.00
30
0.0
11
423.80
21
-2723.00
31
0.0
0
LINE
8
בטיחות ואבטחה
10
423.80
20
-2723.00
30
0.0
11
415.66
21
-2733.60
31
0.0
0
TEXT
8
מקרא
10
400.00
20
-2830.00
30
0.0
40
40
1
גונג / זמזם פעמון
0
LINE
8
מסגרת
10
800.00
20
-2800.00
30
0.0
11
900.00
21
-2800.00
31
0.0
0
LINE
8
מסגרת
10
900.00
20
-2800.00
30
0.0
11
900.00
21
-2700.00
31
0.0
0
LINE
8
מסגרת
10
900.00
20
-2700.00
30
0.0
11
800.00
21
-2700.00
31
0.0
0
LINE
8
מסגרת
10
800.00
20
-2700.00
30
0.0
11
800.00
21
-2800.00
31
0.0
0
LINE
8
בטיחות ואבטחה
10
820.00
20
-2755.00
30
0.0
11
870.00
21
-2755.00
31
0.0
0
LINE
8
בטיחות ואבטחה
10
870.00
20
-2755.00
30
0.0
11
870.00
21
-2732.00
31
0.0
0
LINE
8
בטיחות ואבטחה
10
870.00
20
-2732.00
30
0.0
11
820.00
21
-2732.00
31
0.0
0
LINE
8
בטיחות ואבטחה
10
820.00
20
-2732.00
30
0.0
11
820.00
21
-2755.00
31
0.0
0
LINE
8
בטיחות ואבטחה
10
878.00
20
-2743.50
30
0.0
11
876.66
21
-2738.50
31
0.0
0
LINE
8
בטיחות ואבטחה
10
876.66
20
-2738.50
30
0.0
11
873.00
21
-2734.84
31
0.0
0
LINE
8
בטיחות ואבטחה
10
873.00
20
-2734.84
30
0.0
11
868.00
21
-2733.50
31
0.0
0
LINE
8
בטיחות ואבטחה
10
868.00
20
-2733.50
30
0.0
11
863.00
21
-2734.84
31
0.0
0
LINE
8
בטיחות ואבטחה
10
863.00
20
-2734.84
30
0.0
11
859.34
21
-2738.50
31
0.0
0
LINE
8
בטיחות ואבטחה
10
859.34
20
-2738.50
30
0.0
11
858.00
21
-2743.50
31
0.0
0
LINE
8
בטיחות ואבטחה
10
858.00
20
-2743.50
30
0.0
11
859.34
21
-2748.50
31
0.0
0
LINE
8
בטיחות ואבטחה
10
859.34
20
-2748.50
30
0.0
11
863.00
21
-2752.16
31
0.0
0
LINE
8
בטיחות ואבטחה
10
863.00
20
-2752.16
30
0.0
11
868.00
21
-2753.50
31
0.0
0
LINE
8
בטיחות ואבטחה
10
868.00
20
-2753.50
30
0.0
11
873.00
21
-2752.16
31
0.0
0
LINE
8
בטיחות ואבטחה
10
873.00
20
-2752.16
30
0.0
11
876.66
21
-2748.50
31
0.0
0
LINE
8
בטיחות ואבטחה
10
876.66
20
-2748.50
30
0.0
11
878.00
21
-2743.50
31
0.0
0
LINE
8
בטיחות ואבטחה
10
835.00
20
-2732.00
30
0.0
11
835.00
21
-2720.00
31
0.0
0
LINE
8
בטיחות ואבטחה
10
825.00
20
-2720.00
30
0.0
11
845.00
21
-2720.00
31
0.0
0
LINE
8
בטיחות ואבטחה
10
878.00
20
-2750.00
30
0.0
11
895.00
21
-2765.00
31
0.0
0
LINE
8
בטיחות ואבטחה
10
878.00
20
-2738.00
30
0.0
11
895.00
21
-2730.00
31
0.0
0
TEXT
8
מקרא
10
800.00
20
-2830.00
30
0.0
40
40
1
מצלמת אבטחה / הכנה למצלמה
0
LINE
8
מסגרת
10
1200.00
20
-2800.00
30
0.0
11
1450.00
21
-2800.00
31
0.0
0
LINE
8
מסגרת
10
1450.00
20
-2800.00
30
0.0
11
1450.00
21
-2600.00
31
0.0
0
LINE
8
מסגרת
10
1450.00
20
-2600.00
30
0.0
11
1200.00
21
-2600.00
31
0.0
0
LINE
8
מסגרת
10
1200.00
20
-2600.00
30
0.0
11
1200.00
21
-2800.00
31
0.0
0
LINE
8
בטיחות ואבטחה
10
1230.00
20
-2776.00
30
0.0
11
1420.00
21
-2776.00
31
0.0
0
LINE
8
בטיחות ואבטחה
10
1420.00
20
-2776.00
30
0.0
11
1420.00
21
-2624.00
31
0.0
0
LINE
8
בטיחות ואבטחה
10
1420.00
20
-2624.00
30
0.0
11
1230.00
21
-2624.00
31
0.0
0
LINE
8
בטיחות ואבטחה
10
1230.00
20
-2624.00
30
0.0
11
1230.00
21
-2776.00
31
0.0
0
LINE
8
בטיחות ואבטחה
10
1255.00
20
-2680.00
30
0.0
11
1395.00
21
-2680.00
31
0.0
0
LINE
8
בטיחות ואבטחה
10
1395.00
20
-2680.00
30
0.0
11
1395.00
21
-2644.00
31
0.0
0
LINE
8
בטיחות ואבטחה
10
1395.00
20
-2644.00
30
0.0
11
1255.00
21
-2644.00
31
0.0
0
LINE
8
בטיחות ואבטחה
10
1255.00
20
-2644.00
30
0.0
11
1255.00
21
-2680.00
31
0.0
0
LINE
8
בטיחות ואבטחה
10
1270.00
20
-2760.00
30
0.0
11
1380.00
21
-2760.00
31
0.0
0
LINE
8
בטיחות ואבטחה
10
1380.00
20
-2760.00
30
0.0
11
1380.00
21
-2696.00
31
0.0
0
LINE
8
בטיחות ואבטחה
10
1380.00
20
-2696.00
30
0.0
11
1270.00
21
-2696.00
31
0.0
0
LINE
8
בטיחות ואבטחה
10
1270.00
20
-2696.00
30
0.0
11
1270.00
21
-2760.00
31
0.0
0
LINE
8
בטיחות ואבטחה
10
1306.67
20
-2760.00
30
0.0
11
1306.67
21
-2696.00
31
0.0
0
LINE
8
בטיחות ואבטחה
10
1343.33
20
-2760.00
30
0.0
11
1343.33
21
-2696.00
31
0.0
0
LINE
8
בטיחות ואבטחה
10
1270.00
20
-2738.67
30
0.0
11
1380.00
21
-2738.67
31
0.0
0
LINE
8
בטיחות ואבטחה
10
1270.00
20
-2717.33
30
0.0
11
1380.00
21
-2717.33
31
0.0
0
TEXT
8
מקרא
10
1200.00
20
-2830.00
30
0.0
40
40
1
לוח בקרת אזעקה
0
LINE
8
מסגרת
10
1600.00
20
-2800.00
30
0.0
11
1800.00
21
-2800.00
31
0.0
0
LINE
8
מסגרת
10
1800.00
20
-2800.00
30
0.0
11
1800.00
21
-2550.00
31
0.0
0
LINE
8
מסגרת
10
1800.00
20
-2550.00
30
0.0
11
1600.00
21
-2550.00
31
0.0
0
LINE
8
מסגרת
10
1600.00
20
-2550.00
30
0.0
11
1600.00
21
-2800.00
31
0.0
0
LINE
8
בטיחות ואבטחה
10
1630.00
20
-2705.00
30
0.0
11
1670.00
21
-2705.00
31
0.0
0
LINE
8
בטיחות ואבטחה
10
1670.00
20
-2705.00
30
0.0
11
1710.00
21
-2745.00
31
0.0
0
LINE
8
בטיחות ואבטחה
10
1710.00
20
-2745.00
30
0.0
11
1710.00
21
-2605.00
31
0.0
0
LINE
8
בטיחות ואבטחה
10
1710.00
20
-2605.00
30
0.0
11
1670.00
21
-2645.00
31
0.0
0
LINE
8
בטיחות ואבטחה
10
1670.00
20
-2645.00
30
0.0
11
1630.00
21
-2645.00
31
0.0
0
LINE
8
בטיחות ואבטחה
10
1630.00
20
-2645.00
30
0.0
11
1630.00
21
-2705.00
31
0.0
0
LINE
8
בטיחות ואבטחה
10
1727.00
20
-2704.44
30
0.0
11
1710.00
21
-2709.00
31
0.0
0
LINE
8
בטיחות ואבטחה
10
1710.00
20
-2709.00
30
0.0
11
1693.00
21
-2704.44
31
0.0
0
LINE
8
בטיחות ואבטחה
10
1693.00
20
-2704.44
30
0.0
11
1680.56
21
-2692.00
31
0.0
0
LINE
8
בטיחות ואבטחה
10
1680.56
20
-2692.00
30
0.0
11
1676.00
21
-2675.00
31
0.0
0
LINE
8
בטיחות ואבטחה
10
1676.00
20
-2675.00
30
0.0
11
1680.56
21
-2658.00
31
0.0
0
LINE
8
בטיחות ואבטחה
10
1680.56
20
-2658.00
30
0.0
11
1693.00
21
-2645.56
31
0.0
0
LINE
8
בטיחות ואבטחה
10
1693.00
20
-2645.56
30
0.0
11
1710.00
21
-2641.00
31
0.0
0
LINE
8
בטיחות ואבטחה
10
1710.00
20
-2641.00
30
0.0
11
1727.00
21
-2645.56
31
0.0
0
LINE
8
בטיחות ואבטחה
10
1739.00
20
-2725.23
30
0.0
11
1710.00
21
-2733.00
31
0.0
0
LINE
8
בטיחות ואבטחה
10
1710.00
20
-2733.00
30
0.0
11
1681.00
21
-2725.23
31
0.0
0
LINE
8
בטיחות ואבטחה
10
1681.00
20
-2725.23
30
0.0
11
1659.77
21
-2704.00
31
0.0
0
LINE
8
בטיחות ואבטחה
10
1659.77
20
-2704.00
30
0.0
11
1652.00
21
-2675.00
31
0.0
0
LINE
8
בטיחות ואבטחה
10
1652.00
20
-2675.00
30
0.0
11
1659.77
21
-2646.00
31
0.0
0
LINE
8
בטיחות ואבטחה
10
1659.77
20
-2646.00
30
0.0
11
1681.00
21
-2624.77
31
0.0
0
LINE
8
בטיחות ואבטחה
10
1681.00
20
-2624.77
30
0.0
11
1710.00
21
-2617.00
31
0.0
0
LINE
8
בטיחות ואבטחה
10
1710.00
20
-2617.00
30
0.0
11
1739.00
21
-2624.77
31
0.0
0
LINE
8
בטיחות ואבטחה
10
1751.00
20
-2746.01
30
0.0
11
1710.00
21
-2757.00
31
0.0
0
LINE
8
בטיחות ואבטחה
10
1710.00
20
-2757.00
30
0.0
11
1669.00
21
-2746.01
31
0.0
0
LINE
8
בטיחות ואבטחה
10
1669.00
20
-2746.01
30
0.0
11
1638.99
21
-2716.00
31
0.0
0
LINE
8
בטיחות ואבטחה
10
1638.99
20
-2716.00
30
0.0
11
1628.00
21
-2675.00
31
0.0
0
LINE
8
בטיחות ואבטחה
10
1628.00
20
-2675.00
30
0.0
11
1638.99
21
-2634.00
31
0.0
0
LINE
8
בטיחות ואבטחה
10
1638.99
20
-2634.00
30
0.0
11
1669.00
21
-2603.99
31
0.0
0
LINE
8
בטיחות ואבטחה
10
1669.00
20
-2603.99
30
0.0
11
1710.00
21
-2593.00
31
0.0
0
LINE
8
בטיחות ואבטחה
10
1710.00
20
-2593.00
30
0.0
11
1751.00
21
-2603.99
31
0.0
0
TEXT
8
מקרא
10
1600.00
20
-2830.00
30
0.0
40
40
1
סירנה אזעקה
0
LINE
8
מסגרת
10
2000.00
20
-2800.00
30
0.0
11
2080.00
21
-2800.00
31
0.0
0
LINE
8
מסגרת
10
2080.00
20
-2800.00
30
0.0
11
2080.00
21
-2720.00
31
0.0
0
LINE
8
מסגרת
10
2080.00
20
-2720.00
30
0.0
11
2000.00
21
-2720.00
31
0.0
0
LINE
8
מסגרת
10
2000.00
20
-2720.00
30
0.0
11
2000.00
21
-2800.00
31
0.0
0
LINE
8
בטיחות ואבטחה
10
2052.80
20
-2745.60
30
0.0
11
2051.09
21
-2739.20
31
0.0
0
LINE
8
בטיחות ואבטחה
10
2051.09
20
-2739.20
30
0.0
11
2046.40
21
-2734.51
31
0.0
0
LINE
8
בטיחות ואבטחה
10
2046.40
20
-2734.51
30
0.0
11
2040.00
21
-2732.80
31
0.0
0
LINE
8
בטיחות ואבטחה
10
2040.00
20
-2732.80
30
0.0
11
2033.60
21
-2734.51
31
0.0
0
LINE
8
בטיחות ואבטחה
10
2033.60
20
-2734.51
30
0.0
11
2028.91
21
-2739.20
31
0.0
0
LINE
8
בטיחות ואבטחה
10
2028.91
20
-2739.20
30
0.0
11
2027.20
21
-2745.60
31
0.0
0
LINE
8
בטיחות ואבטחה
10
2027.20
20
-2745.60
30
0.0
11
2028.91
21
-2752.00
31
0.0
0
LINE
8
בטיחות ואבטחה
10
2028.91
20
-2752.00
30
0.0
11
2033.60
21
-2756.69
31
0.0
0
LINE
8
בטיחות ואבטחה
10
2033.60
20
-2756.69
30
0.0
11
2040.00
21
-2758.40
31
0.0
0
LINE
8
בטיחות ואבטחה
10
2040.00
20
-2758.40
30
0.0
11
2046.40
21
-2756.69
31
0.0
0
LINE
8
בטיחות ואבטחה
10
2046.40
20
-2756.69
30
0.0
11
2051.09
21
-2752.00
31
0.0
0
LINE
8
בטיחות ואבטחה
10
2051.09
20
-2752.00
30
0.0
11
2052.80
21
-2745.60
31
0.0
0
LINE
8
בטיחות ואבטחה
10
2023.36
20
-2758.40
30
0.0
11
2056.64
21
-2758.40
31
0.0
0
LINE
8
בטיחות ואבטחה
10
2020.80
20
-2758.40
30
0.0
11
2011.20
21
-2792.00
31
0.0
0
LINE
8
בטיחות ואבטחה
10
2030.40
20
-2758.40
30
0.0
11
2025.60
21
-2792.00
31
0.0
0
LINE
8
בטיחות ואבטחה
10
2040.00
20
-2758.40
30
0.0
11
2040.00
21
-2792.00
31
0.0
0
LINE
8
בטיחות ואבטחה
10
2049.60
20
-2758.40
30
0.0
11
2054.40
21
-2792.00
31
0.0
0
LINE
8
בטיחות ואבטחה
10
2059.20
20
-2758.40
30
0.0
11
2068.80
21
-2792.00
31
0.0
0
TEXT
8
מקרא
10
2000.00
20
-2830.00
30
0.0
40
40
1
ספרינקלר / מתז כיבוי
0
LINE
8
מסגרת
10
2400.00
20
-2800.00
30
0.0
11
2420.00
21
-2800.00
31
0.0
0
LINE
8
מסגרת
10
2420.00
20
-2800.00
30
0.0
11
2420.00
21
-2780.00
31
0.0
0
LINE
8
מסגרת
10
2420.00
20
-2780.00
30
0.0
11
2400.00
21
-2780.00
31
0.0
0
LINE
8
מסגרת
10
2400.00
20
-2780.00
30
0.0
11
2400.00
21
-2800.00
31
0.0
0
LINE
8
אינסטלציה — מים
10
2410.00
20
-2782.50
30
0.0
11
2412.20
21
-2786.89
31
0.0
0
LINE
8
אינסטלציה — מים
10
2412.20
20
-2786.89
30
0.0
11
2413.81
21
-2788.06
31
0.0
0
LINE
8
אינסטלציה — מים
10
2413.81
20
-2788.06
30
0.0
11
2414.86
21
-2789.76
31
0.0
0
LINE
8
אינסטלציה — מים
10
2414.86
20
-2789.76
30
0.0
11
2415.20
21
-2791.73
31
0.0
0
LINE
8
אינסטלציה — מים
10
2415.20
20
-2791.73
30
0.0
11
2414.77
21
-2793.68
31
0.0
0
LINE
8
אינסטלציה — מים
10
2414.77
20
-2793.68
30
0.0
11
2413.63
21
-2795.32
31
0.0
0
LINE
8
אינסטלציה — מים
10
2413.63
20
-2795.32
30
0.0
11
2411.96
21
-2796.42
31
0.0
0
LINE
8
אינסטלציה — מים
10
2411.96
20
-2796.42
30
0.0
11
2410.00
21
-2796.80
31
0.0
0
LINE
8
אינסטלציה — מים
10
2410.00
20
-2796.80
30
0.0
11
2408.04
21
-2796.42
31
0.0
0
LINE
8
אינסטלציה — מים
10
2408.04
20
-2796.42
30
0.0
11
2406.37
21
-2795.32
31
0.0
0
LINE
8
אינסטלציה — מים
10
2406.37
20
-2795.32
30
0.0
11
2405.23
21
-2793.68
31
0.0
0
LINE
8
אינסטלציה — מים
10
2405.23
20
-2793.68
30
0.0
11
2404.80
21
-2791.73
31
0.0
0
LINE
8
אינסטלציה — מים
10
2404.80
20
-2791.73
30
0.0
11
2405.14
21
-2789.76
31
0.0
0
LINE
8
אינסטלציה — מים
10
2405.14
20
-2789.76
30
0.0
11
2406.19
21
-2788.06
31
0.0
0
LINE
8
אינסטלציה — מים
10
2406.19
20
-2788.06
30
0.0
11
2407.80
21
-2786.89
31
0.0
0
LINE
8
אינסטלציה — מים
10
2407.80
20
-2786.89
30
0.0
11
2410.00
21
-2782.50
31
0.0
0
LINE
8
אינסטלציה — מים
10
2410.00
20
-2794.20
30
0.0
11
2410.00
21
-2789.00
31
0.0
0
TEXT
8
מקרא
10
2400.00
20
-2830.00
30
0.0
40
40
1
נקודת מים קרים
0
LINE
8
מסגרת
10
2800.00
20
-2800.00
30
0.0
11
2820.00
21
-2800.00
31
0.0
0
LINE
8
מסגרת
10
2820.00
20
-2800.00
30
0.0
11
2820.00
21
-2780.00
31
0.0
0
LINE
8
מסגרת
10
2820.00
20
-2780.00
30
0.0
11
2800.00
21
-2780.00
31
0.0
0
LINE
8
מסגרת
10
2800.00
20
-2780.00
30
0.0
11
2800.00
21
-2800.00
31
0.0
0
LINE
8
אינסטלציה — מים
10
2810.00
20
-2783.60
30
0.0
11
2812.03
21
-2787.65
31
0.0
0
LINE
8
אינסטלציה — מים
10
2812.03
20
-2787.65
30
0.0
11
2813.52
21
-2788.74
31
0.0
0
LINE
8
אינסטלציה — מים
10
2813.52
20
-2788.74
30
0.0
11
2814.49
21
-2790.30
31
0.0
0
LINE
8
אינסטלציה — מים
10
2814.49
20
-2790.30
30
0.0
11
2814.80
21
-2792.12
31
0.0
0
LINE
8
אינסטלציה — מים
10
2814.80
20
-2792.12
30
0.0
11
2814.40
21
-2793.92
31
0.0
0
LINE
8
אינסטלציה — מים
10
2814.40
20
-2793.92
30
0.0
11
2813.35
21
-2795.44
31
0.0
0
LINE
8
אינסטלציה — מים
10
2813.35
20
-2795.44
30
0.0
11
2811.81
21
-2796.45
31
0.0
0
LINE
8
אינסטלציה — מים
10
2811.81
20
-2796.45
30
0.0
11
2810.00
21
-2796.80
31
0.0
0
LINE
8
אינסטלציה — מים
10
2810.00
20
-2796.80
30
0.0
11
2808.19
21
-2796.45
31
0.0
0
LINE
8
אינסטלציה — מים
10
2808.19
20
-2796.45
30
0.0
11
2806.65
21
-2795.44
31
0.0
0
LINE
8
אינסטלציה — מים
10
2806.65
20
-2795.44
30
0.0
11
2805.60
21
-2793.92
31
0.0
0
LINE
8
אינסטלציה — מים
10
2805.60
20
-2793.92
30
0.0
11
2805.20
21
-2792.12
31
0.0
0
LINE
8
אינסטלציה — מים
10
2805.20
20
-2792.12
30
0.0
11
2805.51
21
-2790.30
31
0.0
0
LINE
8
אינסטלציה — מים
10
2805.51
20
-2790.30
30
0.0
11
2806.48
21
-2788.74
31
0.0
0
LINE
8
אינסטלציה — מים
10
2806.48
20
-2788.74
30
0.0
11
2807.97
21
-2787.65
31
0.0
0
LINE
8
אינסטלציה — מים
10
2807.97
20
-2787.65
30
0.0
11
2810.00
21
-2783.60
31
0.0
0
LINE
8
אינסטלציה — מים
10
2807.12
20
-2785.60
30
0.0
11
2808.32
21
-2784.00
31
0.0
0
LINE
8
אינסטלציה — מים
10
2808.32
20
-2784.00
30
0.0
11
2807.12
21
-2782.40
31
0.0
0
LINE
8
אינסטלציה — מים
10
2807.12
20
-2782.40
30
0.0
11
2808.32
21
-2780.80
31
0.0
0
LINE
8
אינסטלציה — מים
10
2810.00
20
-2785.60
30
0.0
11
2811.20
21
-2784.00
31
0.0
0
LINE
8
אינסטלציה — מים
10
2811.20
20
-2784.00
30
0.0
11
2810.00
21
-2782.40
31
0.0
0
LINE
8
אינסטלציה — מים
10
2810.00
20
-2782.40
30
0.0
11
2811.20
21
-2780.80
31
0.0
0
LINE
8
אינסטלציה — מים
10
2812.88
20
-2785.60
30
0.0
11
2814.08
21
-2784.00
31
0.0
0
LINE
8
אינסטלציה — מים
10
2814.08
20
-2784.00
30
0.0
11
2812.88
21
-2782.40
31
0.0
0
LINE
8
אינסטלציה — מים
10
2812.88
20
-2782.40
30
0.0
11
2814.08
21
-2780.80
31
0.0
0
TEXT
8
מקרא
10
2800.00
20
-2830.00
30
0.0
40
40
1
נקודת מים חמים
0
LINE
8
מסגרת
10
3200.00
20
-2800.00
30
0.0
11
3220.00
21
-2800.00
31
0.0
0
LINE
8
מסגרת
10
3220.00
20
-2800.00
30
0.0
11
3220.00
21
-2780.00
31
0.0
0
LINE
8
מסגרת
10
3220.00
20
-2780.00
30
0.0
11
3200.00
21
-2780.00
31
0.0
0
LINE
8
מסגרת
10
3200.00
20
-2780.00
30
0.0
11
3200.00
21
-2800.00
31
0.0
0
LINE
8
אינסטלציה — מים
10
3206.00
20
-2796.00
30
0.0
11
3206.00
21
-2786.00
31
0.0
0
LINE
8
אינסטלציה — מים
10
3206.00
20
-2786.00
30
0.0
11
3213.00
21
-2786.00
31
0.0
0
LINE
8
אינסטלציה — מים
10
3213.00
20
-2786.00
30
0.0
11
3213.00
21
-2790.00
31
0.0
0
LINE
8
אינסטלציה — מים
10
3204.00
20
-2786.00
30
0.0
11
3208.00
21
-2786.00
31
0.0
0
LINE
8
אינסטלציה — מים
10
3213.00
20
-2790.45
30
0.0
11
3213.76
21
-2791.97
31
0.0
0
LINE
8
אינסטלציה — מים
10
3213.76
20
-2791.97
30
0.0
11
3214.32
21
-2792.38
31
0.0
0
LINE
8
אינסטלציה — מים
10
3214.32
20
-2792.38
30
0.0
11
3214.68
21
-2792.96
31
0.0
0
LINE
8
אינסטלציה — מים
10
3214.68
20
-2792.96
30
0.0
11
3214.80
21
-2793.64
31
0.0
0
LINE
8
אינסטלציה — מים
10
3214.80
20
-2793.64
30
0.0
11
3214.65
21
-2794.32
31
0.0
0
LINE
8
אינסטלציה — מים
10
3214.65
20
-2794.32
30
0.0
11
3214.26
21
-2794.89
31
0.0
0
LINE
8
אינסטלציה — מים
10
3214.26
20
-2794.89
30
0.0
11
3213.68
21
-2795.27
31
0.0
0
LINE
8
אינסטלציה — מים
10
3213.68
20
-2795.27
30
0.0
11
3213.00
21
-2795.40
31
0.0
0
LINE
8
אינסטלציה — מים
10
3213.00
20
-2795.40
30
0.0
11
3212.32
21
-2795.27
31
0.0
0
LINE
8
אינסטלציה — מים
10
3212.32
20
-2795.27
30
0.0
11
3211.74
21
-2794.89
31
0.0
0
LINE
8
אינסטלציה — מים
10
3211.74
20
-2794.89
30
0.0
11
3211.35
21
-2794.32
31
0.0
0
LINE
8
אינסטלציה — מים
10
3211.35
20
-2794.32
30
0.0
11
3211.20
21
-2793.64
31
0.0
0
LINE
8
אינסטלציה — מים
10
3211.20
20
-2793.64
30
0.0
11
3211.32
21
-2792.96
31
0.0
0
LINE
8
אינסטלציה — מים
10
3211.32
20
-2792.96
30
0.0
11
3211.68
21
-2792.38
31
0.0
0
LINE
8
אינסטלציה — מים
10
3211.68
20
-2792.38
30
0.0
11
3212.24
21
-2791.97
31
0.0
0
LINE
8
אינסטלציה — מים
10
3212.24
20
-2791.97
30
0.0
11
3213.00
21
-2790.45
31
0.0
0
TEXT
8
מקרא
10
3200.00
20
-2830.00
30
0.0
40
40
1
ברז / נקודת ברז
0
LINE
8
מסגרת
10
3600.00
20
-2800.00
30
0.0
11
3620.00
21
-2800.00
31
0.0
0
LINE
8
מסגרת
10
3620.00
20
-2800.00
30
0.0
11
3620.00
21
-2780.00
31
0.0
0
LINE
8
מסגרת
10
3620.00
20
-2780.00
30
0.0
11
3600.00
21
-2780.00
31
0.0
0
LINE
8
מסגרת
10
3600.00
20
-2780.00
30
0.0
11
3600.00
21
-2800.00
31
0.0
0
LINE
8
אינסטלציה — מים
10
3608.40
20
-2782.30
30
0.0
11
3610.26
21
-2786.01
31
0.0
0
LINE
8
אינסטלציה — מים
10
3610.26
20
-2786.01
30
0.0
11
3611.63
21
-2787.01
31
0.0
0
LINE
8
אינסטלציה — מים
10
3611.63
20
-2787.01
30
0.0
11
3612.52
21
-2788.44
31
0.0
0
LINE
8
אינסטלציה — מים
10
3612.52
20
-2788.44
30
0.0
11
3612.80
21
-2790.11
31
0.0
0
LINE
8
אינסטלציה — מים
10
3612.80
20
-2790.11
30
0.0
11
3612.43
21
-2791.76
31
0.0
0
LINE
8
אינסטלציה — מים
10
3612.43
20
-2791.76
30
0.0
11
3611.47
21
-2793.15
31
0.0
0
LINE
8
אינסטלציה — מים
10
3611.47
20
-2793.15
30
0.0
11
3610.06
21
-2794.08
31
0.0
0
LINE
8
אינסטלציה — מים
10
3610.06
20
-2794.08
30
0.0
11
3608.40
21
-2794.40
31
0.0
0
LINE
8
אינסטלציה — מים
10
3608.40
20
-2794.40
30
0.0
11
3606.74
21
-2794.08
31
0.0
0
LINE
8
אינסטלציה — מים
10
3606.74
20
-2794.08
30
0.0
11
3605.33
21
-2793.15
31
0.0
0
LINE
8
אינסטלציה — מים
10
3605.33
20
-2793.15
30
0.0
11
3604.37
21
-2791.76
31
0.0
0
LINE
8
אינסטלציה — מים
10
3604.37
20
-2791.76
30
0.0
11
3604.00
21
-2790.11
31
0.0
0
LINE
8
אינסטלציה — מים
10
3604.00
20
-2790.11
30
0.0
11
3604.28
21
-2788.44
31
0.0
0
LINE
8
אינסטלציה — מים
10
3604.28
20
-2788.44
30
0.0
11
3605.17
21
-2787.01
31
0.0
0
LINE
8
אינסטלציה — מים
10
3605.17
20
-2787.01
30
0.0
11
3606.54
21
-2786.01
31
0.0
0
LINE
8
אינסטלציה — מים
10
3606.54
20
-2786.01
30
0.0
11
3608.40
21
-2782.30
31
0.0
0
LINE
8
אינסטלציה — מים
10
3612.00
20
-2793.00
30
0.0
11
3617.00
21
-2793.00
31
0.0
0
LINE
8
אינסטלציה — מים
10
3617.00
20
-2793.00
30
0.0
11
3617.00
21
-2787.00
31
0.0
0
LINE
8
אינסטלציה — מים
10
3617.00
20
-2787.00
30
0.0
11
3612.00
21
-2787.00
31
0.0
0
LINE
8
אינסטלציה — מים
10
3612.00
20
-2787.00
30
0.0
11
3612.00
21
-2793.00
31
0.0
0
TEXT
8
מקרא
10
3600.00
20
-2830.00
30
0.0
40
40
1
נקודת מים למדיח כלים
0
LINE
8
מסגרת
10
0.00
20
-3200.00
30
0.0
11
20.00
21
-3200.00
31
0.0
0
LINE
8
מסגרת
10
20.00
20
-3200.00
30
0.0
11
20.00
21
-3180.00
31
0.0
0
LINE
8
מסגרת
10
20.00
20
-3180.00
30
0.0
11
0.00
21
-3180.00
31
0.0
0
LINE
8
מסגרת
10
0.00
20
-3180.00
30
0.0
11
0.00
21
-3200.00
31
0.0
0
LINE
8
אינסטלציה — מים
10
8.00
20
-3182.30
30
0.0
11
9.86
21
-3186.01
31
0.0
0
LINE
8
אינסטלציה — מים
10
9.86
20
-3186.01
30
0.0
11
11.23
21
-3187.01
31
0.0
0
LINE
8
אינסטלציה — מים
10
11.23
20
-3187.01
30
0.0
11
12.12
21
-3188.44
31
0.0
0
LINE
8
אינסטלציה — מים
10
12.12
20
-3188.44
30
0.0
11
12.40
21
-3190.11
31
0.0
0
LINE
8
אינסטלציה — מים
10
12.40
20
-3190.11
30
0.0
11
12.03
21
-3191.76
31
0.0
0
LINE
8
אינסטלציה — מים
10
12.03
20
-3191.76
30
0.0
11
11.07
21
-3193.15
31
0.0
0
LINE
8
אינסטלציה — מים
10
11.07
20
-3193.15
30
0.0
11
9.66
21
-3194.08
31
0.0
0
LINE
8
אינסטלציה — מים
10
9.66
20
-3194.08
30
0.0
11
8.00
21
-3194.40
31
0.0
0
LINE
8
אינסטלציה — מים
10
8.00
20
-3194.40
30
0.0
11
6.34
21
-3194.08
31
0.0
0
LINE
8
אינסטלציה — מים
10
6.34
20
-3194.08
30
0.0
11
4.93
21
-3193.15
31
0.0
0
LINE
8
אינסטלציה — מים
10
4.93
20
-3193.15
30
0.0
11
3.97
21
-3191.76
31
0.0
0
LINE
8
אינסטלציה — מים
10
3.97
20
-3191.76
30
0.0
11
3.60
21
-3190.11
31
0.0
0
LINE
8
אינסטלציה — מים
10
3.60
20
-3190.11
30
0.0
11
3.88
21
-3188.44
31
0.0
0
LINE
8
אינסטלציה — מים
10
3.88
20
-3188.44
30
0.0
11
4.77
21
-3187.01
31
0.0
0
LINE
8
אינסטלציה — מים
10
4.77
20
-3187.01
30
0.0
11
6.14
21
-3186.01
31
0.0
0
LINE
8
אינסטלציה — מים
10
6.14
20
-3186.01
30
0.0
11
8.00
21
-3182.30
31
0.0
0
LINE
8
אינסטלציה — מים
10
17.60
20
-3190.00
30
0.0
11
17.17
21
-3188.40
31
0.0
0
LINE
8
אינסטלציה — מים
10
17.17
20
-3188.40
30
0.0
11
16.00
21
-3187.23
31
0.0
0
LINE
8
אינסטלציה — מים
10
16.00
20
-3187.23
30
0.0
11
14.40
21
-3186.80
31
0.0
0
LINE
8
אינסטלציה — מים
10
14.40
20
-3186.80
30
0.0
11
12.80
21
-3187.23
31
0.0
0
LINE
8
אינסטלציה — מים
10
12.80
20
-3187.23
30
0.0
11
11.63
21
-3188.40
31
0.0
0
LINE
8
אינסטלציה — מים
10
11.63
20
-3188.40
30
0.0
11
11.20
21
-3190.00
31
0.0
0
LINE
8
אינסטלציה — מים
10
11.20
20
-3190.00
30
0.0
11
11.63
21
-3191.60
31
0.0
0
LINE
8
אינסטלציה — מים
10
11.63
20
-3191.60
30
0.0
11
12.80
21
-3192.77
31
0.0
0
LINE
8
אינסטלציה — מים
10
12.80
20
-3192.77
30
0.0
11
14.40
21
-3193.20
31
0.0
0
LINE
8
אינסטלציה — מים
10
14.40
20
-3193.20
30
0.0
11
16.00
21
-3192.77
31
0.0
0
LINE
8
אינסטלציה — מים
10
16.00
20
-3192.77
30
0.0
11
17.17
21
-3191.60
31
0.0
0
LINE
8
אינסטלציה — מים
10
17.17
20
-3191.60
30
0.0
11
17.60
21
-3190.00
31
0.0
0
TEXT
8
מקרא
10
0.00
20
-3230.00
30
0.0
40
40
1
נקודת מים למכונת כביסה
0
LINE
8
מסגרת
10
400.00
20
-3200.00
30
0.0
11
420.00
21
-3200.00
31
0.0
0
LINE
8
מסגרת
10
420.00
20
-3200.00
30
0.0
11
420.00
21
-3180.00
31
0.0
0
LINE
8
מסגרת
10
420.00
20
-3180.00
30
0.0
11
400.00
21
-3180.00
31
0.0
0
LINE
8
מסגרת
10
400.00
20
-3180.00
30
0.0
11
400.00
21
-3200.00
31
0.0
0
LINE
8
אינסטלציה — מים
10
408.00
20
-3182.30
30
0.0
11
409.86
21
-3186.01
31
0.0
0
LINE
8
אינסטלציה — מים
10
409.86
20
-3186.01
30
0.0
11
411.23
21
-3187.01
31
0.0
0
LINE
8
אינסטלציה — מים
10
411.23
20
-3187.01
30
0.0
11
412.12
21
-3188.44
31
0.0
0
LINE
8
אינסטלציה — מים
10
412.12
20
-3188.44
30
0.0
11
412.40
21
-3190.11
31
0.0
0
LINE
8
אינסטלציה — מים
10
412.40
20
-3190.11
30
0.0
11
412.03
21
-3191.76
31
0.0
0
LINE
8
אינסטלציה — מים
10
412.03
20
-3191.76
30
0.0
11
411.07
21
-3193.15
31
0.0
0
LINE
8
אינסטלציה — מים
10
411.07
20
-3193.15
30
0.0
11
409.66
21
-3194.08
31
0.0
0
LINE
8
אינסטלציה — מים
10
409.66
20
-3194.08
30
0.0
11
408.00
21
-3194.40
31
0.0
0
LINE
8
אינסטלציה — מים
10
408.00
20
-3194.40
30
0.0
11
406.34
21
-3194.08
31
0.0
0
LINE
8
אינסטלציה — מים
10
406.34
20
-3194.08
30
0.0
11
404.93
21
-3193.15
31
0.0
0
LINE
8
אינסטלציה — מים
10
404.93
20
-3193.15
30
0.0
11
403.97
21
-3191.76
31
0.0
0
LINE
8
אינסטלציה — מים
10
403.97
20
-3191.76
30
0.0
11
403.60
21
-3190.11
31
0.0
0
LINE
8
אינסטלציה — מים
10
403.60
20
-3190.11
30
0.0
11
403.88
21
-3188.44
31
0.0
0
LINE
8
אינסטלציה — מים
10
403.88
20
-3188.44
30
0.0
11
404.77
21
-3187.01
31
0.0
0
LINE
8
אינסטלציה — מים
10
404.77
20
-3187.01
30
0.0
11
406.14
21
-3186.01
31
0.0
0
LINE
8
אינסטלציה — מים
10
406.14
20
-3186.01
30
0.0
11
408.00
21
-3182.30
31
0.0
0
LINE
8
אינסטלציה — מים
10
412.40
20
-3194.40
30
0.0
11
417.00
21
-3194.40
31
0.0
0
LINE
8
אינסטלציה — מים
10
417.00
20
-3194.40
30
0.0
11
417.00
21
-3185.60
31
0.0
0
LINE
8
אינסטלציה — מים
10
417.00
20
-3185.60
30
0.0
11
412.40
21
-3185.60
31
0.0
0
LINE
8
אינסטלציה — מים
10
412.40
20
-3185.60
30
0.0
11
412.40
21
-3194.40
31
0.0
0
LINE
8
אינסטלציה — מים
10
412.40
20
-3190.00
30
0.0
11
417.00
21
-3190.00
31
0.0
0
TEXT
8
מקרא
10
400.00
20
-3230.00
30
0.0
40
40
1
נקודת מים למקרר (קרח/מים)
0
LINE
8
מסגרת
10
800.00
20
-3200.00
30
0.0
11
840.00
21
-3200.00
31
0.0
0
LINE
8
מסגרת
10
840.00
20
-3200.00
30
0.0
11
840.00
21
-3160.00
31
0.0
0
LINE
8
מסגרת
10
840.00
20
-3160.00
30
0.0
11
800.00
21
-3160.00
31
0.0
0
LINE
8
מסגרת
10
800.00
20
-3160.00
30
0.0
11
800.00
21
-3200.00
31
0.0
0
LINE
8
אינסטלציה — מים
10
812.00
20
-3194.00
30
0.0
11
812.00
21
-3176.00
31
0.0
0
LINE
8
אינסטלציה — מים
10
812.00
20
-3176.00
30
0.0
11
824.00
21
-3176.00
31
0.0
0
LINE
8
אינסטלציה — מים
10
824.00
20
-3176.00
30
0.0
11
824.00
21
-3183.20
31
0.0
0
LINE
8
אינסטלציה — מים
10
817.60
20
-3171.20
30
0.0
11
816.53
21
-3167.91
31
0.0
0
LINE
8
אינסטלציה — מים
10
816.53
20
-3167.91
30
0.0
11
813.73
21
-3165.87
31
0.0
0
LINE
8
אינסטלציה — מים
10
813.73
20
-3165.87
30
0.0
11
810.27
21
-3165.87
31
0.0
0
LINE
8
אינסטלציה — מים
10
810.27
20
-3165.87
30
0.0
11
807.47
21
-3167.91
31
0.0
0
LINE
8
אינסטלציה — מים
10
807.47
20
-3167.91
30
0.0
11
806.40
21
-3171.20
31
0.0
0
LINE
8
אינסטלציה — מים
10
806.40
20
-3171.20
30
0.0
11
807.47
21
-3174.49
31
0.0
0
LINE
8
אינסטלציה — מים
10
807.47
20
-3174.49
30
0.0
11
810.27
21
-3176.53
31
0.0
0
LINE
8
אינסטלציה — מים
10
810.27
20
-3176.53
30
0.0
11
813.73
21
-3176.53
31
0.0
0
LINE
8
אינסטלציה — מים
10
813.73
20
-3176.53
30
0.0
11
816.53
21
-3174.49
31
0.0
0
LINE
8
אינסטלציה — מים
10
816.53
20
-3174.49
30
0.0
11
817.60
21
-3171.20
31
0.0
0
LINE
8
אינסטלציה — מים
10
806.40
20
-3171.20
30
0.0
11
817.60
21
-3171.20
31
0.0
0
LINE
8
אינסטלציה — מים
10
812.00
20
-3176.80
30
0.0
11
812.00
21
-3165.60
31
0.0
0
LINE
8
אינסטלציה — מים
10
824.00
20
-3182.50
30
0.0
11
825.52
21
-3185.54
31
0.0
0
LINE
8
אינסטלציה — מים
10
825.52
20
-3185.54
30
0.0
11
826.64
21
-3186.35
31
0.0
0
LINE
8
אינסטלציה — מים
10
826.64
20
-3186.35
30
0.0
11
827.37
21
-3187.53
31
0.0
0
LINE
8
אינסטלציה — מים
10
827.37
20
-3187.53
30
0.0
11
827.60
21
-3188.89
31
0.0
0
LINE
8
אינסטלציה — מים
10
827.60
20
-3188.89
30
0.0
11
827.30
21
-3190.24
31
0.0
0
LINE
8
אינסטלציה — מים
10
827.30
20
-3190.24
30
0.0
11
826.51
21
-3191.38
31
0.0
0
LINE
8
אינסטלציה — מים
10
826.51
20
-3191.38
30
0.0
11
825.36
21
-3192.13
31
0.0
0
LINE
8
אינסטלציה — מים
10
825.36
20
-3192.13
30
0.0
11
824.00
21
-3192.40
31
0.0
0
LINE
8
אינסטלציה — מים
10
824.00
20
-3192.40
30
0.0
11
822.64
21
-3192.13
31
0.0
0
LINE
8
אינסטלציה — מים
10
822.64
20
-3192.13
30
0.0
11
821.49
21
-3191.38
31
0.0
0
LINE
8
אינסטלציה — מים
10
821.49
20
-3191.38
30
0.0
11
820.70
21
-3190.24
31
0.0
0
LINE
8
אינסטלציה — מים
10
820.70
20
-3190.24
30
0.0
11
820.40
21
-3188.89
31
0.0
0
LINE
8
אינסטלציה — מים
10
820.40
20
-3188.89
30
0.0
11
820.63
21
-3187.53
31
0.0
0
LINE
8
אינסטלציה — מים
10
820.63
20
-3187.53
30
0.0
11
821.36
21
-3186.35
31
0.0
0
LINE
8
אינסטלציה — מים
10
821.36
20
-3186.35
30
0.0
11
822.48
21
-3185.54
31
0.0
0
LINE
8
אינסטלציה — מים
10
822.48
20
-3185.54
30
0.0
11
824.00
21
-3182.50
31
0.0
0
TEXT
8
מקרא
10
800.00
20
-3230.00
30
0.0
40
40
1
ברז גינה
0
LINE
8
מסגרת
10
1200.00
20
-3200.00
30
0.0
11
1220.00
21
-3200.00
31
0.0
0
LINE
8
מסגרת
10
1220.00
20
-3200.00
30
0.0
11
1220.00
21
-3180.00
31
0.0
0
LINE
8
מסגרת
10
1220.00
20
-3180.00
30
0.0
11
1200.00
21
-3180.00
31
0.0
0
LINE
8
מסגרת
10
1200.00
20
-3180.00
30
0.0
11
1200.00
21
-3200.00
31
0.0
0
LINE
8
אינסטלציה — מים
10
1210.00
20
-3184.30
30
0.0
11
1211.86
21
-3188.01
31
0.0
0
LINE
8
אינסטלציה — מים
10
1211.86
20
-3188.01
30
0.0
11
1213.23
21
-3189.01
31
0.0
0
LINE
8
אינסטלציה — מים
10
1213.23
20
-3189.01
30
0.0
11
1214.12
21
-3190.44
31
0.0
0
LINE
8
אינסטלציה — מים
10
1214.12
20
-3190.44
30
0.0
11
1214.40
21
-3192.11
31
0.0
0
LINE
8
אינסטלציה — מים
10
1214.40
20
-3192.11
30
0.0
11
1214.03
21
-3193.76
31
0.0
0
LINE
8
אינסטלציה — מים
10
1214.03
20
-3193.76
30
0.0
11
1213.07
21
-3195.15
31
0.0
0
LINE
8
אינסטלציה — מים
10
1213.07
20
-3195.15
30
0.0
11
1211.66
21
-3196.08
31
0.0
0
LINE
8
אינסטלציה — מים
10
1211.66
20
-3196.08
30
0.0
11
1210.00
21
-3196.40
31
0.0
0
LINE
8
אינסטלציה — מים
10
1210.00
20
-3196.40
30
0.0
11
1208.34
21
-3196.08
31
0.0
0
LINE
8
אינסטלציה — מים
10
1208.34
20
-3196.08
30
0.0
11
1206.93
21
-3195.15
31
0.0
0
LINE
8
אינסטלציה — מים
10
1206.93
20
-3195.15
30
0.0
11
1205.97
21
-3193.76
31
0.0
0
LINE
8
אינסטלציה — מים
10
1205.97
20
-3193.76
30
0.0
11
1205.60
21
-3192.11
31
0.0
0
LINE
8
אינסטלציה — מים
10
1205.60
20
-3192.11
30
0.0
11
1205.88
21
-3190.44
31
0.0
0
LINE
8
אינסטלציה — מים
10
1205.88
20
-3190.44
30
0.0
11
1206.77
21
-3189.01
31
0.0
0
LINE
8
אינסטלציה — מים
10
1206.77
20
-3189.01
30
0.0
11
1208.14
21
-3188.01
31
0.0
0
LINE
8
אינסטלציה — מים
10
1208.14
20
-3188.01
30
0.0
11
1210.00
21
-3184.30
31
0.0
0
LINE
8
אינסטלציה — מים
10
1206.00
20
-3182.00
30
0.0
11
1214.00
21
-3182.00
31
0.0
0
LINE
8
אינסטלציה — מים
10
1214.00
20
-3182.00
30
0.0
11
1211.00
21
-3185.60
31
0.0
0
LINE
8
אינסטלציה — מים
10
1211.00
20
-3185.60
30
0.0
11
1209.00
21
-3185.60
31
0.0
0
LINE
8
אינסטלציה — מים
10
1209.00
20
-3185.60
30
0.0
11
1206.00
21
-3182.00
31
0.0
0
TEXT
8
מקרא
10
1200.00
20
-3230.00
30
0.0
40
40
1
נקודת מים מסוננים (תמי 4)
0
LINE
8
מסגרת
10
1600.00
20
-3200.00
30
0.0
11
1750.00
21
-3200.00
31
0.0
0
LINE
8
מסגרת
10
1750.00
20
-3200.00
30
0.0
11
1750.00
21
-3000.00
31
0.0
0
LINE
8
מסגרת
10
1750.00
20
-3000.00
30
0.0
11
1600.00
21
-3000.00
31
0.0
0
LINE
8
מסגרת
10
1600.00
20
-3000.00
30
0.0
11
1600.00
21
-3200.00
31
0.0
0
LINE
8
אינסטלציה — מים
10
1622.50
20
-3170.00
30
0.0
11
1727.50
21
-3170.00
31
0.0
0
LINE
8
אינסטלציה — מים
10
1727.50
20
-3170.00
30
0.0
11
1727.50
21
-3030.00
31
0.0
0
LINE
8
אינסטלציה — מים
10
1727.50
20
-3030.00
30
0.0
11
1622.50
21
-3030.00
31
0.0
0
LINE
8
אינסטלציה — מים
10
1622.50
20
-3030.00
30
0.0
11
1622.50
21
-3170.00
31
0.0
0
LINE
8
אינסטלציה — מים
10
1697.50
20
-3080.00
30
0.0
11
1694.49
21
-3068.75
31
0.0
0
LINE
8
אינסטלציה — מים
10
1694.49
20
-3068.75
30
0.0
11
1686.25
21
-3060.51
31
0.0
0
LINE
8
אינסטלציה — מים
10
1686.25
20
-3060.51
30
0.0
11
1675.00
21
-3057.50
31
0.0
0
LINE
8
אינסטלציה — מים
10
1675.00
20
-3057.50
30
0.0
11
1663.75
21
-3060.51
31
0.0
0
LINE
8
אינסטלציה — מים
10
1663.75
20
-3060.51
30
0.0
11
1655.51
21
-3068.75
31
0.0
0
LINE
8
אינסטלציה — מים
10
1655.51
20
-3068.75
30
0.0
11
1652.50
21
-3080.00
31
0.0
0
LINE
8
אינסטלציה — מים
10
1652.50
20
-3080.00
30
0.0
11
1655.51
21
-3091.25
31
0.0
0
LINE
8
אינסטלציה — מים
10
1655.51
20
-3091.25
30
0.0
11
1663.75
21
-3099.49
31
0.0
0
LINE
8
אינסטלציה — מים
10
1663.75
20
-3099.49
30
0.0
11
1675.00
21
-3102.50
31
0.0
0
LINE
8
אינסטלציה — מים
10
1675.00
20
-3102.50
30
0.0
11
1686.25
21
-3099.49
31
0.0
0
LINE
8
אינסטלציה — מים
10
1686.25
20
-3099.49
30
0.0
11
1694.49
21
-3091.25
31
0.0
0
LINE
8
אינסטלציה — מים
10
1694.49
20
-3091.25
30
0.0
11
1697.50
21
-3080.00
31
0.0
0
LINE
8
אינסטלציה — מים
10
1675.00
20
-3080.00
30
0.0
11
1675.00
21
-3056.00
31
0.0
0
LINE
8
אינסטלציה — מים
10
1675.00
20
-3112.37
30
0.0
11
1680.71
21
-3123.76
31
0.0
0
LINE
8
אינסטלציה — מים
10
1680.71
20
-3123.76
30
0.0
11
1684.90
21
-3126.82
31
0.0
0
LINE
8
אינסטלציה — מים
10
1684.90
20
-3126.82
30
0.0
11
1687.63
21
-3131.22
31
0.0
0
LINE
8
אינסטלציה — מים
10
1687.63
20
-3131.22
30
0.0
11
1688.50
21
-3136.34
31
0.0
0
LINE
8
אינסטלציה — מים
10
1688.50
20
-3136.34
30
0.0
11
1687.37
21
-3141.40
31
0.0
0
LINE
8
אינסטלציה — מים
10
1687.37
20
-3141.40
30
0.0
11
1684.43
21
-3145.66
31
0.0
0
LINE
8
אינסטלציה — מים
10
1684.43
20
-3145.66
30
0.0
11
1680.09
21
-3148.50
31
0.0
0
LINE
8
אינסטלציה — מים
10
1680.09
20
-3148.50
30
0.0
11
1675.00
21
-3149.50
31
0.0
0
LINE
8
אינסטלציה — מים
10
1675.00
20
-3149.50
30
0.0
11
1669.91
21
-3148.50
31
0.0
0
LINE
8
אינסטלציה — מים
10
1669.91
20
-3148.50
30
0.0
11
1665.57
21
-3145.66
31
0.0
0
LINE
8
אינסטלציה — מים
10
1665.57
20
-3145.66
30
0.0
11
1662.63
21
-3141.40
31
0.0
0
LINE
8
אינסטלציה — מים
10
1662.63
20
-3141.40
30
0.0
11
1661.50
21
-3136.34
31
0.0
0
LINE
8
אינסטלציה — מים
10
1661.50
20
-3136.34
30
0.0
11
1662.37
21
-3131.22
31
0.0
0
LINE
8
אינסטלציה — מים
10
1662.37
20
-3131.22
30
0.0
11
1665.10
21
-3126.82
31
0.0
0
LINE
8
אינסטלציה — מים
10
1665.10
20
-3126.82
30
0.0
11
1669.29
21
-3123.76
31
0.0
0
LINE
8
אינסטלציה — מים
10
1669.29
20
-3123.76
30
0.0
11
1675.00
21
-3112.37
31
0.0
0
TEXT
8
מקרא
10
1600.00
20
-3230.00
30
0.0
40
40
1
מחשב / בקר השקיה
0
LINE
8
מסגרת
10
2000.00
20
-3200.00
30
0.0
11
2600.00
21
-3200.00
31
0.0
0
LINE
8
מסגרת
10
2600.00
20
-3200.00
30
0.0
11
2600.00
21
-2000.00
31
0.0
0
LINE
8
מסגרת
10
2600.00
20
-2000.00
30
0.0
11
2000.00
21
-2000.00
31
0.0
0
LINE
8
מסגרת
10
2000.00
20
-2000.00
30
0.0
11
2000.00
21
-3200.00
31
0.0
0
LINE
8
אינסטלציה — מים
10
2420.00
20
-2264.00
30
0.0
11
2414.13
21
-2226.92
31
0.0
0
LINE
8
אינסטלציה — מים
10
2414.13
20
-2226.92
30
0.0
11
2397.08
21
-2193.47
31
0.0
0
LINE
8
אינסטלציה — מים
10
2397.08
20
-2193.47
30
0.0
11
2370.53
21
-2166.92
31
0.0
0
LINE
8
אינסטלציה — מים
10
2370.53
20
-2166.92
30
0.0
11
2337.08
21
-2149.87
31
0.0
0
LINE
8
אינסטלציה — מים
10
2337.08
20
-2149.87
30
0.0
11
2300.00
21
-2144.00
31
0.0
0
LINE
8
אינסטלציה — מים
10
2300.00
20
-2144.00
30
0.0
11
2262.92
21
-2149.87
31
0.0
0
LINE
8
אינסטלציה — מים
10
2262.92
20
-2149.87
30
0.0
11
2229.47
21
-2166.92
31
0.0
0
LINE
8
אינסטלציה — מים
10
2229.47
20
-2166.92
30
0.0
11
2202.92
21
-2193.47
31
0.0
0
LINE
8
אינסטלציה — מים
10
2202.92
20
-2193.47
30
0.0
11
2185.87
21
-2226.92
31
0.0
0
LINE
8
אינסטלציה — מים
10
2185.87
20
-2226.92
30
0.0
11
2180.00
21
-2264.00
31
0.0
0
LINE
8
אינסטלציה — מים
10
2180.00
20
-2264.00
30
0.0
11
2180.00
21
-3020.00
31
0.0
0
LINE
8
אינסטלציה — מים
10
2180.00
20
-3020.00
30
0.0
11
2420.00
21
-3020.00
31
0.0
0
LINE
8
אינסטלציה — מים
10
2420.00
20
-3020.00
30
0.0
11
2420.00
21
-2264.00
31
0.0
0
LINE
8
אינסטלציה — מים
10
2180.00
20
-3020.00
30
0.0
11
2185.87
21
-3057.08
31
0.0
0
LINE
8
אינסטלציה — מים
10
2185.87
20
-3057.08
30
0.0
11
2202.92
21
-3090.53
31
0.0
0
LINE
8
אינסטלציה — מים
10
2202.92
20
-3090.53
30
0.0
11
2229.47
21
-3117.08
31
0.0
0
LINE
8
אינסטלציה — מים
10
2229.47
20
-3117.08
30
0.0
11
2262.92
21
-3134.13
31
0.0
0
LINE
8
אינסטלציה — מים
10
2262.92
20
-3134.13
30
0.0
11
2300.00
21
-3140.00
31
0.0
0
LINE
8
אינסטלציה — מים
10
2300.00
20
-3140.00
30
0.0
11
2337.08
21
-3134.13
31
0.0
0
LINE
8
אינסטלציה — מים
10
2337.08
20
-3134.13
30
0.0
11
2370.53
21
-3117.08
31
0.0
0
LINE
8
אינסטלציה — מים
10
2370.53
20
-3117.08
30
0.0
11
2397.08
21
-3090.53
31
0.0
0
LINE
8
אינסטלציה — מים
10
2397.08
20
-3090.53
30
0.0
11
2414.13
21
-3057.08
31
0.0
0
LINE
8
אינסטלציה — מים
10
2414.13
20
-3057.08
30
0.0
11
2420.00
21
-3020.00
31
0.0
0
LINE
8
אינסטלציה — מים
10
2240.00
20
-2144.00
30
0.0
11
2240.00
21
-2060.00
31
0.0
0
LINE
8
אינסטלציה — מים
10
2360.00
20
-2144.00
30
0.0
11
2360.00
21
-2060.00
31
0.0
0
LINE
8
אינסטלציה — מים
10
2180.00
20
-2660.00
30
0.0
11
2420.00
21
-2660.00
31
0.0
0
TEXT
8
מקרא
10
2000.00
20
-3230.00
30
0.0
40
40
1
דוד מים (חשמל/סולרי)
0
LINE
8
מסגרת
10
2400.00
20
-3200.00
30
0.0
11
2420.00
21
-3200.00
31
0.0
0
LINE
8
מסגרת
10
2420.00
20
-3200.00
30
0.0
11
2420.00
21
-3180.00
31
0.0
0
LINE
8
מסגרת
10
2420.00
20
-3180.00
30
0.0
11
2400.00
21
-3180.00
31
0.0
0
LINE
8
מסגרת
10
2400.00
20
-3180.00
30
0.0
11
2400.00
21
-3200.00
31
0.0
0
LINE
8
אינסטלציה — מים
10
2410.00
20
-3186.33
30
0.0
11
2411.37
21
-3189.06
31
0.0
0
LINE
8
אינסטלציה — מים
10
2411.37
20
-3189.06
30
0.0
11
2412.38
21
-3189.80
31
0.0
0
LINE
8
אינסטלציה — מים
10
2412.38
20
-3189.80
30
0.0
11
2413.03
21
-3190.85
31
0.0
0
LINE
8
אינסטלציה — מים
10
2413.03
20
-3190.85
30
0.0
11
2413.24
21
-3192.08
31
0.0
0
LINE
8
אינסטלציה — מים
10
2413.24
20
-3192.08
30
0.0
11
2412.97
21
-3193.30
31
0.0
0
LINE
8
אינסטלציה — מים
10
2412.97
20
-3193.30
30
0.0
11
2412.26
21
-3194.32
31
0.0
0
LINE
8
אינסטלציה — מים
10
2412.26
20
-3194.32
30
0.0
11
2411.22
21
-3195.00
31
0.0
0
LINE
8
אינסטלציה — מים
10
2411.22
20
-3195.00
30
0.0
11
2410.00
21
-3195.24
31
0.0
0
LINE
8
אינסטלציה — מים
10
2410.00
20
-3195.24
30
0.0
11
2408.78
21
-3195.00
31
0.0
0
LINE
8
אינסטלציה — מים
10
2408.78
20
-3195.00
30
0.0
11
2407.74
21
-3194.32
31
0.0
0
LINE
8
אינסטלציה — מים
10
2407.74
20
-3194.32
30
0.0
11
2407.03
21
-3193.30
31
0.0
0
LINE
8
אינסטלציה — מים
10
2407.03
20
-3193.30
30
0.0
11
2406.76
21
-3192.08
31
0.0
0
LINE
8
אינסטלציה — מים
10
2406.76
20
-3192.08
30
0.0
11
2406.97
21
-3190.85
31
0.0
0
LINE
8
אינסטלציה — מים
10
2406.97
20
-3190.85
30
0.0
11
2407.62
21
-3189.80
31
0.0
0
LINE
8
אינסטלציה — מים
10
2407.62
20
-3189.80
30
0.0
11
2408.63
21
-3189.06
31
0.0
0
LINE
8
אינסטלציה — מים
10
2408.63
20
-3189.06
30
0.0
11
2410.00
21
-3186.33
31
0.0
0
LINE
8
אינסטלציה — מים
10
2412.40
20
-3184.40
30
0.0
11
2411.94
21
-3182.99
31
0.0
0
LINE
8
אינסטלציה — מים
10
2411.94
20
-3182.99
30
0.0
11
2410.74
21
-3182.12
31
0.0
0
LINE
8
אינסטלציה — מים
10
2410.74
20
-3182.12
30
0.0
11
2409.26
21
-3182.12
31
0.0
0
LINE
8
אינסטלציה — מים
10
2409.26
20
-3182.12
30
0.0
11
2408.06
21
-3182.99
31
0.0
0
LINE
8
אינסטלציה — מים
10
2408.06
20
-3182.99
30
0.0
11
2407.60
21
-3184.40
31
0.0
0
LINE
8
אינסטלציה — מים
10
2407.60
20
-3184.40
30
0.0
11
2408.06
21
-3185.81
31
0.0
0
LINE
8
אינסטלציה — מים
10
2408.06
20
-3185.81
30
0.0
11
2409.26
21
-3186.68
31
0.0
0
LINE
8
אינסטלציה — מים
10
2409.26
20
-3186.68
30
0.0
11
2410.74
21
-3186.68
31
0.0
0
LINE
8
אינסטלציה — מים
10
2410.74
20
-3186.68
30
0.0
11
2411.94
21
-3185.81
31
0.0
0
LINE
8
אינסטלציה — מים
10
2411.94
20
-3185.81
30
0.0
11
2412.40
21
-3184.40
31
0.0
0
LINE
8
אינסטלציה — מים
10
2412.88
20
-3184.40
30
0.0
11
2414.08
21
-3184.40
31
0.0
0
LINE
8
אינסטלציה — מים
10
2412.04
20
-3182.36
30
0.0
11
2412.88
21
-3181.52
31
0.0
0
LINE
8
אינסטלציה — מים
10
2410.00
20
-3181.52
30
0.0
11
2410.00
21
-3180.32
31
0.0
0
LINE
8
אינסטלציה — מים
10
2407.96
20
-3182.36
30
0.0
11
2407.12
21
-3181.52
31
0.0
0
LINE
8
אינסטלציה — מים
10
2407.12
20
-3184.40
30
0.0
11
2405.92
21
-3184.40
31
0.0
0
LINE
8
אינסטלציה — מים
10
2407.96
20
-3186.44
30
0.0
11
2407.12
21
-3187.28
31
0.0
0
LINE
8
אינסטלציה — מים
10
2410.00
20
-3187.28
30
0.0
11
2410.00
21
-3188.48
31
0.0
0
LINE
8
אינסטלציה — מים
10
2412.04
20
-3186.44
30
0.0
11
2412.88
21
-3187.28
31
0.0
0
TEXT
8
מקרא
10
2400.00
20
-3230.00
30
0.0
40
40
1
קולטן שמש (סולארי)
0
LINE
8
מסגרת
10
2800.00
20
-3200.00
30
0.0
11
2850.00
21
-3200.00
31
0.0
0
LINE
8
מסגרת
10
2850.00
20
-3200.00
30
0.0
11
2850.00
21
-3150.00
31
0.0
0
LINE
8
מסגרת
10
2850.00
20
-3150.00
30
0.0
11
2800.00
21
-3150.00
31
0.0
0
LINE
8
מסגרת
10
2800.00
20
-3150.00
30
0.0
11
2800.00
21
-3200.00
31
0.0
0
LINE
8
אינסטלציה — ניקוז
10
2845.00
20
-3175.00
30
0.0
11
2843.48
21
-3167.35
31
0.0
0
LINE
8
אינסטלציה — ניקוז
10
2843.48
20
-3167.35
30
0.0
11
2839.14
21
-3160.86
31
0.0
0
LINE
8
אינסטלציה — ניקוז
10
2839.14
20
-3160.86
30
0.0
11
2832.65
21
-3156.52
31
0.0
0
LINE
8
אינסטלציה — ניקוז
10
2832.65
20
-3156.52
30
0.0
11
2825.00
21
-3155.00
31
0.0
0
LINE
8
אינסטלציה — ניקוז
10
2825.00
20
-3155.00
30
0.0
11
2817.35
21
-3156.52
31
0.0
0
LINE
8
אינסטלציה — ניקוז
10
2817.35
20
-3156.52
30
0.0
11
2810.86
21
-3160.86
31
0.0
0
LINE
8
אינסטלציה — ניקוז
10
2810.86
20
-3160.86
30
0.0
11
2806.52
21
-3167.35
31
0.0
0
LINE
8
אינסטלציה — ניקוז
10
2806.52
20
-3167.35
30
0.0
11
2805.00
21
-3175.00
31
0.0
0
LINE
8
אינסטלציה — ניקוז
10
2805.00
20
-3175.00
30
0.0
11
2806.52
21
-3182.65
31
0.0
0
LINE
8
אינסטלציה — ניקוז
10
2806.52
20
-3182.65
30
0.0
11
2810.86
21
-3189.14
31
0.0
0
LINE
8
אינסטלציה — ניקוז
10
2810.86
20
-3189.14
30
0.0
11
2817.35
21
-3193.48
31
0.0
0
LINE
8
אינסטלציה — ניקוז
10
2817.35
20
-3193.48
30
0.0
11
2825.00
21
-3195.00
31
0.0
0
LINE
8
אינסטלציה — ניקוז
10
2825.00
20
-3195.00
30
0.0
11
2832.65
21
-3193.48
31
0.0
0
LINE
8
אינסטלציה — ניקוז
10
2832.65
20
-3193.48
30
0.0
11
2839.14
21
-3189.14
31
0.0
0
LINE
8
אינסטלציה — ניקוז
10
2839.14
20
-3189.14
30
0.0
11
2843.48
21
-3182.65
31
0.0
0
LINE
8
אינסטלציה — ניקוז
10
2843.48
20
-3182.65
30
0.0
11
2845.00
21
-3175.00
31
0.0
0
LINE
8
אינסטלציה — ניקוז
10
2813.00
20
-3175.00
30
0.0
11
2815.00
21
-3171.00
31
0.0
0
LINE
8
אינסטלציה — ניקוז
10
2815.00
20
-3171.00
30
0.0
11
2817.00
21
-3168.07
31
0.0
0
LINE
8
אינסטלציה — ניקוז
10
2817.00
20
-3168.07
30
0.0
11
2819.00
21
-3167.00
31
0.0
0
LINE
8
אינסטלציה — ניקוז
10
2819.00
20
-3167.00
30
0.0
11
2821.00
21
-3168.07
31
0.0
0
LINE
8
אינסטלציה — ניקוז
10
2821.00
20
-3168.07
30
0.0
11
2823.00
21
-3171.00
31
0.0
0
LINE
8
אינסטלציה — ניקוז
10
2823.00
20
-3171.00
30
0.0
11
2825.00
21
-3175.00
31
0.0
0
LINE
8
אינסטלציה — ניקוז
10
2825.00
20
-3175.00
30
0.0
11
2827.00
21
-3179.00
31
0.0
0
LINE
8
אינסטלציה — ניקוז
10
2827.00
20
-3179.00
30
0.0
11
2829.00
21
-3181.93
31
0.0
0
LINE
8
אינסטלציה — ניקוז
10
2829.00
20
-3181.93
30
0.0
11
2831.00
21
-3183.00
31
0.0
0
LINE
8
אינסטלציה — ניקוז
10
2831.00
20
-3183.00
30
0.0
11
2833.00
21
-3181.93
31
0.0
0
LINE
8
אינסטלציה — ניקוז
10
2833.00
20
-3181.93
30
0.0
11
2835.00
21
-3179.00
31
0.0
0
LINE
8
אינסטלציה — ניקוז
10
2835.00
20
-3179.00
30
0.0
11
2837.00
21
-3175.00
31
0.0
0
TEXT
8
מקרא
10
2800.00
20
-3230.00
30
0.0
40
40
1
נקודת ניקוז / ביוב
0
LINE
8
מסגרת
10
3200.00
20
-3200.00
30
0.0
11
3320.00
21
-3200.00
31
0.0
0
LINE
8
מסגרת
10
3320.00
20
-3200.00
30
0.0
11
3320.00
21
-3080.00
31
0.0
0
LINE
8
מסגרת
10
3320.00
20
-3080.00
30
0.0
11
3200.00
21
-3080.00
31
0.0
0
LINE
8
מסגרת
10
3200.00
20
-3080.00
30
0.0
11
3200.00
21
-3200.00
31
0.0
0
LINE
8
אינסטלציה — ניקוז
10
3216.80
20
-3183.20
30
0.0
11
3303.20
21
-3183.20
31
0.0
0
LINE
8
אינסטלציה — ניקוז
10
3303.20
20
-3183.20
30
0.0
11
3303.20
21
-3096.80
31
0.0
0
LINE
8
אינסטלציה — ניקוז
10
3303.20
20
-3096.80
30
0.0
11
3216.80
21
-3096.80
31
0.0
0
LINE
8
אינסטלציה — ניקוז
10
3216.80
20
-3096.80
30
0.0
11
3216.80
21
-3183.20
31
0.0
0
LINE
8
אינסטלציה — ניקוז
10
3238.40
20
-3183.20
30
0.0
11
3238.40
21
-3096.80
31
0.0
0
LINE
8
אינסטלציה — ניקוז
10
3260.00
20
-3183.20
30
0.0
11
3260.00
21
-3096.80
31
0.0
0
LINE
8
אינסטלציה — ניקוז
10
3281.60
20
-3183.20
30
0.0
11
3281.60
21
-3096.80
31
0.0
0
LINE
8
אינסטלציה — ניקוז
10
3216.80
20
-3161.60
30
0.0
11
3303.20
21
-3161.60
31
0.0
0
LINE
8
אינסטלציה — ניקוז
10
3216.80
20
-3140.00
30
0.0
11
3303.20
21
-3140.00
31
0.0
0
LINE
8
אינסטלציה — ניקוז
10
3216.80
20
-3118.40
30
0.0
11
3303.20
21
-3118.40
31
0.0
0
TEXT
8
מקרא
10
3200.00
20
-3230.00
30
0.0
40
40
1
ניקוז רצפה (מחסום רצפה)
0
LINE
8
מסגרת
10
3600.00
20
-3200.00
30
0.0
11
3710.00
21
-3200.00
31
0.0
0
LINE
8
מסגרת
10
3710.00
20
-3200.00
30
0.0
11
3710.00
21
-3090.00
31
0.0
0
LINE
8
מסגרת
10
3710.00
20
-3090.00
30
0.0
11
3600.00
21
-3090.00
31
0.0
0
LINE
8
מסגרת
10
3600.00
20
-3090.00
30
0.0
11
3600.00
21
-3200.00
31
0.0
0
LINE
8
אינסטלציה — ניקוז
10
3701.20
20
-3145.00
30
0.0
11
3697.68
21
-3127.32
31
0.0
0
LINE
8
אינסטלציה — ניקוז
10
3697.68
20
-3127.32
30
0.0
11
3687.67
21
-3112.33
31
0.0
0
LINE
8
אינסטלציה — ניקוז
10
3687.67
20
-3112.33
30
0.0
11
3672.68
21
-3102.32
31
0.0
0
LINE
8
אינסטלציה — ניקוז
10
3672.68
20
-3102.32
30
0.0
11
3655.00
21
-3098.80
31
0.0
0
LINE
8
אינסטלציה — ניקוז
10
3655.00
20
-3098.80
30
0.0
11
3637.32
21
-3102.32
31
0.0
0
LINE
8
אינסטלציה — ניקוז
10
3637.32
20
-3102.32
30
0.0
11
3622.33
21
-3112.33
31
0.0
0
LINE
8
אינסטלציה — ניקוז
10
3622.33
20
-3112.33
30
0.0
11
3612.32
21
-3127.32
31
0.0
0
LINE
8
אינסטלציה — ניקוז
10
3612.32
20
-3127.32
30
0.0
11
3608.80
21
-3145.00
31
0.0
0
LINE
8
אינסטלציה — ניקוז
10
3608.80
20
-3145.00
30
0.0
11
3612.32
21
-3162.68
31
0.0
0
LINE
8
אינסטלציה — ניקוז
10
3612.32
20
-3162.68
30
0.0
11
3622.33
21
-3177.67
31
0.0
0
LINE
8
אינסטלציה — ניקוז
10
3622.33
20
-3177.67
30
0.0
11
3637.32
21
-3187.68
31
0.0
0
LINE
8
אינסטלציה — ניקוז
10
3637.32
20
-3187.68
30
0.0
11
3655.00
21
-3191.20
31
0.0
0
LINE
8
אינסטלציה — ניקוז
10
3655.00
20
-3191.20
30
0.0
11
3672.68
21
-3187.68
31
0.0
0
LINE
8
אינסטלציה — ניקוז
10
3672.68
20
-3187.68
30
0.0
11
3687.67
21
-3177.67
31
0.0
0
LINE
8
אינסטלציה — ניקוז
10
3687.67
20
-3177.67
30
0.0
11
3697.68
21
-3162.68
31
0.0
0
LINE
8
אינסטלציה — ניקוז
10
3697.68
20
-3162.68
30
0.0
11
3701.20
21
-3145.00
31
0.0
0
LINE
8
אינסטלציה — ניקוז
10
3680.41
20
-3145.00
30
0.0
11
3677.89
21
-3133.98
31
0.0
0
LINE
8
אינסטלציה — ניקוז
10
3677.89
20
-3133.98
30
0.0
11
3670.84
21
-3125.13
31
0.0
0
LINE
8
אינסטלציה — ניקוז
10
3670.84
20
-3125.13
30
0.0
11
3660.65
21
-3120.23
31
0.0
0
LINE
8
אינסטלציה — ניקוז
10
3660.65
20
-3120.23
30
0.0
11
3649.35
21
-3120.23
31
0.0
0
LINE
8
אינסטלציה — ניקוז
10
3649.35
20
-3120.23
30
0.0
11
3639.16
21
-3125.13
31
0.0
0
LINE
8
אינסטלציה — ניקוז
10
3639.16
20
-3125.13
30
0.0
11
3632.11
21
-3133.98
31
0.0
0
LINE
8
אינסטלציה — ניקוז
10
3632.11
20
-3133.98
30
0.0
11
3629.59
21
-3145.00
31
0.0
0
LINE
8
אינסטלציה — ניקוז
10
3629.59
20
-3145.00
30
0.0
11
3632.11
21
-3156.02
31
0.0
0
LINE
8
אינסטלציה — ניקוז
10
3632.11
20
-3156.02
30
0.0
11
3639.16
21
-3164.87
31
0.0
0
LINE
8
אינסטלציה — ניקוז
10
3639.16
20
-3164.87
30
0.0
11
3649.35
21
-3169.77
31
0.0
0
LINE
8
אינסטלציה — ניקוז
10
3649.35
20
-3169.77
30
0.0
11
3660.65
21
-3169.77
31
0.0
0
LINE
8
אינסטלציה — ניקוז
10
3660.65
20
-3169.77
30
0.0
11
3670.84
21
-3164.87
31
0.0
0
LINE
8
אינסטלציה — ניקוז
10
3670.84
20
-3164.87
30
0.0
11
3677.89
21
-3156.02
31
0.0
0
LINE
8
אינסטלציה — ניקוז
10
3677.89
20
-3156.02
30
0.0
11
3680.41
21
-3145.00
31
0.0
0
LINE
8
אינסטלציה — ניקוז
10
3608.80
20
-3145.00
30
0.0
11
3701.20
21
-3145.00
31
0.0
0
LINE
8
אינסטלציה — ניקוז
10
3655.00
20
-3191.20
30
0.0
11
3655.00
21
-3098.80
31
0.0
0
TEXT
8
מקרא
10
3600.00
20
-3230.00
30
0.0
40
40
1
נקודת יציאת אסלה
0
LINE
8
מסגרת
10
0.00
20
-3600.00
30
0.0
11
500.00
21
-3600.00
31
0.0
0
LINE
8
מסגרת
10
500.00
20
-3600.00
30
0.0
11
500.00
21
-2480.00
31
0.0
0
LINE
8
מסגרת
10
500.00
20
-2480.00
30
0.0
11
0.00
21
-2480.00
31
0.0
0
LINE
8
מסגרת
10
0.00
20
-2480.00
30
0.0
11
0.00
21
-3600.00
31
0.0
0
LINE
8
אינסטלציה — ניקוז
10
75.00
20
-3376.00
30
0.0
11
425.00
21
-3376.00
31
0.0
0
LINE
8
אינסטלציה — ניקוז
10
425.00
20
-3376.00
30
0.0
11
425.00
21
-2592.00
31
0.0
0
LINE
8
אינסטלציה — ניקוז
10
425.00
20
-2592.00
30
0.0
11
75.00
21
-2592.00
31
0.0
0
LINE
8
אינסטלציה — ניקוז
10
75.00
20
-2592.00
30
0.0
11
75.00
21
-3376.00
31
0.0
0
LINE
8
אינסטלציה — ניקוז
10
190.00
20
-2726.40
30
0.0
11
310.00
21
-2726.40
31
0.0
0
LINE
8
אינסטלציה — ניקוז
10
310.00
20
-2726.40
30
0.0
11
310.00
21
-2614.40
31
0.0
0
LINE
8
אינסטלציה — ניקוז
10
310.00
20
-2614.40
30
0.0
11
190.00
21
-2614.40
31
0.0
0
LINE
8
אינסטלציה — ניקוז
10
190.00
20
-2614.40
30
0.0
11
190.00
21
-2726.40
31
0.0
0
LINE
8
אינסטלציה — ניקוז
10
250.00
20
-2726.40
30
0.0
11
250.00
21
-2614.40
31
0.0
0
LINE
8
אינסטלציה — ניקוז
10
75.00
20
-3096.00
30
0.0
11
425.00
21
-3096.00
31
0.0
0
LINE
8
אינסטלציה — ניקוז
10
310.00
20
-3465.60
30
0.0
11
292.43
21
-3423.17
31
0.0
0
LINE
8
אינסטלציה — ניקוז
10
292.43
20
-3423.17
30
0.0
11
250.00
21
-3405.60
31
0.0
0
LINE
8
אינסטלציה — ניקוז
10
250.00
20
-3405.60
30
0.0
11
207.57
21
-3423.17
31
0.0
0
LINE
8
אינסטלציה — ניקוז
10
207.57
20
-3423.17
30
0.0
11
190.00
21
-3465.60
31
0.0
0
LINE
8
אינסטלציה — ניקוז
10
190.00
20
-3465.60
30
0.0
11
207.57
21
-3508.03
31
0.0
0
LINE
8
אינסטלציה — ניקוז
10
207.57
20
-3508.03
30
0.0
11
250.00
21
-3525.60
31
0.0
0
LINE
8
אינסטלציה — ניקוז
10
250.00
20
-3525.60
30
0.0
11
292.43
21
-3508.03
31
0.0
0
LINE
8
אינסטלציה — ניקוז
10
292.43
20
-3508.03
30
0.0
11
310.00
21
-3465.60
31
0.0
0
TEXT
8
מקרא
10
0.00
20
-3630.00
30
0.0
40
40
1
מיכל הדחה סמוי (ניאגרה סמויה)
0
LINE
8
מסגרת
10
400.00
20
-3600.00
30
0.0
11
420.00
21
-3600.00
31
0.0
0
LINE
8
מסגרת
10
420.00
20
-3600.00
30
0.0
11
420.00
21
-3580.00
31
0.0
0
LINE
8
מסגרת
10
420.00
20
-3580.00
30
0.0
11
400.00
21
-3580.00
31
0.0
0
LINE
8
מסגרת
10
400.00
20
-3580.00
30
0.0
11
400.00
21
-3600.00
31
0.0
0
LINE
8
אינסטלציה — ניקוז
10
410.00
20
-3580.60
30
0.0
11
411.69
21
-3583.97
31
0.0
0
LINE
8
אינסטלציה — ניקוז
10
411.69
20
-3583.97
30
0.0
11
412.93
21
-3584.88
31
0.0
0
LINE
8
אינסטלציה — ניקוז
10
412.93
20
-3584.88
30
0.0
11
413.74
21
-3586.19
31
0.0
0
LINE
8
אינסטלציה — ניקוז
10
413.74
20
-3586.19
30
0.0
11
414.00
21
-3587.70
31
0.0
0
LINE
8
אינסטלציה — ניקוז
10
414.00
20
-3587.70
30
0.0
11
413.67
21
-3589.20
31
0.0
0
LINE
8
אינסטלציה — ניקוז
10
413.67
20
-3589.20
30
0.0
11
412.79
21
-3590.46
31
0.0
0
LINE
8
אינסטלציה — ניקוז
10
412.79
20
-3590.46
30
0.0
11
411.51
21
-3591.30
31
0.0
0
LINE
8
אינסטלציה — ניקוז
10
411.51
20
-3591.30
30
0.0
11
410.00
21
-3591.60
31
0.0
0
LINE
8
אינסטלציה — ניקוז
10
410.00
20
-3591.60
30
0.0
11
408.49
21
-3591.30
31
0.0
0
LINE
8
אינסטלציה — ניקוז
10
408.49
20
-3591.30
30
0.0
11
407.21
21
-3590.46
31
0.0
0
LINE
8
אינסטלציה — ניקוז
10
407.21
20
-3590.46
30
0.0
11
406.33
21
-3589.20
31
0.0
0
LINE
8
אינסטלציה — ניקוז
10
406.33
20
-3589.20
30
0.0
11
406.00
21
-3587.70
31
0.0
0
LINE
8
אינסטלציה — ניקוז
10
406.00
20
-3587.70
30
0.0
11
406.26
21
-3586.19
31
0.0
0
LINE
8
אינסטלציה — ניקוז
10
406.26
20
-3586.19
30
0.0
11
407.07
21
-3584.88
31
0.0
0
LINE
8
אינסטלציה — ניקוז
10
407.07
20
-3584.88
30
0.0
11
408.31
21
-3583.97
31
0.0
0
LINE
8
אינסטלציה — ניקוז
10
408.31
20
-3583.97
30
0.0
11
410.00
21
-3580.60
31
0.0
0
LINE
8
אינסטלציה — ניקוז
10
410.00
20
-3591.60
30
0.0
11
410.00
21
-3593.00
31
0.0
0
LINE
8
אינסטלציה — ניקוז
10
410.00
20
-3594.40
30
0.0
11
410.00
21
-3595.80
31
0.0
0
LINE
8
אינסטלציה — ניקוז
10
410.00
20
-3597.20
30
0.0
11
410.00
21
-3598.60
31
0.0
0
TEXT
8
מקרא
10
400.00
20
-3630.00
30
0.0
40
40
1
נקודת ניקוז מזגן (קונדנסט)
0
LINE
8
מסגרת
10
800.00
20
-3600.00
30
0.0
11
820.00
21
-3600.00
31
0.0
0
LINE
8
מסגרת
10
820.00
20
-3600.00
30
0.0
11
820.00
21
-3580.00
31
0.0
0
LINE
8
מסגרת
10
820.00
20
-3580.00
30
0.0
11
800.00
21
-3580.00
31
0.0
0
LINE
8
מסגרת
10
800.00
20
-3580.00
30
0.0
11
800.00
21
-3600.00
31
0.0
0
LINE
8
גז
10
817.27
20
-3585.80
30
0.0
11
810.00
21
-3581.60
31
0.0
0
LINE
8
גז
10
810.00
20
-3581.60
30
0.0
11
802.73
21
-3585.80
31
0.0
0
LINE
8
גז
10
802.73
20
-3585.80
30
0.0
11
802.73
21
-3594.20
31
0.0
0
LINE
8
גז
10
802.73
20
-3594.20
30
0.0
11
810.00
21
-3598.40
31
0.0
0
LINE
8
גז
10
810.00
20
-3598.40
30
0.0
11
817.27
21
-3594.20
31
0.0
0
LINE
8
גז
10
817.27
20
-3594.20
30
0.0
11
817.27
21
-3585.80
31
0.0
0
LINE
8
גז
10
810.00
20
-3585.09
30
0.0
11
811.66
21
-3588.72
31
0.0
0
LINE
8
גז
10
811.66
20
-3588.72
30
0.0
11
812.12
21
-3591.44
31
0.0
0
LINE
8
גז
10
812.12
20
-3591.44
30
0.0
11
811.06
21
-3593.56
31
0.0
0
LINE
8
גז
10
811.06
20
-3593.56
30
0.0
11
808.94
21
-3593.56
31
0.0
0
LINE
8
גז
10
808.94
20
-3593.56
30
0.0
11
807.88
21
-3591.44
31
0.0
0
LINE
8
גז
10
807.88
20
-3591.44
30
0.0
11
808.34
21
-3588.72
31
0.0
0
LINE
8
גז
10
808.34
20
-3588.72
30
0.0
11
810.00
21
-3585.09
31
0.0
0
TEXT
8
מקרא
10
800.00
20
-3630.00
30
0.0
40
40
1
נקודת גז (כיריים)
0
LINE
8
מסגרת
10
1200.00
20
-3600.00
30
0.0
11
1240.00
21
-3600.00
31
0.0
0
LINE
8
מסגרת
10
1240.00
20
-3600.00
30
0.0
11
1240.00
21
-3560.00
31
0.0
0
LINE
8
מסגרת
10
1240.00
20
-3560.00
30
0.0
11
1200.00
21
-3560.00
31
0.0
0
LINE
8
מסגרת
10
1200.00
20
-3560.00
30
0.0
11
1200.00
21
-3600.00
31
0.0
0
LINE
8
גז
10
1231.09
20
-3571.60
30
0.0
11
1220.00
21
-3565.20
31
0.0
0
LINE
8
גז
10
1220.00
20
-3565.20
30
0.0
11
1208.91
21
-3571.60
31
0.0
0
LINE
8
גז
10
1208.91
20
-3571.60
30
0.0
11
1208.91
21
-3584.40
31
0.0
0
LINE
8
גז
10
1208.91
20
-3584.40
30
0.0
11
1220.00
21
-3590.80
31
0.0
0
LINE
8
גז
10
1220.00
20
-3590.80
30
0.0
11
1231.09
21
-3584.40
31
0.0
0
LINE
8
גז
10
1231.09
20
-3584.40
30
0.0
11
1231.09
21
-3571.60
31
0.0
0
LINE
8
גז
10
1214.88
20
-3584.40
30
0.0
11
1214.88
21
-3592.08
31
0.0
0
LINE
8
גז
10
1225.12
20
-3584.40
30
0.0
11
1225.12
21
-3592.08
31
0.0
0
TEXT
8
מקרא
10
1200.00
20
-3630.00
30
0.0
40
40
1
הכנת גז 2 יציאות
0
LINE
8
מסגרת
10
1600.00
20
-3600.00
30
0.0
11
1800.00
21
-3600.00
31
0.0
0
LINE
8
מסגרת
10
1800.00
20
-3600.00
30
0.0
11
1800.00
21
-3520.00
31
0.0
0
LINE
8
מסגרת
10
1800.00
20
-3520.00
30
0.0
11
1600.00
21
-3520.00
31
0.0
0
LINE
8
מסגרת
10
1600.00
20
-3520.00
30
0.0
11
1600.00
21
-3600.00
31
0.0
0
LINE
8
גז
10
1610.00
20
-3568.00
30
0.0
11
1790.00
21
-3568.00
31
0.0
0
LINE
8
גז
10
1639.24
20
-3559.20
30
0.0
11
1624.00
21
-3550.40
31
0.0
0
LINE
8
גז
10
1624.00
20
-3550.40
30
0.0
11
1608.76
21
-3559.20
31
0.0
0
LINE
8
גז
10
1608.76
20
-3559.20
30
0.0
11
1608.76
21
-3576.80
31
0.0
0
LINE
8
גז
10
1608.76
20
-3576.80
30
0.0
11
1624.00
21
-3585.60
31
0.0
0
LINE
8
גז
10
1624.00
20
-3585.60
30
0.0
11
1639.24
21
-3576.80
31
0.0
0
LINE
8
גז
10
1639.24
20
-3576.80
30
0.0
11
1639.24
21
-3559.20
31
0.0
0
LINE
8
גז
10
1670.00
20
-3568.00
30
0.0
11
1670.00
21
-3540.00
31
0.0
0
LINE
8
גז
10
1666.00
20
-3540.00
30
0.0
11
1674.00
21
-3540.00
31
0.0
0
LINE
8
גז
10
1706.00
20
-3568.00
30
0.0
11
1706.00
21
-3540.00
31
0.0
0
LINE
8
גז
10
1702.00
20
-3540.00
30
0.0
11
1710.00
21
-3540.00
31
0.0
0
LINE
8
גז
10
1742.00
20
-3568.00
30
0.0
11
1742.00
21
-3540.00
31
0.0
0
LINE
8
גז
10
1738.00
20
-3540.00
30
0.0
11
1746.00
21
-3540.00
31
0.0
0
LINE
8
גז
10
1778.00
20
-3568.00
30
0.0
11
1778.00
21
-3540.00
31
0.0
0
LINE
8
גז
10
1774.00
20
-3540.00
30
0.0
11
1782.00
21
-3540.00
31
0.0
0
TEXT
8
מקרא
10
1600.00
20
-3630.00
30
0.0
40
40
1
חנוכיית גז / מפצל (N יציאות)
0
LINE
8
מסגרת
10
2000.00
20
-3600.00
30
0.0
11
2300.00
21
-3600.00
31
0.0
0
LINE
8
מסגרת
10
2300.00
20
-3600.00
30
0.0
11
2300.00
21
-3200.00
31
0.0
0
LINE
8
מסגרת
10
2300.00
20
-3200.00
30
0.0
11
2000.00
21
-3200.00
31
0.0
0
LINE
8
מסגרת
10
2000.00
20
-3200.00
30
0.0
11
2000.00
21
-3600.00
31
0.0
0
LINE
8
גז
10
2030.00
20
-3570.00
30
0.0
11
2270.00
21
-3570.00
31
0.0
0
LINE
8
גז
10
2270.00
20
-3570.00
30
0.0
11
2270.00
21
-3230.00
31
0.0
0
LINE
8
גז
10
2270.00
20
-3230.00
30
0.0
11
2030.00
21
-3230.00
31
0.0
0
LINE
8
גז
10
2030.00
20
-3230.00
30
0.0
11
2030.00
21
-3570.00
31
0.0
0
LINE
8
גז
10
2146.57
20
-3356.00
30
0.0
11
2105.00
21
-3332.00
31
0.0
0
LINE
8
גז
10
2105.00
20
-3332.00
30
0.0
11
2063.43
21
-3356.00
31
0.0
0
LINE
8
גז
10
2063.43
20
-3356.00
30
0.0
11
2063.43
21
-3404.00
31
0.0
0
LINE
8
גז
10
2063.43
20
-3404.00
30
0.0
11
2105.00
21
-3428.00
31
0.0
0
LINE
8
גז
10
2105.00
20
-3428.00
30
0.0
11
2146.57
21
-3404.00
31
0.0
0
LINE
8
גז
10
2146.57
20
-3404.00
30
0.0
11
2146.57
21
-3356.00
31
0.0
0
LINE
8
גז
10
2240.00
20
-3360.00
30
0.0
11
2233.97
21
-3337.50
31
0.0
0
LINE
8
גז
10
2233.97
20
-3337.50
30
0.0
11
2217.50
21
-3321.03
31
0.0
0
LINE
8
גז
10
2217.50
20
-3321.03
30
0.0
11
2195.00
21
-3315.00
31
0.0
0
LINE
8
גז
10
2195.00
20
-3315.00
30
0.0
11
2172.50
21
-3321.03
31
0.0
0
LINE
8
גז
10
2172.50
20
-3321.03
30
0.0
11
2156.03
21
-3337.50
31
0.0
0
LINE
8
גז
10
2156.03
20
-3337.50
30
0.0
11
2150.00
21
-3360.00
31
0.0
0
LINE
8
גז
10
2150.00
20
-3360.00
30
0.0
11
2156.03
21
-3382.50
31
0.0
0
LINE
8
גז
10
2156.03
20
-3382.50
30
0.0
11
2172.50
21
-3398.97
31
0.0
0
LINE
8
גז
10
2172.50
20
-3398.97
30
0.0
11
2195.00
21
-3405.00
31
0.0
0
LINE
8
גז
10
2195.00
20
-3405.00
30
0.0
11
2217.50
21
-3398.97
31
0.0
0
LINE
8
גז
10
2217.50
20
-3398.97
30
0.0
11
2233.97
21
-3382.50
31
0.0
0
LINE
8
גז
10
2233.97
20
-3382.50
30
0.0
11
2240.00
21
-3360.00
31
0.0
0
LINE
8
גז
10
2195.00
20
-3360.00
30
0.0
11
2216.00
21
-3328.00
31
0.0
0
LINE
8
גז
10
2060.00
20
-3480.00
30
0.0
11
2240.00
21
-3480.00
31
0.0
0
TEXT
8
מקרא
10
2000.00
20
-3630.00
30
0.0
40
40
1
מרכזיית גז / וסת מרכזי
0
LINE
8
מסגרת
10
2400.00
20
-3600.00
30
0.0
11
2700.00
21
-3600.00
31
0.0
0
LINE
8
מסגרת
10
2700.00
20
-3600.00
30
0.0
11
2700.00
21
-3000.00
31
0.0
0
LINE
8
מסגרת
10
2700.00
20
-3000.00
30
0.0
11
2400.00
21
-3000.00
31
0.0
0
LINE
8
מסגרת
10
2400.00
20
-3000.00
30
0.0
11
2400.00
21
-3600.00
31
0.0
0
LINE
8
גז
10
2634.00
20
-3132.00
30
0.0
11
2629.89
21
-3106.04
31
0.0
0
LINE
8
גז
10
2629.89
20
-3106.04
30
0.0
11
2617.96
21
-3082.63
31
0.0
0
LINE
8
גז
10
2617.96
20
-3082.63
30
0.0
11
2599.37
21
-3064.04
31
0.0
0
LINE
8
גז
10
2599.37
20
-3064.04
30
0.0
11
2575.96
21
-3052.11
31
0.0
0
LINE
8
גז
10
2575.96
20
-3052.11
30
0.0
11
2550.00
21
-3048.00
31
0.0
0
LINE
8
גז
10
2550.00
20
-3048.00
30
0.0
11
2524.04
21
-3052.11
31
0.0
0
LINE
8
גז
10
2524.04
20
-3052.11
30
0.0
11
2500.63
21
-3064.04
31
0.0
0
LINE
8
גז
10
2500.63
20
-3064.04
30
0.0
11
2482.04
21
-3082.63
31
0.0
0
LINE
8
גז
10
2482.04
20
-3082.63
30
0.0
11
2470.11
21
-3106.04
31
0.0
0
LINE
8
גז
10
2470.11
20
-3106.04
30
0.0
11
2466.00
21
-3132.00
31
0.0
0
LINE
8
גז
10
2466.00
20
-3132.00
30
0.0
11
2466.00
21
-3540.00
31
0.0
0
LINE
8
גז
10
2466.00
20
-3540.00
30
0.0
11
2634.00
21
-3540.00
31
0.0
0
LINE
8
גז
10
2634.00
20
-3540.00
30
0.0
11
2634.00
21
-3132.00
31
0.0
0
LINE
8
גז
10
2466.00
20
-3540.00
30
0.0
11
2634.00
21
-3540.00
31
0.0
0
LINE
8
גז
10
2526.00
20
-3132.00
30
0.0
11
2574.00
21
-3132.00
31
0.0
0
LINE
8
גז
10
2574.00
20
-3132.00
30
0.0
11
2574.00
21
-3060.00
31
0.0
0
LINE
8
גז
10
2574.00
20
-3060.00
30
0.0
11
2526.00
21
-3060.00
31
0.0
0
LINE
8
גז
10
2526.00
20
-3060.00
30
0.0
11
2526.00
21
-3132.00
31
0.0
0
LINE
8
גז
10
2568.00
20
-3042.00
30
0.0
11
2562.73
21
-3029.27
31
0.0
0
LINE
8
גז
10
2562.73
20
-3029.27
30
0.0
11
2550.00
21
-3024.00
31
0.0
0
LINE
8
גז
10
2550.00
20
-3024.00
30
0.0
11
2537.27
21
-3029.27
31
0.0
0
LINE
8
גז
10
2537.27
20
-3029.27
30
0.0
11
2532.00
21
-3042.00
31
0.0
0
LINE
8
גז
10
2532.00
20
-3042.00
30
0.0
11
2537.27
21
-3054.73
31
0.0
0
LINE
8
גז
10
2537.27
20
-3054.73
30
0.0
11
2550.00
21
-3060.00
31
0.0
0
LINE
8
גז
10
2550.00
20
-3060.00
30
0.0
11
2562.73
21
-3054.73
31
0.0
0
LINE
8
גז
10
2562.73
20
-3054.73
30
0.0
11
2568.00
21
-3042.00
31
0.0
0
TEXT
8
מקרא
10
2400.00
20
-3630.00
30
0.0
40
40
1
בלון גז (גפ״מ)
0
LINE
8
מסגרת
10
2800.00
20
-3600.00
30
0.0
11
2840.00
21
-3600.00
31
0.0
0
LINE
8
מסגרת
10
2840.00
20
-3600.00
30
0.0
11
2840.00
21
-3560.00
31
0.0
0
LINE
8
מסגרת
10
2840.00
20
-3560.00
30
0.0
11
2800.00
21
-3560.00
31
0.0
0
LINE
8
מסגרת
10
2800.00
20
-3560.00
30
0.0
11
2800.00
21
-3600.00
31
0.0
0
LINE
8
גז
10
2809.60
20
-3589.28
30
0.0
11
2809.60
21
-3574.72
31
0.0
0
LINE
8
גז
10
2809.60
20
-3574.72
30
0.0
11
2820.00
21
-3582.00
31
0.0
0
LINE
8
גז
10
2820.00
20
-3582.00
30
0.0
11
2809.60
21
-3589.28
31
0.0
0
LINE
8
גז
10
2830.40
20
-3589.28
30
0.0
11
2830.40
21
-3574.72
31
0.0
0
LINE
8
גז
10
2830.40
20
-3574.72
30
0.0
11
2820.00
21
-3582.00
31
0.0
0
LINE
8
גז
10
2820.00
20
-3582.00
30
0.0
11
2830.40
21
-3589.28
31
0.0
0
LINE
8
גז
10
2820.00
20
-3582.00
30
0.0
11
2820.00
21
-3569.52
31
0.0
0
LINE
8
גז
10
2814.80
20
-3569.52
30
0.0
11
2825.20
21
-3569.52
31
0.0
0
LINE
8
גז
10
2820.00
20
-3586.58
30
0.0
11
2822.29
21
-3591.57
31
0.0
0
LINE
8
גז
10
2822.29
20
-3591.57
30
0.0
11
2822.91
21
-3595.31
31
0.0
0
LINE
8
גז
10
2822.91
20
-3595.31
30
0.0
11
2821.46
21
-3598.22
31
0.0
0
LINE
8
גז
10
2821.46
20
-3598.22
30
0.0
11
2818.54
21
-3598.22
31
0.0
0
LINE
8
גז
10
2818.54
20
-3598.22
30
0.0
11
2817.09
21
-3595.31
31
0.0
0
LINE
8
גז
10
2817.09
20
-3595.31
30
0.0
11
2817.71
21
-3591.57
31
0.0
0
LINE
8
גז
10
2817.71
20
-3591.57
30
0.0
11
2820.00
21
-3586.58
31
0.0
0
TEXT
8
מקרא
10
2800.00
20
-3630.00
30
0.0
40
40
1
ברז גז לטאבון (חיצוני)
0
LINE
8
מסגרת
10
3200.00
20
-3600.00
30
0.0
11
3450.00
21
-3600.00
31
0.0
0
LINE
8
מסגרת
10
3450.00
20
-3600.00
30
0.0
11
3450.00
21
-3300.00
31
0.0
0
LINE
8
מסגרת
10
3450.00
20
-3300.00
30
0.0
11
3200.00
21
-3300.00
31
0.0
0
LINE
8
מסגרת
10
3200.00
20
-3300.00
30
0.0
11
3200.00
21
-3600.00
31
0.0
0
LINE
8
גז
10
3225.00
20
-3575.00
30
0.0
11
3425.00
21
-3575.00
31
0.0
0
LINE
8
גז
10
3425.00
20
-3575.00
30
0.0
11
3425.00
21
-3325.00
31
0.0
0
LINE
8
גז
10
3425.00
20
-3325.00
30
0.0
11
3225.00
21
-3325.00
31
0.0
0
LINE
8
גז
10
3225.00
20
-3325.00
30
0.0
11
3225.00
21
-3575.00
31
0.0
0
LINE
8
גז
10
3319.64
20
-3394.00
30
0.0
11
3285.00
21
-3374.00
31
0.0
0
LINE
8
גז
10
3285.00
20
-3374.00
30
0.0
11
3250.36
21
-3394.00
31
0.0
0
LINE
8
גז
10
3250.36
20
-3394.00
30
0.0
11
3250.36
21
-3434.00
31
0.0
0
LINE
8
גז
10
3250.36
20
-3434.00
30
0.0
11
3285.00
21
-3454.00
31
0.0
0
LINE
8
גז
10
3285.00
20
-3454.00
30
0.0
11
3319.64
21
-3434.00
31
0.0
0
LINE
8
גז
10
3319.64
20
-3434.00
30
0.0
11
3319.64
21
-3394.00
31
0.0
0
LINE
8
גז
10
3392.50
20
-3420.00
30
0.0
11
3388.79
21
-3403.73
31
0.0
0
LINE
8
גז
10
3388.79
20
-3403.73
30
0.0
11
3378.38
21
-3390.68
31
0.0
0
LINE
8
גז
10
3378.38
20
-3390.68
30
0.0
11
3363.34
21
-3383.44
31
0.0
0
LINE
8
גז
10
3363.34
20
-3383.44
30
0.0
11
3346.66
21
-3383.44
31
0.0
0
LINE
8
גז
10
3346.66
20
-3383.44
30
0.0
11
3331.62
21
-3390.68
31
0.0
0
LINE
8
גז
10
3331.62
20
-3390.68
30
0.0
11
3321.21
21
-3403.73
31
0.0
0
LINE
8
גז
10
3321.21
20
-3403.73
30
0.0
11
3317.50
21
-3420.00
31
0.0
0
LINE
8
גז
10
3317.50
20
-3420.00
30
0.0
11
3321.21
21
-3436.27
31
0.0
0
LINE
8
גז
10
3321.21
20
-3436.27
30
0.0
11
3331.62
21
-3449.32
31
0.0
0
LINE
8
גז
10
3331.62
20
-3449.32
30
0.0
11
3346.66
21
-3456.56
31
0.0
0
LINE
8
גז
10
3346.66
20
-3456.56
30
0.0
11
3363.34
21
-3456.56
31
0.0
0
LINE
8
גז
10
3363.34
20
-3456.56
30
0.0
11
3378.38
21
-3449.32
31
0.0
0
LINE
8
גז
10
3378.38
20
-3449.32
30
0.0
11
3388.79
21
-3436.27
31
0.0
0
LINE
8
גז
10
3388.79
20
-3436.27
30
0.0
11
3392.50
21
-3420.00
31
0.0
0
LINE
8
גז
10
3355.00
20
-3420.00
30
0.0
11
3355.00
21
-3384.00
31
0.0
0
LINE
8
גז
10
3270.00
20
-3516.00
30
0.0
11
3380.00
21
-3516.00
31
0.0
0
LINE
8
גז
10
3380.00
20
-3516.00
30
0.0
11
3380.00
21
-3480.00
31
0.0
0
LINE
8
גז
10
3380.00
20
-3480.00
30
0.0
11
3270.00
21
-3480.00
31
0.0
0
LINE
8
גז
10
3270.00
20
-3480.00
30
0.0
11
3270.00
21
-3516.00
31
0.0
0
TEXT
8
מקרא
10
3200.00
20
-3630.00
30
0.0
40
40
1
מונה גז
0
LINE
8
מסגרת
10
3600.00
20
-3600.00
30
0.0
11
3640.00
21
-3600.00
31
0.0
0
LINE
8
מסגרת
10
3640.00
20
-3600.00
30
0.0
11
3640.00
21
-3560.00
31
0.0
0
LINE
8
מסגרת
10
3640.00
20
-3560.00
30
0.0
11
3600.00
21
-3560.00
31
0.0
0
LINE
8
מסגרת
10
3600.00
20
-3560.00
30
0.0
11
3600.00
21
-3600.00
31
0.0
0
LINE
8
גז
10
3608.00
20
-3588.40
30
0.0
11
3608.00
21
-3571.60
31
0.0
0
LINE
8
גז
10
3608.00
20
-3571.60
30
0.0
11
3620.00
21
-3580.00
31
0.0
0
LINE
8
גז
10
3620.00
20
-3580.00
30
0.0
11
3608.00
21
-3588.40
31
0.0
0
LINE
8
גז
10
3632.00
20
-3588.40
30
0.0
11
3632.00
21
-3571.60
31
0.0
0
LINE
8
גז
10
3632.00
20
-3571.60
30
0.0
11
3620.00
21
-3580.00
31
0.0
0
LINE
8
גז
10
3620.00
20
-3580.00
30
0.0
11
3632.00
21
-3588.40
31
0.0
0
LINE
8
גז
10
3620.00
20
-3580.00
30
0.0
11
3620.00
21
-3564.40
31
0.0
0
LINE
8
גז
10
3614.00
20
-3564.40
30
0.0
11
3626.00
21
-3564.40
31
0.0
0
TEXT
8
מקרא
10
3600.00
20
-3630.00
30
0.0
40
40
1
ברז ניתוק גז ראשי
0
LINE
8
מסגרת
10
0.00
20
-4000.00
30
0.0
11
900.00
21
-4000.00
31
0.0
0
LINE
8
מסגרת
10
900.00
20
-4000.00
30
0.0
11
900.00
21
-3700.00
31
0.0
0
LINE
8
מסגרת
10
900.00
20
-3700.00
30
0.0
11
0.00
21
-3700.00
31
0.0
0
LINE
8
מסגרת
10
0.00
20
-3700.00
30
0.0
11
0.00
21
-4000.00
31
0.0
0
LINE
8
מיזוג ואוורור
10
27.00
20
-3895.00
30
0.0
11
873.00
21
-3895.00
31
0.0
0
LINE
8
מיזוג ואוורור
10
873.00
20
-3895.00
30
0.0
11
873.00
21
-3775.00
31
0.0
0
LINE
8
מיזוג ואוורור
10
873.00
20
-3775.00
30
0.0
11
27.00
21
-3775.00
31
0.0
0
LINE
8
מיזוג ואוורור
10
27.00
20
-3775.00
30
0.0
11
27.00
21
-3895.00
31
0.0
0
LINE
8
מיזוג ואוורור
10
45.00
20
-3865.00
30
0.0
11
855.00
21
-3865.00
31
0.0
0
LINE
8
מיזוג ואוורור
10
45.00
20
-3835.00
30
0.0
11
855.00
21
-3835.00
31
0.0
0
LINE
8
מיזוג ואוורור
10
45.00
20
-3805.00
30
0.0
11
855.00
21
-3805.00
31
0.0
0
LINE
8
מיזוג ואוורור
10
393.62
20
-3915.52
30
0.0
11
400.26
21
-3928.55
31
0.0
0
LINE
8
מיזוג ואוורור
10
400.26
20
-3928.55
30
0.0
11
409.85
21
-3939.59
31
0.0
0
LINE
8
מיזוג ואוורור
10
409.85
20
-3939.59
30
0.0
11
421.83
21
-3947.98
31
0.0
0
LINE
8
מיזוג ואוורור
10
421.83
20
-3947.98
30
0.0
11
435.48
21
-3953.22
31
0.0
0
LINE
8
מיזוג ואוורור
10
435.48
20
-3953.22
30
0.0
11
450.00
21
-3955.00
31
0.0
0
LINE
8
מיזוג ואוורור
10
450.00
20
-3955.00
30
0.0
11
464.52
21
-3953.22
31
0.0
0
LINE
8
מיזוג ואוורור
10
464.52
20
-3953.22
30
0.0
11
478.17
21
-3947.98
31
0.0
0
LINE
8
מיזוג ואוורור
10
478.17
20
-3947.98
30
0.0
11
490.15
21
-3939.59
31
0.0
0
LINE
8
מיזוג ואוורור
10
490.15
20
-3939.59
30
0.0
11
499.74
21
-3928.55
31
0.0
0
LINE
8
מיזוג ואוורור
10
499.74
20
-3928.55
30
0.0
11
506.38
21
-3915.52
31
0.0
0
TEXT
8
מקרא
10
0.00
20
-4030.00
30
0.0
40
40
1
מזגן עילי — יחידה פנימית
0
LINE
8
מסגרת
10
400.00
20
-4000.00
30
0.0
11
1200.00
21
-4000.00
31
0.0
0
LINE
8
מסגרת
10
1200.00
20
-4000.00
30
0.0
11
1200.00
21
-3450.00
31
0.0
0
LINE
8
מסגרת
10
1200.00
20
-3450.00
30
0.0
11
400.00
21
-3450.00
31
0.0
0
LINE
8
מסגרת
10
400.00
20
-3450.00
30
0.0
11
400.00
21
-4000.00
31
0.0
0
LINE
8
מיזוג ואוורור
10
464.00
20
-3936.00
30
0.0
11
1136.00
21
-3936.00
31
0.0
0
LINE
8
מיזוג ואוורור
10
1136.00
20
-3936.00
30
0.0
11
1136.00
21
-3514.00
31
0.0
0
LINE
8
מיזוג ואוורור
10
1136.00
20
-3514.00
30
0.0
11
464.00
21
-3514.00
31
0.0
0
LINE
8
מיזוג ואוורור
10
464.00
20
-3514.00
30
0.0
11
464.00
21
-3936.00
31
0.0
0
LINE
8
מיזוג ואוורור
10
965.00
20
-3725.00
30
0.0
11
952.44
21
-3661.86
31
0.0
0
LINE
8
מיזוג ואוורור
10
952.44
20
-3661.86
30
0.0
11
916.67
21
-3608.33
31
0.0
0
LINE
8
מיזוג ואוורור
10
916.67
20
-3608.33
30
0.0
11
863.14
21
-3572.56
31
0.0
0
LINE
8
מיזוג ואוורור
10
863.14
20
-3572.56
30
0.0
11
800.00
21
-3560.00
31
0.0
0
LINE
8
מיזוג ואוורור
10
800.00
20
-3560.00
30
0.0
11
736.86
21
-3572.56
31
0.0
0
LINE
8
מיזוג ואוורור
10
736.86
20
-3572.56
30
0.0
11
683.33
21
-3608.33
31
0.0
0
LINE
8
מיזוג ואוורור
10
683.33
20
-3608.33
30
0.0
11
647.56
21
-3661.86
31
0.0
0
LINE
8
מיזוג ואוורור
10
647.56
20
-3661.86
30
0.0
11
635.00
21
-3725.00
31
0.0
0
LINE
8
מיזוג ואוורור
10
635.00
20
-3725.00
30
0.0
11
647.56
21
-3788.14
31
0.0
0
LINE
8
מיזוג ואוורור
10
647.56
20
-3788.14
30
0.0
11
683.33
21
-3841.67
31
0.0
0
LINE
8
מיזוג ואוורור
10
683.33
20
-3841.67
30
0.0
11
736.86
21
-3877.44
31
0.0
0
LINE
8
מיזוג ואוורור
10
736.86
20
-3877.44
30
0.0
11
800.00
21
-3890.00
31
0.0
0
LINE
8
מיזוג ואוורור
10
800.00
20
-3890.00
30
0.0
11
863.14
21
-3877.44
31
0.0
0
LINE
8
מיזוג ואוורור
10
863.14
20
-3877.44
30
0.0
11
916.67
21
-3841.67
31
0.0
0
LINE
8
מיזוג ואוורור
10
916.67
20
-3841.67
30
0.0
11
952.44
21
-3788.14
31
0.0
0
LINE
8
מיזוג ואוורור
10
952.44
20
-3788.14
30
0.0
11
965.00
21
-3725.00
31
0.0
0
LINE
8
מיזוג ואוורור
10
896.83
20
-3806.25
30
0.0
11
919.53
21
-3798.72
31
0.0
0
LINE
8
מיזוג ואוורור
10
919.53
20
-3798.72
30
0.0
11
939.11
21
-3785.01
31
0.0
0
LINE
8
מיזוג ואוורור
10
939.11
20
-3785.01
30
0.0
11
953.95
21
-3766.25
31
0.0
0
LINE
8
מיזוג ואוורור
10
953.95
20
-3766.25
30
0.0
11
962.78
21
-3744.03
31
0.0
0
LINE
8
מיזוג ואוורור
10
962.78
20
-3744.03
30
0.0
11
964.86
21
-3720.20
31
0.0
0
LINE
8
מיזוג ואוורור
10
964.86
20
-3720.20
30
0.0
11
960.02
21
-3696.78
31
0.0
0
LINE
8
מיזוג ואוורור
10
881.25
20
-3628.17
30
0.0
11
873.72
21
-3605.47
31
0.0
0
LINE
8
מיזוג ואוורור
10
873.72
20
-3605.47
30
0.0
11
860.01
21
-3585.89
31
0.0
0
LINE
8
מיזוג ואוורור
10
860.01
20
-3585.89
30
0.0
11
841.25
21
-3571.05
31
0.0
0
LINE
8
מיזוג ואוורור
10
841.25
20
-3571.05
30
0.0
11
819.03
21
-3562.22
31
0.0
0
LINE
8
מיזוג ואוורור
10
819.03
20
-3562.22
30
0.0
11
795.20
21
-3560.14
31
0.0
0
LINE
8
מיזוג ואוורור
10
795.20
20
-3560.14
30
0.0
11
771.78
21
-3564.98
31
0.0
0
LINE
8
מיזוג ואוורור
10
703.17
20
-3643.75
30
0.0
11
680.47
21
-3651.28
31
0.0
0
LINE
8
מיזוג ואוורור
10
680.47
20
-3651.28
30
0.0
11
660.89
21
-3664.99
31
0.0
0
LINE
8
מיזוג ואוורור
10
660.89
20
-3664.99
30
0.0
11
646.05
21
-3683.75
31
0.0
0
LINE
8
מיזוג ואוורור
10
646.05
20
-3683.75
30
0.0
11
637.22
21
-3705.97
31
0.0
0
LINE
8
מיזוג ואוורור
10
637.22
20
-3705.97
30
0.0
11
635.14
21
-3729.80
31
0.0
0
LINE
8
מיזוג ואוורור
10
635.14
20
-3729.80
30
0.0
11
639.98
21
-3753.22
31
0.0
0
LINE
8
מיזוג ואוורור
10
718.75
20
-3821.83
30
0.0
11
726.28
21
-3844.53
31
0.0
0
LINE
8
מיזוג ואוורור
10
726.28
20
-3844.53
30
0.0
11
739.99
21
-3864.11
31
0.0
0
LINE
8
מיזוג ואוורור
10
739.99
20
-3864.11
30
0.0
11
758.75
21
-3878.95
31
0.0
0
LINE
8
מיזוג ואוורור
10
758.75
20
-3878.95
30
0.0
11
780.97
21
-3887.78
31
0.0
0
LINE
8
מיזוג ואוורור
10
780.97
20
-3887.78
30
0.0
11
804.80
21
-3889.86
31
0.0
0
LINE
8
מיזוג ואוורור
10
804.80
20
-3889.86
30
0.0
11
828.22
21
-3885.02
31
0.0
0
TEXT
8
מקרא
10
400.00
20
-4030.00
30
0.0
40
40
1
מעבה — יחידה חיצונית
0
LINE
8
מסגרת
10
800.00
20
-4000.00
30
0.0
11
1400.00
21
-4000.00
31
0.0
0
LINE
8
מסגרת
10
1400.00
20
-4000.00
30
0.0
11
1400.00
21
-3400.00
31
0.0
0
LINE
8
מסגרת
10
1400.00
20
-3400.00
30
0.0
11
800.00
21
-3400.00
31
0.0
0
LINE
8
מסגרת
10
800.00
20
-3400.00
30
0.0
11
800.00
21
-4000.00
31
0.0
0
LINE
8
מיזוג ואוורור
10
860.00
20
-3940.00
30
0.0
11
1340.00
21
-3940.00
31
0.0
0
LINE
8
מיזוג ואוורור
10
1340.00
20
-3940.00
30
0.0
11
1340.00
21
-3460.00
31
0.0
0
LINE
8
מיזוג ואוורור
10
1340.00
20
-3460.00
30
0.0
11
860.00
21
-3460.00
31
0.0
0
LINE
8
מיזוג ואוורור
10
860.00
20
-3460.00
30
0.0
11
860.00
21
-3940.00
31
0.0
0
LINE
8
מיזוג ואוורור
10
968.00
20
-3832.00
30
0.0
11
1232.00
21
-3832.00
31
0.0
0
LINE
8
מיזוג ואוורור
10
1232.00
20
-3832.00
30
0.0
11
1232.00
21
-3568.00
31
0.0
0
LINE
8
מיזוג ואוורור
10
1232.00
20
-3568.00
30
0.0
11
968.00
21
-3568.00
31
0.0
0
LINE
8
מיזוג ואוורור
10
968.00
20
-3568.00
30
0.0
11
968.00
21
-3832.00
31
0.0
0
LINE
8
מיזוג ואוורור
10
1040.00
20
-3760.00
30
0.0
11
1160.00
21
-3760.00
31
0.0
0
LINE
8
מיזוג ואוורור
10
1160.00
20
-3760.00
30
0.0
11
1160.00
21
-3640.00
31
0.0
0
LINE
8
מיזוג ואוורור
10
1160.00
20
-3640.00
30
0.0
11
1040.00
21
-3640.00
31
0.0
0
LINE
8
מיזוג ואוורור
10
1040.00
20
-3640.00
30
0.0
11
1040.00
21
-3760.00
31
0.0
0
LINE
8
מיזוג ואוורור
10
860.00
20
-3940.00
30
0.0
11
968.00
21
-3832.00
31
0.0
0
LINE
8
מיזוג ואוורור
10
1340.00
20
-3940.00
30
0.0
11
1232.00
21
-3832.00
31
0.0
0
LINE
8
מיזוג ואוורור
10
860.00
20
-3460.00
30
0.0
11
968.00
21
-3568.00
31
0.0
0
LINE
8
מיזוג ואוורור
10
1340.00
20
-3460.00
30
0.0
11
1232.00
21
-3568.00
31
0.0
0
TEXT
8
מקרא
10
800.00
20
-4030.00
30
0.0
40
40
1
נקודת מזגן מיני-מרכזי (מפוח)
0
LINE
8
מסגרת
10
1200.00
20
-4000.00
30
0.0
11
1400.00
21
-4000.00
31
0.0
0
LINE
8
מסגרת
10
1400.00
20
-4000.00
30
0.0
11
1400.00
21
-3800.00
31
0.0
0
LINE
8
מסגרת
10
1400.00
20
-3800.00
30
0.0
11
1200.00
21
-3800.00
31
0.0
0
LINE
8
מסגרת
10
1200.00
20
-3800.00
30
0.0
11
1200.00
21
-4000.00
31
0.0
0
LINE
8
מיזוג ואוורור
10
1220.00
20
-3980.00
30
0.0
11
1380.00
21
-3980.00
31
0.0
0
LINE
8
מיזוג ואוורור
10
1380.00
20
-3980.00
30
0.0
11
1380.00
21
-3820.00
31
0.0
0
LINE
8
מיזוג ואוורור
10
1380.00
20
-3820.00
30
0.0
11
1220.00
21
-3820.00
31
0.0
0
LINE
8
מיזוג ואוורור
10
1220.00
20
-3820.00
30
0.0
11
1220.00
21
-3980.00
31
0.0
0
LINE
8
מיזוג ואוורור
10
1220.00
20
-3948.00
30
0.0
11
1380.00
21
-3972.00
31
0.0
0
LINE
8
מיזוג ואוורור
10
1220.00
20
-3916.00
30
0.0
11
1380.00
21
-3940.00
31
0.0
0
LINE
8
מיזוג ואוורור
10
1220.00
20
-3884.00
30
0.0
11
1380.00
21
-3908.00
31
0.0
0
LINE
8
מיזוג ואוורור
10
1220.00
20
-3852.00
30
0.0
11
1380.00
21
-3876.00
31
0.0
0
TEXT
8
מקרא
10
1200.00
20
-4030.00
30
0.0
40
40
1
פתח אוורור / שבכה
0
LINE
8
מסגרת
10
1600.00
20
-4000.00
30
0.0
11
1850.00
21
-4000.00
31
0.0
0
LINE
8
מסגרת
10
1850.00
20
-4000.00
30
0.0
11
1850.00
21
-3750.00
31
0.0
0
LINE
8
מסגרת
10
1850.00
20
-3750.00
30
0.0
11
1600.00
21
-3750.00
31
0.0
0
LINE
8
מסגרת
10
1600.00
20
-3750.00
30
0.0
11
1600.00
21
-4000.00
31
0.0
0
LINE
8
מיזוג ואוורור
10
1625.00
20
-3975.00
30
0.0
11
1825.00
21
-3975.00
31
0.0
0
LINE
8
מיזוג ואוורור
10
1825.00
20
-3975.00
30
0.0
11
1825.00
21
-3775.00
31
0.0
0
LINE
8
מיזוג ואוורור
10
1825.00
20
-3775.00
30
0.0
11
1625.00
21
-3775.00
31
0.0
0
LINE
8
מיזוג ואוורור
10
1625.00
20
-3775.00
30
0.0
11
1625.00
21
-3975.00
31
0.0
0
LINE
8
מיזוג ואוורור
10
1737.50
20
-3875.00
30
0.0
11
1733.84
21
-3866.16
31
0.0
0
LINE
8
מיזוג ואוורור
10
1733.84
20
-3866.16
30
0.0
11
1725.00
21
-3862.50
31
0.0
0
LINE
8
מיזוג ואוורור
10
1725.00
20
-3862.50
30
0.0
11
1716.16
21
-3866.16
31
0.0
0
LINE
8
מיזוג ואוורור
10
1716.16
20
-3866.16
30
0.0
11
1712.50
21
-3875.00
31
0.0
0
LINE
8
מיזוג ואוורור
10
1712.50
20
-3875.00
30
0.0
11
1716.16
21
-3883.84
31
0.0
0
LINE
8
מיזוג ואוורור
10
1716.16
20
-3883.84
30
0.0
11
1725.00
21
-3887.50
31
0.0
0
LINE
8
מיזוג ואוורור
10
1725.00
20
-3887.50
30
0.0
11
1733.84
21
-3883.84
31
0.0
0
LINE
8
מיזוג ואוורור
10
1733.84
20
-3883.84
30
0.0
11
1737.50
21
-3875.00
31
0.0
0
LINE
8
מיזוג ואוורור
10
1800.18
20
-3847.64
30
0.0
11
1804.46
21
-3865.71
31
0.0
0
LINE
8
מיזוג ואוורור
10
1804.46
20
-3865.71
30
0.0
11
1804.46
21
-3884.29
31
0.0
0
LINE
8
מיזוג ואוורור
10
1804.46
20
-3884.29
30
0.0
11
1800.18
21
-3902.36
31
0.0
0
LINE
8
מיזוג ואוורור
10
1800.18
20
-3902.36
30
0.0
11
1791.84
21
-3918.96
31
0.0
0
LINE
8
מיזוג ואוורור
10
1791.84
20
-3918.96
30
0.0
11
1779.90
21
-3933.19
31
0.0
0
LINE
8
מיזוג ואוורור
10
1779.90
20
-3933.19
30
0.0
11
1765.00
21
-3944.28
31
0.0
0
LINE
8
מיזוג ואוורור
10
1765.00
20
-3944.28
30
0.0
11
1725.00
21
-3875.00
31
0.0
0
LINE
8
מיזוג ואוורור
10
1697.64
20
-3799.82
30
0.0
11
1715.71
21
-3795.54
31
0.0
0
LINE
8
מיזוג ואוורור
10
1715.71
20
-3795.54
30
0.0
11
1734.29
21
-3795.54
31
0.0
0
LINE
8
מיזוג ואוורור
10
1734.29
20
-3795.54
30
0.0
11
1752.36
21
-3799.82
31
0.0
0
LINE
8
מיזוג ואוורור
10
1752.36
20
-3799.82
30
0.0
11
1768.96
21
-3808.16
31
0.0
0
LINE
8
מיזוג ואוורור
10
1768.96
20
-3808.16
30
0.0
11
1783.19
21
-3820.10
31
0.0
0
LINE
8
מיזוג ואוורור
10
1783.19
20
-3820.10
30
0.0
11
1794.28
21
-3835.00
31
0.0
0
LINE
8
מיזוג ואוורור
10
1794.28
20
-3835.00
30
0.0
11
1725.00
21
-3875.00
31
0.0
0
LINE
8
מיזוג ואוורור
10
1649.82
20
-3902.36
30
0.0
11
1645.54
21
-3884.29
31
0.0
0
LINE
8
מיזוג ואוורור
10
1645.54
20
-3884.29
30
0.0
11
1645.54
21
-3865.71
31
0.0
0
LINE
8
מיזוג ואוורור
10
1645.54
20
-3865.71
30
0.0
11
1649.82
21
-3847.64
31
0.0
0
LINE
8
מיזוג ואוורור
10
1649.82
20
-3847.64
30
0.0
11
1658.16
21
-3831.04
31
0.0
0
LINE
8
מיזוג ואוורור
10
1658.16
20
-3831.04
30
0.0
11
1670.10
21
-3816.81
31
0.0
0
LINE
8
מיזוג ואוורור
10
1670.10
20
-3816.81
30
0.0
11
1685.00
21
-3805.72
31
0.0
0
LINE
8
מיזוג ואוורור
10
1685.00
20
-3805.72
30
0.0
11
1725.00
21
-3875.00
31
0.0
0
LINE
8
מיזוג ואוורור
10
1752.36
20
-3950.18
30
0.0
11
1734.29
21
-3954.46
31
0.0
0
LINE
8
מיזוג ואוורור
10
1734.29
20
-3954.46
30
0.0
11
1715.71
21
-3954.46
31
0.0
0
LINE
8
מיזוג ואוורור
10
1715.71
20
-3954.46
30
0.0
11
1697.64
21
-3950.18
31
0.0
0
LINE
8
מיזוג ואוורור
10
1697.64
20
-3950.18
30
0.0
11
1681.04
21
-3941.84
31
0.0
0
LINE
8
מיזוג ואוורור
10
1681.04
20
-3941.84
30
0.0
11
1666.81
21
-3929.90
31
0.0
0
LINE
8
מיזוג ואוורור
10
1666.81
20
-3929.90
30
0.0
11
1655.72
21
-3915.00
31
0.0
0
LINE
8
מיזוג ואוורור
10
1655.72
20
-3915.00
30
0.0
11
1725.00
21
-3875.00
31
0.0
0
TEXT
8
מקרא
10
1600.00
20
-4030.00
30
0.0
40
40
1
מאוורר יניקה (ונטה חשמלי)
0
LINE
8
מסגרת
10
2000.00
20
-4000.00
30
0.0
11
2900.00
21
-4000.00
31
0.0
0
LINE
8
מסגרת
10
2900.00
20
-4000.00
30
0.0
11
2900.00
21
-3400.00
31
0.0
0
LINE
8
מסגרת
10
2900.00
20
-3400.00
30
0.0
11
2000.00
21
-3400.00
31
0.0
0
LINE
8
מסגרת
10
2000.00
20
-3400.00
30
0.0
11
2000.00
21
-4000.00
31
0.0
0
LINE
8
מיזוג ואוורור
10
2072.00
20
-3850.00
30
0.0
11
2828.00
21
-3850.00
31
0.0
0
LINE
8
מיזוג ואוורור
10
2828.00
20
-3850.00
30
0.0
11
2648.00
21
-3640.00
31
0.0
0
LINE
8
מיזוג ואוורור
10
2648.00
20
-3640.00
30
0.0
11
2252.00
21
-3640.00
31
0.0
0
LINE
8
מיזוג ואוורור
10
2252.00
20
-3640.00
30
0.0
11
2072.00
21
-3850.00
31
0.0
0
LINE
8
מיזוג ואוורור
10
2396.00
20
-3640.00
30
0.0
11
2504.00
21
-3640.00
31
0.0
0
LINE
8
מיזוג ואוורור
10
2504.00
20
-3640.00
30
0.0
11
2504.00
21
-3448.00
31
0.0
0
LINE
8
מיזוג ואוורור
10
2504.00
20
-3448.00
30
0.0
11
2396.00
21
-3448.00
31
0.0
0
LINE
8
מיזוג ואוורור
10
2396.00
20
-3448.00
30
0.0
11
2396.00
21
-3640.00
31
0.0
0
LINE
8
מיזוג ואוורור
10
2180.00
20
-3850.00
30
0.0
11
2180.00
21
-3904.00
31
0.0
0
LINE
8
מיזוג ואוורור
10
2720.00
20
-3850.00
30
0.0
11
2720.00
21
-3904.00
31
0.0
0
LINE
8
מיזוג ואוורור
10
2360.00
20
-3748.00
30
0.0
11
2360.00
21
-3712.00
31
0.0
0
LINE
8
מיזוג ואוורור
10
2450.00
20
-3748.00
30
0.0
11
2450.00
21
-3712.00
31
0.0
0
LINE
8
מיזוג ואוורור
10
2540.00
20
-3748.00
30
0.0
11
2540.00
21
-3712.00
31
0.0
0
TEXT
8
מקרא
10
2000.00
20
-4030.00
30
0.0
40
40
1
מנדף (קולט אדים מעל גריל)
0
LINE
8
מסגרת
10
2400.00
20
-4000.00
30
0.0
11
2550.00
21
-4000.00
31
0.0
0
LINE
8
מסגרת
10
2550.00
20
-4000.00
30
0.0
11
2550.00
21
-3850.00
31
0.0
0
LINE
8
מסגרת
10
2550.00
20
-3850.00
30
0.0
11
2400.00
21
-3850.00
31
0.0
0
LINE
8
מסגרת
10
2400.00
20
-3850.00
30
0.0
11
2400.00
21
-4000.00
31
0.0
0
LINE
8
מיזוג ואוורור
10
2526.00
20
-3925.00
30
0.0
11
2522.12
21
-3905.48
31
0.0
0
LINE
8
מיזוג ואוורור
10
2522.12
20
-3905.48
30
0.0
11
2511.06
21
-3888.94
31
0.0
0
LINE
8
מיזוג ואוורור
10
2511.06
20
-3888.94
30
0.0
11
2494.52
21
-3877.88
31
0.0
0
LINE
8
מיזוג ואוורור
10
2494.52
20
-3877.88
30
0.0
11
2475.00
21
-3874.00
31
0.0
0
LINE
8
מיזוג ואוורור
10
2475.00
20
-3874.00
30
0.0
11
2455.48
21
-3877.88
31
0.0
0
LINE
8
מיזוג ואוורור
10
2455.48
20
-3877.88
30
0.0
11
2438.94
21
-3888.94
31
0.0
0
LINE
8
מיזוג ואוורור
10
2438.94
20
-3888.94
30
0.0
11
2427.88
21
-3905.48
31
0.0
0
LINE
8
מיזוג ואוורור
10
2427.88
20
-3905.48
30
0.0
11
2424.00
21
-3925.00
31
0.0
0
LINE
8
מיזוג ואוורור
10
2424.00
20
-3925.00
30
0.0
11
2427.88
21
-3944.52
31
0.0
0
LINE
8
מיזוג ואוורור
10
2427.88
20
-3944.52
30
0.0
11
2438.94
21
-3961.06
31
0.0
0
LINE
8
מיזוג ואוורור
10
2438.94
20
-3961.06
30
0.0
11
2455.48
21
-3972.12
31
0.0
0
LINE
8
מיזוג ואוורור
10
2455.48
20
-3972.12
30
0.0
11
2475.00
21
-3976.00
31
0.0
0
LINE
8
מיזוג ואוורור
10
2475.00
20
-3976.00
30
0.0
11
2494.52
21
-3972.12
31
0.0
0
LINE
8
מיזוג ואוורור
10
2494.52
20
-3972.12
30
0.0
11
2511.06
21
-3961.06
31
0.0
0
LINE
8
מיזוג ואוורור
10
2511.06
20
-3961.06
30
0.0
11
2522.12
21
-3944.52
31
0.0
0
LINE
8
מיזוג ואוורור
10
2522.12
20
-3944.52
30
0.0
11
2526.00
21
-3925.00
31
0.0
0
LINE
8
מיזוג ואוורור
10
2475.00
20
-3925.00
30
0.0
11
2520.90
21
-3879.10
31
0.0
0
LINE
8
מיזוג ואוורור
10
2520.90
20
-3879.10
30
0.0
11
2495.40
21
-3879.10
31
0.0
0
LINE
8
מיזוג ואוורור
10
2520.90
20
-3879.10
30
0.0
11
2520.90
21
-3904.60
31
0.0
0
TEXT
8
מקרא
10
2400.00
20
-4030.00
30
0.0
40
40
1
יציאת קולט אדים לחוץ
0
LINE
8
מסגרת
10
2800.00
20
-4000.00
30
0.0
11
3300.00
21
-4000.00
31
0.0
0
LINE
8
מסגרת
10
3300.00
20
-4000.00
30
0.0
11
3300.00
21
-3500.00
31
0.0
0
LINE
8
מסגרת
10
3300.00
20
-3500.00
30
0.0
11
2800.00
21
-3500.00
31
0.0
0
LINE
8
מסגרת
10
2800.00
20
-3500.00
30
0.0
11
2800.00
21
-4000.00
31
0.0
0
LINE
8
מיזוג ואוורור
10
2840.00
20
-3960.00
30
0.0
11
3260.00
21
-3960.00
31
0.0
0
LINE
8
מיזוג ואוורור
10
3260.00
20
-3960.00
30
0.0
11
3260.00
21
-3540.00
31
0.0
0
LINE
8
מיזוג ואוורור
10
3260.00
20
-3540.00
30
0.0
11
2840.00
21
-3540.00
31
0.0
0
LINE
8
מיזוג ואוורור
10
2840.00
20
-3540.00
30
0.0
11
2840.00
21
-3960.00
31
0.0
0
LINE
8
מיזוג ואוורור
10
2910.00
20
-3890.00
30
0.0
11
3190.00
21
-3890.00
31
0.0
0
LINE
8
מיזוג ואוורור
10
3190.00
20
-3890.00
30
0.0
11
3190.00
21
-3610.00
31
0.0
0
LINE
8
מיזוג ואוורור
10
3190.00
20
-3610.00
30
0.0
11
2910.00
21
-3610.00
31
0.0
0
LINE
8
מיזוג ואוורור
10
2910.00
20
-3610.00
30
0.0
11
2910.00
21
-3890.00
31
0.0
0
LINE
8
מיזוג ואוורור
10
2840.00
20
-3960.00
30
0.0
11
2910.00
21
-3890.00
31
0.0
0
LINE
8
מיזוג ואוורור
10
3260.00
20
-3960.00
30
0.0
11
3190.00
21
-3890.00
31
0.0
0
LINE
8
מיזוג ואוורור
10
2840.00
20
-3540.00
30
0.0
11
2910.00
21
-3610.00
31
0.0
0
LINE
8
מיזוג ואוורור
10
3260.00
20
-3540.00
30
0.0
11
3190.00
21
-3610.00
31
0.0
0
TEXT
8
מקרא
10
2800.00
20
-4030.00
30
0.0
40
40
1
פתח שירות למיזוג / תקרה פריקה
0
LINE
8
מסגרת
10
3200.00
20
-4000.00
30
0.0
11
3900.00
21
-4000.00
31
0.0
0
LINE
8
מסגרת
10
3900.00
20
-4000.00
30
0.0
11
3900.00
21
-3600.00
31
0.0
0
LINE
8
מסגרת
10
3900.00
20
-3600.00
30
0.0
11
3200.00
21
-3600.00
31
0.0
0
LINE
8
מסגרת
10
3200.00
20
-3600.00
30
0.0
11
3200.00
21
-4000.00
31
0.0
0
LINE
8
מיזוג ואוורור
10
3256.00
20
-3944.00
30
0.0
11
3844.00
21
-3944.00
31
0.0
0
LINE
8
מיזוג ואוורור
10
3844.00
20
-3944.00
30
0.0
11
3844.00
21
-3656.00
31
0.0
0
LINE
8
מיזוג ואוורור
10
3844.00
20
-3656.00
30
0.0
11
3256.00
21
-3656.00
31
0.0
0
LINE
8
מיזוג ואוורור
10
3256.00
20
-3656.00
30
0.0
11
3256.00
21
-3944.00
31
0.0
0
LINE
8
מיזוג ואוורור
10
3340.00
20
-3752.00
30
0.0
11
3760.00
21
-3752.00
31
0.0
0
LINE
8
מיזוג ואוורור
10
3760.00
20
-3752.00
30
0.0
11
3723.75
21
-3768.90
31
0.0
0
LINE
8
מיזוג ואוורור
10
3760.00
20
-3752.00
30
0.0
11
3723.75
21
-3735.10
31
0.0
0
LINE
8
מיזוג ואוורור
10
3760.00
20
-3848.00
30
0.0
11
3340.00
21
-3848.00
31
0.0
0
LINE
8
מיזוג ואוורור
10
3340.00
20
-3848.00
30
0.0
11
3376.25
21
-3831.10
31
0.0
0
LINE
8
מיזוג ואוורור
10
3340.00
20
-3848.00
30
0.0
11
3376.25
21
-3864.90
31
0.0
0
LINE
8
מיזוג ואוורור
10
3598.00
20
-3800.00
30
0.0
11
3591.57
21
-3776.00
31
0.0
0
LINE
8
מיזוג ואוורור
10
3591.57
20
-3776.00
30
0.0
11
3574.00
21
-3758.43
31
0.0
0
LINE
8
מיזוג ואוורור
10
3574.00
20
-3758.43
30
0.0
11
3550.00
21
-3752.00
31
0.0
0
LINE
8
מיזוג ואוורור
10
3550.00
20
-3752.00
30
0.0
11
3526.00
21
-3758.43
31
0.0
0
LINE
8
מיזוג ואוורור
10
3526.00
20
-3758.43
30
0.0
11
3508.43
21
-3776.00
31
0.0
0
LINE
8
מיזוג ואוורור
10
3508.43
20
-3776.00
30
0.0
11
3502.00
21
-3800.00
31
0.0
0
LINE
8
מיזוג ואוורור
10
3502.00
20
-3800.00
30
0.0
11
3508.43
21
-3824.00
31
0.0
0
LINE
8
מיזוג ואוורור
10
3508.43
20
-3824.00
30
0.0
11
3526.00
21
-3841.57
31
0.0
0
LINE
8
מיזוג ואוורור
10
3526.00
20
-3841.57
30
0.0
11
3550.00
21
-3848.00
31
0.0
0
LINE
8
מיזוג ואוורור
10
3550.00
20
-3848.00
30
0.0
11
3574.00
21
-3841.57
31
0.0
0
LINE
8
מיזוג ואוורור
10
3574.00
20
-3841.57
30
0.0
11
3591.57
21
-3824.00
31
0.0
0
LINE
8
מיזוג ואוורור
10
3591.57
20
-3824.00
30
0.0
11
3598.00
21
-3800.00
31
0.0
0
TEXT
8
מקרא
10
3200.00
20
-4030.00
30
0.0
40
40
1
מערכת אוורור מבוקר / HRV
0
LINE
8
מסגרת
10
3600.00
20
-4000.00
30
0.0
11
4600.00
21
-4000.00
31
0.0
0
LINE
8
מסגרת
10
4600.00
20
-4000.00
30
0.0
11
4600.00
21
-3300.00
31
0.0
0
LINE
8
מסגרת
10
4600.00
20
-3300.00
30
0.0
11
3600.00
21
-3300.00
31
0.0
0
LINE
8
מסגרת
10
3600.00
20
-3300.00
30
0.0
11
3600.00
21
-4000.00
31
0.0
0
LINE
8
חימום ומערכות תרמיות
10
3680.00
20
-3920.00
30
0.0
11
4520.00
21
-3920.00
31
0.0
0
LINE
8
חימום ומערכות תרמיות
10
4520.00
20
-3920.00
30
0.0
11
4520.00
21
-3380.00
31
0.0
0
LINE
8
חימום ומערכות תרמיות
10
4520.00
20
-3380.00
30
0.0
11
3680.00
21
-3380.00
31
0.0
0
LINE
8
חימום ומערכות תרמיות
10
3680.00
20
-3380.00
30
0.0
11
3680.00
21
-3920.00
31
0.0
0
LINE
8
חימום ומערכות תרמיות
10
4146.00
20
-3650.00
30
0.0
11
4119.74
21
-3552.00
31
0.0
0
LINE
8
חימום ומערכות תרמיות
10
4119.74
20
-3552.00
30
0.0
11
4048.00
21
-3480.26
31
0.0
0
LINE
8
חימום ומערכות תרמיות
10
4048.00
20
-3480.26
30
0.0
11
3950.00
21
-3454.00
31
0.0
0
LINE
8
חימום ומערכות תרמיות
10
3950.00
20
-3454.00
30
0.0
11
3852.00
21
-3480.26
31
0.0
0
LINE
8
חימום ומערכות תרמיות
10
3852.00
20
-3480.26
30
0.0
11
3780.26
21
-3552.00
31
0.0
0
LINE
8
חימום ומערכות תרמיות
10
3780.26
20
-3552.00
30
0.0
11
3754.00
21
-3650.00
31
0.0
0
LINE
8
חימום ומערכות תרמיות
10
3754.00
20
-3650.00
30
0.0
11
3780.26
21
-3748.00
31
0.0
0
LINE
8
חימום ומערכות תרמיות
10
3780.26
20
-3748.00
30
0.0
11
3852.00
21
-3819.74
31
0.0
0
LINE
8
חימום ומערכות תרמיות
10
3852.00
20
-3819.74
30
0.0
11
3950.00
21
-3846.00
31
0.0
0
LINE
8
חימום ומערכות תרמיות
10
3950.00
20
-3846.00
30
0.0
11
4048.00
21
-3819.74
31
0.0
0
LINE
8
חימום ומערכות תרמיות
10
4048.00
20
-3819.74
30
0.0
11
4119.74
21
-3748.00
31
0.0
0
LINE
8
חימום ומערכות תרמיות
10
4119.74
20
-3748.00
30
0.0
11
4146.00
21
-3650.00
31
0.0
0
LINE
8
חימום ומערכות תרמיות
10
4146.00
20
-3650.00
30
0.0
11
4131.08
21
-3725.01
31
0.0
0
LINE
8
חימום ומערכות תרמיות
10
4131.08
20
-3725.01
30
0.0
11
4088.59
21
-3788.59
31
0.0
0
LINE
8
חימום ומערכות תרמיות
10
4088.59
20
-3788.59
30
0.0
11
4025.01
21
-3831.08
31
0.0
0
LINE
8
חימום ומערכות תרמיות
10
4025.01
20
-3831.08
30
0.0
11
3950.00
21
-3846.00
31
0.0
0
LINE
8
חימום ומערכות תרמיות
10
3950.00
20
-3846.00
30
0.0
11
3950.00
21
-3650.00
31
0.0
0
LINE
8
חימום ומערכות תרמיות
10
3852.00
20
-3480.26
30
0.0
11
3924.42
21
-3455.68
31
0.0
0
LINE
8
חימום ומערכות תרמיות
10
3924.42
20
-3455.68
30
0.0
11
4000.73
21
-3460.68
31
0.0
0
LINE
8
חימום ומערכות תרמיות
10
4000.73
20
-3460.68
30
0.0
11
4069.32
21
-3494.50
31
0.0
0
LINE
8
חימום ומערכות תרמיות
10
4069.32
20
-3494.50
30
0.0
11
4119.74
21
-3552.00
31
0.0
0
LINE
8
חימום ומערכות תרמיות
10
4119.74
20
-3552.00
30
0.0
11
3950.00
21
-3650.00
31
0.0
0
LINE
8
חימום ומערכות תרמיות
10
3852.00
20
-3819.74
30
0.0
11
3794.50
21
-3769.32
31
0.0
0
LINE
8
חימום ומערכות תרמיות
10
3794.50
20
-3769.32
30
0.0
11
3760.68
21
-3700.73
31
0.0
0
LINE
8
חימום ומערכות תרמיות
10
3760.68
20
-3700.73
30
0.0
11
3755.68
21
-3624.42
31
0.0
0
LINE
8
חימום ומערכות תרמיות
10
3755.68
20
-3624.42
30
0.0
11
3780.26
21
-3552.00
31
0.0
0
LINE
8
חימום ומערכות תרמיות
10
3780.26
20
-3552.00
30
0.0
11
3950.00
21
-3650.00
31
0.0
0
LINE
8
חימום ומערכות תרמיות
10
4220.00
20
-3720.00
30
0.0
11
4252.50
21
-3687.66
31
0.0
0
LINE
8
חימום ומערכות תרמיות
10
4252.50
20
-3687.66
30
0.0
11
4285.00
21
-3695.25
31
0.0
0
LINE
8
חימום ומערכות תרמיות
10
4285.00
20
-3695.25
30
0.0
11
4317.50
21
-3733.39
31
0.0
0
LINE
8
חימום ומערכות תרמיות
10
4317.50
20
-3733.39
30
0.0
11
4350.00
21
-3755.00
31
0.0
0
LINE
8
חימום ומערכות תרמיות
10
4350.00
20
-3755.00
30
0.0
11
4382.50
21
-3733.39
31
0.0
0
LINE
8
חימום ומערכות תרמיות
10
4382.50
20
-3733.39
30
0.0
11
4415.00
21
-3695.25
31
0.0
0
LINE
8
חימום ומערכות תרמיות
10
4415.00
20
-3695.25
30
0.0
11
4447.50
21
-3687.66
31
0.0
0
LINE
8
חימום ומערכות תרמיות
10
4447.50
20
-3687.66
30
0.0
11
4480.00
21
-3720.00
31
0.0
0
LINE
8
חימום ומערכות תרמיות
10
4220.00
20
-3580.00
30
0.0
11
4252.50
21
-3547.66
31
0.0
0
LINE
8
חימום ומערכות תרמיות
10
4252.50
20
-3547.66
30
0.0
11
4285.00
21
-3555.25
31
0.0
0
LINE
8
חימום ומערכות תרמיות
10
4285.00
20
-3555.25
30
0.0
11
4317.50
21
-3593.39
31
0.0
0
LINE
8
חימום ומערכות תרמיות
10
4317.50
20
-3593.39
30
0.0
11
4350.00
21
-3615.00
31
0.0
0
LINE
8
חימום ומערכות תרמיות
10
4350.00
20
-3615.00
30
0.0
11
4382.50
21
-3593.39
31
0.0
0
LINE
8
חימום ומערכות תרמיות
10
4382.50
20
-3593.39
30
0.0
11
4415.00
21
-3555.25
31
0.0
0
LINE
8
חימום ומערכות תרמיות
10
4415.00
20
-3555.25
30
0.0
11
4447.50
21
-3547.66
31
0.0
0
LINE
8
חימום ומערכות תרמיות
10
4447.50
20
-3547.66
30
0.0
11
4480.00
21
-3580.00
31
0.0
0
TEXT
8
מקרא
10
3600.00
20
-4030.00
30
0.0
40
40
1
משאבת חום
0
LINE
8
מסגרת
10
0.00
20
-4400.00
30
0.0
11
600.00
21
-4400.00
31
0.0
0
LINE
8
מסגרת
10
600.00
20
-4400.00
30
0.0
11
600.00
21
-3900.00
31
0.0
0
LINE
8
מסגרת
10
600.00
20
-3900.00
30
0.0
11
0.00
21
-3900.00
31
0.0
0
LINE
8
מסגרת
10
0.00
20
-3900.00
30
0.0
11
0.00
21
-4400.00
31
0.0
0
LINE
8
חימום ומערכות תרמיות
10
60.00
20
-4040.00
30
0.0
11
540.00
21
-4040.00
31
0.0
0
LINE
8
חימום ומערכות תרמיות
10
60.00
20
-4125.00
30
0.0
11
540.00
21
-4125.00
31
0.0
0
LINE
8
חימום ומערכות תרמיות
10
60.00
20
-4040.00
30
0.0
11
60.00
21
-4125.00
31
0.0
0
LINE
8
חימום ומערכות תרמיות
10
540.00
20
-4040.00
30
0.0
11
540.00
21
-4125.00
31
0.0
0
LINE
8
חימום ומערכות תרמיות
10
120.00
20
-4125.00
30
0.0
11
120.00
21
-4200.00
31
0.0
0
LINE
8
חימום ומערכות תרמיות
10
210.00
20
-4125.00
30
0.0
11
210.00
21
-4200.00
31
0.0
0
LINE
8
חימום ומערכות תרמיות
10
300.00
20
-4125.00
30
0.0
11
300.00
21
-4200.00
31
0.0
0
LINE
8
חימום ומערכות תרמיות
10
390.00
20
-4125.00
30
0.0
11
390.00
21
-4200.00
31
0.0
0
LINE
8
חימום ומערכות תרמיות
10
480.00
20
-4125.00
30
0.0
11
480.00
21
-4200.00
31
0.0
0
LINE
8
חימום ומערכות תרמיות
10
120.00
20
-4275.00
30
0.0
11
138.00
21
-4242.64
31
0.0
0
LINE
8
חימום ומערכות תרמיות
10
138.00
20
-4242.64
30
0.0
11
156.00
21
-4236.96
31
0.0
0
LINE
8
חימום ומערכות תרמיות
10
156.00
20
-4236.96
30
0.0
11
174.00
21
-4262.64
31
0.0
0
LINE
8
חימום ומערכות תרמיות
10
174.00
20
-4262.64
30
0.0
11
192.00
21
-4298.51
31
0.0
0
LINE
8
חימום ומערכות תרמיות
10
192.00
20
-4298.51
30
0.0
11
210.00
21
-4315.00
31
0.0
0
LINE
8
חימום ומערכות תרמיות
10
210.00
20
-4315.00
30
0.0
11
228.00
21
-4298.51
31
0.0
0
LINE
8
חימום ומערכות תרמיות
10
228.00
20
-4298.51
30
0.0
11
246.00
21
-4262.64
31
0.0
0
LINE
8
חימום ומערכות תרמיות
10
246.00
20
-4262.64
30
0.0
11
264.00
21
-4236.96
31
0.0
0
LINE
8
חימום ומערכות תרמיות
10
264.00
20
-4236.96
30
0.0
11
282.00
21
-4242.64
31
0.0
0
LINE
8
חימום ומערכות תרמיות
10
282.00
20
-4242.64
30
0.0
11
300.00
21
-4275.00
31
0.0
0
LINE
8
חימום ומערכות תרמיות
10
300.00
20
-4275.00
30
0.0
11
318.00
21
-4307.36
31
0.0
0
LINE
8
חימום ומערכות תרמיות
10
318.00
20
-4307.36
30
0.0
11
336.00
21
-4313.04
31
0.0
0
LINE
8
חימום ומערכות תרמיות
10
336.00
20
-4313.04
30
0.0
11
354.00
21
-4287.36
31
0.0
0
LINE
8
חימום ומערכות תרמיות
10
354.00
20
-4287.36
30
0.0
11
372.00
21
-4251.49
31
0.0
0
LINE
8
חימום ומערכות תרמיות
10
372.00
20
-4251.49
30
0.0
11
390.00
21
-4235.00
31
0.0
0
LINE
8
חימום ומערכות תרמיות
10
390.00
20
-4235.00
30
0.0
11
408.00
21
-4251.49
31
0.0
0
LINE
8
חימום ומערכות תרמיות
10
408.00
20
-4251.49
30
0.0
11
426.00
21
-4287.36
31
0.0
0
LINE
8
חימום ומערכות תרמיות
10
426.00
20
-4287.36
30
0.0
11
444.00
21
-4313.04
31
0.0
0
LINE
8
חימום ומערכות תרמיות
10
444.00
20
-4313.04
30
0.0
11
462.00
21
-4307.36
31
0.0
0
LINE
8
חימום ומערכות תרמיות
10
462.00
20
-4307.36
30
0.0
11
480.00
21
-4275.00
31
0.0
0
TEXT
8
מקרא
10
0.00
20
-4430.00
30
0.0
40
40
1
חימום תת-רצפתי — קולקטור
0
LINE
8
מסגרת
10
400.00
20
-4400.00
30
0.0
11
490.00
21
-4400.00
31
0.0
0
LINE
8
מסגרת
10
490.00
20
-4400.00
30
0.0
11
490.00
21
-4310.00
31
0.0
0
LINE
8
מסגרת
10
490.00
20
-4310.00
30
0.0
11
400.00
21
-4310.00
31
0.0
0
LINE
8
מסגרת
10
400.00
20
-4310.00
30
0.0
11
400.00
21
-4400.00
31
0.0
0
LINE
8
חימום ומערכות תרמיות
10
470.20
20
-4347.80
30
0.0
11
468.28
21
-4338.16
31
0.0
0
LINE
8
חימום ומערכות תרמיות
10
468.28
20
-4338.16
30
0.0
11
462.82
21
-4329.98
31
0.0
0
LINE
8
חימום ומערכות תרמיות
10
462.82
20
-4329.98
30
0.0
11
454.64
21
-4324.52
31
0.0
0
LINE
8
חימום ומערכות תרמיות
10
454.64
20
-4324.52
30
0.0
11
445.00
21
-4322.60
31
0.0
0
LINE
8
חימום ומערכות תרמיות
10
445.00
20
-4322.60
30
0.0
11
435.36
21
-4324.52
31
0.0
0
LINE
8
חימום ומערכות תרמיות
10
435.36
20
-4324.52
30
0.0
11
427.18
21
-4329.98
31
0.0
0
LINE
8
חימום ומערכות תרמיות
10
427.18
20
-4329.98
30
0.0
11
421.72
21
-4338.16
31
0.0
0
LINE
8
חימום ומערכות תרמיות
10
421.72
20
-4338.16
30
0.0
11
419.80
21
-4347.80
31
0.0
0
LINE
8
חימום ומערכות תרמיות
10
419.80
20
-4347.80
30
0.0
11
421.72
21
-4357.44
31
0.0
0
LINE
8
חימום ומערכות תרמיות
10
421.72
20
-4357.44
30
0.0
11
427.18
21
-4365.62
31
0.0
0
LINE
8
חימום ומערכות תרמיות
10
427.18
20
-4365.62
30
0.0
11
435.36
21
-4371.08
31
0.0
0
LINE
8
חימום ומערכות תרמיות
10
435.36
20
-4371.08
30
0.0
11
445.00
21
-4373.00
31
0.0
0
LINE
8
חימום ומערכות תרמיות
10
445.00
20
-4373.00
30
0.0
11
454.64
21
-4371.08
31
0.0
0
LINE
8
חימום ומערכות תרמיות
10
454.64
20
-4371.08
30
0.0
11
462.82
21
-4365.62
31
0.0
0
LINE
8
חימום ומערכות תרמיות
10
462.82
20
-4365.62
30
0.0
11
468.28
21
-4357.44
31
0.0
0
LINE
8
חימום ומערכות תרמיות
10
468.28
20
-4357.44
30
0.0
11
470.20
21
-4347.80
31
0.0
0
LINE
8
חימום ומערכות תרמיות
10
445.00
20
-4347.80
30
0.0
11
451.30
21
-4336.89
31
0.0
0
LINE
8
חימום ומערכות תרמיות
10
418.00
20
-4383.80
30
0.0
11
421.38
21
-4378.81
31
0.0
0
LINE
8
חימום ומערכות תרמיות
10
421.38
20
-4378.81
30
0.0
11
424.75
21
-4379.98
31
0.0
0
LINE
8
חימום ומערכות תרמיות
10
424.75
20
-4379.98
30
0.0
11
428.13
21
-4385.87
31
0.0
0
LINE
8
חימום ומערכות תרמיות
10
428.13
20
-4385.87
30
0.0
11
431.50
21
-4389.20
31
0.0
0
LINE
8
חימום ומערכות תרמיות
10
431.50
20
-4389.20
30
0.0
11
434.88
21
-4385.87
31
0.0
0
LINE
8
חימום ומערכות תרמיות
10
434.88
20
-4385.87
30
0.0
11
438.25
21
-4379.98
31
0.0
0
LINE
8
חימום ומערכות תרמיות
10
438.25
20
-4379.98
30
0.0
11
441.63
21
-4378.81
31
0.0
0
LINE
8
חימום ומערכות תרמיות
10
441.63
20
-4378.81
30
0.0
11
445.00
21
-4383.80
31
0.0
0
LINE
8
חימום ומערכות תרמיות
10
445.00
20
-4383.80
30
0.0
11
448.38
21
-4388.79
31
0.0
0
LINE
8
חימום ומערכות תרמיות
10
448.38
20
-4388.79
30
0.0
11
451.75
21
-4387.62
31
0.0
0
LINE
8
חימום ומערכות תרמיות
10
451.75
20
-4387.62
30
0.0
11
455.13
21
-4381.73
31
0.0
0
LINE
8
חימום ומערכות תרמיות
10
455.13
20
-4381.73
30
0.0
11
458.50
21
-4378.40
31
0.0
0
LINE
8
חימום ומערכות תרמיות
10
458.50
20
-4378.40
30
0.0
11
461.88
21
-4381.73
31
0.0
0
LINE
8
חימום ומערכות תרמיות
10
461.88
20
-4381.73
30
0.0
11
465.25
21
-4387.62
31
0.0
0
LINE
8
חימום ומערכות תרמיות
10
465.25
20
-4387.62
30
0.0
11
468.63
21
-4388.79
31
0.0
0
LINE
8
חימום ומערכות תרמיות
10
468.63
20
-4388.79
30
0.0
11
472.00
21
-4383.80
31
0.0
0
TEXT
8
מקרא
10
400.00
20
-4430.00
30
0.0
40
40
1
תרמוסטט רצפה חמה
0
LINE
8
מסגרת
10
800.00
20
-4400.00
30
0.0
11
1930.00
21
-4400.00
31
0.0
0
LINE
8
מסגרת
10
1930.00
20
-4400.00
30
0.0
11
1930.00
21
-2640.00
31
0.0
0
LINE
8
מסגרת
10
1930.00
20
-2640.00
30
0.0
11
800.00
21
-2640.00
31
0.0
0
LINE
8
מסגרת
10
800.00
20
-2640.00
30
0.0
11
800.00
21
-4400.00
31
0.0
0
LINE
8
אנרגיה מתחדשת ואגירה
10
867.80
20
-4332.20
30
0.0
11
1862.20
21
-4332.20
31
0.0
0
LINE
8
אנרגיה מתחדשת ואגירה
10
1862.20
20
-4332.20
30
0.0
11
1862.20
21
-2707.80
31
0.0
0
LINE
8
אנרגיה מתחדשת ואגירה
10
1862.20
20
-2707.80
30
0.0
11
867.80
21
-2707.80
31
0.0
0
LINE
8
אנרגיה מתחדשת ואגירה
10
867.80
20
-2707.80
30
0.0
11
867.80
21
-4332.20
31
0.0
0
LINE
8
אנרגיה מתחדשת ואגירה
10
1116.40
20
-4332.20
30
0.0
11
1116.40
21
-2707.80
31
0.0
0
LINE
8
אנרגיה מתחדשת ואגירה
10
1365.00
20
-4332.20
30
0.0
11
1365.00
21
-2707.80
31
0.0
0
LINE
8
אנרגיה מתחדשת ואגירה
10
1613.60
20
-4332.20
30
0.0
11
1613.60
21
-2707.80
31
0.0
0
LINE
8
אנרגיה מתחדשת ואגירה
10
867.80
20
-4061.47
30
0.0
11
1862.20
21
-4061.47
31
0.0
0
LINE
8
אנרגיה מתחדשת ואגירה
10
867.80
20
-3790.73
30
0.0
11
1862.20
21
-3790.73
31
0.0
0
LINE
8
אנרגיה מתחדשת ואגירה
10
867.80
20
-3520.00
30
0.0
11
1862.20
21
-3520.00
31
0.0
0
LINE
8
אנרגיה מתחדשת ואגירה
10
867.80
20
-3249.27
30
0.0
11
1862.20
21
-3249.27
31
0.0
0
LINE
8
אנרגיה מתחדשת ואגירה
10
867.80
20
-2978.53
30
0.0
11
1862.20
21
-2978.53
31
0.0
0
TEXT
8
מקרא
10
800.00
20
-4430.00
30
0.0
40
40
1
פאנל סולארי / מערך PV
0
LINE
8
מסגרת
10
1200.00
20
-4400.00
30
0.0
11
1650.00
21
-4400.00
31
0.0
0
LINE
8
מסגרת
10
1650.00
20
-4400.00
30
0.0
11
1650.00
21
-3750.00
31
0.0
0
LINE
8
מסגרת
10
1650.00
20
-3750.00
30
0.0
11
1200.00
21
-3750.00
31
0.0
0
LINE
8
מסגרת
10
1200.00
20
-3750.00
30
0.0
11
1200.00
21
-4400.00
31
0.0
0
LINE
8
אנרגיה מתחדשת ואגירה
10
1254.00
20
-4346.00
30
0.0
11
1596.00
21
-4346.00
31
0.0
0
LINE
8
אנרגיה מתחדשת ואגירה
10
1596.00
20
-4346.00
30
0.0
11
1596.00
21
-3804.00
31
0.0
0
LINE
8
אנרגיה מתחדשת ואגירה
10
1596.00
20
-3804.00
30
0.0
11
1254.00
21
-3804.00
31
0.0
0
LINE
8
אנרגיה מתחדשת ואגירה
10
1254.00
20
-3804.00
30
0.0
11
1254.00
21
-4346.00
31
0.0
0
LINE
8
אנרגיה מתחדשת ואגירה
10
1290.00
20
-3997.00
30
0.0
11
1402.50
21
-3997.00
31
0.0
0
LINE
8
אנרגיה מתחדשת ואגירה
10
1290.00
20
-4042.50
30
0.0
11
1380.00
21
-4042.50
31
0.0
0
LINE
8
אנרגיה מתחדשת ואגירה
10
1447.50
20
-4023.00
30
0.0
11
1457.63
21
-3995.42
31
0.0
0
LINE
8
אנרגיה מתחדשת ואגירה
10
1457.63
20
-3995.42
30
0.0
11
1467.75
21
-3984.00
31
0.0
0
LINE
8
אנרגיה מתחדשת ואגירה
10
1467.75
20
-3984.00
30
0.0
11
1477.88
21
-3995.42
31
0.0
0
LINE
8
אנרגיה מתחדשת ואגירה
10
1477.88
20
-3995.42
30
0.0
11
1488.00
21
-4023.00
31
0.0
0
LINE
8
אנרגיה מתחדשת ואגירה
10
1488.00
20
-4023.00
30
0.0
11
1498.13
21
-4050.58
31
0.0
0
LINE
8
אנרגיה מתחדשת ואגירה
10
1498.13
20
-4050.58
30
0.0
11
1508.25
21
-4062.00
31
0.0
0
LINE
8
אנרגיה מתחדשת ואגירה
10
1508.25
20
-4062.00
30
0.0
11
1518.38
21
-4050.58
31
0.0
0
LINE
8
אנרגיה מתחדשת ואגירה
10
1518.38
20
-4050.58
30
0.0
11
1528.50
21
-4023.00
31
0.0
0
LINE
8
אנרגיה מתחדשת ואגירה
10
1528.50
20
-4023.00
30
0.0
11
1538.63
21
-3995.42
31
0.0
0
LINE
8
אנרגיה מתחדשת ואגירה
10
1538.63
20
-3995.42
30
0.0
11
1548.75
21
-3984.00
31
0.0
0
LINE
8
אנרגיה מתחדשת ואגירה
10
1548.75
20
-3984.00
30
0.0
11
1558.88
21
-3995.42
31
0.0
0
LINE
8
אנרגיה מתחדשת ואגירה
10
1558.88
20
-3995.42
30
0.0
11
1569.00
21
-4023.00
31
0.0
0
LINE
8
אנרגיה מתחדשת ואגירה
10
1416.00
20
-3945.00
30
0.0
11
1434.00
21
-4088.00
31
0.0
0
TEXT
8
מקרא
10
1200.00
20
-4430.00
30
0.0
40
40
1
ממיר / אינוברטר PV
0
LINE
8
מסגרת
10
1600.00
20
-4400.00
30
0.0
11
1680.00
21
-4400.00
31
0.0
0
LINE
8
מסגרת
10
1680.00
20
-4400.00
30
0.0
11
1680.00
21
-4320.00
31
0.0
0
LINE
8
מסגרת
10
1680.00
20
-4320.00
30
0.0
11
1600.00
21
-4320.00
31
0.0
0
LINE
8
מסגרת
10
1600.00
20
-4320.00
30
0.0
11
1600.00
21
-4400.00
31
0.0
0
LINE
8
אנרגיה מתחדשת ואגירה
10
1606.40
20
-4393.60
30
0.0
11
1673.60
21
-4393.60
31
0.0
0
LINE
8
אנרגיה מתחדשת ואגירה
10
1673.60
20
-4393.60
30
0.0
11
1673.60
21
-4326.40
31
0.0
0
LINE
8
אנרגיה מתחדשת ואגירה
10
1673.60
20
-4326.40
30
0.0
11
1606.40
21
-4326.40
31
0.0
0
LINE
8
אנרגיה מתחדשת ואגירה
10
1606.40
20
-4326.40
30
0.0
11
1606.40
21
-4393.60
31
0.0
0
LINE
8
אנרגיה מתחדשת ואגירה
10
1649.60
20
-4352.00
30
0.0
11
1648.31
21
-4347.20
31
0.0
0
LINE
8
אנרגיה מתחדשת ואגירה
10
1648.31
20
-4347.20
30
0.0
11
1644.80
21
-4343.69
31
0.0
0
LINE
8
אנרגיה מתחדשת ואגירה
10
1644.80
20
-4343.69
30
0.0
11
1640.00
21
-4342.40
31
0.0
0
LINE
8
אנרגיה מתחדשת ואגירה
10
1640.00
20
-4342.40
30
0.0
11
1635.20
21
-4343.69
31
0.0
0
LINE
8
אנרגיה מתחדשת ואגירה
10
1635.20
20
-4343.69
30
0.0
11
1631.69
21
-4347.20
31
0.0
0
LINE
8
אנרגיה מתחדשת ואגירה
10
1631.69
20
-4347.20
30
0.0
11
1630.40
21
-4352.00
31
0.0
0
LINE
8
אנרגיה מתחדשת ואגירה
10
1630.40
20
-4352.00
30
0.0
11
1631.69
21
-4356.80
31
0.0
0
LINE
8
אנרגיה מתחדשת ואגירה
10
1631.69
20
-4356.80
30
0.0
11
1635.20
21
-4360.31
31
0.0
0
LINE
8
אנרגיה מתחדשת ואגירה
10
1635.20
20
-4360.31
30
0.0
11
1640.00
21
-4361.60
31
0.0
0
LINE
8
אנרגיה מתחדשת ואגירה
10
1640.00
20
-4361.60
30
0.0
11
1644.80
21
-4360.31
31
0.0
0
LINE
8
אנרגיה מתחדשת ואגירה
10
1644.80
20
-4360.31
30
0.0
11
1648.31
21
-4356.80
31
0.0
0
LINE
8
אנרגיה מתחדשת ואגירה
10
1648.31
20
-4356.80
30
0.0
11
1649.60
21
-4352.00
31
0.0
0
LINE
8
אנרגיה מתחדשת ואגירה
10
1652.00
20
-4352.00
30
0.0
11
1656.32
21
-4352.00
31
0.0
0
LINE
8
אנרגיה מתחדשת ואגירה
10
1648.49
20
-4343.51
30
0.0
11
1651.54
21
-4340.46
31
0.0
0
LINE
8
אנרגיה מתחדשת ואגירה
10
1640.00
20
-4340.00
30
0.0
11
1640.00
21
-4335.68
31
0.0
0
LINE
8
אנרגיה מתחדשת ואגירה
10
1631.51
20
-4343.51
30
0.0
11
1628.46
21
-4340.46
31
0.0
0
LINE
8
אנרגיה מתחדשת ואגירה
10
1628.00
20
-4352.00
30
0.0
11
1623.68
21
-4352.00
31
0.0
0
LINE
8
אנרגיה מתחדשת ואגירה
10
1631.51
20
-4360.49
30
0.0
11
1628.46
21
-4363.54
31
0.0
0
LINE
8
אנרגיה מתחדשת ואגירה
10
1640.00
20
-4364.00
30
0.0
11
1640.00
21
-4368.32
31
0.0
0
LINE
8
אנרגיה מתחדשת ואגירה
10
1648.49
20
-4360.49
30
0.0
11
1651.54
21
-4363.54
31
0.0
0
LINE
8
אנרגיה מתחדשת ואגירה
10
1625.60
20
-4376.00
30
0.0
11
1633.60
21
-4376.00
31
0.0
0
LINE
8
אנרגיה מתחדשת ואגירה
10
1629.60
20
-4380.00
30
0.0
11
1629.60
21
-4372.00
31
0.0
0
LINE
8
אנרגיה מתחדשת ואגירה
10
1646.40
20
-4376.00
30
0.0
11
1654.40
21
-4376.00
31
0.0
0
TEXT
8
מקרא
10
1600.00
20
-4430.00
30
0.0
40
40
1
נקודת חיבור PV (DC)
0
LINE
8
מסגרת
10
2000.00
20
-4400.00
30
0.0
11
2600.00
21
-4400.00
31
0.0
0
LINE
8
מסגרת
10
2600.00
20
-4400.00
30
0.0
11
2600.00
21
-3500.00
31
0.0
0
LINE
8
מסגרת
10
2600.00
20
-3500.00
30
0.0
11
2000.00
21
-3500.00
31
0.0
0
LINE
8
מסגרת
10
2000.00
20
-3500.00
30
0.0
11
2000.00
21
-4400.00
31
0.0
0
LINE
8
אנרגיה מתחדשת ואגירה
10
2084.00
20
-4316.00
30
0.0
11
2516.00
21
-4316.00
31
0.0
0
LINE
8
אנרגיה מתחדשת ואגירה
10
2516.00
20
-4316.00
30
0.0
11
2516.00
21
-3584.00
31
0.0
0
LINE
8
אנרגיה מתחדשת ואגירה
10
2516.00
20
-3584.00
30
0.0
11
2084.00
21
-3584.00
31
0.0
0
LINE
8
אנרגיה מתחדשת ואגירה
10
2084.00
20
-3584.00
30
0.0
11
2084.00
21
-4316.00
31
0.0
0
LINE
8
אנרגיה מתחדשת ואגירה
10
2252.00
20
-3584.00
30
0.0
11
2348.00
21
-3584.00
31
0.0
0
LINE
8
אנרגיה מתחדשת ואגירה
10
2348.00
20
-3584.00
30
0.0
11
2348.00
21
-3548.00
31
0.0
0
LINE
8
אנרגיה מתחדשת ואגירה
10
2348.00
20
-3548.00
30
0.0
11
2252.00
21
-3548.00
31
0.0
0
LINE
8
אנרגיה מתחדשת ואגירה
10
2252.00
20
-3548.00
30
0.0
11
2252.00
21
-3584.00
31
0.0
0
LINE
8
אנרגיה מתחדשת ואגירה
10
2321.60
20
-3797.00
30
0.0
11
2267.60
21
-3905.00
31
0.0
0
LINE
8
אנרגיה מתחדשת ואגירה
10
2267.60
20
-3905.00
30
0.0
11
2310.80
21
-3905.00
31
0.0
0
LINE
8
אנרגיה מתחדשת ואגירה
10
2310.80
20
-3905.00
30
0.0
11
2278.40
21
-4013.00
31
0.0
0
LINE
8
אנרגיה מתחדשת ואגירה
10
2278.40
20
-4013.00
30
0.0
11
2337.80
21
-3915.80
31
0.0
0
LINE
8
אנרגיה מתחדשת ואגירה
10
2337.80
20
-3915.80
30
0.0
11
2294.60
21
-3915.80
31
0.0
0
LINE
8
אנרגיה מתחדשת ואגירה
10
2294.60
20
-3915.80
30
0.0
11
2321.60
21
-3797.00
31
0.0
0
LINE
8
אנרגיה מתחדשת ואגירה
10
2120.00
20
-4175.00
30
0.0
11
2480.00
21
-4175.00
31
0.0
0
LINE
8
אנרגיה מתחדשת ואגירה
10
2120.00
20
-4121.00
30
0.0
11
2480.00
21
-4121.00
31
0.0
0
LINE
8
אנרגיה מתחדשת ואגירה
10
2120.00
20
-4067.00
30
0.0
11
2480.00
21
-4067.00
31
0.0
0
TEXT
8
מקרא
10
2000.00
20
-4430.00
30
0.0
40
40
1
סוללת אגירה ביתית
0
LINE
8
מסגרת
10
2400.00
20
-4400.00
30
0.0
11
2600.00
21
-4400.00
31
0.0
0
LINE
8
מסגרת
10
2600.00
20
-4400.00
30
0.0
11
2600.00
21
-4100.00
31
0.0
0
LINE
8
מסגרת
10
2600.00
20
-4100.00
30
0.0
11
2400.00
21
-4100.00
31
0.0
0
LINE
8
מסגרת
10
2400.00
20
-4100.00
30
0.0
11
2400.00
21
-4400.00
31
0.0
0
LINE
8
אנרגיה מתחדשת ואגירה
10
2428.00
20
-4372.00
30
0.0
11
2572.00
21
-4372.00
31
0.0
0
LINE
8
אנרגיה מתחדשת ואגירה
10
2572.00
20
-4372.00
30
0.0
11
2572.00
21
-4128.00
31
0.0
0
LINE
8
אנרגיה מתחדשת ואגירה
10
2572.00
20
-4128.00
30
0.0
11
2428.00
21
-4128.00
31
0.0
0
LINE
8
אנרגיה מתחדשת ואגירה
10
2428.00
20
-4128.00
30
0.0
11
2428.00
21
-4372.00
31
0.0
0
LINE
8
אנרגיה מתחדשת ואגירה
10
2532.00
20
-4220.00
30
0.0
11
2527.71
21
-4204.00
31
0.0
0
LINE
8
אנרגיה מתחדשת ואגירה
10
2527.71
20
-4204.00
30
0.0
11
2516.00
21
-4192.29
31
0.0
0
LINE
8
אנרגיה מתחדשת ואגירה
10
2516.00
20
-4192.29
30
0.0
11
2500.00
21
-4188.00
31
0.0
0
LINE
8
אנרגיה מתחדשת ואגירה
10
2500.00
20
-4188.00
30
0.0
11
2484.00
21
-4192.29
31
0.0
0
LINE
8
אנרגיה מתחדשת ואגירה
10
2484.00
20
-4192.29
30
0.0
11
2472.29
21
-4204.00
31
0.0
0
LINE
8
אנרגיה מתחדשת ואגירה
10
2472.29
20
-4204.00
30
0.0
11
2468.00
21
-4220.00
31
0.0
0
LINE
8
אנרגיה מתחדשת ואגירה
10
2468.00
20
-4220.00
30
0.0
11
2472.29
21
-4236.00
31
0.0
0
LINE
8
אנרגיה מתחדשת ואגירה
10
2472.29
20
-4236.00
30
0.0
11
2484.00
21
-4247.71
31
0.0
0
LINE
8
אנרגיה מתחדשת ואגירה
10
2484.00
20
-4247.71
30
0.0
11
2500.00
21
-4252.00
31
0.0
0
LINE
8
אנרגיה מתחדשת ואגירה
10
2500.00
20
-4252.00
30
0.0
11
2516.00
21
-4247.71
31
0.0
0
LINE
8
אנרגיה מתחדשת ואגירה
10
2516.00
20
-4247.71
30
0.0
11
2527.71
21
-4236.00
31
0.0
0
LINE
8
אנרגיה מתחדשת ואגירה
10
2527.71
20
-4236.00
30
0.0
11
2532.00
21
-4220.00
31
0.0
0
LINE
8
אנרגיה מתחדשת ואגירה
10
2456.00
20
-4304.00
30
0.0
11
2524.00
21
-4304.00
31
0.0
0
LINE
8
אנרגיה מתחדשת ואגירה
10
2524.00
20
-4304.00
30
0.0
11
2509.50
21
-4310.76
31
0.0
0
LINE
8
אנרגיה מתחדשת ואגירה
10
2524.00
20
-4304.00
30
0.0
11
2509.50
21
-4297.24
31
0.0
0
LINE
8
אנרגיה מתחדשת ואגירה
10
2544.00
20
-4328.00
30
0.0
11
2476.00
21
-4328.00
31
0.0
0
LINE
8
אנרגיה מתחדשת ואגירה
10
2476.00
20
-4328.00
30
0.0
11
2490.50
21
-4321.24
31
0.0
0
LINE
8
אנרגיה מתחדשת ואגירה
10
2476.00
20
-4328.00
30
0.0
11
2490.50
21
-4334.76
31
0.0
0
TEXT
8
מקרא
10
2400.00
20
-4430.00
30
0.0
40
40
1
מונה דו-כיווני (נטו)
0
LINE
8
מסגרת
10
2800.00
20
-4400.00
30
0.0
11
4000.00
21
-4400.00
31
0.0
0
LINE
8
מסגרת
10
4000.00
20
-4400.00
30
0.0
11
4000.00
21
-2960.00
31
0.0
0
LINE
8
מסגרת
10
4000.00
20
-2960.00
30
0.0
11
2800.00
21
-2960.00
31
0.0
0
LINE
8
מסגרת
10
2800.00
20
-2960.00
30
0.0
11
2800.00
21
-4400.00
31
0.0
0
LINE
8
אדריכלי — פתחים ומבנה
10
2800.00
20
-3824.00
30
0.0
11
4000.00
21
-3824.00
31
0.0
0
LINE
8
אדריכלי — פתחים ומבנה
10
4000.00
20
-3824.00
30
0.0
11
4000.00
21
-3536.00
31
0.0
0
LINE
8
אדריכלי — פתחים ומבנה
10
4000.00
20
-3536.00
30
0.0
11
2800.00
21
-3536.00
31
0.0
0
LINE
8
אדריכלי — פתחים ומבנה
10
2800.00
20
-3536.00
30
0.0
11
2800.00
21
-3824.00
31
0.0
0
LINE
8
אדריכלי — פתחים ומבנה
10
2800.00
20
-3680.00
30
0.0
11
4000.00
21
-3680.00
31
0.0
0
TEXT
8
מקרא
10
2800.00
20
-4430.00
30
0.0
40
40
1
חלון
0
LINE
8
מסגרת
10
3200.00
20
-4400.00
30
0.0
11
4400.00
21
-4400.00
31
0.0
0
LINE
8
מסגרת
10
4400.00
20
-4400.00
30
0.0
11
4400.00
21
-4360.00
31
0.0
0
LINE
8
מסגרת
10
4400.00
20
-4360.00
30
0.0
11
3200.00
21
-4360.00
31
0.0
0
LINE
8
מסגרת
10
3200.00
20
-4360.00
30
0.0
11
3200.00
21
-4400.00
31
0.0
0
LINE
8
אדריכלי — פתחים ומבנה
10
3200.00
20
-4400.00
30
0.0
11
4400.00
21
-4400.00
31
0.0
0
LINE
8
אדריכלי — פתחים ומבנה
10
4400.00
20
-4400.00
30
0.0
11
4400.00
21
-4376.00
31
0.0
0
LINE
8
אדריכלי — פתחים ומבנה
10
4400.00
20
-4376.00
30
0.0
11
3200.00
21
-4376.00
31
0.0
0
LINE
8
אדריכלי — פתחים ומבנה
10
3200.00
20
-4376.00
30
0.0
11
3200.00
21
-4400.00
31
0.0
0
LINE
8
אדריכלי — פתחים ומבנה
10
3200.00
20
-4376.00
30
0.0
11
4400.00
21
-4376.00
31
0.0
0
LINE
8
אדריכלי — פתחים ומבנה
10
3200.00
20
-4360.00
30
0.0
11
4400.00
21
-4360.00
31
0.0
0
TEXT
8
מקרא
10
3200.00
20
-4430.00
30
0.0
40
40
1
אדן חלון
0
LINE
8
מסגרת
10
3600.00
20
-4400.00
30
0.0
11
5916.00
21
-4400.00
31
0.0
0
LINE
8
מסגרת
10
5916.00
20
-4400.00
30
0.0
11
5916.00
21
-4155.00
31
0.0
0
LINE
8
מסגרת
10
5916.00
20
-4155.00
30
0.0
11
3600.00
21
-4155.00
31
0.0
0
LINE
8
מסגרת
10
3600.00
20
-4155.00
30
0.0
11
3600.00
21
-4400.00
31
0.0
0
LINE
8
אדריכלי — פתחים ומבנה
10
3600.00
20
-4400.00
30
0.0
11
5916.00
21
-4400.00
31
0.0
0
LINE
8
אדריכלי — פתחים ומבנה
10
5916.00
20
-4400.00
30
0.0
11
5916.00
21
-4155.00
31
0.0
0
LINE
8
אדריכלי — פתחים ומבנה
10
5916.00
20
-4155.00
30
0.0
11
3600.00
21
-4155.00
31
0.0
0
LINE
8
אדריכלי — פתחים ומבנה
10
3600.00
20
-4155.00
30
0.0
11
3600.00
21
-4400.00
31
0.0
0
LINE
8
אדריכלי — פתחים ומבנה
10
3600.00
20
-4338.75
30
0.0
11
5916.00
21
-4338.75
31
0.0
0
LINE
8
אדריכלי — פתחים ומבנה
10
3600.00
20
-4277.50
30
0.0
11
5916.00
21
-4277.50
31
0.0
0
LINE
8
אדריכלי — פתחים ומבנה
10
3600.00
20
-4216.25
30
0.0
11
5916.00
21
-4216.25
31
0.0
0
TEXT
8
מקרא
10
3600.00
20
-4430.00
30
0.0
40
40
1
ארגז תריס
0
LINE
8
מסגרת
10
0.00
20
-4800.00
30
0.0
11
800.00
21
-4800.00
31
0.0
0
LINE
8
מסגרת
10
800.00
20
-4800.00
30
0.0
11
800.00
21
-2700.00
31
0.0
0
LINE
8
מסגרת
10
800.00
20
-2700.00
30
0.0
11
0.00
21
-2700.00
31
0.0
0
LINE
8
מסגרת
10
0.00
20
-2700.00
30
0.0
11
0.00
21
-4800.00
31
0.0
0
LINE
8
אדריכלי — פתחים ומבנה
10
0.00
20
-4800.00
30
0.0
11
120.00
21
-4800.00
31
0.0
0
LINE
8
אדריכלי — פתחים ומבנה
10
0.00
20
-4800.00
30
0.0
11
0.00
21
-4632.00
31
0.0
0
LINE
8
אדריכלי — פתחים ומבנה
10
0.00
20
-4800.00
30
0.0
11
0.00
21
-2700.00
31
0.0
0
LINE
8
אדריכלי — פתחים ומבנה
10
800.00
20
-4800.00
30
0.0
11
800.00
21
-4539.60
31
0.0
0
LINE
8
אדריכלי — פתחים ומבנה
10
800.00
20
-4539.60
30
0.0
11
800.00
21
-4283.66
31
0.0
0
LINE
8
אדריכלי — פתחים ומבנה
10
800.00
20
-4283.66
30
0.0
11
800.00
21
-4036.55
31
0.0
0
LINE
8
אדריכלי — פתחים ומבנה
10
800.00
20
-4036.55
30
0.0
11
800.00
21
-3802.50
31
0.0
0
LINE
8
אדריכלי — פתחים ומבנה
10
800.00
20
-3802.50
30
0.0
11
800.00
21
-3585.52
31
0.0
0
LINE
8
אדריכלי — פתחים ומבנה
10
800.00
20
-3585.52
30
0.0
11
800.00
21
-3389.32
31
0.0
0
LINE
8
אדריכלי — פתחים ומבנה
10
800.00
20
-3389.32
30
0.0
11
800.00
21
-3217.26
31
0.0
0
LINE
8
אדריכלי — פתחים ומבנה
10
800.00
20
-3217.26
30
0.0
11
800.00
21
-3072.28
31
0.0
0
LINE
8
אדריכלי — פתחים ומבנה
10
800.00
20
-3072.28
30
0.0
11
763.45
21
-2956.86
31
0.0
0
LINE
8
אדריכלי — פתחים ומבנה
10
763.45
20
-2956.86
30
0.0
11
516.34
21
-2872.98
31
0.0
0
LINE
8
אדריכלי — פתחים ומבנה
10
516.34
20
-2872.98
30
0.0
11
260.40
21
-2822.07
31
0.0
0
LINE
8
אדריכלי — פתחים ומבנה
10
260.40
20
-2822.07
30
0.0
11
0.00
21
-2805.00
31
0.0
0
TEXT
8
מקרא
10
0.00
20
-4830.00
30
0.0
40
40
1
פתח דלת (ללא משקוף)
0
LINE
8
מסגרת
10
400.00
20
-4800.00
30
0.0
11
1300.00
21
-4800.00
31
0.0
0
LINE
8
מסגרת
10
1300.00
20
-4800.00
30
0.0
11
1300.00
21
-2700.00
31
0.0
0
LINE
8
מסגרת
10
1300.00
20
-2700.00
30
0.0
11
400.00
21
-2700.00
31
0.0
0
LINE
8
מסגרת
10
400.00
20
-2700.00
30
0.0
11
400.00
21
-4800.00
31
0.0
0
LINE
8
אדריכלי — פתחים ומבנה
10
400.00
20
-4800.00
30
0.0
11
472.00
21
-4800.00
31
0.0
0
LINE
8
אדריכלי — פתחים ומבנה
10
472.00
20
-4800.00
30
0.0
11
472.00
21
-2700.00
31
0.0
0
LINE
8
אדריכלי — פתחים ומבנה
10
472.00
20
-2700.00
30
0.0
11
400.00
21
-2700.00
31
0.0
0
LINE
8
אדריכלי — פתחים ומבנה
10
400.00
20
-2700.00
30
0.0
11
400.00
21
-4800.00
31
0.0
0
LINE
8
אדריכלי — פתחים ומבנה
10
1228.00
20
-4800.00
30
0.0
11
1300.00
21
-4800.00
31
0.0
0
LINE
8
אדריכלי — פתחים ומבנה
10
1300.00
20
-4800.00
30
0.0
11
1300.00
21
-2700.00
31
0.0
0
LINE
8
אדריכלי — פתחים ומבנה
10
1300.00
20
-2700.00
30
0.0
11
1228.00
21
-2700.00
31
0.0
0
LINE
8
אדריכלי — פתחים ומבנה
10
1228.00
20
-2700.00
30
0.0
11
1228.00
21
-4800.00
31
0.0
0
LINE
8
אדריכלי — פתחים ומבנה
10
400.00
20
-2700.00
30
0.0
11
1300.00
21
-2700.00
31
0.0
0
LINE
8
אדריכלי — פתחים ומבנה
10
472.00
20
-4800.00
30
0.0
11
472.00
21
-2742.00
31
0.0
0
LINE
8
אדריכלי — פתחים ומבנה
10
472.00
20
-4800.00
30
0.0
11
472.00
21
-4800.00
31
0.0
0
LINE
8
אדריכלי — פתחים ומבנה
10
472.00
20
-4758.00
30
0.0
11
1228.00
21
-4758.00
31
0.0
0
LINE
8
אדריכלי — פתחים ומבנה
10
1228.00
20
-4800.00
30
0.0
11
1221.53
21
-4701.32
31
0.0
0
LINE
8
אדריכלי — פתחים ומבנה
10
1221.53
20
-4701.32
30
0.0
11
1202.24
21
-4604.33
31
0.0
0
LINE
8
אדריכלי — פתחים ומבנה
10
1202.24
20
-4604.33
30
0.0
11
1170.45
21
-4510.69
31
0.0
0
LINE
8
אדריכלי — פתחים ומבנה
10
1170.45
20
-4510.69
30
0.0
11
1126.72
21
-4422.00
31
0.0
0
LINE
8
אדריכלי — פתחים ומבנה
10
1126.72
20
-4422.00
30
0.0
11
1071.78
21
-4339.78
31
0.0
0
LINE
8
אדריכלי — פתחים ומבנה
10
1071.78
20
-4339.78
30
0.0
11
1006.57
21
-4265.43
31
0.0
0
LINE
8
אדריכלי — פתחים ומבנה
10
1006.57
20
-4265.43
30
0.0
11
932.22
21
-4200.22
31
0.0
0
LINE
8
אדריכלי — פתחים ומבנה
10
932.22
20
-4200.22
30
0.0
11
850.00
21
-4145.28
31
0.0
0
LINE
8
אדריכלי — פתחים ומבנה
10
850.00
20
-4145.28
30
0.0
11
761.31
21
-4101.55
31
0.0
0
LINE
8
אדריכלי — פתחים ומבנה
10
761.31
20
-4101.55
30
0.0
11
667.67
21
-4069.76
31
0.0
0
LINE
8
אדריכלי — פתחים ומבנה
10
667.67
20
-4069.76
30
0.0
11
570.68
21
-4050.47
31
0.0
0
LINE
8
אדריכלי — פתחים ומבנה
10
570.68
20
-4050.47
30
0.0
11
472.00
21
-4044.00
31
0.0
0
TEXT
8
מקרא
10
400.00
20
-4830.00
30
0.0
40
40
1
פתח דלת (עם משקוף)
0
LINE
8
מסגרת
10
800.00
20
-4800.00
30
0.0
11
1100.00
21
-4800.00
31
0.0
0
LINE
8
מסגרת
10
1100.00
20
-4800.00
30
0.0
11
1100.00
21
-4500.00
31
0.0
0
LINE
8
מסגרת
10
1100.00
20
-4500.00
30
0.0
11
800.00
21
-4500.00
31
0.0
0
LINE
8
מסגרת
10
800.00
20
-4500.00
30
0.0
11
800.00
21
-4800.00
31
0.0
0
LINE
8
אדריכלי — פתחים ומבנה
10
830.00
20
-4770.00
30
0.0
11
1070.00
21
-4770.00
31
0.0
0
LINE
8
אדריכלי — פתחים ומבנה
10
1070.00
20
-4770.00
30
0.0
11
1070.00
21
-4530.00
31
0.0
0
LINE
8
אדריכלי — פתחים ומבנה
10
1070.00
20
-4530.00
30
0.0
11
830.00
21
-4530.00
31
0.0
0
LINE
8
אדריכלי — פתחים ומבנה
10
830.00
20
-4530.00
30
0.0
11
830.00
21
-4770.00
31
0.0
0
LINE
8
אדריכלי — פתחים ומבנה
10
872.00
20
-4728.00
30
0.0
11
1028.00
21
-4728.00
31
0.0
0
LINE
8
אדריכלי — פתחים ומבנה
10
1028.00
20
-4728.00
30
0.0
11
1028.00
21
-4572.00
31
0.0
0
LINE
8
אדריכלי — פתחים ומבנה
10
1028.00
20
-4572.00
30
0.0
11
872.00
21
-4572.00
31
0.0
0
LINE
8
אדריכלי — פתחים ומבנה
10
872.00
20
-4572.00
30
0.0
11
872.00
21
-4728.00
31
0.0
0
LINE
8
אדריכלי — פתחים ומבנה
10
932.00
20
-4650.00
30
0.0
11
968.00
21
-4650.00
31
0.0
0
LINE
8
אדריכלי — פתחים ומבנה
10
830.00
20
-4770.00
30
0.0
11
872.00
21
-4728.00
31
0.0
0
LINE
8
אדריכלי — פתחים ומבנה
10
1070.00
20
-4530.00
30
0.0
11
1028.00
21
-4572.00
31
0.0
0
TEXT
8
מקרא
10
800.00
20
-4830.00
30
0.0
40
40
1
פתח / קופסת ביקורת (ק.בקורת)
0
LINE
8
מסגרת
10
1200.00
20
-4800.00
30
0.0
11
2200.00
21
-4800.00
31
0.0
0
LINE
8
מסגרת
10
2200.00
20
-4800.00
30
0.0
11
2200.00
21
-4625.00
31
0.0
0
LINE
8
מסגרת
10
2200.00
20
-4625.00
30
0.0
11
1200.00
21
-4625.00
31
0.0
0
LINE
8
מסגרת
10
1200.00
20
-4625.00
30
0.0
11
1200.00
21
-4800.00
31
0.0
0
LINE
8
אדריכלי — פתחים ומבנה
10
1200.00
20
-4625.00
30
0.0
11
1200.00
21
-4625.00
31
0.0
0
LINE
8
אדריכלי — פתחים ומבנה
10
1200.00
20
-4625.00
30
0.0
11
1200.00
21
-4668.75
31
0.0
0
LINE
8
אדריכלי — פתחים ומבנה
10
1200.00
20
-4668.75
30
0.0
11
1450.00
21
-4668.75
31
0.0
0
LINE
8
אדריכלי — פתחים ומבנה
10
1450.00
20
-4668.75
30
0.0
11
1450.00
21
-4668.75
31
0.0
0
LINE
8
אדריכלי — פתחים ומבנה
10
1450.00
20
-4668.75
30
0.0
11
1450.00
21
-4712.50
31
0.0
0
LINE
8
אדריכלי — פתחים ומבנה
10
1450.00
20
-4712.50
30
0.0
11
1700.00
21
-4712.50
31
0.0
0
LINE
8
אדריכלי — פתחים ומבנה
10
1700.00
20
-4712.50
30
0.0
11
1700.00
21
-4712.50
31
0.0
0
LINE
8
אדריכלי — פתחים ומבנה
10
1700.00
20
-4712.50
30
0.0
11
1700.00
21
-4756.25
31
0.0
0
LINE
8
אדריכלי — פתחים ומבנה
10
1700.00
20
-4756.25
30
0.0
11
1950.00
21
-4756.25
31
0.0
0
LINE
8
אדריכלי — פתחים ומבנה
10
1950.00
20
-4756.25
30
0.0
11
1950.00
21
-4756.25
31
0.0
0
LINE
8
אדריכלי — פתחים ומבנה
10
1950.00
20
-4756.25
30
0.0
11
1950.00
21
-4800.00
31
0.0
0
LINE
8
אדריכלי — פתחים ומבנה
10
1950.00
20
-4800.00
30
0.0
11
2200.00
21
-4800.00
31
0.0
0
TEXT
8
מקרא
10
1200.00
20
-4830.00
30
0.0
40
40
1
מדרגה (רום / שלח)
0
LINE
8
מסגרת
10
1600.00
20
-4800.00
30
0.0
11
2600.00
21
-4800.00
31
0.0
0
LINE
8
מסגרת
10
2600.00
20
-4800.00
30
0.0
11
2600.00
21
-4200.00
31
0.0
0
LINE
8
מסגרת
10
2600.00
20
-4200.00
30
0.0
11
1600.00
21
-4200.00
31
0.0
0
LINE
8
מסגרת
10
1600.00
20
-4200.00
30
0.0
11
1600.00
21
-4800.00
31
0.0
0
LINE
8
אדריכלי — פתחים ומבנה
10
1650.00
20
-4770.00
30
0.0
11
2550.00
21
-4770.00
31
0.0
0
LINE
8
אדריכלי — פתחים ומבנה
10
2550.00
20
-4770.00
30
0.0
11
2550.00
21
-4230.00
31
0.0
0
LINE
8
אדריכלי — פתחים ומבנה
10
2550.00
20
-4230.00
30
0.0
11
1650.00
21
-4230.00
31
0.0
0
LINE
8
אדריכלי — פתחים ומבנה
10
1650.00
20
-4230.00
30
0.0
11
1650.00
21
-4770.00
31
0.0
0
LINE
8
אדריכלי — פתחים ומבנה
10
2100.00
20
-4650.00
30
0.0
11
2100.00
21
-4350.00
31
0.0
0
LINE
8
אדריכלי — פתחים ומבנה
10
2100.00
20
-4350.00
30
0.0
11
2125.36
21
-4404.38
31
0.0
0
LINE
8
אדריכלי — פתחים ומבנה
10
2100.00
20
-4350.00
30
0.0
11
2074.64
21
-4404.38
31
0.0
0
LINE
8
אדריכלי — פתחים ומבנה
10
1650.00
20
-4500.00
30
0.0
11
1950.00
21
-4500.00
31
0.0
0
TEXT
8
מקרא
10
1600.00
20
-4830.00
30
0.0
40
40
1
פודסט (מישורת ביניים)
0
LINE
8
מסגרת
10
2000.00
20
-4800.00
30
0.0
11
3200.00
21
-4800.00
31
0.0
0
LINE
8
מסגרת
10
3200.00
20
-4800.00
30
0.0
11
3200.00
21
-4400.00
31
0.0
0
LINE
8
מסגרת
10
3200.00
20
-4400.00
30
0.0
11
2000.00
21
-4400.00
31
0.0
0
LINE
8
מסגרת
10
2000.00
20
-4400.00
30
0.0
11
2000.00
21
-4800.00
31
0.0
0
LINE
8
אדריכלי — פתחים ומבנה
10
2060.00
20
-4740.00
30
0.0
11
3140.00
21
-4740.00
31
0.0
0
LINE
8
אדריכלי — פתחים ומבנה
10
3140.00
20
-4740.00
30
0.0
11
3140.00
21
-4460.00
31
0.0
0
LINE
8
אדריכלי — פתחים ומבנה
10
3140.00
20
-4460.00
30
0.0
11
2060.00
21
-4740.00
31
0.0
0
LINE
8
אדריכלי — פתחים ומבנה
10
2240.00
20
-4688.00
30
0.0
11
3020.00
21
-4512.00
31
0.0
0
LINE
8
אדריכלי — פתחים ומבנה
10
3020.00
20
-4512.00
30
0.0
11
2988.36
21
-4536.47
31
0.0
0
LINE
8
אדריכלי — פתחים ומבנה
10
3020.00
20
-4512.00
30
0.0
11
2980.92
21
-4503.49
31
0.0
0
TEXT
8
מקרא
10
2000.00
20
-4830.00
30
0.0
40
40
1
רמפה
0
LINE
8
מסגרת
10
2400.00
20
-4800.00
30
0.0
11
2600.00
21
-4800.00
31
0.0
0
LINE
8
מסגרת
10
2600.00
20
-4800.00
30
0.0
11
2600.00
21
-4400.00
31
0.0
0
LINE
8
מסגרת
10
2600.00
20
-4400.00
30
0.0
11
2400.00
21
-4400.00
31
0.0
0
LINE
8
מסגרת
10
2400.00
20
-4400.00
30
0.0
11
2400.00
21
-4800.00
31
0.0
0
LINE
8
אדריכלי — פתחים ומבנה
10
2400.00
20
-4680.00
30
0.0
11
2600.00
21
-4680.00
31
0.0
0
LINE
8
אדריכלי — פתחים ומבנה
10
2600.00
20
-4680.00
30
0.0
11
2600.00
21
-4520.00
31
0.0
0
LINE
8
אדריכלי — פתחים ומבנה
10
2600.00
20
-4520.00
30
0.0
11
2400.00
21
-4520.00
31
0.0
0
LINE
8
אדריכלי — פתחים ומבנה
10
2400.00
20
-4520.00
30
0.0
11
2400.00
21
-4680.00
31
0.0
0
LINE
8
אדריכלי — פתחים ומבנה
10
2404.00
20
-4600.00
30
0.0
11
2424.00
21
-4600.00
31
0.0
0
LINE
8
אדריכלי — פתחים ומבנה
10
2437.33
20
-4600.00
30
0.0
11
2457.33
21
-4600.00
31
0.0
0
LINE
8
אדריכלי — פתחים ומבנה
10
2470.67
20
-4600.00
30
0.0
11
2490.67
21
-4600.00
31
0.0
0
LINE
8
אדריכלי — פתחים ומבנה
10
2504.00
20
-4600.00
30
0.0
11
2524.00
21
-4600.00
31
0.0
0
LINE
8
אדריכלי — פתחים ומבנה
10
2537.33
20
-4600.00
30
0.0
11
2557.33
21
-4600.00
31
0.0
0
LINE
8
אדריכלי — פתחים ומבנה
10
2570.67
20
-4600.00
30
0.0
11
2590.67
21
-4600.00
31
0.0
0
TEXT
8
מקרא
10
2400.00
20
-4830.00
30
0.0
40
40
1
קורה (בטון/גבס)
0
LINE
8
מסגרת
10
2800.00
20
-4800.00
30
0.0
11
3100.00
21
-4800.00
31
0.0
0
LINE
8
מסגרת
10
3100.00
20
-4800.00
30
0.0
11
3100.00
21
-4500.00
31
0.0
0
LINE
8
מסגרת
10
3100.00
20
-4500.00
30
0.0
11
2800.00
21
-4500.00
31
0.0
0
LINE
8
מסגרת
10
2800.00
20
-4500.00
30
0.0
11
2800.00
21
-4800.00
31
0.0
0
LINE
8
אדריכלי — פתחים ומבנה
10
2815.00
20
-4785.00
30
0.0
11
3085.00
21
-4785.00
31
0.0
0
LINE
8
אדריכלי — פתחים ומבנה
10
3085.00
20
-4785.00
30
0.0
11
3085.00
21
-4515.00
31
0.0
0
LINE
8
אדריכלי — פתחים ומבנה
10
3085.00
20
-4515.00
30
0.0
11
2815.00
21
-4515.00
31
0.0
0
LINE
8
אדריכלי — פתחים ומבנה
10
2815.00
20
-4515.00
30
0.0
11
2815.00
21
-4785.00
31
0.0
0
LINE
8
אדריכלי — פתחים ומבנה
10
2815.00
20
-4731.00
30
0.0
11
2869.00
21
-4785.00
31
0.0
0
LINE
8
אדריכלי — פתחים ומבנה
10
2869.00
20
-4515.00
30
0.0
11
3085.00
21
-4731.00
31
0.0
0
LINE
8
אדריכלי — פתחים ומבנה
10
2815.00
20
-4677.00
30
0.0
11
2923.00
21
-4785.00
31
0.0
0
LINE
8
אדריכלי — פתחים ומבנה
10
2923.00
20
-4515.00
30
0.0
11
3085.00
21
-4677.00
31
0.0
0
LINE
8
אדריכלי — פתחים ומבנה
10
2815.00
20
-4623.00
30
0.0
11
2977.00
21
-4785.00
31
0.0
0
LINE
8
אדריכלי — פתחים ומבנה
10
2977.00
20
-4515.00
30
0.0
11
3085.00
21
-4623.00
31
0.0
0
LINE
8
אדריכלי — פתחים ומבנה
10
2815.00
20
-4569.00
30
0.0
11
3031.00
21
-4785.00
31
0.0
0
LINE
8
אדריכלי — פתחים ומבנה
10
3031.00
20
-4515.00
30
0.0
11
3085.00
21
-4569.00
31
0.0
0
TEXT
8
מקרא
10
2800.00
20
-4830.00
30
0.0
40
40
1
עמוד קונסטרוקטיבי
0
LINE
8
מסגרת
10
3200.00
20
-4800.00
30
0.0
11
3800.00
21
-4800.00
31
0.0
0
LINE
8
מסגרת
10
3800.00
20
-4800.00
30
0.0
11
3800.00
21
-4500.00
31
0.0
0
LINE
8
מסגרת
10
3800.00
20
-4500.00
30
0.0
11
3200.00
21
-4500.00
31
0.0
0
LINE
8
מסגרת
10
3200.00
20
-4500.00
30
0.0
11
3200.00
21
-4800.00
31
0.0
0
LINE
8
אדריכלי — פתחים ומבנה
10
3200.00
20
-4695.00
30
0.0
11
3800.00
21
-4695.00
31
0.0
0
LINE
8
אדריכלי — פתחים ומבנה
10
3200.00
20
-4605.00
30
0.0
11
3800.00
21
-4605.00
31
0.0
0
LINE
8
אדריכלי — פתחים ומבנה
10
3200.00
20
-4695.00
30
0.0
11
3230.00
21
-4605.00
31
0.0
0
LINE
8
אדריכלי — פתחים ומבנה
10
3250.00
20
-4695.00
30
0.0
11
3280.00
21
-4605.00
31
0.0
0
LINE
8
אדריכלי — פתחים ומבנה
10
3300.00
20
-4695.00
30
0.0
11
3330.00
21
-4605.00
31
0.0
0
LINE
8
אדריכלי — פתחים ומבנה
10
3350.00
20
-4695.00
30
0.0
11
3380.00
21
-4605.00
31
0.0
0
LINE
8
אדריכלי — פתחים ומבנה
10
3400.00
20
-4695.00
30
0.0
11
3430.00
21
-4605.00
31
0.0
0
LINE
8
אדריכלי — פתחים ומבנה
10
3450.00
20
-4695.00
30
0.0
11
3480.00
21
-4605.00
31
0.0
0
LINE
8
אדריכלי — פתחים ומבנה
10
3500.00
20
-4695.00
30
0.0
11
3530.00
21
-4605.00
31
0.0
0
LINE
8
אדריכלי — פתחים ומבנה
10
3550.00
20
-4695.00
30
0.0
11
3580.00
21
-4605.00
31
0.0
0
LINE
8
אדריכלי — פתחים ומבנה
10
3600.00
20
-4695.00
30
0.0
11
3630.00
21
-4605.00
31
0.0
0
LINE
8
אדריכלי — פתחים ומבנה
10
3650.00
20
-4695.00
30
0.0
11
3680.00
21
-4605.00
31
0.0
0
LINE
8
אדריכלי — פתחים ומבנה
10
3700.00
20
-4695.00
30
0.0
11
3730.00
21
-4605.00
31
0.0
0
LINE
8
אדריכלי — פתחים ומבנה
10
3750.00
20
-4695.00
30
0.0
11
3780.00
21
-4605.00
31
0.0
0
LINE
8
אדריכלי — פתחים ומבנה
10
3800.00
20
-4695.00
30
0.0
11
3800.00
21
-4605.00
31
0.0
0
TEXT
8
מקרא
10
3200.00
20
-4830.00
30
0.0
40
40
1
קיר גבס / קונסטרוקציית גבס
0
LINE
8
מסגרת
10
3600.00
20
-4800.00
30
0.0
11
4200.00
21
-4800.00
31
0.0
0
LINE
8
מסגרת
10
4200.00
20
-4800.00
30
0.0
11
4200.00
21
-4550.00
31
0.0
0
LINE
8
מסגרת
10
4200.00
20
-4550.00
30
0.0
11
3600.00
21
-4550.00
31
0.0
0
LINE
8
מסגרת
10
3600.00
20
-4550.00
30
0.0
11
3600.00
21
-4800.00
31
0.0
0
LINE
8
אדריכלי — פתחים ומבנה
10
3600.00
20
-4800.00
30
0.0
11
4200.00
21
-4800.00
31
0.0
0
LINE
8
אדריכלי — פתחים ומבנה
10
4200.00
20
-4800.00
30
0.0
11
4200.00
21
-4550.00
31
0.0
0
LINE
8
אדריכלי — פתחים ומבנה
10
4200.00
20
-4550.00
30
0.0
11
3600.00
21
-4550.00
31
0.0
0
LINE
8
אדריכלי — פתחים ומבנה
10
3600.00
20
-4550.00
30
0.0
11
3600.00
21
-4800.00
31
0.0
0
LINE
8
אדריכלי — פתחים ומבנה
10
3600.00
20
-4800.00
30
0.0
11
3624.00
21
-4550.00
31
0.0
0
LINE
8
אדריכלי — פתחים ומבנה
10
3660.00
20
-4800.00
30
0.0
11
3684.00
21
-4550.00
31
0.0
0
LINE
8
אדריכלי — פתחים ומבנה
10
3720.00
20
-4800.00
30
0.0
11
3744.00
21
-4550.00
31
0.0
0
LINE
8
אדריכלי — פתחים ומבנה
10
3780.00
20
-4800.00
30
0.0
11
3804.00
21
-4550.00
31
0.0
0
LINE
8
אדריכלי — פתחים ומבנה
10
3840.00
20
-4800.00
30
0.0
11
3864.00
21
-4550.00
31
0.0
0
LINE
8
אדריכלי — פתחים ומבנה
10
3900.00
20
-4800.00
30
0.0
11
3924.00
21
-4550.00
31
0.0
0
LINE
8
אדריכלי — פתחים ומבנה
10
3960.00
20
-4800.00
30
0.0
11
3984.00
21
-4550.00
31
0.0
0
LINE
8
אדריכלי — פתחים ומבנה
10
4020.00
20
-4800.00
30
0.0
11
4044.00
21
-4550.00
31
0.0
0
LINE
8
אדריכלי — פתחים ומבנה
10
4080.00
20
-4800.00
30
0.0
11
4104.00
21
-4550.00
31
0.0
0
LINE
8
אדריכלי — פתחים ומבנה
10
4140.00
20
-4800.00
30
0.0
11
4164.00
21
-4550.00
31
0.0
0
LINE
8
אדריכלי — פתחים ומבנה
10
4200.00
20
-4800.00
30
0.0
11
4200.00
21
-4550.00
31
0.0
0
LINE
8
אדריכלי — פתחים ומבנה
10
3600.00
20
-4550.00
30
0.0
11
4200.00
21
-4550.00
31
0.0
0
TEXT
8
מקרא
10
3600.00
20
-4830.00
30
0.0
40
40
1
הנמכת תקרה (גבס)
0
LINE
8
מסגרת
10
0.00
20
-5200.00
30
0.0
11
600.00
21
-5200.00
31
0.0
0
LINE
8
מסגרת
10
600.00
20
-5200.00
30
0.0
11
600.00
21
-4500.00
31
0.0
0
LINE
8
מסגרת
10
600.00
20
-4500.00
30
0.0
11
0.00
21
-4500.00
31
0.0
0
LINE
8
מסגרת
10
0.00
20
-4500.00
30
0.0
11
0.00
21
-5200.00
31
0.0
0
LINE
8
אדריכלי — פתחים ומבנה
10
48.00
20
-5152.00
30
0.0
11
552.00
21
-5152.00
31
0.0
0
LINE
8
אדריכלי — פתחים ומבנה
10
552.00
20
-5152.00
30
0.0
11
552.00
21
-4548.00
31
0.0
0
LINE
8
אדריכלי — פתחים ומבנה
10
552.00
20
-4548.00
30
0.0
11
48.00
21
-4548.00
31
0.0
0
LINE
8
אדריכלי — פתחים ומבנה
10
48.00
20
-4548.00
30
0.0
11
48.00
21
-5152.00
31
0.0
0
LINE
8
אדריכלי — פתחים ומבנה
10
108.00
20
-5092.00
30
0.0
11
492.00
21
-5092.00
31
0.0
0
LINE
8
אדריכלי — פתחים ומבנה
10
492.00
20
-5092.00
30
0.0
11
492.00
21
-4608.00
31
0.0
0
LINE
8
אדריכלי — פתחים ומבנה
10
492.00
20
-4608.00
30
0.0
11
108.00
21
-4608.00
31
0.0
0
LINE
8
אדריכלי — פתחים ומבנה
10
108.00
20
-4608.00
30
0.0
11
108.00
21
-5092.00
31
0.0
0
LINE
8
אדריכלי — פתחים ומבנה
10
138.00
20
-5060.00
30
0.0
11
132.73
21
-5047.27
31
0.0
0
LINE
8
אדריכלי — פתחים ומבנה
10
132.73
20
-5047.27
30
0.0
11
120.00
21
-5042.00
31
0.0
0
LINE
8
אדריכלי — פתחים ומבנה
10
120.00
20
-5042.00
30
0.0
11
107.27
21
-5047.27
31
0.0
0
LINE
8
אדריכלי — פתחים ומבנה
10
107.27
20
-5047.27
30
0.0
11
102.00
21
-5060.00
31
0.0
0
LINE
8
אדריכלי — פתחים ומבנה
10
102.00
20
-5060.00
30
0.0
11
107.27
21
-5072.73
31
0.0
0
LINE
8
אדריכלי — פתחים ומבנה
10
107.27
20
-5072.73
30
0.0
11
120.00
21
-5078.00
31
0.0
0
LINE
8
אדריכלי — פתחים ומבנה
10
120.00
20
-5078.00
30
0.0
11
132.73
21
-5072.73
31
0.0
0
LINE
8
אדריכלי — פתחים ומבנה
10
132.73
20
-5072.73
30
0.0
11
138.00
21
-5060.00
31
0.0
0
LINE
8
אדריכלי — פתחים ומבנה
10
498.00
20
-5060.00
30
0.0
11
492.73
21
-5047.27
31
0.0
0
LINE
8
אדריכלי — פתחים ומבנה
10
492.73
20
-5047.27
30
0.0
11
480.00
21
-5042.00
31
0.0
0
LINE
8
אדריכלי — פתחים ומבנה
10
480.00
20
-5042.00
30
0.0
11
467.27
21
-5047.27
31
0.0
0
LINE
8
אדריכלי — פתחים ומבנה
10
467.27
20
-5047.27
30
0.0
11
462.00
21
-5060.00
31
0.0
0
LINE
8
אדריכלי — פתחים ומבנה
10
462.00
20
-5060.00
30
0.0
11
467.27
21
-5072.73
31
0.0
0
LINE
8
אדריכלי — פתחים ומבנה
10
467.27
20
-5072.73
30
0.0
11
480.00
21
-5078.00
31
0.0
0
LINE
8
אדריכלי — פתחים ומבנה
10
480.00
20
-5078.00
30
0.0
11
492.73
21
-5072.73
31
0.0
0
LINE
8
אדריכלי — פתחים ומבנה
10
492.73
20
-5072.73
30
0.0
11
498.00
21
-5060.00
31
0.0
0
LINE
8
אדריכלי — פתחים ומבנה
10
138.00
20
-4640.00
30
0.0
11
132.73
21
-4627.27
31
0.0
0
LINE
8
אדריכלי — פתחים ומבנה
10
132.73
20
-4627.27
30
0.0
11
120.00
21
-4622.00
31
0.0
0
LINE
8
אדריכלי — פתחים ומבנה
10
120.00
20
-4622.00
30
0.0
11
107.27
21
-4627.27
31
0.0
0
LINE
8
אדריכלי — פתחים ומבנה
10
107.27
20
-4627.27
30
0.0
11
102.00
21
-4640.00
31
0.0
0
LINE
8
אדריכלי — פתחים ומבנה
10
102.00
20
-4640.00
30
0.0
11
107.27
21
-4652.73
31
0.0
0
LINE
8
אדריכלי — פתחים ומבנה
10
107.27
20
-4652.73
30
0.0
11
120.00
21
-4658.00
31
0.0
0
LINE
8
אדריכלי — פתחים ומבנה
10
120.00
20
-4658.00
30
0.0
11
132.73
21
-4652.73
31
0.0
0
LINE
8
אדריכלי — פתחים ומבנה
10
132.73
20
-4652.73
30
0.0
11
138.00
21
-4640.00
31
0.0
0
LINE
8
אדריכלי — פתחים ומבנה
10
498.00
20
-4640.00
30
0.0
11
492.73
21
-4627.27
31
0.0
0
LINE
8
אדריכלי — פתחים ומבנה
10
492.73
20
-4627.27
30
0.0
11
480.00
21
-4622.00
31
0.0
0
LINE
8
אדריכלי — פתחים ומבנה
10
480.00
20
-4622.00
30
0.0
11
467.27
21
-4627.27
31
0.0
0
LINE
8
אדריכלי — פתחים ומבנה
10
467.27
20
-4627.27
30
0.0
11
462.00
21
-4640.00
31
0.0
0
LINE
8
אדריכלי — פתחים ומבנה
10
462.00
20
-4640.00
30
0.0
11
467.27
21
-4652.73
31
0.0
0
LINE
8
אדריכלי — פתחים ומבנה
10
467.27
20
-4652.73
30
0.0
11
480.00
21
-4658.00
31
0.0
0
LINE
8
אדריכלי — פתחים ומבנה
10
480.00
20
-4658.00
30
0.0
11
492.73
21
-4652.73
31
0.0
0
LINE
8
אדריכלי — פתחים ומבנה
10
492.73
20
-4652.73
30
0.0
11
498.00
21
-4640.00
31
0.0
0
TEXT
8
מקרא
10
0.00
20
-5230.00
30
0.0
40
40
1
מסתור (פאנל הסתרה פריק)
0
ENDSEC
0
EOF
